seed,regime,system,budget_k,interpreter,reward,fill_rate,precision_at_k,recall_at_k,ndcg_at_k,mrr,n_retrieved,n_misleading_retrieved,belief_true_regime,belief_argmax,belief_correct,pool_size,n_relevant_in_pool
5000,normal,none,1,RuleBased,1870.2,0.9096385542168675,0.0,0.0,0.0,0.0,0,0,0.35,normal,True,24,2
5000,normal,none,1,TFIDF_LogReg_Calibrated,1870.2,0.9096385542168675,0.0,0.0,0.0,0.0,0,0,0.35,normal,True,24,2
5000,normal,none,3,RuleBased,1870.2,0.9096385542168675,0.0,0.0,0.0,0.0,0,0,0.35,normal,True,24,2
5000,normal,none,3,TFIDF_LogReg_Calibrated,1870.2,0.9096385542168675,0.0,0.0,0.0,0.0,0,0,0.35,normal,True,24,2
5000,normal,none,5,RuleBased,1870.2,0.9096385542168675,0.0,0.0,0.0,0.0,0,0,0.35,normal,True,24,2
5000,normal,none,5,TFIDF_LogReg_Calibrated,1870.2,0.9096385542168675,0.0,0.0,0.0,0.0,0,0,0.35,normal,True,24,2
5000,normal,random,1,RuleBased,1602.0,0.8765060240963856,0.0,0.0,0.0,0.09090909090909091,1,1,0.0,supplier_delay,False,24,2
5000,normal,random,1,TFIDF_LogReg_Calibrated,1641.1395319856172,0.8827636077403228,0.0,0.0,0.0,0.09090909090909091,1,1,0.05710707339146376,supplier_delay,False,24,2
5000,normal,random,3,RuleBased,1702.0,0.8704819277108434,0.0,0.0,0.0,0.09090909090909091,3,1,0.5714285714285715,normal,True,24,2
5000,normal,random,3,TFIDF_LogReg_Calibrated,1602.0,0.8765060240963856,0.0,0.0,0.0,0.09090909090909091,3,1,0.07231461003326316,supplier_delay,False,24,2
5000,normal,random,5,RuleBased,1702.0,0.8704819277108434,0.0,0.0,0.0,0.09090909090909091,5,2,0.4,supplier_delay,False,24,2
5000,normal,random,5,TFIDF_LogReg_Calibrated,1602.0,0.8765060240963856,0.0,0.0,0.0,0.09090909090909091,5,2,0.06097255037343539,supplier_delay,False,24,2
5000,normal,bm25,1,RuleBased,1870.2,0.9096385542168675,1.0,0.5,1.0,1.0,1,0,0.4,normal,True,24,2
5000,normal,bm25,1,TFIDF_LogReg_Calibrated,1666.0,0.8765060240963856,1.0,0.5,1.0,1.0,1,0,0.23790937294814407,supplier_delay,False,24,2
5000,normal,bm25,3,RuleBased,1870.2,0.9096385542168675,0.6666666666666666,1.0,1.0,1.0,3,0,0.4,normal,True,24,2
5000,normal,bm25,3,TFIDF_LogReg_Calibrated,1821.0,0.8855421686746988,0.6666666666666666,1.0,1.0,1.0,3,0,0.6640581718373627,normal,True,24,2
5000,normal,bm25,5,RuleBased,1870.2,0.9096385542168675,0.4,1.0,1.0,1.0,5,1,0.4,normal,True,24,2
5000,normal,bm25,5,TFIDF_LogReg_Calibrated,1701.1310325575469,0.8714634421413251,0.4,1.0,1.0,1.0,5,1,0.36767414972300866,supplier_delay,False,24,2
5000,normal,tfidf,1,RuleBased,1870.2,0.9096385542168675,1.0,0.5,1.0,1.0,1,0,0.4,normal,True,24,2
5000,normal,tfidf,1,TFIDF_LogReg_Calibrated,1666.0,0.8765060240963856,1.0,0.5,1.0,1.0,1,0,0.23790937294814407,supplier_delay,False,24,2
5000,normal,tfidf,3,RuleBased,1870.2,0.9096385542168675,0.6666666666666666,1.0,1.0,1.0,3,0,0.4,normal,True,24,2
5000,normal,tfidf,3,TFIDF_LogReg_Calibrated,1702.0,0.8704819277108434,0.6666666666666666,1.0,1.0,1.0,3,0,0.5859148024639399,normal,True,24,2
5000,normal,tfidf,5,RuleBased,1870.2,0.9096385542168675,0.4,1.0,1.0,1.0,5,0,0.4,normal,True,24,2
5000,normal,tfidf,5,TFIDF_LogReg_Calibrated,1702.0,0.8704819277108434,0.4,1.0,1.0,1.0,5,0,0.569582323564382,normal,True,24,2
5000,normal,dense,1,RuleBased,1870.2,0.9096385542168675,1.0,0.5,1.0,1.0,1,0,0.4,normal,True,24,2
5000,normal,dense,1,TFIDF_LogReg_Calibrated,1666.0,0.8765060240963856,1.0,0.5,1.0,1.0,1,0,0.23790937294814407,supplier_delay,False,24,2
5000,normal,dense,3,RuleBased,1695.043478260869,0.8855421686746988,0.6666666666666666,1.0,1.0,1.0,3,1,0.3478260869565218,supplier_delay,False,24,2
5000,normal,dense,3,TFIDF_LogReg_Calibrated,1665.9999999999995,0.8765060240963856,0.6666666666666666,1.0,1.0,1.0,3,1,0.23901989617258498,supplier_delay,False,24,2
5000,normal,dense,5,RuleBased,1695.043478260869,0.8855421686746988,0.4,1.0,1.0,1.0,5,2,0.3478260869565218,supplier_delay,False,24,2
5000,normal,dense,5,TFIDF_LogReg_Calibrated,1666.0,0.8765060240963856,0.4,1.0,1.0,1.0,5,2,0.1583214736158304,supplier_delay,False,24,2
5000,normal,oracle,1,RuleBased,1870.2,0.9096385542168675,1.0,0.5,1.0,1.0,1,0,0.4,normal,True,24,2
5000,normal,oracle,1,TFIDF_LogReg_Calibrated,1666.0,0.8765060240963856,1.0,0.5,1.0,1.0,1,0,0.23790937294814407,supplier_delay,False,24,2
5000,normal,oracle,3,RuleBased,1870.2,0.9096385542168675,0.6666666666666666,1.0,1.0,1.0,3,0,0.4,normal,True,24,2
5000,normal,oracle,3,TFIDF_LogReg_Calibrated,1821.0,0.8855421686746988,0.6666666666666666,1.0,1.0,1.0,3,0,0.6737142005281651,normal,True,24,2
5000,normal,oracle,5,RuleBased,1870.2,0.9096385542168675,0.4,1.0,1.0,1.0,5,2,0.4,normal,True,24,2
5000,normal,oracle,5,TFIDF_LogReg_Calibrated,1702.0,0.8704819277108434,0.4,1.0,1.0,1.0,5,2,0.49909585499171455,supplier_delay,False,24,2
5000,supplier_delay,none,1,RuleBased,1533.8,0.8614457831325302,0.0,0.0,0.0,0.0,0,0,0.35,normal,False,24,2
5000,supplier_delay,none,1,TFIDF_LogReg_Calibrated,1533.8,0.8614457831325302,0.0,0.0,0.0,0.0,0,0,0.35,normal,False,24,2
5000,supplier_delay,none,3,RuleBased,1533.8,0.8614457831325302,0.0,0.0,0.0,0.0,0,0,0.35,normal,False,24,2
5000,supplier_delay,none,3,TFIDF_LogReg_Calibrated,1533.8,0.8614457831325302,0.0,0.0,0.0,0.0,0,0,0.35,normal,False,24,2
5000,supplier_delay,none,5,RuleBased,1533.8,0.8614457831325302,0.0,0.0,0.0,0.0,0,0,0.35,normal,False,24,2
5000,supplier_delay,none,5,TFIDF_LogReg_Calibrated,1533.8,0.8614457831325302,0.0,0.0,0.0,0.0,0,0,0.35,normal,False,24,2
5000,supplier_delay,random,1,RuleBased,1849.0,0.9006024096385542,0.0,0.0,0.0,0.09090909090909091,1,0,1.0,supplier_delay,True,24,2
5000,supplier_delay,random,1,TFIDF_LogReg_Calibrated,1797.7286670359993,0.8978238487041782,0.0,0.0,0.0,0.09090909090909091,1,0,0.7736423342822979,supplier_delay,True,24,2
5000,supplier_delay,random,3,RuleBased,1547.0,0.8524096385542169,0.0,0.0,0.0,0.09090909090909091,3,0,0.4285714285714286,normal,False,24,2
5000,supplier_delay,random,3,TFIDF_LogReg_Calibrated,1849.0,0.9006024096385542,0.0,0.0,0.0,0.09090909090909091,3,0,0.9276853899667369,supplier_delay,True,24,2
5000,supplier_delay,random,5,RuleBased,1547.0,0.8524096385542169,0.0,0.0,0.0,0.09090909090909091,5,0,0.6,supplier_delay,True,24,2
5000,supplier_delay,random,5,TFIDF_LogReg_Calibrated,1849.0,0.9006024096385542,0.0,0.0,0.0,0.09090909090909091,5,0,0.9390274496265646,supplier_delay,True,24,2
5000,supplier_delay,bm25,1,RuleBased,1849.0,0.9006024096385542,0.0,0.0,0.0,0.14285714285714285,1,1,1.0,supplier_delay,True,24,2
5000,supplier_delay,bm25,1,TFIDF_LogReg_Calibrated,1547.0,0.8524096385542169,0.0,0.0,0.0,0.14285714285714285,1,1,0.454529400370368,normal,False,24,2
5000,supplier_delay,bm25,3,RuleBased,1742.0,0.9006024096385542,0.0,0.0,0.0,0.14285714285714285,3,2,0.5,supplier_delay,True,24,2
5000,supplier_delay,bm25,3,TFIDF_LogReg_Calibrated,1708.0015494162667,0.889458298016948,0.0,0.0,0.0,0.14285714285714285,3,2,0.5522539105001163,supplier_delay,True,24,2
5000,supplier_delay,bm25,5,RuleBased,1533.8,0.8614457831325302,0.0,0.0,0.0,0.14285714285714285,5,3,0.3,normal,False,24,2
5000,supplier_delay,bm25,5,TFIDF_LogReg_Calibrated,1617.203836509768,0.8667917071160389,0.0,0.0,0.0,0.14285714285714285,5,3,0.5671906924473966,supplier_delay,True,24,2
5000,supplier_delay,tfidf,1,RuleBased,1742.0,0.9006024096385542,0.0,0.0,0.0,0.3333333333333333,1,0,0.5,supplier_delay,True,24,2
5000,supplier_delay,tfidf,1,TFIDF_LogReg_Calibrated,1704.0,0.8765060240963856,0.0,0.0,0.0,0.3333333333333333,1,0,0.7997012059856793,supplier_delay,True,24,2
5000,supplier_delay,tfidf,3,RuleBased,1844.0,0.9126506024096386,0.3333333333333333,0.5,0.3065735963827292,0.3333333333333333,3,1,0.6666666666666667,supplier_delay,True,24,2
5000,supplier_delay,tfidf,3,TFIDF_LogReg_Calibrated,1704.0,0.8765060240963856,0.3333333333333333,0.5,0.3065735963827292,0.3333333333333333,3,1,0.8408640415211994,supplier_delay,True,24,2
5000,supplier_delay,tfidf,5,RuleBased,1844.0,0.9126506024096386,0.2,0.5,0.3065735963827292,0.3333333333333333,5,2,0.6666666666666667,supplier_delay,True,24,2
5000,supplier_delay,tfidf,5,TFIDF_LogReg_Calibrated,1837.218944482371,0.9104777443227283,0.2,0.5,0.3065735963827292,0.3333333333333333,5,2,0.6795454983027613,supplier_delay,True,24,2
5000,supplier_delay,dense,1,RuleBased,1849.0,0.9006024096385542,1.0,0.5,1.0,1.0,1,0,1.0,supplier_delay,True,24,2
5000,supplier_delay,dense,1,TFIDF_LogReg_Calibrated,1760.921560200504,0.8882628020332223,1.0,0.5,1.0,1.0,1,0,0.871086636274395,supplier_delay,True,24,2
5000,supplier_delay,dense,3,RuleBased,1849.0,0.9006024096385542,0.6666666666666666,1.0,0.9197207891481876,1.0,3,0,1.0,supplier_delay,True,24,2
5000,supplier_delay,dense,3,TFIDF_LogReg_Calibrated,1849.0,0.9006024096385542,0.6666666666666666,1.0,0.9197207891481876,1.0,3,0,1.0,supplier_delay,True,24,2
5000,supplier_delay,dense,5,RuleBased,1830.571428571429,0.9083476764199655,0.4,1.0,0.9197207891481876,1.0,5,1,0.7142857142857143,supplier_delay,True,24,2
5000,supplier_delay,dense,5,TFIDF_LogReg_Calibrated,1866.7209147821407,0.9051775167251656,0.4,1.0,0.9197207891481876,1.0,5,1,0.9718715638378712,supplier_delay,True,24,2
5000,supplier_delay,oracle,1,RuleBased,1849.0,0.9006024096385542,1.0,0.5,1.0,1.0,1,0,1.0,supplier_delay,True,24,2
5000,supplier_delay,oracle,1,TFIDF_LogReg_Calibrated,1836.540119184487,0.9102602278853137,1.0,0.5,1.0,1.0,1,0,0.6931201447358631,supplier_delay,True,24,2
5000,supplier_delay,oracle,3,RuleBased,1666.846153846154,0.879286376274328,0.6666666666666666,1.0,1.0,1.0,3,1,0.46153846153846145,supplier_delay,True,24,2
5000,supplier_delay,oracle,3,TFIDF_LogReg_Calibrated,1704.0,0.8765060240963856,0.6666666666666666,1.0,1.0,1.0,3,1,0.7632013121299476,supplier_delay,True,24,2
5000,supplier_delay,oracle,5,RuleBased,1666.846153846154,0.879286376274328,0.4,1.0,1.0,1.0,5,2,0.46153846153846145,supplier_delay,True,24,2
5000,supplier_delay,oracle,5,TFIDF_LogReg_Calibrated,1704.0,0.8765060240963856,0.4,1.0,1.0,1.0,5,2,0.8130463397121528,supplier_delay,True,24,2
5000,demand_surge,none,1,RuleBased,1763.2,0.819638242894057,0.0,0.0,0.0,0.0,0,0,0.3,normal,False,24,2
5000,demand_surge,none,1,TFIDF_LogReg_Calibrated,1763.2,0.819638242894057,0.0,0.0,0.0,0.0,0,0,0.3,normal,False,24,2
5000,demand_surge,none,3,RuleBased,1763.2,0.819638242894057,0.0,0.0,0.0,0.0,0,0,0.3,normal,False,24,2
5000,demand_surge,none,3,TFIDF_LogReg_Calibrated,1763.2,0.819638242894057,0.0,0.0,0.0,0.0,0,0,0.3,normal,False,24,2
5000,demand_surge,none,5,RuleBased,1763.2,0.819638242894057,0.0,0.0,0.0,0.0,0,0,0.3,normal,False,24,2
5000,demand_surge,none,5,TFIDF_LogReg_Calibrated,1763.2,0.819638242894057,0.0,0.0,0.0,0.0,0,0,0.3,normal,False,24,2
5000,demand_surge,random,1,RuleBased,1515.0,0.7855297157622739,0.0,0.0,0.0,0.09090909090909091,1,1,0.0,supplier_delay,False,24,2
5000,demand_surge,random,1,TFIDF_LogReg_Calibrated,1654.5968660576154,0.806602159016988,0.0,0.0,0.0,0.09090909090909091,1,1,0.1692505923262383,supplier_delay,False,24,2
5000,demand_surge,random,3,RuleBased,1533.0,0.7803617571059431,0.0,0.0,0.0,0.09090909090909091,3,1,0.0,normal,False,24,2
5000,demand_surge,random,3,TFIDF_LogReg_Calibrated,1515.0,0.7855297157622739,0.0,0.0,0.0,0.09090909090909091,3,1,0.0,supplier_delay,False,24,2
5000,demand_surge,random,5,RuleBased,1533.0,0.7803617571059431,0.0,0.0,0.0,0.09090909090909091,5,2,0.0,supplier_delay,False,24,2
5000,demand_surge,random,5,TFIDF_LogReg_Calibrated,1515.0,0.7855297157622739,0.0,0.0,0.0,0.09090909090909091,5,2,0.0,supplier_delay,False,24,2
5000,demand_surge,bm25,1,RuleBased,1515.0,0.7855297157622739,0.0,0.0,0.0,0.5,1,1,0.0,supplier_delay,False,24,2
5000,demand_surge,bm25,1,TFIDF_LogReg_Calibrated,1533.0,0.7803617571059431,0.0,0.0,0.0,0.5,1,1,0.0,normal,False,24,2
5000,demand_surge,bm25,3,RuleBased,1760.0,0.8268733850129198,0.3333333333333333,0.5,0.38685280723454163,0.5,3,1,0.5,supplier_delay,False,24,2
5000,demand_surge,bm25,3,TFIDF_LogReg_Calibrated,1724.7270153801778,0.8154050262718288,0.3333333333333333,0.5,0.38685280723454163,0.5,3,1,0.3150727152999061,supplier_delay,False,24,2
5000,demand_surge,bm25,5,RuleBased,1760.0,0.8268733850129198,0.2,0.5,0.38685280723454163,0.5,5,1,0.5,supplier_delay,False,24,2
5000,demand_surge,bm25,5,TFIDF_LogReg_Calibrated,2014.2979668544237,0.8698167764789277,0.2,0.5,0.38685280723454163,0.5,5,1,0.7757955207227089,demand_surge,True,24,2
5000,demand_surge,tfidf,1,RuleBased,1760.0,0.8268733850129198,0.0,0.0,0.0,0.3333333333333333,1,0,0.5,supplier_delay,False,24,2
5000,demand_surge,tfidf,1,TFIDF_LogReg_Calibrated,1517.0,0.7803617571059431,0.0,0.0,0.0,0.3333333333333333,1,0,0.0,supplier_delay,False,24,2
5000,demand_surge,tfidf,3,RuleBased,1760.0,0.8268733850129198,0.3333333333333333,0.5,0.3065735963827292,0.3333333333333333,3,1,0.5,supplier_delay,False,24,2
5000,demand_surge,tfidf,3,TFIDF_LogReg_Calibrated,1658.561661053716,0.8016471423003818,0.3333333333333333,0.5,0.3065735963827292,0.3333333333333333,3,1,0.15254526056014345,supplier_delay,False,24,2
5000,demand_surge,tfidf,5,RuleBased,1760.0,0.8268733850129198,0.2,0.5,0.3065735963827292,0.3333333333333333,5,1,0.5,supplier_delay,False,24,2
5000,demand_surge,tfidf,5,TFIDF_LogReg_Calibrated,2014.2979668544237,0.8698167764789277,0.2,0.5,0.3065735963827292,0.3333333333333333,5,1,0.7757955207227089,demand_surge,True,24,2
5000,demand_surge,dense,1,RuleBased,1515.0,0.7855297157622739,0.0,0.0,0.0,0.16666666666666666,1,1,0.0,supplier_delay,False,24,2
5000,demand_surge,dense,1,TFIDF_LogReg_Calibrated,1515.0,0.7855297157622739,0.0,0.0,0.0,0.16666666666666666,1,1,0.0,supplier_delay,False,24,2
5000,demand_surge,dense,3,RuleBased,1740.0,0.8206718346253232,0.0,0.0,0.0,0.16666666666666666,3,1,0.39999999999999997,supplier_delay,False,24,2
5000,demand_surge,dense,3,TFIDF_LogReg_Calibrated,1520.412946574092,0.7911244925830406,0.0,0.0,0.0,0.16666666666666666,3,1,0.0902157762348619,supplier_delay,False,24,2
5000,demand_surge,dense,5,RuleBased,1740.0,0.8206718346253232,0.0,0.0,0.0,0.16666666666666666,5,1,0.39999999999999997,supplier_delay,False,24,2
5000,demand_surge,dense,5,TFIDF_LogReg_Calibrated,1515.0,0.7855297157622739,0.0,0.0,0.0,0.16666666666666666,5,1,0.0,supplier_delay,False,24,2
5000,demand_surge,oracle,1,RuleBased,1767.6666666666667,0.8311800172265288,1.0,0.5,1.0,1.0,1,0,0.5555555555555556,demand_surge,True,24,2
5000,demand_surge,oracle,1,TFIDF_LogReg_Calibrated,2014.666666666667,0.8699397071490095,1.0,0.5,1.0,1.0,1,0,0.7777777777777778,demand_surge,True,24,2
5000,demand_surge,oracle,3,RuleBased,1870.4285714285713,0.8375784422296052,0.6666666666666666,1.0,1.0,1.0,3,1,0.42857142857142855,demand_surge,True,24,2
5000,demand_surge,oracle,3,TFIDF_LogReg_Calibrated,2001.1340405576343,0.8653134147499576,0.6666666666666666,1.0,1.0,1.0,3,1,0.7031788128430637,demand_surge,True,24,2
5000,demand_surge,oracle,5,RuleBased,1870.4285714285713,0.8375784422296052,0.4,1.0,1.0,1.0,5,2,0.42857142857142855,demand_surge,True,24,2
5000,demand_surge,oracle,5,TFIDF_LogReg_Calibrated,2004.7675222046535,0.8666391671933497,0.4,1.0,1.0,1.0,5,2,0.7245565709927606,demand_surge,True,24,2
5001,normal,none,1,RuleBased,1647.3999999999999,0.9265573770491804,0.0,0.0,0.0,0.0,0,0,0.35,normal,True,24,2
5001,normal,none,1,TFIDF_LogReg_Calibrated,1647.3999999999999,0.9265573770491804,0.0,0.0,0.0,0.0,0,0,0.35,normal,True,24,2
5001,normal,none,3,RuleBased,1647.3999999999999,0.9265573770491804,0.0,0.0,0.0,0.0,0,0,0.35,normal,True,24,2
5001,normal,none,3,TFIDF_LogReg_Calibrated,1647.3999999999999,0.9265573770491804,0.0,0.0,0.0,0.0,0,0,0.35,normal,True,24,2
5001,normal,none,5,RuleBased,1647.3999999999999,0.9265573770491804,0.0,0.0,0.0,0.0,0,0,0.35,normal,True,24,2
5001,normal,none,5,TFIDF_LogReg_Calibrated,1647.3999999999999,0.9265573770491804,0.0,0.0,0.0,0.0,0,0,0.35,normal,True,24,2
5001,normal,random,1,RuleBased,1626.076923076923,0.9329129886506936,0.0,0.0,0.0,0.09090909090909091,1,0,0.30769230769230776,demand_surge,False,24,2
5001,normal,random,1,TFIDF_LogReg_Calibrated,1692.0,0.9147540983606557,0.0,0.0,0.0,0.09090909090909091,1,0,0.8698467299298471,normal,True,24,2
5001,normal,random,3,RuleBased,1626.076923076923,0.9329129886506936,0.0,0.0,0.0,0.09090909090909091,3,1,0.30769230769230776,demand_surge,False,24,2
5001,normal,random,3,TFIDF_LogReg_Calibrated,1628.9108380008277,0.9138127329123623,0.0,0.0,0.0,0.09090909090909091,3,1,0.4391647854799629,supplier_delay,False,24,2
5001,normal,random,5,RuleBased,1636.2307692307693,0.9298865069356873,0.0,0.0,0.0,0.09090909090909091,5,2,0.3076923076923077,demand_surge,False,24,2
5001,normal,random,5,TFIDF_LogReg_Calibrated,1551.3102018883026,0.931126352330034,0.0,0.0,0.0,0.09090909090909091,5,2,0.1043879503020279,demand_surge,False,24,2
5001,normal,bm25,1,RuleBased,1637.5,0.9295081967213115,0.0,0.0,0.0,0.25,1,0,0.25,supplier_delay,False,24,2
5001,normal,bm25,1,TFIDF_LogReg_Calibrated,1631.0,0.9114754098360656,0.0,0.0,0.0,0.25,1,0,0.5467422018120656,normal,True,24,2
5001,normal,bm25,3,RuleBased,1634.2000000000003,0.9304918032786885,0.0,0.0,0.0,0.25,3,0,0.4000000000000001,normal,True,24,2
5001,normal,bm25,3,TFIDF_LogReg_Calibrated,1631.0,0.9114754098360656,0.0,0.0,0.0,0.25,3,0,0.589692548972754,normal,True,24,2
5001,normal,bm25,5,RuleBased,1643.0,0.9278688524590164,0.2,0.5,0.2640681225725909,0.25,5,0,0.33333333333333337,normal,True,24,2
5001,normal,bm25,5,TFIDF_LogReg_Calibrated,1631.0,0.9114754098360656,0.2,0.5,0.2640681225725909,0.25,5,0,0.3778049265101871,supplier_delay,False,24,2
5001,normal,tfidf,1,RuleBased,1626.076923076923,0.9329129886506936,0.0,0.0,0.0,0.3333333333333333,1,0,0.30769230769230776,demand_surge,False,24,2
5001,normal,tfidf,1,TFIDF_LogReg_Calibrated,1692.0,0.9147540983606557,0.0,0.0,0.0,0.3333333333333333,1,0,0.8698467299298471,normal,True,24,2
5001,normal,tfidf,3,RuleBased,1637.5,0.9295081967213115,0.3333333333333333,0.5,0.3065735963827292,0.3333333333333333,3,0,0.25,supplier_delay,False,24,2
5001,normal,tfidf,3,TFIDF_LogReg_Calibrated,1575.0,0.9081967213114754,0.3333333333333333,0.5,0.3065735963827292,0.3333333333333333,3,0,0.3309095217773426,supplier_delay,False,24,2
5001,normal,tfidf,5,RuleBased,1643.0,0.9278688524590164,0.2,0.5,0.3065735963827292,0.3333333333333333,5,0,0.33333333333333337,normal,True,24,2
5001,normal,tfidf,5,TFIDF_LogReg_Calibrated,1631.0,0.9114754098360656,0.2,0.5,0.3065735963827292,0.3333333333333333,5,0,0.3778049265101871,supplier_delay,False,24,2
5001,normal,dense,1,RuleBased,1637.5,0.9295081967213115,1.0,0.5,1.0,1.0,1,0,0.25,supplier_delay,False,24,2
5001,normal,dense,1,TFIDF_LogReg_Calibrated,1574.3705377323442,0.9082388398974679,1.0,0.5,1.0,1.0,1,0,0.22384100440244312,supplier_delay,False,24,2
5001,normal,dense,3,RuleBased,1643.0,0.9278688524590164,0.6666666666666666,1.0,1.0,1.0,3,1,0.33333333333333337,normal,True,24,2
5001,normal,dense,3,TFIDF_LogReg_Calibrated,1575.0,0.9081967213114754,0.6666666666666666,1.0,1.0,1.0,3,1,0.3333333333333333,supplier_delay,False,24,2
5001,normal,dense,5,RuleBased,1643.0,0.9278688524590164,0.4,1.0,1.0,1.0,5,1,0.33333333333333337,normal,True,24,2
5001,normal,dense,5,TFIDF_LogReg_Calibrated,1575.0,0.9081967213114754,0.4,1.0,1.0,1.0,5,1,0.20746824899630428,supplier_delay,False,24,2
5001,normal,oracle,1,RuleBased,1566.5714285714284,0.9297423887587821,1.0,0.5,1.0,1.0,1,0,0.14285714285714288,supplier_delay,False,24,2
5001,normal,oracle,1,TFIDF_LogReg_Calibrated,1631.0,0.9114754098360656,1.0,0.5,1.0,1.0,1,0,0.47538436252500116,supplier_delay,False,24,2
5001,normal,oracle,3,RuleBased,1643.0,0.9278688524590164,0.6666666666666666,1.0,1.0,1.0,3,0,0.33333333333333337,normal,True,24,2
5001,normal,oracle,3,TFIDF_LogReg_Calibrated,1631.0,0.9114754098360656,0.6666666666666666,1.0,1.0,1.0,3,0,0.4816969781807893,supplier_delay,False,24,2
5001,normal,oracle,5,RuleBased,1595.9230769230765,0.9273644388398485,0.4,1.0,1.0,1.0,5,2,0.3076923076923077,supplier_delay,False,24,2
5001,normal,oracle,5,TFIDF_LogReg_Calibrated,1630.9536410673807,0.9115514080862609,0.4,1.0,1.0,1.0,5,2,0.42475845114874816,supplier_delay,False,24,2
5001,supplier_delay,none,1,RuleBased,1515.3999999999999,0.9049180327868852,0.0,0.0,0.0,0.0,0,0,0.35,normal,False,24,2
5001,supplier_delay,none,1,TFIDF_LogReg_Calibrated,1515.3999999999999,0.9049180327868852,0.0,0.0,0.0,0.0,0,0,0.35,normal,False,24,2
5001,supplier_delay,none,3,RuleBased,1515.3999999999999,0.9049180327868852,0.0,0.0,0.0,0.0,0,0,0.35,normal,False,24,2
5001,supplier_delay,none,3,TFIDF_LogReg_Calibrated,1515.3999999999999,0.9049180327868852,0.0,0.0,0.0,0.0,0,0,0.35,normal,False,24,2
5001,supplier_delay,none,5,RuleBased,1515.3999999999999,0.9049180327868852,0.0,0.0,0.0,0.0,0,0,0.35,normal,False,24,2
5001,supplier_delay,none,5,TFIDF_LogReg_Calibrated,1515.3999999999999,0.9049180327868852,0.0,0.0,0.0,0.0,0,0,0.35,normal,False,24,2
5001,supplier_delay,random,1,RuleBased,1566.0000000000002,0.9208070617906684,0.0,0.0,0.0,0.09090909090909091,1,1,0.23076923076923078,demand_surge,False,24,2
5001,supplier_delay,random,1,TFIDF_LogReg_Calibrated,1408.0,0.8754098360655738,0.0,0.0,0.0,0.09090909090909091,1,1,0.13015327007015282,normal,False,24,2
5001,supplier_delay,random,3,RuleBased,1566.0000000000002,0.9208070617906684,0.0,0.0,0.0,0.09090909090909091,3,3,0.23076923076923078,demand_surge,False,24,2
5001,supplier_delay,random,3,TFIDF_LogReg_Calibrated,1589.8417189209752,0.9047557750306907,0.0,0.0,0.0,0.09090909090909091,3,3,0.5212305735050106,supplier_delay,True,24,2
5001,supplier_delay,random,5,RuleBased,1541.9999999999998,0.9132408575031526,0.0,0.0,0.0,0.09090909090909091,5,5,0.30769230769230765,demand_surge,False,24,2
5001,supplier_delay,random,5,TFIDF_LogReg_Calibrated,1638.9999999999998,0.9408988519430865,0.0,0.0,0.0,0.09090909090909091,5,5,0.3966891395879129,demand_surge,False,24,2
5001,supplier_delay,bm25,1,RuleBased,1639.0,0.940983606557377,1.0,0.5,1.0,1.0,1,0,0.5,supplier_delay,True,24,2
5001,supplier_delay,bm25,1,TFIDF_LogReg_Calibrated,1730.8012217478895,0.929077317406337,1.0,0.5,1.0,1.0,1,0,0.6543806063689072,supplier_delay,True,24,2
5001,supplier_delay,bm25,3,RuleBased,1539.0,0.9122950819672131,0.3333333333333333,0.5,0.6131471927654584,1.0,3,1,0.37499999999999994,supplier_delay,True,24,2
5001,supplier_delay,bm25,3,TFIDF_LogReg_Calibrated,1728.0,0.9278688524590164,0.3333333333333333,0.5,0.6131471927654584,1.0,3,1,0.8013394446239391,supplier_delay,True,24,2
5001,supplier_delay,bm25,5,RuleBased,1546.8,0.9147540983606557,0.2,0.5,0.6131471927654584,1.0,5,2,0.19999999999999998,normal,False,24,2
5001,supplier_delay,bm25,5,TFIDF_LogReg_Calibrated,1581.0,0.9016393442622951,0.2,0.5,0.6131471927654584,1.0,5,2,0.6249452114707467,supplier_delay,True,24,2
5001,supplier_delay,tfidf,1,RuleBased,1639.0,0.940983606557377,1.0,0.5,1.0,1.0,1,0,0.5,supplier_delay,True,24,2
5001,supplier_delay,tfidf,1,TFIDF_LogReg_Calibrated,1730.8012217478895,0.929077317406337,1.0,0.5,1.0,1.0,1,0,0.6543806063689072,supplier_delay,True,24,2
5001,supplier_delay,tfidf,3,RuleBased,1566.0000000000002,0.9208070617906684,0.3333333333333333,0.5,0.6131471927654584,1.0,3,1,0.23076923076923078,demand_surge,False,24,2
5001,supplier_delay,tfidf,3,TFIDF_LogReg_Calibrated,1728.0,0.9278688524590164,0.3333333333333333,0.5,0.6131471927654584,1.0,3,1,0.7147638297303582,supplier_delay,True,24,2
5001,supplier_delay,tfidf,5,RuleBased,1546.8,0.9147540983606557,0.2,0.5,0.6131471927654584,1.0,5,2,0.19999999999999998,normal,False,24,2
5001,supplier_delay,tfidf,5,TFIDF_LogReg_Calibrated,1581.0,0.9016393442622951,0.2,0.5,0.6131471927654584,1.0,5,2,0.6249452114707467,supplier_delay,True,24,2
5001,supplier_delay,dense,1,RuleBased,1639.0,0.940983606557377,1.0,0.5,1.0,1.0,1,0,0.5,supplier_delay,True,24,2
5001,supplier_delay,dense,1,TFIDF_LogReg_Calibrated,1730.8012217478895,0.929077317406337,1.0,0.5,1.0,1.0,1,0,0.6543806063689072,supplier_delay,True,24,2
5001,supplier_delay,dense,3,RuleBased,1713.0,0.9475409836065574,0.3333333333333333,0.5,0.6131471927654584,1.0,3,0,0.6666666666666667,supplier_delay,True,24,2
5001,supplier_delay,dense,3,TFIDF_LogReg_Calibrated,1719.8777625466296,0.9451320645300697,0.3333333333333333,0.5,0.6131471927654584,1.0,3,0,0.6926861039598513,supplier_delay,True,24,2
5001,supplier_delay,dense,5,RuleBased,1633.7999999999995,0.9286182669789228,0.4,1.0,0.8772153153380493,1.0,5,0,0.42857142857142855,supplier_delay,True,24,2
5001,supplier_delay,dense,5,TFIDF_LogReg_Calibrated,1837.0,0.9540983606557377,0.4,1.0,0.8772153153380493,1.0,5,0,0.9717404424365897,supplier_delay,True,24,2
5001,supplier_delay,oracle,1,RuleBased,1622.0689655172414,0.9179197286602601,1.0,0.5,1.0,1.0,1,0,0.5172413793103449,supplier_delay,True,24,2
5001,supplier_delay,oracle,1,TFIDF_LogReg_Calibrated,1837.0,0.9540983606557377,1.0,0.5,1.0,1.0,1,0,0.8844302591409064,supplier_delay,True,24,2
5001,supplier_delay,oracle,3,RuleBased,1633.7999999999995,0.9286182669789228,0.6666666666666666,1.0,1.0,1.0,3,1,0.42857142857142855,supplier_delay,True,24,2
5001,supplier_delay,oracle,3,TFIDF_LogReg_Calibrated,1728.0,0.9278688524590164,0.6666666666666666,1.0,1.0,1.0,3,1,0.6666666666666666,supplier_delay,True,24,2
5001,supplier_delay,oracle,5,RuleBased,1633.7999999999995,0.9286182669789228,0.4,1.0,1.0,1.0,5,2,0.42857142857142855,supplier_delay,True,24,2
5001,supplier_delay,oracle,5,TFIDF_LogReg_Calibrated,1837.0,0.9540983606557377,0.4,1.0,1.0,1.0,5,2,0.9149049971812454,supplier_delay,True,24,2
5001,demand_surge,none,1,RuleBased,1572.3999999999999,0.7994750656167979,0.0,0.0,0.0,0.0,0,0,0.3,normal,False,24,2
5001,demand_surge,none,1,TFIDF_LogReg_Calibrated,1572.3999999999999,0.7994750656167979,0.0,0.0,0.0,0.0,0,0,0.3,normal,False,24,2
5001,demand_surge,none,3,RuleBased,1572.3999999999999,0.7994750656167979,0.0,0.0,0.0,0.0,0,0,0.3,normal,False,24,2
5001,demand_surge,none,3,TFIDF_LogReg_Calibrated,1572.3999999999999,0.7994750656167979,0.0,0.0,0.0,0.0,0,0,0.3,normal,False,24,2
5001,demand_surge,none,5,RuleBased,1572.3999999999999,0.7994750656167979,0.0,0.0,0.0,0.0,0,0,0.3,normal,False,24,2
5001,demand_surge,none,5,TFIDF_LogReg_Calibrated,1572.3999999999999,0.7994750656167979,0.0,0.0,0.0,0.0,0,0,0.3,normal,False,24,2
5001,demand_surge,random,1,RuleBased,1665.769230769231,0.8172824550777306,0.0,0.0,0.0,0.09090909090909091,1,1,0.46153846153846156,demand_surge,True,24,2
5001,demand_surge,random,1,TFIDF_LogReg_Calibrated,1384.0,0.7664041994750657,0.0,0.0,0.0,0.09090909090909091,1,1,0.0,normal,False,24,2
5001,demand_surge,random,3,RuleBased,1665.769230769231,0.8172824550777306,0.0,0.0,0.0,0.09090909090909091,3,2,0.46153846153846156,demand_surge,True,24,2
5001,demand_surge,random,3,TFIDF_LogReg_Calibrated,1408.73292645759,0.7695226751455402,0.0,0.0,0.0,0.09090909090909091,3,2,0.03960464101502654,supplier_delay,False,24,2
5001,demand_surge,random,5,RuleBased,1622.153846153846,0.80880274581062,0.0,0.0,0.0,0.09090909090909091,5,3,0.3846153846153846,demand_surge,True,24,2
5001,demand_surge,random,5,TFIDF_LogReg_Calibrated,1613.4765343134889,0.8135295596446784,0.0,0.0,0.0,0.09090909090909091,5,3,0.4989229101100592,demand_surge,True,24,2
5001,demand_surge,bm25,1,RuleBased,1676.8000000000002,0.8251968503937007,1.0,0.5,1.0,1.0,1,0,0.6,demand_surge,True,24,2
5001,demand_surge,bm25,1,TFIDF_LogReg_Calibrated,1893.9592033148351,0.8581448361477828,1.0,0.5,1.0,1.0,1,0,0.7769107883760235,demand_surge,True,24,2
5001,demand_surge,bm25,3,RuleBased,1672.4736842105262,0.8186213565409587,0.3333333333333333,0.5,0.6131471927654584,1.0,3,1,0.47368421052631576,demand_surge,True,24,2
5001,demand_surge,bm25,3,TFIDF_LogReg_Calibrated,1617.8356780378663,0.8079931904832895,0.3333333333333333,0.5,0.6131471927654584,1.0,3,1,0.3772715612888884,demand_surge,True,24,2
5001,demand_surge,bm25,5,RuleBased,1661.909090909091,0.8165115724170842,0.2,0.5,0.6131471927654584,1.0,5,2,0.45454545454545453,demand_surge,True,24,2
5001,demand_surge,bm25,5,TFIDF_LogReg_Calibrated,1437.548075460722,0.7756218938829738,0.2,0.5,0.6131471927654584,1.0,5,2,0.11706471898043554,supplier_delay,False,24,2
5001,demand_surge,tfidf,1,RuleBased,1665.769230769231,0.8172824550777306,0.0,0.0,0.0,0.5,1,1,0.46153846153846156,demand_surge,True,24,2
5001,demand_surge,tfidf,1,TFIDF_LogReg_Calibrated,1384.0,0.7664041994750657,0.0,0.0,0.0,0.5,1,1,0.0,normal,False,24,2
5001,demand_surge,tfidf,3,RuleBased,1696.9310344827588,0.8234229342021903,0.3333333333333333,0.5,0.38685280723454163,0.5,3,1,0.5172413793103449,demand_surge,True,24,2
5001,demand_surge,tfidf,3,TFIDF_LogReg_Calibrated,1473.8934534724935,0.7837970540378177,0.3333333333333333,0.5,0.38685280723454163,0.5,3,1,0.22088925294695028,normal,False,24,2
5001,demand_surge,tfidf,5,RuleBased,1661.909090909091,0.8165115724170842,0.2,0.5,0.38685280723454163,0.5,5,2,0.45454545454545453,demand_surge,True,24,2
5001,demand_surge,tfidf,5,TFIDF_LogReg_Calibrated,1437.548075460722,0.7756218938829738,0.2,0.5,0.38685280723454163,0.5,5,2,0.11706471898043554,supplier_delay,False,24,2
5001,demand_surge,dense,1,RuleBased,1676.8000000000002,0.8251968503937007,1.0,0.5,1.0,1.0,1,0,0.6,demand_surge,True,24,2
5001,demand_surge,dense,1,TFIDF_LogReg_Calibrated,1893.9592033148351,0.8581448361477828,1.0,0.5,1.0,1.0,1,0,0.7769107883760235,demand_surge,True,24,2
5001,demand_surge,dense,3,RuleBased,1579.2857142857142,0.8057742782152233,0.6666666666666666,1.0,1.0,1.0,3,1,0.4285714285714286,supplier_delay,False,24,2
5001,demand_surge,dense,3,TFIDF_LogReg_Calibrated,1849.3333333333328,0.8503937007874016,0.6666666666666666,1.0,1.0,1.0,3,1,0.7222222222222222,demand_surge,True,24,2
5001,demand_surge,dense,5,RuleBased,1579.2857142857142,0.8057742782152233,0.4,1.0,1.0,1.0,5,1,0.4285714285714286,supplier_delay,False,24,2
5001,demand_surge,dense,5,TFIDF_LogReg_Calibrated,1806.9529457901924,0.8428745510218401,0.4,1.0,1.0,1.0,5,1,0.6691704433207598,demand_surge,True,24,2
5001,demand_surge,oracle,1,RuleBased,1614.0,0.8136482939632546,1.0,0.5,1.0,1.0,1,0,0.5,supplier_delay,False,24,2
5001,demand_surge,oracle,1,TFIDF_LogReg_Calibrated,1894.6666666666672,0.8582677165354331,1.0,0.5,1.0,1.0,1,0,0.7777777777777778,demand_surge,True,24,2
5001,demand_surge,oracle,3,RuleBased,1696.9310344827588,0.8234229342021903,0.6666666666666666,1.0,1.0,1.0,3,1,0.5172413793103449,demand_surge,True,24,2
5001,demand_surge,oracle,3,TFIDF_LogReg_Calibrated,1867.1143675087212,0.8534821157090181,0.6666666666666666,1.0,1.0,1.0,3,1,0.7440127052802947,demand_surge,True,24,2
5001,demand_surge,oracle,5,RuleBased,1562.842105263158,0.8020444812819452,0.4,1.0,1.0,1.0,5,2,0.39473684210526316,supplier_delay,False,24,2
5001,demand_surge,oracle,5,TFIDF_LogReg_Calibrated,1867.7309438820255,0.8535892097988698,0.4,1.0,1.0,1.0,5,2,0.7447683135809142,demand_surge,True,24,2
5002,normal,none,1,RuleBased,1627.7999999999997,0.890625,0.0,0.0,0.0,0.0,0,0,0.35,normal,True,24,2
5002,normal,none,1,TFIDF_LogReg_Calibrated,1627.7999999999997,0.890625,0.0,0.0,0.0,0.0,0,0,0.35,normal,True,24,2
5002,normal,none,3,RuleBased,1627.7999999999997,0.890625,0.0,0.0,0.0,0.0,0,0,0.35,normal,True,24,2
5002,normal,none,3,TFIDF_LogReg_Calibrated,1627.7999999999997,0.890625,0.0,0.0,0.0,0.0,0,0,0.35,normal,True,24,2
5002,normal,none,5,RuleBased,1627.7999999999997,0.890625,0.0,0.0,0.0,0.0,0,0,0.35,normal,True,24,2
5002,normal,none,5,TFIDF_LogReg_Calibrated,1627.7999999999997,0.890625,0.0,0.0,0.0,0.0,0,0,0.35,normal,True,24,2
5002,normal,random,1,RuleBased,1348.0,0.865625,0.0,0.0,0.0,0.3333333333333333,1,1,0.0,supplier_delay,False,24,2
5002,normal,random,1,TFIDF_LogReg_Calibrated,1517.0511757817758,0.9058293891903656,0.0,0.0,0.0,0.3333333333333333,1,1,0.007477525504612886,demand_surge,False,24,2
5002,normal,random,3,RuleBased,1568.3846153846157,0.890625,0.3333333333333333,0.5,0.3065735963827292,0.3333333333333333,3,1,0.30769230769230776,demand_surge,False,24,2
5002,normal,random,3,TFIDF_LogReg_Calibrated,1648.20283133492,0.8859961896223727,0.3333333333333333,0.5,0.3065735963827292,0.3333333333333333,3,1,0.7913536553473454,normal,True,24,2
5002,normal,random,5,RuleBased,1606.0909090909092,0.890625,0.4,1.0,0.5706417189553201,0.3333333333333333,5,1,0.3636363636363637,normal,True,24,2
5002,normal,random,5,TFIDF_LogReg_Calibrated,1605.0,0.871875,0.4,1.0,0.5706417189553201,0.3333333333333333,5,1,0.8333333333333334,normal,True,24,2
5002,normal,bm25,1,RuleBased,1627.7999999999997,0.890625,1.0,0.5,1.0,1.0,1,0,0.4,normal,True,24,2
5002,normal,bm25,1,TFIDF_LogReg_Calibrated,1617.0,0.878125,1.0,0.5,1.0,1.0,1,0,1.0,normal,True,24,2
5002,normal,bm25,3,RuleBased,1627.7999999999997,0.890625,0.3333333333333333,0.5,0.6131471927654584,1.0,3,0,0.4,normal,True,24,2
5002,normal,bm25,3,TFIDF_LogReg_Calibrated,1605.0,0.871875,0.3333333333333333,0.5,0.6131471927654584,1.0,3,0,0.8345916582294937,normal,True,24,2
5002,normal,bm25,5,RuleBased,1627.7999999999997,0.890625,0.2,0.5,0.6131471927654584,1.0,5,0,0.4,normal,True,24,2
5002,normal,bm25,5,TFIDF_LogReg_Calibrated,1605.0,0.871875,0.2,0.5,0.6131471927654584,1.0,5,0,0.8176719881492556,normal,True,24,2
5002,normal,tfidf,1,RuleBased,1627.7999999999997,0.890625,1.0,0.5,1.0,1.0,1,0,0.4,normal,True,24,2
5002,normal,tfidf,1,TFIDF_LogReg_Calibrated,1617.0,0.878125,1.0,0.5,1.0,1.0,1,0,1.0,normal,True,24,2
5002,normal,tfidf,3,RuleBased,1627.7999999999997,0.890625,0.3333333333333333,0.5,0.6131471927654584,1.0,3,0,0.4,normal,True,24,2
5002,normal,tfidf,3,TFIDF_LogReg_Calibrated,1605.0,0.871875,0.3333333333333333,0.5,0.6131471927654584,1.0,3,0,0.8345916582294937,normal,True,24,2
5002,normal,tfidf,5,RuleBased,1627.7999999999997,0.890625,0.2,0.5,0.6131471927654584,1.0,5,0,0.4,normal,True,24,2
5002,normal,tfidf,5,TFIDF_LogReg_Calibrated,1605.0,0.871875,0.2,0.5,0.6131471927654584,1.0,5,0,0.7706456023841796,normal,True,24,2
5002,normal,dense,1,RuleBased,1627.7999999999997,0.890625,1.0,0.5,1.0,1.0,1,0,0.4,normal,True,24,2
5002,normal,dense,1,TFIDF_LogReg_Calibrated,1617.0,0.878125,1.0,0.5,1.0,1.0,1,0,1.0,normal,True,24,2
5002,normal,dense,3,RuleBased,1622.6666666666672,0.8854166666666667,0.6666666666666666,1.0,1.0,1.0,3,1,0.44444444444444453,normal,True,24,2
5002,normal,dense,3,TFIDF_LogReg_Calibrated,1605.0,0.871875,0.6666666666666666,1.0,1.0,1.0,3,1,0.8526194992372428,normal,True,24,2
5002,normal,dense,5,RuleBased,1622.6666666666672,0.8854166666666667,0.4,1.0,1.0,1.0,5,1,0.44444444444444453,normal,True,24,2
5002,normal,dense,5,TFIDF_LogReg_Calibrated,1605.0,0.871875,0.4,1.0,1.0,1.0,5,1,0.8527043770004381,normal,True,24,2
5002,normal,oracle,1,RuleBased,1466.0,0.85,1.0,0.5,1.0,1.0,1,0,0.5714285714285715,normal,True,24,2
5002,normal,oracle,1,TFIDF_LogReg_Calibrated,1466.0,0.85,1.0,0.5,1.0,1.0,1,0,0.5965964088178435,normal,True,24,2
5002,normal,oracle,3,RuleBased,1606.0909090909092,0.890625,0.6666666666666666,1.0,1.0,1.0,3,0,0.3636363636363637,normal,True,24,2
5002,normal,oracle,3,TFIDF_LogReg_Calibrated,1617.0,0.878125,0.6666666666666666,1.0,1.0,1.0,3,0,1.0,normal,True,24,2
5002,normal,oracle,5,RuleBased,1608.8571428571422,0.890625,0.4,1.0,1.0,1.0,5,2,0.28571428571428575,supplier_delay,False,24,2
5002,normal,oracle,5,TFIDF_LogReg_Calibrated,1605.0,0.871875,0.4,1.0,1.0,1.0,5,2,0.7272592915412383,normal,True,24,2
5002,supplier_delay,none,1,RuleBased,1366.6000000000001,0.859375,0.0,0.0,0.0,0.0,0,0,0.35,normal,False,24,2
5002,supplier_delay,none,1,TFIDF_LogReg_Calibrated,1366.6000000000001,0.859375,0.0,0.0,0.0,0.0,0,0,0.35,normal,False,24,2
5002,supplier_delay,none,3,RuleBased,1366.6000000000001,0.859375,0.0,0.0,0.0,0.0,0,0,0.35,normal,False,24,2
5002,supplier_delay,none,3,TFIDF_LogReg_Calibrated,1366.6000000000001,0.859375,0.0,0.0,0.0,0.0,0,0,0.35,normal,False,24,2
5002,supplier_delay,none,5,RuleBased,1366.6000000000001,0.859375,0.0,0.0,0.0,0.0,0,0,0.35,normal,False,24,2
5002,supplier_delay,none,5,TFIDF_LogReg_Calibrated,1366.6000000000001,0.859375,0.0,0.0,0.0,0.0,0,0,0.35,normal,False,24,2
5002,supplier_delay,random,1,RuleBased,1656.0,0.9125,0.0,0.0,0.0,0.3333333333333333,1,1,0.5,supplier_delay,True,24,2
5002,supplier_delay,random,1,TFIDF_LogReg_Calibrated,1516.4426862774224,0.9034656486506092,0.0,0.0,0.0,0.3333333333333333,1,1,0.22222222222222224,demand_surge,False,24,2
5002,supplier_delay,random,3,RuleBased,1417.0000000000005,0.8745192307692307,0.3333333333333333,0.5,0.3065735963827292,0.3333333333333333,3,2,0.23076923076923078,demand_surge,False,24,2
5002,supplier_delay,random,3,TFIDF_LogReg_Calibrated,1398.0228333596465,0.8688169571393167,0.3333333333333333,0.5,0.3065735963827292,0.3333333333333333,3,2,0.26528960976958005,demand_surge,False,24,2
5002,supplier_delay,random,5,RuleBased,1390.0,0.86640625,0.4,1.0,0.5706417189553201,0.3333333333333333,5,2,0.37499999999999994,supplier_delay,True,24,2
5002,supplier_delay,random,5,TFIDF_LogReg_Calibrated,1587.3651869753921,0.8960304838414105,0.4,1.0,0.5706417189553201,0.3333333333333333,5,2,0.6071302728575881,supplier_delay,True,24,2
5002,supplier_delay,bm25,1,RuleBased,1366.6000000000001,0.859375,0.0,0.0,0.0,0.0625,1,1,0.3,normal,False,24,2
5002,supplier_delay,bm25,1,TFIDF_LogReg_Calibrated,1099.0,0.80625,0.0,0.0,0.0,0.0625,1,1,0.0,normal,False,24,2
5002,supplier_delay,bm25,3,RuleBased,1366.6000000000001,0.859375,0.0,0.0,0.0,0.0625,3,3,0.3,normal,False,24,2
5002,supplier_delay,bm25,3,TFIDF_LogReg_Calibrated,1263.0,0.83125,0.0,0.0,0.0,0.0625,3,3,0.23803165282462077,normal,False,24,2
5002,supplier_delay,bm25,5,RuleBased,1366.6000000000001,0.859375,0.0,0.0,0.0,0.0625,5,3,0.3,normal,False,24,2
5002,supplier_delay,bm25,5,TFIDF_LogReg_Calibrated,1263.0,0.83125,0.0,0.0,0.0,0.0625,5,3,0.27777777777777773,normal,False,24,2
5002,supplier_delay,tfidf,1,RuleBased,1366.6000000000001,0.859375,0.0,0.0,0.0,0.0625,1,1,0.3,normal,False,24,2
5002,supplier_delay,tfidf,1,TFIDF_LogReg_Calibrated,1099.0,0.80625,0.0,0.0,0.0,0.0625,1,1,0.0,normal,False,24,2
5002,supplier_delay,tfidf,3,RuleBased,1366.6000000000001,0.859375,0.0,0.0,0.0,0.0625,3,3,0.3,normal,False,24,2
5002,supplier_delay,tfidf,3,TFIDF_LogReg_Calibrated,1263.0,0.83125,0.0,0.0,0.0,0.0625,3,3,0.23803165282462077,normal,False,24,2
5002,supplier_delay,tfidf,5,RuleBased,1366.6000000000001,0.859375,0.0,0.0,0.0,0.0625,5,3,0.3,normal,False,24,2
5002,supplier_delay,tfidf,5,TFIDF_LogReg_Calibrated,1263.0,0.83125,0.0,0.0,0.0,0.0625,5,3,0.27777777777777773,normal,False,24,2
5002,supplier_delay,dense,1,RuleBased,1576.0,0.88125,1.0,0.5,1.0,1.0,1,0,1.0,supplier_delay,True,24,2
5002,supplier_delay,dense,1,TFIDF_LogReg_Calibrated,1660.2932728260598,0.8998929109659309,1.0,0.5,1.0,1.0,1,0,0.8114574401023972,supplier_delay,True,24,2
5002,supplier_delay,dense,3,RuleBased,1576.0,0.88125,0.6666666666666666,1.0,1.0,1.0,3,0,1.0,supplier_delay,True,24,2
5002,supplier_delay,dense,3,TFIDF_LogReg_Calibrated,1576.0,0.88125,0.6666666666666666,1.0,1.0,1.0,3,0,0.994926810683173,supplier_delay,True,24,2
5002,supplier_delay,dense,5,RuleBased,1526.4137931034481,0.8795258620689654,0.4,1.0,1.0,1.0,5,1,0.5172413793103449,supplier_delay,True,24,2
5002,supplier_delay,dense,5,TFIDF_LogReg_Calibrated,1576.0,0.88125,0.4,1.0,1.0,1.0,5,1,0.885564255226611,supplier_delay,True,24,2
5002,supplier_delay,oracle,1,RuleBased,1576.0,0.88125,1.0,0.5,1.0,1.0,1,0,1.0,supplier_delay,True,24,2
5002,supplier_delay,oracle,1,TFIDF_LogReg_Calibrated,1614.4092346841492,0.8908523086710373,1.0,0.5,1.0,1.0,1,0,0.9359846088597512,supplier_delay,True,24,2
5002,supplier_delay,oracle,3,RuleBased,1390.0,0.86640625,0.6666666666666666,1.0,1.0,1.0,3,1,0.37499999999999994,supplier_delay,True,24,2
5002,supplier_delay,oracle,3,TFIDF_LogReg_Calibrated,1579.811980930729,0.8822029952326822,0.6666666666666666,1.0,1.0,1.0,3,1,0.899986603896756,supplier_delay,True,24,2
5002,supplier_delay,oracle,5,RuleBased,1606.3684210526314,0.9006578947368421,0.4,1.0,1.0,1.0,5,2,0.39473684210526316,supplier_delay,True,24,2
5002,supplier_delay,oracle,5,TFIDF_LogReg_Calibrated,1609.3861587410452,0.8895965396852613,0.4,1.0,1.0,1.0,5,2,0.914310354973994,supplier_delay,True,24,2
5002,demand_surge,none,1,RuleBased,1663.9999999999998,0.8317808219178083,0.0,0.0,0.0,0.0,0,0,0.3,normal,False,24,2
5002,demand_surge,none,1,TFIDF_LogReg_Calibrated,1663.9999999999998,0.8317808219178083,0.0,0.0,0.0,0.0,0,0,0.3,normal,False,24,2
5002,demand_surge,none,3,RuleBased,1663.9999999999998,0.8317808219178083,0.0,0.0,0.0,0.0,0,0,0.3,normal,False,24,2
5002,demand_surge,none,3,TFIDF_LogReg_Calibrated,1663.9999999999998,0.8317808219178083,0.0,0.0,0.0,0.0,0,0,0.3,normal,False,24,2
5002,demand_surge,none,5,RuleBased,1663.9999999999998,0.8317808219178083,0.0,0.0,0.0,0.0,0,0,0.3,normal,False,24,2
5002,demand_surge,none,5,TFIDF_LogReg_Calibrated,1663.9999999999998,0.8317808219178083,0.0,0.0,0.0,0.0,0,0,0.3,normal,False,24,2
5002,demand_surge,random,1,RuleBased,1643.0,0.8383561643835616,0.0,0.0,0.0,0.3333333333333333,1,0,0.5,supplier_delay,False,24,2
5002,demand_surge,random,1,TFIDF_LogReg_Calibrated,1919.9421682135812,0.8883386384308986,0.0,0.0,0.0,0.3333333333333333,1,0,0.7703002522731649,demand_surge,True,24,2
5002,demand_surge,random,3,RuleBased,1708.75,0.8404109589041096,0.3333333333333333,0.5,0.3065735963827292,0.3333333333333333,3,1,0.37499999999999994,supplier_delay,False,24,2
5002,demand_surge,random,3,TFIDF_LogReg_Calibrated,1616.413437505243,0.8335218413014406,0.3333333333333333,0.5,0.3065735963827292,0.3333333333333333,3,1,0.4411824025008603,supplier_delay,False,24,2
5002,demand_surge,random,5,RuleBased,1708.75,0.8404109589041096,0.4,1.0,0.5706417189553201,0.3333333333333333,5,1,0.37499999999999994,supplier_delay,False,24,2
5002,demand_surge,random,5,TFIDF_LogReg_Calibrated,1614.2063950167449,0.832878576221727,0.4,1.0,0.5706417189553201,0.3333333333333333,5,1,0.43335601069767804,supplier_delay,False,24,2
5002,demand_surge,bm25,1,RuleBased,1663.9999999999998,0.8317808219178083,0.0,0.0,0.0,0.14285714285714285,1,1,0.3,normal,False,24,2
5002,demand_surge,bm25,1,TFIDF_LogReg_Calibrated,1457.0,0.7945205479452054,0.0,0.0,0.0,0.14285714285714285,1,1,0.0,normal,False,24,2
5002,demand_surge,bm25,3,RuleBased,1663.9999999999998,0.8317808219178083,0.0,0.0,0.0,0.14285714285714285,3,3,0.3,normal,False,24,2
5002,demand_surge,bm25,3,TFIDF_LogReg_Calibrated,1459.0,0.7945205479452054,0.0,0.0,0.0,0.14285714285714285,3,3,0.0,normal,False,24,2
5002,demand_surge,bm25,5,RuleBased,1663.9999999999998,0.8317808219178083,0.0,0.0,0.0,0.14285714285714285,5,3,0.3,normal,False,24,2
5002,demand_surge,bm25,5,TFIDF_LogReg_Calibrated,1459.0,0.7945205479452054,0.0,0.0,0.0,0.14285714285714285,5,3,0.0,normal,False,24,2
5002,demand_surge,tfidf,1,RuleBased,1663.9999999999998,0.8317808219178083,0.0,0.0,0.0,0.16666666666666666,1,1,0.3,normal,False,24,2
5002,demand_surge,tfidf,1,TFIDF_LogReg_Calibrated,1457.0,0.7945205479452054,0.0,0.0,0.0,0.16666666666666666,1,1,0.0,normal,False,24,2
5002,demand_surge,tfidf,3,RuleBased,1663.9999999999998,0.8317808219178083,0.0,0.0,0.0,0.16666666666666666,3,3,0.3,normal,False,24,2
5002,demand_surge,tfidf,3,TFIDF_LogReg_Calibrated,1459.0,0.7945205479452054,0.0,0.0,0.0,0.16666666666666666,3,3,0.0,normal,False,24,2
5002,demand_surge,tfidf,5,RuleBased,1663.9999999999998,0.8317808219178083,0.0,0.0,0.0,0.16666666666666666,5,3,0.3,normal,False,24,2
5002,demand_surge,tfidf,5,TFIDF_LogReg_Calibrated,1459.0,0.7945205479452054,0.0,0.0,0.0,0.16666666666666666,5,3,0.0,normal,False,24,2
5002,demand_surge,dense,1,RuleBased,1397.0,0.7972602739726027,0.0,0.0,0.0,0.25,1,1,0.0,supplier_delay,False,24,2
5002,demand_surge,dense,1,TFIDF_LogReg_Calibrated,1460.0,0.7972602739726027,0.0,0.0,0.0,0.25,1,1,0.0,supplier_delay,False,24,2
5002,demand_surge,dense,3,RuleBased,1565.1304347826083,0.8187016081000595,0.0,0.0,0.0,0.25,3,2,0.2608695652173913,supplier_delay,False,24,2
5002,demand_surge,dense,3,TFIDF_LogReg_Calibrated,1460.0,0.7972602739726027,0.0,0.0,0.0,0.25,3,2,0.0,normal,False,24,2
5002,demand_surge,dense,5,RuleBased,1731.793103448276,0.8448748228625412,0.2,0.5,0.2640681225725909,0.25,5,2,0.4137931034482759,demand_surge,True,24,2
5002,demand_surge,dense,5,TFIDF_LogReg_Calibrated,1460.0,0.7972602739726027,0.2,0.5,0.2640681225725909,0.25,5,2,0.0,normal,False,24,2
5002,demand_surge,oracle,1,RuleBased,1916.0,0.8821917808219178,1.0,0.5,1.0,1.0,1,0,0.6666666666666667,demand_surge,True,24,2
5002,demand_surge,oracle,1,TFIDF_LogReg_Calibrated,1489.7882268478934,0.8136949647720714,1.0,0.5,1.0,1.0,1,0,0.19995540472686954,supplier_delay,False,24,2
5002,demand_surge,oracle,3,RuleBased,1708.75,0.8404109589041096,0.6666666666666666,1.0,1.0,1.0,3,1,0.37499999999999994,supplier_delay,False,24,2
5002,demand_surge,oracle,3,TFIDF_LogReg_Calibrated,1497.8324566446151,0.8163809783029504,0.6666666666666666,1.0,1.0,1.0,3,1,0.2326352360192314,supplier_delay,False,24,2
5002,demand_surge,oracle,5,RuleBased,1603.3157894736844,0.8297043979812546,0.4,1.0,1.0,1.0,5,2,0.39473684210526316,supplier_delay,False,24,2
5002,demand_surge,oracle,5,TFIDF_LogReg_Calibrated,1508.994088730651,0.8202034550447433,0.4,1.0,1.0,1.0,5,2,0.27914203637771107,supplier_delay,False,24,2
5003,normal,none,1,RuleBased,1786.2,0.908256880733945,0.0,0.0,0.0,0.0,0,0,0.35,normal,True,24,2
5003,normal,none,1,TFIDF_LogReg_Calibrated,1786.2,0.908256880733945,0.0,0.0,0.0,0.0,0,0,0.35,normal,True,24,2
5003,normal,none,3,RuleBased,1786.2,0.908256880733945,0.0,0.0,0.0,0.0,0,0,0.35,normal,True,24,2
5003,normal,none,3,TFIDF_LogReg_Calibrated,1786.2,0.908256880733945,0.0,0.0,0.0,0.0,0,0,0.35,normal,True,24,2
5003,normal,none,5,RuleBased,1786.2,0.908256880733945,0.0,0.0,0.0,0.0,0,0,0.35,normal,True,24,2
5003,normal,none,5,TFIDF_LogReg_Calibrated,1786.2,0.908256880733945,0.0,0.0,0.0,0.0,0,0,0.35,normal,True,24,2
5003,normal,random,1,RuleBased,1472.0,0.8685015290519877,0.0,0.0,0.0,0.1111111111111111,1,0,0.0,supplier_delay,False,24,2
5003,normal,random,1,TFIDF_LogReg_Calibrated,1697.0,0.8837920489296636,0.0,0.0,0.0,0.1111111111111111,1,0,0.4764850435082682,supplier_delay,False,24,2
5003,normal,random,3,RuleBased,1606.0,0.9021406727828746,0.0,0.0,0.0,0.1111111111111111,3,2,0.0,supplier_delay,False,24,2
5003,normal,random,3,TFIDF_LogReg_Calibrated,1590.6037460650841,0.8896110191705896,0.0,0.0,0.0,0.1111111111111111,3,2,0.0,supplier_delay,False,24,2
5003,normal,random,5,RuleBased,1606.0,0.9021406727828746,0.0,0.0,0.0,0.1111111111111111,5,3,0.0,supplier_delay,False,24,2
5003,normal,random,5,TFIDF_LogReg_Calibrated,1558.5839363832006,0.8968131736736273,0.0,0.0,0.0,0.1111111111111111,5,3,0.0,supplier_delay,False,24,2
5003,normal,bm25,1,RuleBased,1786.2,0.908256880733945,1.0,0.5,1.0,1.0,1,0,0.4,normal,True,24,2
5003,normal,bm25,1,TFIDF_LogReg_Calibrated,1794.0,0.8929663608562691,1.0,0.5,1.0,1.0,1,0,0.7147744297435985,normal,True,24,2
5003,normal,bm25,3,RuleBased,1786.2,0.908256880733945,0.3333333333333333,0.5,0.6131471927654584,1.0,3,0,0.4,normal,True,24,2
5003,normal,bm25,3,TFIDF_LogReg_Calibrated,1697.0,0.8837920489296636,0.3333333333333333,0.5,0.6131471927654584,1.0,3,0,0.5513527791036018,normal,True,24,2
5003,normal,bm25,5,RuleBased,1786.2,0.908256880733945,0.2,0.5,0.6131471927654584,1.0,5,0,0.4,normal,True,24,2
5003,normal,bm25,5,TFIDF_LogReg_Calibrated,1697.0,0.8837920489296636,0.2,0.5,0.6131471927654584,1.0,5,0,0.5310234487825316,normal,True,24,2
5003,normal,tfidf,1,RuleBased,1786.2,0.908256880733945,1.0,0.5,1.0,1.0,1,0,0.4,normal,True,24,2
5003,normal,tfidf,1,TFIDF_LogReg_Calibrated,1794.0,0.8929663608562691,1.0,0.5,1.0,1.0,1,0,0.7147744297435985,normal,True,24,2
5003,normal,tfidf,3,RuleBased,1786.2,0.908256880733945,0.3333333333333333,0.5,0.6131471927654584,1.0,3,0,0.4,normal,True,24,2
5003,normal,tfidf,3,TFIDF_LogReg_Calibrated,1697.0,0.8837920489296636,0.3333333333333333,0.5,0.6131471927654584,1.0,3,0,0.5513527791036018,normal,True,24,2
5003,normal,tfidf,5,RuleBased,1792.5,0.9151376146788991,0.4,1.0,0.8772153153380493,1.0,5,0,0.25,supplier_delay,False,24,2
5003,normal,tfidf,5,TFIDF_LogReg_Calibrated,1622.0,0.8837920489296636,0.4,1.0,0.8772153153380493,1.0,5,0,0.32498174802029633,supplier_delay,False,24,2
5003,normal,dense,1,RuleBased,1792.5,0.9151376146788991,1.0,0.5,1.0,1.0,1,0,0.25,supplier_delay,False,24,2
5003,normal,dense,1,TFIDF_LogReg_Calibrated,1621.5760764319866,0.8838706187689765,1.0,0.5,1.0,1.0,1,0,0.22384100440244312,supplier_delay,False,24,2
5003,normal,dense,3,RuleBased,1792.5,0.9151376146788991,0.6666666666666666,1.0,1.0,1.0,3,1,0.25,supplier_delay,False,24,2
5003,normal,dense,3,TFIDF_LogReg_Calibrated,1689.7676175013976,0.8842947166040174,0.6666666666666666,1.0,1.0,1.0,3,1,0.3502716385501114,supplier_delay,False,24,2
5003,normal,dense,5,RuleBased,1792.5,0.9151376146788991,0.4,1.0,1.0,1.0,5,1,0.25,supplier_delay,False,24,2
5003,normal,dense,5,TFIDF_LogReg_Calibrated,1697.0,0.8837920489296636,0.4,1.0,1.0,1.0,5,1,0.40104602290463437,supplier_delay,False,24,2
5003,normal,oracle,1,RuleBased,1792.5,0.9151376146788991,1.0,0.5,1.0,1.0,1,0,0.25,supplier_delay,False,24,2
5003,normal,oracle,1,TFIDF_LogReg_Calibrated,1621.5760764319866,0.8838706187689765,1.0,0.5,1.0,1.0,1,0,0.22384100440244312,supplier_delay,False,24,2
5003,normal,oracle,3,RuleBased,1789.0,0.9113149847094801,0.6666666666666666,1.0,1.0,1.0,3,0,0.33333333333333337,normal,True,24,2
5003,normal,oracle,3,TFIDF_LogReg_Calibrated,1794.0,0.8929663608562691,0.6666666666666666,1.0,1.0,1.0,3,0,0.6772299903478032,normal,True,24,2
5003,normal,oracle,5,RuleBased,1791.0,0.9134993446920052,0.4,1.0,1.0,1.0,5,2,0.28571428571428575,supplier_delay,False,24,2
5003,normal,oracle,5,TFIDF_LogReg_Calibrated,1686.405337067445,0.8845284030395159,0.4,1.0,1.0,1.0,5,2,0.3642626163857903,supplier_delay,False,24,2
5003,supplier_delay,none,1,RuleBased,1618.8000000000002,0.8862385321100917,0.0,0.0,0.0,0.0,0,0,0.35,normal,False,24,2
5003,supplier_delay,none,1,TFIDF_LogReg_Calibrated,1618.8000000000002,0.8862385321100917,0.0,0.0,0.0,0.0,0,0,0.35,normal,False,24,2
5003,supplier_delay,none,3,RuleBased,1618.8000000000002,0.8862385321100917,0.0,0.0,0.0,0.0,0,0,0.35,normal,False,24,2
5003,supplier_delay,none,3,TFIDF_LogReg_Calibrated,1618.8000000000002,0.8862385321100917,0.0,0.0,0.0,0.0,0,0,0.35,normal,False,24,2
5003,supplier_delay,none,5,RuleBased,1618.8000000000002,0.8862385321100917,0.0,0.0,0.0,0.0,0,0,0.35,normal,False,24,2
5003,supplier_delay,none,5,TFIDF_LogReg_Calibrated,1618.8000000000002,0.8862385321100917,0.0,0.0,0.0,0.0,0,0,0.35,normal,False,24,2
5003,supplier_delay,random,1,RuleBased,1743.0,0.8929663608562691,0.0,0.0,0.0,0.1111111111111111,1,0,1.0,supplier_delay,True,24,2
5003,supplier_delay,random,1,TFIDF_LogReg_Calibrated,1675.0,0.8776758409785933,0.0,0.0,0.0,0.1111111111111111,1,0,0.5235149564917317,supplier_delay,True,24,2
5003,supplier_delay,random,3,RuleBased,1918.0,0.9388379204892966,0.0,0.0,0.0,0.1111111111111111,3,1,0.5,supplier_delay,True,24,2
5003,supplier_delay,random,3,TFIDF_LogReg_Calibrated,1856.5495160417897,0.9162422418199732,0.0,0.0,0.0,0.1111111111111111,3,1,0.8414330609347669,supplier_delay,True,24,2
5003,supplier_delay,random,5,RuleBased,1918.0,0.9388379204892966,0.0,0.0,0.0,0.1111111111111111,5,2,0.5,supplier_delay,True,24,2
5003,supplier_delay,random,5,TFIDF_LogReg_Calibrated,1885.7226072197177,0.9342023988301152,0.0,0.0,0.0,0.1111111111111111,5,2,0.6451743507269877,supplier_delay,True,24,2
5003,supplier_delay,bm25,1,RuleBased,1918.0,0.9388379204892966,1.0,0.5,1.0,1.0,1,0,0.5,supplier_delay,True,24,2
5003,supplier_delay,bm25,1,TFIDF_LogReg_Calibrated,1787.8556216461495,0.8947698192486007,1.0,0.5,1.0,1.0,1,0,0.6543806063689072,supplier_delay,True,24,2
5003,supplier_delay,bm25,3,RuleBased,1918.0,0.9388379204892966,0.3333333333333333,0.5,0.6131471927654584,1.0,3,0,0.5,supplier_delay,True,24,2
5003,supplier_delay,bm25,3,TFIDF_LogReg_Calibrated,1743.0,0.8929663608562691,0.3333333333333333,0.5,0.6131471927654584,1.0,3,0,0.9374341806534549,supplier_delay,True,24,2
5003,supplier_delay,bm25,5,RuleBased,1918.0,0.9388379204892966,0.2,0.5,0.6131471927654584,1.0,5,1,0.5,supplier_delay,True,24,2
5003,supplier_delay,bm25,5,TFIDF_LogReg_Calibrated,1743.0,0.8929663608562691,0.2,0.5,0.6131471927654584,1.0,5,1,0.9124698702861108,supplier_delay,True,24,2
5003,supplier_delay,tfidf,1,RuleBased,1743.0,0.8929663608562691,0.0,0.0,0.0,0.5,1,0,1.0,supplier_delay,True,24,2
5003,supplier_delay,tfidf,1,TFIDF_LogReg_Calibrated,1853.894965613966,0.9153275498519071,0.0,0.0,0.0,0.5,1,0,0.8253610684674939,supplier_delay,True,24,2
5003,supplier_delay,tfidf,3,RuleBased,1918.0,0.9388379204892966,0.3333333333333333,0.5,0.38685280723454163,0.5,3,0,0.5,supplier_delay,True,24,2
5003,supplier_delay,tfidf,3,TFIDF_LogReg_Calibrated,1743.0,0.8929663608562691,0.3333333333333333,0.5,0.38685280723454163,0.5,3,0,0.9374341806534549,supplier_delay,True,24,2
5003,supplier_delay,tfidf,5,RuleBased,1918.0,0.9388379204892966,0.2,0.5,0.38685280723454163,0.5,5,0,0.5,supplier_delay,True,24,2
5003,supplier_delay,tfidf,5,TFIDF_LogReg_Calibrated,1743.0,0.8929663608562691,0.2,0.5,0.38685280723454163,0.5,5,0,1.0,supplier_delay,True,24,2
5003,supplier_delay,dense,1,RuleBased,1743.0,0.8929663608562691,1.0,0.5,1.0,1.0,1,0,1.0,supplier_delay,True,24,2
5003,supplier_delay,dense,1,TFIDF_LogReg_Calibrated,1821.2618635252616,0.9035766232416713,1.0,0.5,1.0,1.0,1,0,0.871086636274395,supplier_delay,True,24,2
5003,supplier_delay,dense,3,RuleBased,1743.0,0.8929663608562691,0.3333333333333333,0.5,0.6131471927654584,1.0,3,0,1.0,supplier_delay,True,24,2
5003,supplier_delay,dense,3,TFIDF_LogReg_Calibrated,1822.5575021404723,0.9039778584416744,0.3333333333333333,0.5,0.6131471927654584,1.0,3,0,0.872104604230595,supplier_delay,True,24,2
5003,supplier_delay,dense,5,RuleBased,1918.0,0.9388379204892966,0.4,1.0,0.8772153153380493,1.0,5,0,0.5,supplier_delay,True,24,2
5003,supplier_delay,dense,5,TFIDF_LogReg_Calibrated,1743.0,0.8929663608562691,0.4,1.0,0.8772153153380493,1.0,5,0,0.9295128168677553,supplier_delay,True,24,2
5003,supplier_delay,oracle,1,RuleBased,1918.0,0.9388379204892966,1.0,0.5,1.0,1.0,1,0,0.5,supplier_delay,True,24,2
5003,supplier_delay,oracle,1,TFIDF_LogReg_Calibrated,1787.8556216461495,0.8947698192486007,1.0,0.5,1.0,1.0,1,0,0.6543806063689072,supplier_delay,True,24,2
5003,supplier_delay,oracle,3,RuleBased,1902.7142857142862,0.9327217125382263,0.6666666666666666,1.0,1.0,1.0,3,1,0.4285714285714286,supplier_delay,True,24,2
5003,supplier_delay,oracle,3,TFIDF_LogReg_Calibrated,1781.0,0.8929663608562691,0.6666666666666666,1.0,1.0,1.0,3,1,0.8109319294340549,supplier_delay,True,24,2
5003,supplier_delay,oracle,5,RuleBased,1908.7647058823534,0.9343407087605684,0.4,1.0,1.0,1.0,5,2,0.4411764705882353,supplier_delay,True,24,2
5003,supplier_delay,oracle,5,TFIDF_LogReg_Calibrated,1765.7905925304592,0.9030286037677446,0.4,1.0,1.0,1.0,5,2,0.9174934642790165,supplier_delay,True,24,2
5003,demand_surge,none,1,RuleBased,1857.2000000000005,0.8498659517426277,0.0,0.0,0.0,0.0,0,0,0.3,normal,False,24,2
5003,demand_surge,none,1,TFIDF_LogReg_Calibrated,1857.2000000000005,0.8498659517426277,0.0,0.0,0.0,0.0,0,0,0.3,normal,False,24,2
5003,demand_surge,none,3,RuleBased,1857.2000000000005,0.8498659517426277,0.0,0.0,0.0,0.0,0,0,0.3,normal,False,24,2
5003,demand_surge,none,3,TFIDF_LogReg_Calibrated,1857.2000000000005,0.8498659517426277,0.0,0.0,0.0,0.0,0,0,0.3,normal,False,24,2
5003,demand_surge,none,5,RuleBased,1857.2000000000005,0.8498659517426277,0.0,0.0,0.0,0.0,0,0,0.3,normal,False,24,2
5003,demand_surge,none,5,TFIDF_LogReg_Calibrated,1857.2000000000005,0.8498659517426277,0.0,0.0,0.0,0.0,0,0,0.3,normal,False,24,2
5003,demand_surge,random,1,RuleBased,1625.0,0.8123324396782842,0.0,0.0,0.0,0.1111111111111111,1,0,0.0,supplier_delay,False,24,2
5003,demand_surge,random,1,TFIDF_LogReg_Calibrated,1578.0,0.8016085790884718,0.0,0.0,0.0,0.1111111111111111,1,0,0.0,supplier_delay,False,24,2
5003,demand_surge,random,3,RuleBased,1882.0,0.8579088471849866,0.0,0.0,0.0,0.1111111111111111,3,1,0.5,supplier_delay,False,24,2
5003,demand_surge,random,3,TFIDF_LogReg_Calibrated,1694.2934255460132,0.8271153253188044,0.0,0.0,0.0,0.1111111111111111,3,1,0.1585669390652332,supplier_delay,False,24,2
5003,demand_surge,random,5,RuleBased,1882.0,0.8579088471849866,0.0,0.0,0.0,0.1111111111111111,5,1,0.5,supplier_delay,False,24,2
5003,demand_surge,random,5,TFIDF_LogReg_Calibrated,1766.6399110077507,0.8438973816992718,0.0,0.0,0.0,0.1111111111111111,5,1,0.35482564927301236,supplier_delay,False,24,2
5003,demand_surge,bm25,1,RuleBased,1937.3999999999996,0.8691689008042895,1.0,0.5,1.0,1.0,1,0,0.6,demand_surge,True,24,2
5003,demand_surge,bm25,1,TFIDF_LogReg_Calibrated,2174.3961659733195,0.9078977450965806,1.0,0.5,1.0,1.0,1,0,0.7769107883760235,demand_surge,True,24,2
5003,demand_surge,bm25,3,RuleBased,1937.3999999999996,0.8691689008042895,0.3333333333333333,0.5,0.6131471927654584,1.0,3,0,0.6,demand_surge,True,24,2
5003,demand_surge,bm25,3,TFIDF_LogReg_Calibrated,2110.1300828666963,0.895644340101286,0.3333333333333333,0.5,0.6131471927654584,1.0,3,0,0.6474028928704109,demand_surge,True,24,2
5003,demand_surge,bm25,5,RuleBased,1937.3999999999996,0.8691689008042895,0.4,1.0,0.8772153153380493,1.0,5,1,0.6,demand_surge,True,24,2
5003,demand_surge,bm25,5,TFIDF_LogReg_Calibrated,2161.564927986742,0.9052515834165274,0.4,1.0,0.8772153153380493,1.0,5,1,0.7357850255985329,demand_surge,True,24,2
5003,demand_surge,tfidf,1,RuleBased,1937.3999999999996,0.8691689008042895,1.0,0.5,1.0,1.0,1,0,0.6,demand_surge,True,24,2
5003,demand_surge,tfidf,1,TFIDF_LogReg_Calibrated,2174.3961659733195,0.9078977450965806,1.0,0.5,1.0,1.0,1,0,0.7769107883760235,demand_surge,True,24,2
5003,demand_surge,tfidf,3,RuleBased,1937.3999999999996,0.8691689008042895,0.3333333333333333,0.5,0.6131471927654584,1.0,3,0,0.6,demand_surge,True,24,2
5003,demand_surge,tfidf,3,TFIDF_LogReg_Calibrated,2110.1300828666963,0.895644340101286,0.3333333333333333,0.5,0.6131471927654584,1.0,3,0,0.6474028928704109,demand_surge,True,24,2
5003,demand_surge,tfidf,5,RuleBased,1937.3999999999996,0.8691689008042895,0.4,1.0,0.8772153153380493,1.0,5,0,0.6,demand_surge,True,24,2
5003,demand_surge,tfidf,5,TFIDF_LogReg_Calibrated,2158.9220818463277,0.9047065543094096,0.4,1.0,0.8772153153380493,1.0,5,0,0.7273143648920747,demand_surge,True,24,2
5003,demand_surge,dense,1,RuleBased,1625.0,0.8123324396782842,0.0,0.0,0.0,0.5,1,1,0.0,supplier_delay,False,24,2
5003,demand_surge,dense,1,TFIDF_LogReg_Calibrated,1680.6101354650734,0.8244570337384064,0.0,0.0,0.0,0.5,1,1,0.14204122640709335,supplier_delay,False,24,2
5003,demand_surge,dense,3,RuleBased,1937.3999999999996,0.8691689008042895,0.3333333333333333,0.5,0.38685280723454163,0.5,3,1,0.6,demand_surge,True,24,2
5003,demand_surge,dense,3,TFIDF_LogReg_Calibrated,2168.7586676580495,0.9067351345964221,0.3333333333333333,0.5,0.38685280723454163,0.5,3,1,0.7588418835193913,demand_surge,True,24,2
5003,demand_surge,dense,5,RuleBased,1937.3999999999996,0.8691689008042895,0.4,1.0,0.6240505200038379,0.5,5,1,0.6,demand_surge,True,24,2
5003,demand_surge,dense,5,TFIDF_LogReg_Calibrated,2174.666666666667,0.9079535299374442,0.4,1.0,0.6240505200038379,0.5,5,1,0.7777777777777778,demand_surge,True,24,2
5003,demand_surge,oracle,1,RuleBased,1937.3999999999996,0.8691689008042895,1.0,0.5,1.0,1.0,1,0,0.6,demand_surge,True,24,2
5003,demand_surge,oracle,1,TFIDF_LogReg_Calibrated,2174.3961659733195,0.9078977450965806,1.0,0.5,1.0,1.0,1,0,0.7769107883760235,demand_surge,True,24,2
5003,demand_surge,oracle,3,RuleBased,1869.5483870967744,0.85635215774453,0.6666666666666666,1.0,1.0,1.0,3,1,0.48387096774193544,demand_surge,True,24,2
5003,demand_surge,oracle,3,TFIDF_LogReg_Calibrated,2163.004525728156,0.9055484689066107,0.6666666666666666,1.0,1.0,1.0,3,1,0.7403991209235751,demand_surge,True,24,2
5003,demand_surge,oracle,5,RuleBased,1849.823529411765,0.8522315092256741,0.4,1.0,1.0,1.0,5,2,0.4411764705882353,supplier_delay,False,24,2
5003,demand_surge,oracle,5,TFIDF_LogReg_Calibrated,2129.779972578731,0.8992080377493596,0.4,1.0,1.0,1.0,5,2,0.6762999542978859,demand_surge,True,24,2
5004,normal,none,1,RuleBased,1668.6000000000004,0.9525773195876288,0.0,0.0,0.0,0.0,0,0,0.35,normal,True,24,2
5004,normal,none,1,TFIDF_LogReg_Calibrated,1668.6000000000004,0.9525773195876288,0.0,0.0,0.0,0.0,0,0,0.35,normal,True,24,2
5004,normal,none,3,RuleBased,1668.6000000000004,0.9525773195876288,0.0,0.0,0.0,0.0,0,0,0.35,normal,True,24,2
5004,normal,none,3,TFIDF_LogReg_Calibrated,1668.6000000000004,0.9525773195876288,0.0,0.0,0.0,0.0,0,0,0.35,normal,True,24,2
5004,normal,none,5,RuleBased,1668.6000000000004,0.9525773195876288,0.0,0.0,0.0,0.0,0,0,0.35,normal,True,24,2
5004,normal,none,5,TFIDF_LogReg_Calibrated,1668.6000000000004,0.9525773195876288,0.0,0.0,0.0,0.0,0,0,0.35,normal,True,24,2
5004,normal,random,1,RuleBased,1569.0,0.9587628865979382,0.0,0.0,0.0,0.058823529411764705,1,1,0.0,supplier_delay,False,24,2
5004,normal,random,1,TFIDF_LogReg_Calibrated,1564.3333333333333,0.9667812142038945,0.0,0.0,0.0,0.058823529411764705,1,1,0.0,demand_surge,False,24,2
5004,normal,random,3,RuleBased,1569.0,0.9587628865979382,0.0,0.0,0.0,0.058823529411764705,3,2,0.0,supplier_delay,False,24,2
5004,normal,random,3,TFIDF_LogReg_Calibrated,1579.2185065826204,0.9631275143390722,0.0,0.0,0.0,0.058823529411764705,3,2,0.0,demand_surge,False,24,2
5004,normal,random,5,RuleBased,1668.6000000000004,0.9525773195876288,0.0,0.0,0.0,0.058823529411764705,5,2,0.4,normal,True,24,2
5004,normal,random,5,TFIDF_LogReg_Calibrated,1553.7000578822845,0.9587628865979382,0.0,0.0,0.0,0.058823529411764705,5,2,0.0,demand_surge,False,24,2
5004,normal,bm25,1,RuleBased,1668.6000000000004,0.9525773195876288,1.0,0.5,1.0,1.0,1,0,0.4,normal,True,24,2
5004,normal,bm25,1,TFIDF_LogReg_Calibrated,1474.0,0.9175257731958762,1.0,0.5,1.0,1.0,1,0,0.23790937294814407,supplier_delay,False,24,2
5004,normal,bm25,3,RuleBased,1668.6000000000004,0.9525773195876288,0.3333333333333333,0.5,0.6131471927654584,1.0,3,0,0.4,normal,True,24,2
5004,normal,bm25,3,TFIDF_LogReg_Calibrated,1543.0,0.9175257731958762,0.3333333333333333,0.5,0.6131471927654584,1.0,3,0,0.5350179446886224,normal,True,24,2
5004,normal,bm25,5,RuleBased,1668.6000000000004,0.9525773195876288,0.2,0.5,0.6131471927654584,1.0,5,0,0.4,normal,True,24,2
5004,normal,bm25,5,TFIDF_LogReg_Calibrated,1484.882746428395,0.9222208170353309,0.2,0.5,0.6131471927654584,1.0,5,0,0.294482096625885,supplier_delay,False,24,2
5004,normal,tfidf,1,RuleBased,1668.6000000000004,0.9525773195876288,1.0,0.5,1.0,1.0,1,0,0.4,normal,True,24,2
5004,normal,tfidf,1,TFIDF_LogReg_Calibrated,1474.0,0.9175257731958762,1.0,0.5,1.0,1.0,1,0,0.23790937294814407,supplier_delay,False,24,2
5004,normal,tfidf,3,RuleBased,1668.6000000000004,0.9525773195876288,0.3333333333333333,0.5,0.6131471927654584,1.0,3,0,0.4,normal,True,24,2
5004,normal,tfidf,3,TFIDF_LogReg_Calibrated,1543.0,0.9175257731958762,0.3333333333333333,0.5,0.6131471927654584,1.0,3,0,0.5350179446886224,normal,True,24,2
5004,normal,tfidf,5,RuleBased,1668.6000000000004,0.9525773195876288,0.2,0.5,0.6131471927654584,1.0,5,0,0.4,normal,True,24,2
5004,normal,tfidf,5,TFIDF_LogReg_Calibrated,1484.882746428395,0.9222208170353309,0.2,0.5,0.6131471927654584,1.0,5,0,0.294482096625885,supplier_delay,False,24,2
5004,normal,dense,1,RuleBased,1668.6000000000004,0.9525773195876288,1.0,0.5,1.0,1.0,1,0,0.4,normal,True,24,2
5004,normal,dense,1,TFIDF_LogReg_Calibrated,1474.0,0.9175257731958762,1.0,0.5,1.0,1.0,1,0,0.23790937294814407,supplier_delay,False,24,2
5004,normal,dense,3,RuleBased,1653.0,0.9518900343642611,0.6666666666666666,1.0,1.0,1.0,3,0,0.33333333333333337,normal,True,24,2
5004,normal,dense,3,TFIDF_LogReg_Calibrated,1694.0,0.9381443298969072,0.6666666666666666,1.0,1.0,1.0,3,0,0.6467852639521458,normal,True,24,2
5004,normal,dense,5,RuleBased,1653.0,0.9518900343642611,0.4,1.0,1.0,1.0,5,1,0.33333333333333337,normal,True,24,2
5004,normal,dense,5,TFIDF_LogReg_Calibrated,1543.0,0.9175257731958762,0.4,1.0,1.0,1.0,5,1,0.5808986366671287,normal,True,24,2
5004,normal,oracle,1,RuleBased,1668.6000000000004,0.9525773195876288,1.0,0.5,1.0,1.0,1,0,0.4,normal,True,24,2
5004,normal,oracle,1,TFIDF_LogReg_Calibrated,1474.0,0.9175257731958762,1.0,0.5,1.0,1.0,1,0,0.23790937294814407,supplier_delay,False,24,2
5004,normal,oracle,3,RuleBased,1582.4615384615388,0.9492466296590008,0.6666666666666666,1.0,1.0,1.0,3,0,0.3076923076923077,supplier_delay,False,24,2
5004,normal,oracle,3,TFIDF_LogReg_Calibrated,1543.0,0.9175257731958762,0.6666666666666666,1.0,1.0,1.0,3,0,0.4478891498112581,supplier_delay,False,24,2
5004,normal,oracle,5,RuleBased,1582.4615384615388,0.9492466296590008,0.4,1.0,1.0,1.0,5,2,0.3076923076923077,supplier_delay,False,24,2
5004,normal,oracle,5,TFIDF_LogReg_Calibrated,1443.0,0.9243986254295533,0.4,1.0,1.0,1.0,5,2,0.1229257716899738,supplier_delay,False,24,2
5004,supplier_delay,none,1,RuleBased,1506.6,0.9278350515463918,0.0,0.0,0.0,0.0,0,0,0.35,normal,False,24,2
5004,supplier_delay,none,1,TFIDF_LogReg_Calibrated,1506.6,0.9278350515463918,0.0,0.0,0.0,0.0,0,0,0.35,normal,False,24,2
5004,supplier_delay,none,3,RuleBased,1506.6,0.9278350515463918,0.0,0.0,0.0,0.0,0,0,0.35,normal,False,24,2
5004,supplier_delay,none,3,TFIDF_LogReg_Calibrated,1506.6,0.9278350515463918,0.0,0.0,0.0,0.0,0,0,0.35,normal,False,24,2
5004,supplier_delay,none,5,RuleBased,1506.6,0.9278350515463918,0.0,0.0,0.0,0.0,0,0,0.35,normal,False,24,2
5004,supplier_delay,none,5,TFIDF_LogReg_Calibrated,1506.6,0.9278350515463918,0.0,0.0,0.0,0.0,0,0,0.35,normal,False,24,2
5004,supplier_delay,random,1,RuleBased,1751.0,0.979381443298969,0.0,0.0,0.0,0.058823529411764705,1,1,0.5,supplier_delay,True,24,2
5004,supplier_delay,random,1,TFIDF_LogReg_Calibrated,1664.6666666666667,0.9770904925544102,0.0,0.0,0.0,0.058823529411764705,1,1,0.22222222222222224,demand_surge,False,24,2
5004,supplier_delay,random,3,RuleBased,1751.0,0.979381443298969,0.0,0.0,0.0,0.058823529411764705,3,1,0.5,supplier_delay,True,24,2
5004,supplier_delay,random,3,TFIDF_LogReg_Calibrated,1637.02277348942,0.9679562428923537,0.0,0.0,0.0,0.058823529411764705,3,1,0.31082444394416825,demand_surge,False,24,2
5004,supplier_delay,random,5,RuleBased,1506.6,0.9278350515463918,0.0,0.0,0.0,0.058823529411764705,5,2,0.3,normal,False,24,2
5004,supplier_delay,random,5,TFIDF_LogReg_Calibrated,1740.7000578822847,0.979381443298969,0.0,0.0,0.0,0.058823529411764705,5,2,0.47880670346149096,demand_surge,False,24,2
5004,supplier_delay,bm25,1,RuleBased,1506.6,0.9278350515463918,0.0,0.0,0.0,0.16666666666666666,1,1,0.3,normal,False,24,2
5004,supplier_delay,bm25,1,TFIDF_LogReg_Calibrated,1403.0,0.8969072164948454,0.0,0.0,0.0,0.16666666666666666,1,1,0.28522557025640155,normal,False,24,2
5004,supplier_delay,bm25,3,RuleBased,1506.6,0.9278350515463918,0.0,0.0,0.0,0.16666666666666666,3,3,0.3,normal,False,24,2
5004,supplier_delay,bm25,3,TFIDF_LogReg_Calibrated,1566.0,0.9243986254295533,0.0,0.0,0.0,0.16666666666666666,3,3,0.47238712067007516,normal,False,24,2
5004,supplier_delay,bm25,5,RuleBased,1506.6,0.9278350515463918,0.0,0.0,0.0,0.16666666666666666,5,3,0.3,normal,False,24,2
5004,supplier_delay,bm25,5,TFIDF_LogReg_Calibrated,1731.5606630015434,0.9557817732344714,0.0,0.0,0.0,0.16666666666666666,5,3,0.703930349961735,supplier_delay,True,24,2
5004,supplier_delay,tfidf,1,RuleBased,1506.6,0.9278350515463918,0.0,0.0,0.0,0.2,1,1,0.3,normal,False,24,2
5004,supplier_delay,tfidf,1,TFIDF_LogReg_Calibrated,1403.0,0.8969072164948454,0.0,0.0,0.0,0.2,1,1,0.28522557025640155,normal,False,24,2
5004,supplier_delay,tfidf,3,RuleBased,1506.6,0.9278350515463918,0.0,0.0,0.0,0.2,3,2,0.3,normal,False,24,2
5004,supplier_delay,tfidf,3,TFIDF_LogReg_Calibrated,1571.170366786317,0.925820032106204,0.0,0.0,0.0,0.2,3,2,0.4525929920746194,normal,False,24,2
5004,supplier_delay,tfidf,5,RuleBased,1673.153846153846,0.9529473962463652,0.2,0.5,0.23719771276929622,0.2,5,3,0.46153846153846145,supplier_delay,True,24,2
5004,supplier_delay,tfidf,5,TFIDF_LogReg_Calibrated,1717.0,0.9518900343642611,0.2,0.5,0.23719771276929622,0.2,5,3,0.7538215582997764,supplier_delay,True,24,2
5004,supplier_delay,dense,1,RuleBased,1781.0,0.9690721649484536,1.0,0.5,1.0,1.0,1,0,1.0,supplier_delay,True,24,2
5004,supplier_delay,dense,1,TFIDF_LogReg_Calibrated,1756.443599025781,0.979381443298969,1.0,0.5,1.0,1.0,1,0,0.6931201447358631,supplier_delay,True,24,2
5004,supplier_delay,dense,3,RuleBased,1673.153846153846,0.9529473962463652,0.3333333333333333,0.5,0.6131471927654584,1.0,3,1,0.46153846153846145,supplier_delay,True,24,2
5004,supplier_delay,dense,3,TFIDF_LogReg_Calibrated,1717.0,0.9518900343642611,0.3333333333333333,0.5,0.6131471927654584,1.0,3,1,0.6666666666666666,supplier_delay,True,24,2
5004,supplier_delay,dense,5,RuleBased,1532.25,0.9355670103092784,0.2,0.5,0.6131471927654584,1.0,5,2,0.37499999999999994,supplier_delay,True,24,2
5004,supplier_delay,dense,5,TFIDF_LogReg_Calibrated,1717.0,0.9518900343642611,0.2,0.5,0.6131471927654584,1.0,5,2,0.6666666666666666,supplier_delay,True,24,2
5004,supplier_delay,oracle,1,RuleBased,1781.0,0.9690721649484536,1.0,0.5,1.0,1.0,1,0,1.0,supplier_delay,True,24,2
5004,supplier_delay,oracle,1,TFIDF_LogReg_Calibrated,1756.443599025781,0.979381443298969,1.0,0.5,1.0,1.0,1,0,0.6931201447358631,supplier_delay,True,24,2
5004,supplier_delay,oracle,3,RuleBased,1649.3636363636367,0.9468915963761323,0.6666666666666666,1.0,1.0,1.0,3,1,0.4545454545454546,supplier_delay,True,24,2
5004,supplier_delay,oracle,3,TFIDF_LogReg_Calibrated,1717.0,0.9518900343642611,0.6666666666666666,1.0,1.0,1.0,3,1,0.7623797534805887,supplier_delay,True,24,2
5004,supplier_delay,oracle,5,RuleBased,1710.461538461538,0.9624636531853027,0.4,1.0,1.0,1.0,5,2,0.3846153846153846,supplier_delay,True,24,2
5004,supplier_delay,oracle,5,TFIDF_LogReg_Calibrated,1781.0,0.9690721649484536,0.4,1.0,1.0,1.0,5,2,0.935968385598518,supplier_delay,True,24,2
5004,demand_surge,none,1,RuleBased,1729.0000000000002,0.8425068119891009,0.0,0.0,0.0,0.0,0,0,0.3,normal,False,24,2
5004,demand_surge,none,1,TFIDF_LogReg_Calibrated,1729.0000000000002,0.8425068119891009,0.0,0.0,0.0,0.0,0,0,0.3,normal,False,24,2
5004,demand_surge,none,3,RuleBased,1729.0000000000002,0.8425068119891009,0.0,0.0,0.0,0.0,0,0,0.3,normal,False,24,2
5004,demand_surge,none,3,TFIDF_LogReg_Calibrated,1729.0000000000002,0.8425068119891009,0.0,0.0,0.0,0.0,0,0,0.3,normal,False,24,2
5004,demand_surge,none,5,RuleBased,1729.0000000000002,0.8425068119891009,0.0,0.0,0.0,0.0,0,0,0.3,normal,False,24,2
5004,demand_surge,none,5,TFIDF_LogReg_Calibrated,1729.0000000000002,0.8425068119891009,0.0,0.0,0.0,0.0,0,0,0.3,normal,False,24,2
5004,demand_surge,random,1,RuleBased,1940.0,0.8801089918256131,0.0,0.0,0.0,0.058823529411764705,1,0,0.5,supplier_delay,False,24,2
5004,demand_surge,random,1,TFIDF_LogReg_Calibrated,2089.333333333333,0.9082652134423251,0.0,0.0,0.0,0.058823529411764705,1,0,0.7777777777777778,demand_surge,True,24,2
5004,demand_surge,random,3,RuleBased,1940.0,0.8801089918256131,0.0,0.0,0.0,0.058823529411764705,3,1,0.5,supplier_delay,False,24,2
5004,demand_surge,random,3,TFIDF_LogReg_Calibrated,2027.9362936875293,0.8966769119637056,0.0,0.0,0.0,0.058823529411764705,3,1,0.6891755560558318,demand_surge,True,24,2
5004,demand_surge,random,5,RuleBased,1729.0000000000002,0.8425068119891009,0.0,0.0,0.0,0.058823529411764705,5,2,0.3,normal,False,24,2
5004,demand_surge,random,5,TFIDF_LogReg_Calibrated,1957.0394104169611,0.8832273515342766,0.0,0.0,0.0,0.058823529411764705,5,2,0.5211932965385091,demand_surge,True,24,2
5004,demand_surge,bm25,1,RuleBased,1729.0000000000002,0.8425068119891009,0.0,0.0,0.0,0.2,1,1,0.3,normal,False,24,2
5004,demand_surge,bm25,1,TFIDF_LogReg_Calibrated,1465.0,0.7956403269754768,0.0,0.0,0.0,0.2,1,1,0.0,normal,False,24,2
5004,demand_surge,bm25,3,RuleBased,1729.0000000000002,0.8425068119891009,0.0,0.0,0.0,0.2,3,3,0.3,normal,False,24,2
5004,demand_surge,bm25,3,TFIDF_LogReg_Calibrated,1490.0,0.7983651226158038,0.0,0.0,0.0,0.2,3,3,0.0,normal,False,24,2
5004,demand_surge,bm25,5,RuleBased,1729.0000000000002,0.8425068119891009,0.2,0.5,0.23719771276929622,0.2,5,3,0.3,normal,False,24,2
5004,demand_surge,bm25,5,TFIDF_LogReg_Calibrated,1633.3505747949857,0.8251285728279332,0.2,0.5,0.23719771276929622,0.2,5,3,0.1637031037975235,supplier_delay,False,24,2
5004,demand_surge,tfidf,1,RuleBased,1729.0000000000002,0.8425068119891009,0.0,0.0,0.0,0.2,1,1,0.3,normal,False,24,2
5004,demand_surge,tfidf,1,TFIDF_LogReg_Calibrated,1465.0,0.7956403269754768,0.0,0.0,0.0,0.2,1,1,0.0,normal,False,24,2
5004,demand_surge,tfidf,3,RuleBased,1729.0000000000002,0.8425068119891009,0.0,0.0,0.0,0.2,3,3,0.3,normal,False,24,2
5004,demand_surge,tfidf,3,TFIDF_LogReg_Calibrated,1490.0,0.7983651226158038,0.0,0.0,0.0,0.2,3,3,0.0,normal,False,24,2
5004,demand_surge,tfidf,5,RuleBased,1729.0000000000002,0.8425068119891009,0.2,0.5,0.23719771276929622,0.2,5,3,0.3,normal,False,24,2
5004,demand_surge,tfidf,5,TFIDF_LogReg_Calibrated,1633.3505747949857,0.8251285728279332,0.2,0.5,0.23719771276929622,0.2,5,3,0.1637031037975235,supplier_delay,False,24,2
5004,demand_surge,dense,1,RuleBased,1729.0000000000002,0.8425068119891009,0.0,0.0,0.0,0.5,1,1,0.3,normal,False,24,2
5004,demand_surge,dense,1,TFIDF_LogReg_Calibrated,1465.0,0.7956403269754768,0.0,0.0,0.0,0.5,1,1,0.0,normal,False,24,2
5004,demand_surge,dense,3,RuleBased,1729.0000000000002,0.8425068119891009,0.3333333333333333,0.5,0.38685280723454163,0.5,3,1,0.3,normal,False,24,2
5004,demand_surge,dense,3,TFIDF_LogReg_Calibrated,1741.6854075305052,0.8448111548647603,0.3333333333333333,0.5,0.38685280723454163,0.5,3,1,0.3156609969512412,supplier_delay,False,24,2
5004,demand_surge,dense,5,RuleBased,1786.25,0.853542234332425,0.2,0.5,0.38685280723454163,0.5,5,2,0.37499999999999994,supplier_delay,False,24,2
5004,demand_surge,dense,5,TFIDF_LogReg_Calibrated,1945.1107322297173,0.8810443000949093,0.2,0.5,0.38685280723454163,0.5,5,2,0.5063566321265139,demand_surge,True,24,2
5004,demand_surge,oracle,1,RuleBased,1984.666666666667,0.888283378746594,1.0,0.5,1.0,1.0,1,0,0.5555555555555556,demand_surge,True,24,2
5004,demand_surge,oracle,1,TFIDF_LogReg_Calibrated,2089.333333333333,0.9082652134423251,1.0,0.5,1.0,1.0,1,0,0.7777777777777778,demand_surge,True,24,2
5004,demand_surge,oracle,3,RuleBased,1771.142857142857,0.8509147528221097,0.6666666666666666,1.0,1.0,1.0,3,1,0.35714285714285715,supplier_delay,False,24,2
5004,demand_surge,oracle,3,TFIDF_LogReg_Calibrated,2061.2669501609953,0.9028341477229014,0.6666666666666666,1.0,1.0,1.0,3,1,0.7362527544646826,demand_surge,True,24,2
5004,demand_surge,oracle,5,RuleBased,1771.142857142857,0.8509147528221097,0.4,1.0,1.0,1.0,5,2,0.35714285714285715,supplier_delay,False,24,2
5004,demand_surge,oracle,5,TFIDF_LogReg_Calibrated,2081.33121648034,0.9066794583067306,0.4,1.0,1.0,1.0,5,2,0.7656533583035452,demand_surge,True,24,2
5005,normal,none,1,RuleBased,1722.1999999999998,0.8929663608562691,0.0,0.0,0.0,0.0,0,0,0.35,normal,True,24,2
5005,normal,none,1,TFIDF_LogReg_Calibrated,1722.1999999999998,0.8929663608562691,0.0,0.0,0.0,0.0,0,0,0.35,normal,True,24,2
5005,normal,none,3,RuleBased,1722.1999999999998,0.8929663608562691,0.0,0.0,0.0,0.0,0,0,0.35,normal,True,24,2
5005,normal,none,3,TFIDF_LogReg_Calibrated,1722.1999999999998,0.8929663608562691,0.0,0.0,0.0,0.0,0,0,0.35,normal,True,24,2
5005,normal,none,5,RuleBased,1722.1999999999998,0.8929663608562691,0.0,0.0,0.0,0.0,0,0,0.35,normal,True,24,2
5005,normal,none,5,TFIDF_LogReg_Calibrated,1722.1999999999998,0.8929663608562691,0.0,0.0,0.0,0.0,0,0,0.35,normal,True,24,2
5005,normal,random,1,RuleBased,1450.0,0.8562691131498471,0.0,0.0,0.0,0.06666666666666667,1,0,0.0,supplier_delay,False,24,2
5005,normal,random,1,TFIDF_LogReg_Calibrated,1437.659990849903,0.8638030744873525,0.0,0.0,0.0,0.06666666666666667,1,0,0.0,supplier_delay,False,24,2
5005,normal,random,3,RuleBased,1699.75,0.8937308868501529,0.0,0.0,0.0,0.06666666666666667,3,0,0.25,supplier_delay,False,24,2
5005,normal,random,3,TFIDF_LogReg_Calibrated,1580.0,0.8685015290519877,0.0,0.0,0.0,0.06666666666666667,3,0,0.2218814234368073,supplier_delay,False,24,2
5005,normal,random,5,RuleBased,1740.0,0.8929663608562691,0.0,0.0,0.0,0.06666666666666667,5,0,0.5,normal,True,24,2
5005,normal,random,5,TFIDF_LogReg_Calibrated,1668.0,0.8715596330275229,0.0,0.0,0.0,0.06666666666666667,5,0,0.7056135678785708,normal,True,24,2
5005,normal,bm25,1,RuleBased,1722.1999999999998,0.8929663608562691,0.0,0.0,0.0,0.5,1,0,0.4,normal,True,24,2
5005,normal,bm25,1,TFIDF_LogReg_Calibrated,1678.0,0.8715596330275229,0.0,0.0,0.0,0.5,1,0,1.0,normal,True,24,2
5005,normal,bm25,3,RuleBased,1693.6000000000001,0.8941896024464832,0.3333333333333333,0.5,0.38685280723454163,0.5,3,0,0.4000000000000001,normal,True,24,2
5005,normal,bm25,3,TFIDF_LogReg_Calibrated,1668.0,0.8715596330275229,0.3333333333333333,0.5,0.38685280723454163,0.5,3,0,0.7764452017561574,normal,True,24,2
5005,normal,bm25,5,RuleBased,1693.6000000000001,0.8941896024464832,0.2,0.5,0.38685280723454163,0.5,5,1,0.4000000000000001,normal,True,24,2
5005,normal,bm25,5,TFIDF_LogReg_Calibrated,1668.0,0.8715596330275229,0.2,0.5,0.38685280723454163,0.5,5,1,0.669024256835758,normal,True,24,2
5005,normal,tfidf,1,RuleBased,1722.1999999999998,0.8929663608562691,0.0,0.0,0.0,0.5,1,0,0.4,normal,True,24,2
5005,normal,tfidf,1,TFIDF_LogReg_Calibrated,1678.0,0.8715596330275229,0.0,0.0,0.0,0.5,1,0,1.0,normal,True,24,2
5005,normal,tfidf,3,RuleBased,1678.4615384615388,0.8953187485297577,0.3333333333333333,0.5,0.38685280723454163,0.5,3,0,0.30769230769230776,demand_surge,False,24,2
5005,normal,tfidf,3,TFIDF_LogReg_Calibrated,1678.0,0.8715596330275229,0.3333333333333333,0.5,0.38685280723454163,0.5,3,0,1.0,normal,True,24,2
5005,normal,tfidf,5,RuleBased,1699.75,0.8937308868501529,0.4,1.0,0.6509209298071326,0.5,5,1,0.25,supplier_delay,False,24,2
5005,normal,tfidf,5,TFIDF_LogReg_Calibrated,1668.0,0.8715596330275229,0.4,1.0,0.6509209298071326,0.5,5,1,0.6634858869819587,normal,True,24,2
5005,normal,dense,1,RuleBased,1699.75,0.8937308868501529,1.0,0.5,1.0,1.0,1,0,0.25,supplier_delay,False,24,2
5005,normal,dense,1,TFIDF_LogReg_Calibrated,1579.126460526518,0.8685015290519877,1.0,0.5,1.0,1.0,1,0,0.22384100440244312,supplier_delay,False,24,2
5005,normal,dense,3,RuleBased,1699.75,0.8937308868501529,0.3333333333333333,0.5,0.6131471927654584,1.0,3,1,0.25,supplier_delay,False,24,2
5005,normal,dense,3,TFIDF_LogReg_Calibrated,1705.0,0.8807339449541285,0.3333333333333333,0.5,0.6131471927654584,1.0,3,1,0.6003969426560535,normal,True,24,2
5005,normal,dense,5,RuleBased,1699.75,0.8937308868501529,0.4,1.0,0.8772153153380493,1.0,5,1,0.25,supplier_delay,False,24,2
5005,normal,dense,5,TFIDF_LogReg_Calibrated,1668.0,0.8715596330275229,0.4,1.0,0.8772153153380493,1.0,5,1,0.693769649637053,normal,True,24,2
5005,normal,oracle,1,RuleBased,1699.75,0.8937308868501529,1.0,0.5,1.0,1.0,1,0,0.25,supplier_delay,False,24,2
5005,normal,oracle,1,TFIDF_LogReg_Calibrated,1579.126460526518,0.8685015290519877,1.0,0.5,1.0,1.0,1,0,0.22384100440244312,supplier_delay,False,24,2
5005,normal,oracle,3,RuleBased,1710.0,0.8929663608562691,0.6666666666666666,1.0,1.0,1.0,3,0,0.33333333333333337,normal,True,24,2
5005,normal,oracle,3,TFIDF_LogReg_Calibrated,1705.0,0.8807339449541285,0.6666666666666666,1.0,1.0,1.0,3,0,0.4864971744110669,supplier_delay,False,24,2
5005,normal,oracle,5,RuleBased,1697.3846153846157,0.8939073159256646,0.4,1.0,1.0,1.0,5,2,0.3076923076923077,demand_surge,False,24,2
5005,normal,oracle,5,TFIDF_LogReg_Calibrated,1688.0659079761786,0.8818671568184213,0.4,1.0,1.0,1.0,5,2,0.33172412733959594,supplier_delay,False,24,2
5005,supplier_delay,none,1,RuleBased,1436.7999999999997,0.8525993883792049,0.0,0.0,0.0,0.0,0,0,0.35,normal,False,24,2
5005,supplier_delay,none,1,TFIDF_LogReg_Calibrated,1436.7999999999997,0.8525993883792049,0.0,0.0,0.0,0.0,0,0,0.35,normal,False,24,2
5005,supplier_delay,none,3,RuleBased,1436.7999999999997,0.8525993883792049,0.0,0.0,0.0,0.0,0,0,0.35,normal,False,24,2
5005,supplier_delay,none,3,TFIDF_LogReg_Calibrated,1436.7999999999997,0.8525993883792049,0.0,0.0,0.0,0.0,0,0,0.35,normal,False,24,2
5005,supplier_delay,none,5,RuleBased,1436.7999999999997,0.8525993883792049,0.0,0.0,0.0,0.0,0,0,0.35,normal,False,24,2
5005,supplier_delay,none,5,TFIDF_LogReg_Calibrated,1436.7999999999997,0.8525993883792049,0.0,0.0,0.0,0.0,0,0,0.35,normal,False,24,2
5005,supplier_delay,random,1,RuleBased,1734.0,0.8899082568807339,0.0,0.0,0.0,0.06666666666666667,1,0,1.0,supplier_delay,True,24,2
5005,supplier_delay,random,1,TFIDF_LogReg_Calibrated,1782.1963854925384,0.9054975658043523,0.0,0.0,0.0,0.06666666666666667,1,0,0.8861748883882447,supplier_delay,True,24,2
5005,supplier_delay,random,3,RuleBased,1473.5,0.8608562691131498,0.0,0.0,0.0,0.06666666666666667,3,2,0.37499999999999994,supplier_delay,True,24,2
5005,supplier_delay,random,3,TFIDF_LogReg_Calibrated,1586.0,0.8654434250764526,0.0,0.0,0.0,0.06666666666666667,3,2,0.7781185765631927,supplier_delay,True,24,2
5005,supplier_delay,random,5,RuleBased,1412.5,0.8470948012232415,0.0,0.0,0.0,0.06666666666666667,5,3,0.24999999999999994,normal,False,24,2
5005,supplier_delay,random,5,TFIDF_LogReg_Calibrated,1262.0,0.8165137614678899,0.0,0.0,0.0,0.06666666666666667,5,3,0.2943864321214293,normal,False,24,2
5005,supplier_delay,bm25,1,RuleBased,1436.7999999999997,0.8525993883792049,0.0,0.0,0.0,0.3333333333333333,1,1,0.3,normal,False,24,2
5005,supplier_delay,bm25,1,TFIDF_LogReg_Calibrated,1107.0,0.7920489296636085,0.0,0.0,0.0,0.3333333333333333,1,1,0.0,normal,False,24,2
5005,supplier_delay,bm25,3,RuleBased,1412.5,0.8470948012232415,0.3333333333333333,0.5,0.3065735963827292,0.3333333333333333,3,2,0.24999999999999994,normal,False,24,2
5005,supplier_delay,bm25,3,TFIDF_LogReg_Calibrated,1434.0,0.8409785932721713,0.3333333333333333,0.5,0.3065735963827292,0.3333333333333333,3,2,0.3922476045227301,normal,False,24,2
5005,supplier_delay,bm25,5,RuleBased,1412.5,0.8470948012232415,0.2,0.5,0.3065735963827292,0.3333333333333333,5,2,0.24999999999999994,normal,False,24,2
5005,supplier_delay,bm25,5,TFIDF_LogReg_Calibrated,1586.0,0.8654434250764526,0.2,0.5,0.3065735963827292,0.3333333333333333,5,2,0.6666666666666666,supplier_delay,True,24,2
5005,supplier_delay,tfidf,1,RuleBased,1436.7999999999997,0.8525993883792049,0.0,0.0,0.0,0.5,1,1,0.3,normal,False,24,2
5005,supplier_delay,tfidf,1,TFIDF_LogReg_Calibrated,1107.0,0.7920489296636085,0.0,0.0,0.0,0.5,1,1,0.0,normal,False,24,2
5005,supplier_delay,tfidf,3,RuleBased,1436.7999999999997,0.8525993883792049,0.3333333333333333,0.5,0.38685280723454163,0.5,3,1,0.3,normal,False,24,2
5005,supplier_delay,tfidf,3,TFIDF_LogReg_Calibrated,1434.0,0.8409785932721713,0.3333333333333333,0.5,0.38685280723454163,0.5,3,1,0.49672779656131477,normal,False,24,2
5005,supplier_delay,tfidf,5,RuleBased,1436.7999999999997,0.8525993883792049,0.2,0.5,0.38685280723454163,0.5,5,1,0.3,normal,False,24,2
5005,supplier_delay,tfidf,5,TFIDF_LogReg_Calibrated,1586.0,0.8654434250764526,0.2,0.5,0.38685280723454163,0.5,5,1,0.6666666666666666,supplier_delay,True,24,2
5005,supplier_delay,dense,1,RuleBased,1436.7999999999997,0.8525993883792049,0.0,0.0,0.0,0.2,1,1,0.3,normal,False,24,2
5005,supplier_delay,dense,1,TFIDF_LogReg_Calibrated,1107.0,0.7920489296636085,0.0,0.0,0.0,0.2,1,1,0.0,normal,False,24,2
5005,supplier_delay,dense,3,RuleBased,1436.7999999999997,0.8525993883792049,0.0,0.0,0.0,0.2,3,1,0.3,normal,False,24,2
5005,supplier_delay,dense,3,TFIDF_LogReg_Calibrated,1262.0,0.8165137614678899,0.0,0.0,0.0,0.2,3,1,0.35362333377304495,normal,False,24,2
5005,supplier_delay,dense,5,RuleBased,1436.7999999999997,0.8525993883792049,0.2,0.5,0.23719771276929622,0.2,5,2,0.3,normal,False,24,2
5005,supplier_delay,dense,5,TFIDF_LogReg_Calibrated,1475.0812918103256,0.8494604136765477,0.2,0.5,0.23719771276929622,0.2,5,2,0.617401242438025,supplier_delay,True,24,2
5005,supplier_delay,oracle,1,RuleBased,1680.0,0.8990825688073395,1.0,0.5,1.0,1.0,1,0,0.5,supplier_delay,True,24,2
5005,supplier_delay,oracle,1,TFIDF_LogReg_Calibrated,1595.6568433940395,0.8676977480668672,1.0,0.5,1.0,1.0,1,0,0.6543806063689072,supplier_delay,True,24,2
5005,supplier_delay,oracle,3,RuleBased,1607.947368421053,0.8788025108643167,0.6666666666666666,1.0,1.0,1.0,3,1,0.47368421052631576,supplier_delay,True,24,2
5005,supplier_delay,oracle,3,TFIDF_LogReg_Calibrated,1734.0,0.8899082568807339,0.6666666666666666,1.0,1.0,1.0,3,1,0.9220311755036835,supplier_delay,True,24,2
5005,supplier_delay,oracle,5,RuleBased,1645.909090909091,0.8890742285237698,0.4,1.0,1.0,1.0,5,2,0.4090909090909091,supplier_delay,True,24,2
5005,supplier_delay,oracle,5,TFIDF_LogReg_Calibrated,1734.0,0.8899082568807339,0.4,1.0,1.0,1.0,5,2,0.9721853367816536,supplier_delay,True,24,2
5005,demand_surge,none,1,RuleBased,1490.4000000000003,0.7746835443037977,0.0,0.0,0.0,0.0,0,0,0.3,normal,False,24,2
5005,demand_surge,none,1,TFIDF_LogReg_Calibrated,1490.4000000000003,0.7746835443037977,0.0,0.0,0.0,0.0,0,0,0.3,normal,False,24,2
5005,demand_surge,none,3,RuleBased,1490.4000000000003,0.7746835443037977,0.0,0.0,0.0,0.0,0,0,0.3,normal,False,24,2
5005,demand_surge,none,3,TFIDF_LogReg_Calibrated,1490.4000000000003,0.7746835443037977,0.0,0.0,0.0,0.0,0,0,0.3,normal,False,24,2
5005,demand_surge,none,5,RuleBased,1490.4000000000003,0.7746835443037977,0.0,0.0,0.0,0.0,0,0,0.3,normal,False,24,2
5005,demand_surge,none,5,TFIDF_LogReg_Calibrated,1490.4000000000003,0.7746835443037977,0.0,0.0,0.0,0.0,0,0,0.3,normal,False,24,2
5005,demand_surge,random,1,RuleBased,1231.0,0.7367088607594937,0.0,0.0,0.0,0.06666666666666667,1,0,0.0,supplier_delay,False,24,2
5005,demand_surge,random,1,TFIDF_LogReg_Calibrated,1327.1983404055222,0.7539987511308995,0.0,0.0,0.0,0.06666666666666667,1,0,0.1138251116117553,supplier_delay,False,24,2
5005,demand_surge,random,3,RuleBased,1561.0,0.7860759493670886,0.0,0.0,0.0,0.06666666666666667,3,2,0.37499999999999994,supplier_delay,False,24,2
5005,demand_surge,random,3,TFIDF_LogReg_Calibrated,1246.0,0.7367088607594937,0.0,0.0,0.0,0.06666666666666667,3,2,0.0,supplier_delay,False,24,2
5005,demand_surge,random,5,RuleBased,1443.0,0.7670886075949367,0.0,0.0,0.0,0.06666666666666667,5,3,0.24999999999999994,normal,False,24,2
5005,demand_surge,random,5,TFIDF_LogReg_Calibrated,1206.0,0.7291139240506329,0.0,0.0,0.0,0.06666666666666667,5,3,0.0,normal,False,24,2
5005,demand_surge,bm25,1,RuleBased,1490.4000000000003,0.7746835443037977,0.0,0.0,0.0,0.5,1,1,0.3,normal,False,24,2
5005,demand_surge,bm25,1,TFIDF_LogReg_Calibrated,1202.0,0.7291139240506329,0.0,0.0,0.0,0.5,1,1,0.0,normal,False,24,2
5005,demand_surge,bm25,3,RuleBased,1522.0,0.779746835443038,0.3333333333333333,0.5,0.38685280723454163,0.5,3,2,0.33333333333333326,normal,False,24,2
5005,demand_surge,bm25,3,TFIDF_LogReg_Calibrated,1349.4675334852127,0.752101831995708,0.3333333333333333,0.5,0.38685280723454163,0.5,3,2,0.15133706063840988,normal,False,24,2
5005,demand_surge,bm25,5,RuleBased,1522.0,0.779746835443038,0.2,0.5,0.38685280723454163,0.5,5,3,0.33333333333333326,normal,False,24,2
5005,demand_surge,bm25,5,TFIDF_LogReg_Calibrated,1277.3100752967407,0.7409352697406661,0.2,0.5,0.38685280723454163,0.5,5,3,0.07782385912605193,supplier_delay,False,24,2
5005,demand_surge,tfidf,1,RuleBased,1490.4000000000003,0.7746835443037977,0.0,0.0,0.0,0.5,1,1,0.3,normal,False,24,2
5005,demand_surge,tfidf,1,TFIDF_LogReg_Calibrated,1202.0,0.7291139240506329,0.0,0.0,0.0,0.5,1,1,0.0,normal,False,24,2
5005,demand_surge,tfidf,3,RuleBased,1576.260869565218,0.7885525591634563,0.3333333333333333,0.5,0.38685280723454163,0.5,3,2,0.391304347826087,demand_surge,True,24,2
5005,demand_surge,tfidf,3,TFIDF_LogReg_Calibrated,1306.9180615304954,0.7458125360354919,0.3333333333333333,0.5,0.38685280723454163,0.5,3,2,0.10993252890032208,supplier_delay,False,24,2
5005,demand_surge,tfidf,5,RuleBased,1576.260869565218,0.7885525591634563,0.2,0.5,0.38685280723454163,0.5,5,2,0.391304347826087,demand_surge,True,24,2
5005,demand_surge,tfidf,5,TFIDF_LogReg_Calibrated,1268.3957885418731,0.7394978293222403,0.2,0.5,0.38685280723454163,0.5,5,2,0.06836070970474852,supplier_delay,False,24,2
5005,demand_surge,dense,1,RuleBased,1490.4000000000003,0.7746835443037977,0.0,0.0,0.0,0.3333333333333333,1,1,0.3,normal,False,24,2
5005,demand_surge,dense,1,TFIDF_LogReg_Calibrated,1202.0,0.7291139240506329,0.0,0.0,0.0,0.3333333333333333,1,1,0.0,normal,False,24,2
5005,demand_surge,dense,3,RuleBased,1576.260869565218,0.7885525591634563,0.3333333333333333,0.5,0.3065735963827292,0.3333333333333333,3,2,0.391304347826087,demand_surge,True,24,2
5005,demand_surge,dense,3,TFIDF_LogReg_Calibrated,1306.9180615304954,0.7458125360354919,0.3333333333333333,0.5,0.3065735963827292,0.3333333333333333,3,2,0.10993252890032208,supplier_delay,False,24,2
5005,demand_surge,dense,5,RuleBased,1576.260869565218,0.7885525591634563,0.2,0.5,0.3065735963827292,0.3333333333333333,5,2,0.391304347826087,demand_surge,True,24,2
5005,demand_surge,dense,5,TFIDF_LogReg_Calibrated,1464.5116574186768,0.7718890804035209,0.2,0.5,0.3065735963827292,0.3333333333333333,5,2,0.28160311265651106,supplier_delay,False,24,2
5005,demand_surge,oracle,1,RuleBased,1708.1999999999998,0.8162025316455696,1.0,0.5,1.0,1.0,1,0,0.6,demand_surge,True,24,2
5005,demand_surge,oracle,1,TFIDF_LogReg_Calibrated,1885.2401078810037,0.8404273123583211,1.0,0.5,1.0,1.0,1,0,0.7769107883760235,demand_surge,True,24,2
5005,demand_surge,oracle,3,RuleBased,1653.3684210526312,0.8010659560293136,0.6666666666666666,1.0,1.0,1.0,3,1,0.47368421052631576,demand_surge,True,24,2
5005,demand_surge,oracle,3,TFIDF_LogReg_Calibrated,1842.6384091294149,0.8327609618733156,0.6666666666666666,1.0,1.0,1.0,3,1,0.6927938872211005,demand_surge,True,24,2
5005,demand_surge,oracle,5,RuleBased,1653.3684210526312,0.8010659560293136,0.4,1.0,1.0,1.0,5,2,0.47368421052631576,demand_surge,True,24,2
5005,demand_surge,oracle,5,TFIDF_LogReg_Calibrated,1860.7366604305676,0.835920848612932,0.4,1.0,1.0,1.0,5,2,0.7274648667252257,demand_surge,True,24,2
5006,normal,none,1,RuleBased,1703.6,0.8613180515759313,0.0,0.0,0.0,0.0,0,0,0.35,normal,True,24,2
5006,normal,none,1,TFIDF_LogReg_Calibrated,1703.6,0.8613180515759313,0.0,0.0,0.0,0.0,0,0,0.35,normal,True,24,2
5006,normal,none,3,RuleBased,1703.6,0.8613180515759313,0.0,0.0,0.0,0.0,0,0,0.35,normal,True,24,2
5006,normal,none,3,TFIDF_LogReg_Calibrated,1703.6,0.8613180515759313,0.0,0.0,0.0,0.0,0,0,0.35,normal,True,24,2
5006,normal,none,5,RuleBased,1703.6,0.8613180515759313,0.0,0.0,0.0,0.0,0,0,0.35,normal,True,24,2
5006,normal,none,5,TFIDF_LogReg_Calibrated,1703.6,0.8613180515759313,0.0,0.0,0.0,0.0,0,0,0.35,normal,True,24,2
5006,normal,random,1,RuleBased,1354.0,0.8166189111747851,0.0,0.0,0.0,0.125,1,0,0.0,supplier_delay,False,24,2
5006,normal,random,1,TFIDF_LogReg_Calibrated,1354.0,0.8166189111747851,0.0,0.0,0.0,0.125,1,0,0.0007150755718152027,supplier_delay,False,24,2
5006,normal,random,3,RuleBased,1557.0,0.830945558739255,0.0,0.0,0.0,0.125,3,1,0.5714285714285715,normal,True,24,2
5006,normal,random,3,TFIDF_LogReg_Calibrated,1354.0,0.8166189111747851,0.0,0.0,0.0,0.125,3,1,0.0376573617022898,supplier_delay,False,24,2
5006,normal,random,5,RuleBased,1600.230769230769,0.847476305929028,0.0,0.0,0.0,0.125,5,2,0.3076923076923077,supplier_delay,False,24,2
5006,normal,random,5,TFIDF_LogReg_Calibrated,1354.0,0.8166189111747851,0.0,0.0,0.0,0.125,5,2,0.037842519788136686,supplier_delay,False,24,2
5006,normal,bm25,1,RuleBased,1703.6,0.8613180515759313,0.0,0.0,0.0,0.25,1,0,0.4,normal,True,24,2
5006,normal,bm25,1,TFIDF_LogReg_Calibrated,1728.0,0.8510028653295129,0.0,0.0,0.0,0.25,1,0,0.674394380011239,normal,True,24,2
5006,normal,bm25,3,RuleBased,1703.6,0.8613180515759313,0.0,0.0,0.0,0.25,3,0,0.4,normal,True,24,2
5006,normal,bm25,3,TFIDF_LogReg_Calibrated,1417.0,0.8166189111747851,0.0,0.0,0.0,0.25,3,0,0.3303041128074149,supplier_delay,False,24,2
5006,normal,bm25,5,RuleBased,1698.25,0.8638968481375359,0.2,0.5,0.2640681225725909,0.25,5,0,0.25,supplier_delay,False,24,2
5006,normal,bm25,5,TFIDF_LogReg_Calibrated,1417.0,0.8166189111747851,0.2,0.5,0.2640681225725909,0.25,5,0,0.3113950458044712,supplier_delay,False,24,2
5006,normal,tfidf,1,RuleBased,1703.6,0.8613180515759313,0.0,0.0,0.0,0.3333333333333333,1,0,0.4,normal,True,24,2
5006,normal,tfidf,1,TFIDF_LogReg_Calibrated,1728.0,0.8510028653295129,0.0,0.0,0.0,0.3333333333333333,1,0,0.674394380011239,normal,True,24,2
5006,normal,tfidf,3,RuleBased,1698.25,0.8638968481375359,0.3333333333333333,0.5,0.3065735963827292,0.3333333333333333,3,0,0.25,supplier_delay,False,24,2
5006,normal,tfidf,3,TFIDF_LogReg_Calibrated,1417.0,0.8166189111747851,0.3333333333333333,0.5,0.3065735963827292,0.3333333333333333,3,0,0.3351457746266077,supplier_delay,False,24,2
5006,normal,tfidf,5,RuleBased,1698.25,0.8638968481375359,0.2,0.5,0.3065735963827292,0.3333333333333333,5,0,0.25,supplier_delay,False,24,2
5006,normal,tfidf,5,TFIDF_LogReg_Calibrated,1417.0,0.8166189111747851,0.2,0.5,0.3065735963827292,0.3333333333333333,5,0,0.3113950458044712,supplier_delay,False,24,2
5006,normal,dense,1,RuleBased,1698.25,0.8638968481375359,1.0,0.5,1.0,1.0,1,0,0.25,supplier_delay,False,24,2
5006,normal,dense,1,TFIDF_LogReg_Calibrated,1417.5266929178345,0.8168397622130831,1.0,0.5,1.0,1.0,1,0,0.22384100440244312,supplier_delay,False,24,2
5006,normal,dense,3,RuleBased,1593.3076923076922,0.8501212254793916,0.3333333333333333,0.5,0.6131471927654584,1.0,3,1,0.3076923076923077,supplier_delay,False,24,2
5006,normal,dense,3,TFIDF_LogReg_Calibrated,1417.0,0.8166189111747851,0.3333333333333333,0.5,0.6131471927654584,1.0,3,1,0.15719471119336645,supplier_delay,False,24,2
5006,normal,dense,5,RuleBased,1593.3076923076922,0.8501212254793916,0.4,1.0,0.8772153153380493,1.0,5,2,0.3076923076923077,supplier_delay,False,24,2
5006,normal,dense,5,TFIDF_LogReg_Calibrated,1417.0,0.8166189111747851,0.4,1.0,0.8772153153380493,1.0,5,2,0.1897295031043873,supplier_delay,False,24,2
5006,normal,oracle,1,RuleBased,1698.25,0.8638968481375359,1.0,0.5,1.0,1.0,1,0,0.25,supplier_delay,False,24,2
5006,normal,oracle,1,TFIDF_LogReg_Calibrated,1417.5266929178345,0.8168397622130831,1.0,0.5,1.0,1.0,1,0,0.22384100440244312,supplier_delay,False,24,2
5006,normal,oracle,3,RuleBased,1593.3076923076922,0.8501212254793916,0.6666666666666666,1.0,1.0,1.0,3,0,0.3076923076923077,supplier_delay,False,24,2
5006,normal,oracle,3,TFIDF_LogReg_Calibrated,1557.0,0.830945558739255,0.6666666666666666,1.0,1.0,1.0,3,0,0.48797773464678545,supplier_delay,False,24,2
5006,normal,oracle,5,RuleBased,1593.3076923076922,0.8501212254793916,0.4,1.0,1.0,1.0,5,2,0.3076923076923077,supplier_delay,False,24,2
5006,normal,oracle,5,TFIDF_LogReg_Calibrated,1417.0,0.8166189111747851,0.4,1.0,1.0,1.0,5,2,0.3333333333333333,supplier_delay,False,24,2
5006,supplier_delay,none,1,RuleBased,1694.3999999999999,0.8595988538681948,0.0,0.0,0.0,0.0,0,0,0.35,normal,False,24,2
5006,supplier_delay,none,1,TFIDF_LogReg_Calibrated,1694.3999999999999,0.8595988538681948,0.0,0.0,0.0,0.0,0,0,0.35,normal,False,24,2
5006,supplier_delay,none,3,RuleBased,1694.3999999999999,0.8595988538681948,0.0,0.0,0.0,0.0,0,0,0.35,normal,False,24,2
5006,supplier_delay,none,3,TFIDF_LogReg_Calibrated,1694.3999999999999,0.8595988538681948,0.0,0.0,0.0,0.0,0,0,0.35,normal,False,24,2
5006,supplier_delay,none,5,RuleBased,1694.3999999999999,0.8595988538681948,0.0,0.0,0.0,0.0,0,0,0.35,normal,False,24,2
5006,supplier_delay,none,5,TFIDF_LogReg_Calibrated,1694.3999999999999,0.8595988538681948,0.0,0.0,0.0,0.0,0,0,0.35,normal,False,24,2
5006,supplier_delay,random,1,RuleBased,1762.0,0.8624641833810889,0.0,0.0,0.0,0.125,1,0,1.0,supplier_delay,True,24,2
5006,supplier_delay,random,1,TFIDF_LogReg_Calibrated,1762.0,0.8624641833810889,0.0,0.0,0.0,0.125,1,0,0.9992849244281848,supplier_delay,True,24,2
5006,supplier_delay,random,3,RuleBased,1692.0,0.8481375358166189,0.0,0.0,0.0,0.125,3,0,0.4285714285714286,normal,False,24,2
5006,supplier_delay,random,3,TFIDF_LogReg_Calibrated,1762.0,0.8624641833810889,0.0,0.0,0.0,0.125,3,0,0.9623426382977103,supplier_delay,True,24,2
5006,supplier_delay,random,5,RuleBased,1852.9999999999998,0.8794357504959225,0.0,0.0,0.0,0.125,5,1,0.46153846153846145,supplier_delay,True,24,2
5006,supplier_delay,random,5,TFIDF_LogReg_Calibrated,1762.0,0.8624641833810889,0.0,0.0,0.0,0.125,5,1,0.9621574802118633,supplier_delay,True,24,2
5006,supplier_delay,bm25,1,RuleBased,1694.3999999999999,0.8595988538681948,0.0,0.0,0.0,0.5,1,1,0.3,normal,False,24,2
5006,supplier_delay,bm25,1,TFIDF_LogReg_Calibrated,1590.0,0.833810888252149,0.0,0.0,0.0,0.5,1,1,0.3256056199887611,normal,False,24,2
5006,supplier_delay,bm25,3,RuleBased,1694.3999999999999,0.8595988538681948,0.3333333333333333,0.5,0.38685280723454163,0.5,3,2,0.3,normal,False,24,2
5006,supplier_delay,bm25,3,TFIDF_LogReg_Calibrated,1692.0,0.8481375358166189,0.3333333333333333,0.5,0.38685280723454163,0.5,3,2,0.6010870889941572,supplier_delay,True,24,2
5006,supplier_delay,bm25,5,RuleBased,1694.3999999999999,0.8595988538681948,0.2,0.5,0.38685280723454163,0.5,5,2,0.3,normal,False,24,2
5006,supplier_delay,bm25,5,TFIDF_LogReg_Calibrated,1765.0,0.8595988538681948,0.2,0.5,0.38685280723454163,0.5,5,2,0.7281803894695509,supplier_delay,True,24,2
5006,supplier_delay,tfidf,1,RuleBased,1959.0,0.9054441260744985,1.0,0.5,1.0,1.0,1,0,0.5,supplier_delay,True,24,2
5006,supplier_delay,tfidf,1,TFIDF_LogReg_Calibrated,1771.2658907518573,0.8610774055372662,1.0,0.5,1.0,1.0,1,0,0.6543806063689072,supplier_delay,True,24,2
5006,supplier_delay,tfidf,3,RuleBased,1694.3999999999999,0.8595988538681948,0.3333333333333333,0.5,0.6131471927654584,1.0,3,1,0.3,normal,False,24,2
5006,supplier_delay,tfidf,3,TFIDF_LogReg_Calibrated,1765.0,0.8595988538681948,0.3333333333333333,0.5,0.6131471927654584,1.0,3,1,0.7369872585067375,supplier_delay,True,24,2
5006,supplier_delay,tfidf,5,RuleBased,1694.3999999999999,0.8595988538681948,0.2,0.5,0.6131471927654584,1.0,5,2,0.3,normal,False,24,2
5006,supplier_delay,tfidf,5,TFIDF_LogReg_Calibrated,1765.0,0.8595988538681948,0.2,0.5,0.6131471927654584,1.0,5,2,0.7281803894695509,supplier_delay,True,24,2
5006,supplier_delay,dense,1,RuleBased,1762.0,0.8624641833810889,1.0,0.5,1.0,1.0,1,0,1.0,supplier_delay,True,24,2
5006,supplier_delay,dense,1,TFIDF_LogReg_Calibrated,1692.0,0.8481375358166189,1.0,0.5,1.0,1.0,1,0,0.554890249254049,supplier_delay,True,24,2
5006,supplier_delay,dense,3,RuleBased,1692.0,0.8481375358166189,0.3333333333333333,0.5,0.6131471927654584,1.0,3,1,0.5555555555555555,supplier_delay,True,24,2
5006,supplier_delay,dense,3,TFIDF_LogReg_Calibrated,1765.0,0.8595988538681948,0.3333333333333333,0.5,0.6131471927654584,1.0,3,1,0.829100873211553,supplier_delay,True,24,2
5006,supplier_delay,dense,5,RuleBased,1876.3076923076924,0.8860480493718316,0.4,1.0,0.8772153153380493,1.0,5,2,0.3846153846153846,supplier_delay,True,24,2
5006,supplier_delay,dense,5,TFIDF_LogReg_Calibrated,1762.0,0.8624641833810889,0.4,1.0,0.8772153153380493,1.0,5,2,0.9427287509109606,supplier_delay,True,24,2
5006,supplier_delay,oracle,1,RuleBased,1959.0,0.9054441260744985,1.0,0.5,1.0,1.0,1,0,0.5,supplier_delay,True,24,2
5006,supplier_delay,oracle,1,TFIDF_LogReg_Calibrated,1771.2658907518573,0.8610774055372662,1.0,0.5,1.0,1.0,1,0,0.6543806063689072,supplier_delay,True,24,2
5006,supplier_delay,oracle,3,RuleBased,1667.3333333333335,0.8529130850047756,0.6666666666666666,1.0,1.0,1.0,3,1,0.3333333333333333,normal,False,24,2
5006,supplier_delay,oracle,3,TFIDF_LogReg_Calibrated,1765.0,0.8595988538681948,0.6666666666666666,1.0,1.0,1.0,3,1,0.7867946736468245,supplier_delay,True,24,2
5006,supplier_delay,oracle,5,RuleBased,1876.3076923076924,0.8860480493718316,0.4,1.0,1.0,1.0,5,2,0.3846153846153846,supplier_delay,True,24,2
5006,supplier_delay,oracle,5,TFIDF_LogReg_Calibrated,1765.0,0.8595988538681948,0.4,1.0,1.0,1.0,5,2,0.8386387641863892,supplier_delay,True,24,2
5006,demand_surge,none,1,RuleBased,1682.3999999999999,0.7930521091811414,0.0,0.0,0.0,0.0,0,0,0.3,normal,False,24,2
5006,demand_surge,none,1,TFIDF_LogReg_Calibrated,1682.3999999999999,0.7930521091811414,0.0,0.0,0.0,0.0,0,0,0.3,normal,False,24,2
5006,demand_surge,none,3,RuleBased,1682.3999999999999,0.7930521091811414,0.0,0.0,0.0,0.0,0,0,0.3,normal,False,24,2
5006,demand_surge,none,3,TFIDF_LogReg_Calibrated,1682.3999999999999,0.7930521091811414,0.0,0.0,0.0,0.0,0,0,0.3,normal,False,24,2
5006,demand_surge,none,5,RuleBased,1682.3999999999999,0.7930521091811414,0.0,0.0,0.0,0.0,0,0,0.3,normal,False,24,2
5006,demand_surge,none,5,TFIDF_LogReg_Calibrated,1682.3999999999999,0.7930521091811414,0.0,0.0,0.0,0.0,0,0,0.3,normal,False,24,2
5006,demand_surge,random,1,RuleBased,1421.0,0.7617866004962779,0.0,0.0,0.0,0.125,1,0,0.0,supplier_delay,False,24,2
5006,demand_surge,random,1,TFIDF_LogReg_Calibrated,1421.0,0.7617866004962779,0.0,0.0,0.0,0.125,1,0,0.0,supplier_delay,False,24,2
5006,demand_surge,random,3,RuleBased,1402.0,0.749379652605459,0.0,0.0,0.0,0.125,3,1,0.0,normal,False,24,2
5006,demand_surge,random,3,TFIDF_LogReg_Calibrated,1421.0,0.7617866004962779,0.0,0.0,0.0,0.125,3,1,0.0,supplier_delay,False,24,2
5006,demand_surge,random,5,RuleBased,1491.8461538461538,0.7665585035312082,0.0,0.0,0.0,0.125,5,3,0.23076923076923073,supplier_delay,False,24,2
5006,demand_surge,random,5,TFIDF_LogReg_Calibrated,1421.0,0.7617866004962779,0.0,0.0,0.0,0.125,5,3,0.0,supplier_delay,False,24,2
5006,demand_surge,bm25,1,RuleBased,1682.3999999999999,0.7930521091811414,0.0,0.0,0.0,0.5,1,1,0.3,normal,False,24,2
5006,demand_surge,bm25,1,TFIDF_LogReg_Calibrated,1458.0,0.7568238213399504,0.0,0.0,0.0,0.5,1,1,0.0,normal,False,24,2
5006,demand_surge,bm25,3,RuleBased,1731.7826086956522,0.8017046067536951,0.3333333333333333,0.5,0.38685280723454163,0.5,3,2,0.391304347826087,demand_surge,True,24,2
5006,demand_surge,bm25,3,TFIDF_LogReg_Calibrated,1435.2251199624532,0.7554417457236998,0.3333333333333333,0.5,0.38685280723454163,0.5,3,2,0.08143411755503245,supplier_delay,False,24,2
5006,demand_surge,bm25,5,RuleBased,1731.7826086956522,0.8017046067536951,0.2,0.5,0.38685280723454163,0.5,5,2,0.391304347826087,demand_surge,True,24,2
5006,demand_surge,bm25,5,TFIDF_LogReg_Calibrated,1424.5266349681667,0.7576637791923005,0.2,0.5,0.38685280723454163,0.5,5,2,0.044616767149903695,supplier_delay,False,24,2
5006,demand_surge,tfidf,1,RuleBased,1654.6,0.8004962779156328,1.0,0.5,1.0,1.0,1,0,0.6,demand_surge,True,24,2
5006,demand_surge,tfidf,1,TFIDF_LogReg_Calibrated,1880.380560164088,0.8320280983902748,1.0,0.5,1.0,1.0,1,0,0.7769107883760235,demand_surge,True,24,2
5006,demand_surge,tfidf,3,RuleBased,1731.7826086956522,0.8017046067536951,0.3333333333333333,0.5,0.6131471927654584,1.0,3,1,0.391304347826087,demand_surge,True,24,2
5006,demand_surge,tfidf,3,TFIDF_LogReg_Calibrated,1490.479147595014,0.7662849490904935,0.3333333333333333,0.5,0.6131471927654584,1.0,3,1,0.2270944827822949,supplier_delay,False,24,2
5006,demand_surge,tfidf,5,RuleBased,1731.7826086956522,0.8017046067536951,0.2,0.5,0.6131471927654584,1.0,5,2,0.391304347826087,demand_surge,True,24,2
5006,demand_surge,tfidf,5,TFIDF_LogReg_Calibrated,1424.5266349681667,0.7576637791923005,0.2,0.5,0.6131471927654584,1.0,5,2,0.044616767149903695,supplier_delay,False,24,2
5006,demand_surge,dense,1,RuleBased,1654.6,0.8004962779156328,1.0,0.5,1.0,1.0,1,0,0.6,demand_surge,True,24,2
5006,demand_surge,dense,1,TFIDF_LogReg_Calibrated,1880.380560164088,0.8320280983902748,1.0,0.5,1.0,1.0,1,0,0.7769107883760235,demand_surge,True,24,2
5006,demand_surge,dense,3,RuleBased,1682.3999999999999,0.7930521091811414,0.6666666666666666,1.0,0.9197207891481876,1.0,3,1,0.3,normal,False,24,2
5006,demand_surge,dense,3,TFIDF_LogReg_Calibrated,1485.039036575703,0.7651963172528021,0.6666666666666666,1.0,0.9197207891481876,1.0,3,1,0.21247052842930877,normal,False,24,2
5006,demand_surge,dense,5,RuleBased,1714.8571428571424,0.7986529599432826,0.4,1.0,0.9197207891481876,1.0,5,2,0.35714285714285715,supplier_delay,False,24,2
5006,demand_surge,dense,5,TFIDF_LogReg_Calibrated,1528.9096985031806,0.7801539026434948,0.4,1.0,0.9197207891481876,1.0,5,2,0.31909578012686873,supplier_delay,False,24,2
5006,demand_surge,oracle,1,RuleBased,1654.6,0.8004962779156328,1.0,0.5,1.0,1.0,1,0,0.6,demand_surge,True,24,2
5006,demand_surge,oracle,1,TFIDF_LogReg_Calibrated,1880.380560164088,0.8320280983902748,1.0,0.5,1.0,1.0,1,0,0.7769107883760235,demand_surge,True,24,2
5006,demand_surge,oracle,3,RuleBased,1682.3999999999999,0.7930521091811414,0.6666666666666666,1.0,1.0,1.0,3,1,0.3,normal,False,24,2
5006,demand_surge,oracle,3,TFIDF_LogReg_Calibrated,1487.7648302169603,0.7657417814409989,0.6666666666666666,1.0,1.0,1.0,3,1,0.2197979306907533,normal,False,24,2
5006,demand_surge,oracle,5,RuleBased,1714.8571428571424,0.7986529599432826,0.4,1.0,1.0,1.0,5,2,0.35714285714285715,supplier_delay,False,24,2
5006,demand_surge,oracle,5,TFIDF_LogReg_Calibrated,1829.7640108170312,0.821737877468313,0.4,1.0,1.0,1.0,5,2,0.6386788206576707,demand_surge,True,24,2
5007,normal,none,1,RuleBased,1704.3999999999999,0.9433333333333334,0.0,0.0,0.0,0.0,0,0,0.35,normal,True,24,2
5007,normal,none,1,TFIDF_LogReg_Calibrated,1704.3999999999999,0.9433333333333334,0.0,0.0,0.0,0.0,0,0,0.35,normal,True,24,2
5007,normal,none,3,RuleBased,1704.3999999999999,0.9433333333333334,0.0,0.0,0.0,0.0,0,0,0.35,normal,True,24,2
5007,normal,none,3,TFIDF_LogReg_Calibrated,1704.3999999999999,0.9433333333333334,0.0,0.0,0.0,0.0,0,0,0.35,normal,True,24,2
5007,normal,none,5,RuleBased,1704.3999999999999,0.9433333333333334,0.0,0.0,0.0,0.0,0,0,0.35,normal,True,24,2
5007,normal,none,5,TFIDF_LogReg_Calibrated,1704.3999999999999,0.9433333333333334,0.0,0.0,0.0,0.0,0,0,0.35,normal,True,24,2
5007,normal,random,1,RuleBased,1553.3333333333335,0.9444444444444444,0.0,0.0,0.0,0.2,1,1,0.0,demand_surge,False,24,2
5007,normal,random,1,TFIDF_LogReg_Calibrated,1632.666666666666,0.96,0.0,0.0,0.0,0.2,1,1,0.0,demand_surge,False,24,2
5007,normal,random,3,RuleBased,1695.428571428571,0.9442857142857143,0.0,0.0,0.0,0.2,3,2,0.28571428571428575,supplier_delay,False,24,2
5007,normal,random,3,TFIDF_LogReg_Calibrated,1645.6082724421876,0.959260255283443,0.0,0.0,0.0,0.2,3,2,0.04627139569170221,demand_surge,False,24,2
5007,normal,random,5,RuleBased,1695.428571428571,0.9442857142857143,0.2,0.5,0.23719771276929622,0.2,5,3,0.28571428571428575,supplier_delay,False,24,2
5007,normal,random,5,TFIDF_LogReg_Calibrated,1695.4907229401688,0.9442626952073452,0.2,0.5,0.23719771276929622,0.2,5,3,0.34725846816702527,demand_surge,False,24,2
5007,normal,bm25,1,RuleBased,1704.3999999999999,0.9433333333333334,0.0,0.0,0.0,0.16666666666666666,1,0,0.4,normal,True,24,2
5007,normal,bm25,1,TFIDF_LogReg_Calibrated,1603.935178870547,0.923934278652834,0.0,0.0,0.0,0.16666666666666666,1,0,0.2537947390986323,supplier_delay,False,24,2
5007,normal,bm25,3,RuleBased,1704.3999999999999,0.9433333333333334,0.0,0.0,0.0,0.16666666666666666,3,0,0.4,normal,True,24,2
5007,normal,bm25,3,TFIDF_LogReg_Calibrated,1595.7046229681246,0.9255481131435052,0.0,0.0,0.0,0.16666666666666666,3,0,0.19177621663853348,supplier_delay,False,24,2
5007,normal,bm25,5,RuleBased,1704.3999999999999,0.9433333333333334,0.0,0.0,0.0,0.16666666666666666,5,0,0.4,normal,True,24,2
5007,normal,bm25,5,TFIDF_LogReg_Calibrated,1612.0,0.9233333333333333,0.0,0.0,0.0,0.16666666666666666,5,0,0.1472389084738994,supplier_delay,False,24,2
5007,normal,tfidf,1,RuleBased,1575.0,0.9433333333333334,0.0,0.0,0.0,0.5,1,0,0.0,supplier_delay,False,24,2
5007,normal,tfidf,1,TFIDF_LogReg_Calibrated,1612.0,0.9233333333333333,0.0,0.0,0.0,0.5,1,0,0.20029879401432074,supplier_delay,False,24,2
5007,normal,tfidf,3,RuleBased,1704.3999999999999,0.9433333333333334,0.3333333333333333,0.5,0.38685280723454163,0.5,3,0,0.4,normal,True,24,2
5007,normal,tfidf,3,TFIDF_LogReg_Calibrated,1612.0,0.9233333333333333,0.3333333333333333,0.5,0.38685280723454163,0.5,3,0,0.29317950091680883,supplier_delay,False,24,2
5007,normal,tfidf,5,RuleBased,1704.3999999999999,0.9433333333333334,0.2,0.5,0.38685280723454163,0.5,5,0,0.4,normal,True,24,2
5007,normal,tfidf,5,TFIDF_LogReg_Calibrated,1612.0,0.9233333333333333,0.2,0.5,0.38685280723454163,0.5,5,0,0.2605416446914137,supplier_delay,False,24,2
5007,normal,dense,1,RuleBased,1660.0,0.9233333333333333,1.0,0.5,1.0,1.0,1,0,0.5714285714285715,normal,True,24,2
5007,normal,dense,1,TFIDF_LogReg_Calibrated,1660.0,0.9233333333333333,1.0,0.5,1.0,1.0,1,0,0.5965964088178435,normal,True,24,2
5007,normal,dense,3,RuleBased,1608.1818181818182,0.9278787878787879,0.6666666666666666,1.0,0.9197207891481876,1.0,3,1,0.3636363636363637,supplier_delay,False,24,2
5007,normal,dense,3,TFIDF_LogReg_Calibrated,1612.0,0.9233333333333333,0.6666666666666666,1.0,0.9197207891481876,1.0,3,1,0.25721914414950636,supplier_delay,False,24,2
5007,normal,dense,5,RuleBased,1608.1818181818182,0.9278787878787879,0.4,1.0,0.9197207891481876,1.0,5,1,0.3636363636363637,supplier_delay,False,24,2
5007,normal,dense,5,TFIDF_LogReg_Calibrated,1612.0,0.9233333333333333,0.4,1.0,0.9197207891481876,1.0,5,1,0.2763053942831644,supplier_delay,False,24,2
5007,normal,oracle,1,RuleBased,1660.0,0.9233333333333333,1.0,0.5,1.0,1.0,1,0,0.5714285714285715,normal,True,24,2
5007,normal,oracle,1,TFIDF_LogReg_Calibrated,1660.0,0.9233333333333333,1.0,0.5,1.0,1.0,1,0,0.5965964088178435,normal,True,24,2
5007,normal,oracle,3,RuleBased,1731.000000000001,0.9433333333333335,0.6666666666666666,1.0,1.0,1.0,3,0,0.44444444444444453,normal,True,24,2
5007,normal,oracle,3,TFIDF_LogReg_Calibrated,1660.0,0.9233333333333333,0.6666666666666666,1.0,1.0,1.0,3,0,0.39905521838929375,supplier_delay,False,24,2
5007,normal,oracle,5,RuleBased,1704.3999999999999,0.9433333333333334,0.4,1.0,1.0,1.0,5,2,0.4000000000000001,normal,True,24,2
5007,normal,oracle,5,TFIDF_LogReg_Calibrated,1633.847466174317,0.9251881229663604,0.4,1.0,1.0,1.0,5,2,0.37160268804747726,supplier_delay,False,24,2
5007,supplier_delay,none,1,RuleBased,1432.0000000000005,0.9026666666666667,0.0,0.0,0.0,0.0,0,0,0.35,normal,False,24,2
5007,supplier_delay,none,1,TFIDF_LogReg_Calibrated,1432.0000000000005,0.9026666666666667,0.0,0.0,0.0,0.0,0,0,0.35,normal,False,24,2
5007,supplier_delay,none,3,RuleBased,1432.0000000000005,0.9026666666666667,0.0,0.0,0.0,0.0,0,0,0.35,normal,False,24,2
5007,supplier_delay,none,3,TFIDF_LogReg_Calibrated,1432.0000000000005,0.9026666666666667,0.0,0.0,0.0,0.0,0,0,0.35,normal,False,24,2
5007,supplier_delay,none,5,RuleBased,1432.0000000000005,0.9026666666666667,0.0,0.0,0.0,0.0,0,0,0.35,normal,False,24,2
5007,supplier_delay,none,5,TFIDF_LogReg_Calibrated,1432.0000000000005,0.9026666666666667,0.0,0.0,0.0,0.0,0,0,0.35,normal,False,24,2
5007,supplier_delay,random,1,RuleBased,1698.333333333334,0.9577777777777777,0.0,0.0,0.0,0.2,1,1,0.4444444444444445,demand_surge,False,24,2
5007,supplier_delay,random,1,TFIDF_LogReg_Calibrated,1632.3333333333335,0.957777777777778,0.0,0.0,0.0,0.2,1,1,0.22222222222222224,demand_surge,False,24,2
5007,supplier_delay,random,3,RuleBased,1455.7142857142853,0.9095238095238096,0.0,0.0,0.0,0.2,3,3,0.35714285714285715,supplier_delay,True,24,2
5007,supplier_delay,random,3,TFIDF_LogReg_Calibrated,1617.619029503372,0.9531506382086076,0.0,0.0,0.0,0.2,3,3,0.2222222222222222,demand_surge,False,24,2
5007,supplier_delay,random,5,RuleBased,1455.7142857142853,0.9095238095238096,0.2,0.5,0.23719771276929622,0.2,5,4,0.35714285714285715,supplier_delay,True,24,2
5007,supplier_delay,random,5,TFIDF_LogReg_Calibrated,1620.8691987742664,0.9541727040170649,0.2,0.5,0.23719771276929622,0.2,5,4,0.2438453728999017,demand_surge,False,24,2
5007,supplier_delay,bm25,1,RuleBased,1432.0000000000005,0.9026666666666667,0.0,0.0,0.0,0.07692307692307693,1,1,0.3,normal,False,24,2
5007,supplier_delay,bm25,1,TFIDF_LogReg_Calibrated,1643.4733290049592,0.9224037812780026,0.0,0.0,0.0,0.07692307692307693,1,1,0.7311816279138516,supplier_delay,True,24,2
5007,supplier_delay,bm25,3,RuleBased,1432.0000000000005,0.9026666666666667,0.0,0.0,0.0,0.07692307692307693,3,2,0.3,normal,False,24,2
5007,supplier_delay,bm25,3,TFIDF_LogReg_Calibrated,1666.2283953234205,0.9288591192406868,0.0,0.0,0.0,0.07692307692307693,3,2,0.7528542881071744,supplier_delay,True,24,2
5007,supplier_delay,bm25,5,RuleBased,1432.0000000000005,0.9026666666666667,0.0,0.0,0.0,0.07692307692307693,5,3,0.3,normal,False,24,2
5007,supplier_delay,bm25,5,TFIDF_LogReg_Calibrated,1635.0,0.92,0.0,0.0,0.0,0.07692307692307693,5,3,0.7394583553085864,supplier_delay,True,24,2
5007,supplier_delay,tfidf,1,RuleBased,1692.0,0.9533333333333334,0.0,0.0,0.0,0.07692307692307693,1,0,0.5,supplier_delay,True,24,2
5007,supplier_delay,tfidf,1,TFIDF_LogReg_Calibrated,1635.0,0.92,0.0,0.0,0.0,0.07692307692307693,1,0,0.7997012059856793,supplier_delay,True,24,2
5007,supplier_delay,tfidf,3,RuleBased,1432.0000000000005,0.9026666666666667,0.0,0.0,0.0,0.07692307692307693,3,2,0.3,normal,False,24,2
5007,supplier_delay,tfidf,3,TFIDF_LogReg_Calibrated,1635.0,0.92,0.0,0.0,0.0,0.07692307692307693,3,2,0.745104891451556,supplier_delay,True,24,2
5007,supplier_delay,tfidf,5,RuleBased,1432.0000000000005,0.9026666666666667,0.0,0.0,0.0,0.07692307692307693,5,3,0.3,normal,False,24,2
5007,supplier_delay,tfidf,5,TFIDF_LogReg_Calibrated,1635.0,0.92,0.0,0.0,0.0,0.07692307692307693,5,3,0.7394583553085864,supplier_delay,True,24,2
5007,supplier_delay,dense,1,RuleBased,1776.0,0.9466666666666667,1.0,0.5,1.0,1.0,1,0,1.0,supplier_delay,True,24,2
5007,supplier_delay,dense,1,TFIDF_LogReg_Calibrated,1481.0,0.8933333333333333,1.0,0.5,1.0,1.0,1,0,0.554890249254049,supplier_delay,True,24,2
5007,supplier_delay,dense,3,RuleBased,1776.0,0.9466666666666667,0.6666666666666666,1.0,1.0,1.0,3,0,1.0,supplier_delay,True,24,2
5007,supplier_delay,dense,3,TFIDF_LogReg_Calibrated,1776.0,0.9466666666666667,0.6666666666666666,1.0,1.0,1.0,3,0,1.0,supplier_delay,True,24,2
5007,supplier_delay,dense,5,RuleBased,1766.5714285714282,0.96,0.4,1.0,1.0,1.0,5,0,0.7142857142857143,supplier_delay,True,24,2
5007,supplier_delay,dense,5,TFIDF_LogReg_Calibrated,1776.0,0.9466666666666667,0.4,1.0,1.0,1.0,5,0,0.988464598942134,supplier_delay,True,24,2
5007,supplier_delay,oracle,1,RuleBased,1776.0,0.9466666666666667,1.0,0.5,1.0,1.0,1,0,1.0,supplier_delay,True,24,2
5007,supplier_delay,oracle,1,TFIDF_LogReg_Calibrated,1808.263757134685,0.9569091292491064,1.0,0.5,1.0,1.0,1,0,0.9359846088597512,supplier_delay,True,24,2
5007,supplier_delay,oracle,3,RuleBased,1585.9655172413788,0.9222988505747126,0.6666666666666666,1.0,1.0,1.0,3,1,0.5172413793103449,supplier_delay,True,24,2
5007,supplier_delay,oracle,3,TFIDF_LogReg_Calibrated,1776.0,0.9466666666666667,0.6666666666666666,1.0,1.0,1.0,3,1,0.9446626020328251,supplier_delay,True,24,2
5007,supplier_delay,oracle,5,RuleBased,1630.25,0.9327083333333334,0.4,1.0,1.0,1.0,5,2,0.46875,supplier_delay,True,24,2
5007,supplier_delay,oracle,5,TFIDF_LogReg_Calibrated,1703.7001746212989,0.9394894112400848,0.4,1.0,1.0,1.0,5,2,0.8629268559441905,supplier_delay,True,24,2
5007,demand_surge,none,1,RuleBased,1746.6,0.8274406332453826,0.0,0.0,0.0,0.0,0,0,0.3,normal,False,24,2
5007,demand_surge,none,1,TFIDF_LogReg_Calibrated,1746.6,0.8274406332453826,0.0,0.0,0.0,0.0,0,0,0.3,normal,False,24,2
5007,demand_surge,none,3,RuleBased,1746.6,0.8274406332453826,0.0,0.0,0.0,0.0,0,0,0.3,normal,False,24,2
5007,demand_surge,none,3,TFIDF_LogReg_Calibrated,1746.6,0.8274406332453826,0.0,0.0,0.0,0.0,0,0,0.3,normal,False,24,2
5007,demand_surge,none,5,RuleBased,1746.6,0.8274406332453826,0.0,0.0,0.0,0.0,0,0,0.3,normal,False,24,2
5007,demand_surge,none,5,TFIDF_LogReg_Calibrated,1746.6,0.8274406332453826,0.0,0.0,0.0,0.0,0,0,0.3,normal,False,24,2
5007,demand_surge,random,1,RuleBased,1744.3333333333337,0.8364116094986808,0.0,0.0,0.0,0.2,1,0,0.5555555555555556,demand_surge,True,24,2
5007,demand_surge,random,1,TFIDF_LogReg_Calibrated,2076.0,0.8874230430958664,0.0,0.0,0.0,0.2,1,0,0.7777777777777778,demand_surge,True,24,2
5007,demand_surge,random,3,RuleBased,1781.714285714285,0.8337730870712401,0.0,0.0,0.0,0.2,3,1,0.35714285714285715,supplier_delay,False,24,2
5007,demand_surge,random,3,TFIDF_LogReg_Calibrated,2053.6845951019745,0.8825892998222904,0.0,0.0,0.0,0.2,3,1,0.7315063820860755,demand_surge,True,24,2
5007,demand_surge,random,5,RuleBased,1781.714285714285,0.8337730870712401,0.2,0.5,0.23719771276929622,0.2,5,1,0.35714285714285715,supplier_delay,False,24,2
5007,demand_surge,random,5,TFIDF_LogReg_Calibrated,2062.236883777141,0.8842817052329437,0.2,0.5,0.23719771276929622,0.2,5,1,0.7433845608015851,demand_surge,True,24,2
5007,demand_surge,bm25,1,RuleBased,1746.6,0.8274406332453826,0.0,0.0,0.0,0.1111111111111111,1,1,0.3,normal,False,24,2
5007,demand_surge,bm25,1,TFIDF_LogReg_Calibrated,1532.2282242796562,0.7953844564370066,0.0,0.0,0.0,0.1111111111111111,1,1,0.01502363298751618,supplier_delay,False,24,2
5007,demand_surge,bm25,3,RuleBased,1746.6,0.8274406332453826,0.0,0.0,0.0,0.1111111111111111,3,2,0.3,normal,False,24,2
5007,demand_surge,bm25,3,TFIDF_LogReg_Calibrated,1546.2685843484933,0.7985780603103662,0.0,0.0,0.0,0.1111111111111111,3,2,0.05536949525429218,supplier_delay,False,24,2
5007,demand_surge,bm25,5,RuleBased,1746.6,0.8274406332453826,0.0,0.0,0.0,0.1111111111111111,5,3,0.3,normal,False,24,2
5007,demand_surge,bm25,5,TFIDF_LogReg_Calibrated,1527.0,0.7941952506596306,0.0,0.0,0.0,0.1111111111111111,5,3,0.0,supplier_delay,False,24,2
5007,demand_surge,tfidf,1,RuleBased,1717.0,0.8311345646437994,0.0,0.0,0.0,0.14285714285714285,1,0,0.5,supplier_delay,False,24,2
5007,demand_surge,tfidf,1,TFIDF_LogReg_Calibrated,1527.0,0.7941952506596306,0.0,0.0,0.0,0.14285714285714285,1,0,0.0,supplier_delay,False,24,2
5007,demand_surge,tfidf,3,RuleBased,1746.6,0.8274406332453826,0.0,0.0,0.0,0.14285714285714285,3,2,0.3,normal,False,24,2
5007,demand_surge,tfidf,3,TFIDF_LogReg_Calibrated,1527.0,0.7941952506596306,0.0,0.0,0.0,0.14285714285714285,3,2,0.0,supplier_delay,False,24,2
5007,demand_surge,tfidf,5,RuleBased,1746.6,0.8274406332453826,0.0,0.0,0.0,0.14285714285714285,5,3,0.3,normal,False,24,2
5007,demand_surge,tfidf,5,TFIDF_LogReg_Calibrated,1527.0,0.7941952506596306,0.0,0.0,0.0,0.14285714285714285,5,3,0.0,supplier_delay,False,24,2
5007,demand_surge,dense,1,RuleBased,1717.0,0.8311345646437994,1.0,0.5,1.0,1.0,1,0,0.5,supplier_delay,False,24,2
5007,demand_surge,dense,1,TFIDF_LogReg_Calibrated,1527.0,0.7941952506596306,1.0,0.5,1.0,1.0,1,0,0.0,supplier_delay,False,24,2
5007,demand_surge,dense,3,RuleBased,1633.0,0.820580474934037,0.3333333333333333,0.5,0.6131471927654584,1.0,3,1,0.33333333333333337,supplier_delay,False,24,2
5007,demand_surge,dense,3,TFIDF_LogReg_Calibrated,1526.0,0.7994722955145118,0.3333333333333333,0.5,0.6131471927654584,1.0,3,1,0.0,supplier_delay,False,24,2
5007,demand_surge,dense,5,RuleBased,1717.0,0.8311345646437994,0.4,1.0,0.8772153153380493,1.0,5,1,0.5,supplier_delay,False,24,2
5007,demand_surge,dense,5,TFIDF_LogReg_Calibrated,1526.0,0.7994722955145118,0.4,1.0,0.8772153153380493,1.0,5,1,0.0,supplier_delay,False,24,2
5007,demand_surge,oracle,1,RuleBased,2004.0,0.8733509234828496,1.0,0.5,1.0,1.0,1,0,0.6666666666666667,demand_surge,True,24,2
5007,demand_surge,oracle,1,TFIDF_LogReg_Calibrated,1594.986621418061,0.810022855255425,1.0,0.5,1.0,1.0,1,0,0.19995540472686954,supplier_delay,False,24,2
5007,demand_surge,oracle,3,RuleBased,1845.1538461538462,0.845341993099249,0.6666666666666666,1.0,1.0,1.0,3,1,0.46153846153846156,demand_surge,True,24,2
5007,demand_surge,oracle,3,TFIDF_LogReg_Calibrated,1543.2739108641372,0.7978968953835268,0.6666666666666666,1.0,1.0,1.0,3,1,0.046764111678555736,supplier_delay,False,24,2
5007,demand_surge,oracle,5,RuleBased,1886.5517241379307,0.8520607769993631,0.4,1.0,1.0,1.0,5,2,0.5172413793103449,demand_surge,True,24,2
5007,demand_surge,oracle,5,TFIDF_LogReg_Calibrated,1628.2129135704756,0.8191117732007349,0.4,1.0,1.0,1.0,5,2,0.31477873476928525,supplier_delay,False,24,2
5008,normal,none,1,RuleBased,1784.8,0.9398058252427186,0.0,0.0,0.0,0.0,0,0,0.35,normal,True,24,2
5008,normal,none,1,TFIDF_LogReg_Calibrated,1784.8,0.9398058252427186,0.0,0.0,0.0,0.0,0,0,0.35,normal,True,24,2
5008,normal,none,3,RuleBased,1784.8,0.9398058252427186,0.0,0.0,0.0,0.0,0,0,0.35,normal,True,24,2
5008,normal,none,3,TFIDF_LogReg_Calibrated,1784.8,0.9398058252427186,0.0,0.0,0.0,0.0,0,0,0.35,normal,True,24,2
5008,normal,none,5,RuleBased,1784.8,0.9398058252427186,0.0,0.0,0.0,0.0,0,0,0.35,normal,True,24,2
5008,normal,none,5,TFIDF_LogReg_Calibrated,1784.8,0.9398058252427186,0.0,0.0,0.0,0.0,0,0,0.35,normal,True,24,2
5008,normal,random,1,RuleBased,1732.0,0.9514563106796117,0.0,0.0,0.0,0.25,1,0,0.0,supplier_delay,False,24,2
5008,normal,random,1,TFIDF_LogReg_Calibrated,1710.0,0.912621359223301,0.0,0.0,0.0,0.25,1,0,0.49187592350267845,supplier_delay,False,24,2
5008,normal,random,3,RuleBased,1785.25,0.9441747572815534,0.0,0.0,0.0,0.25,3,1,0.25,supplier_delay,False,24,2
5008,normal,random,3,TFIDF_LogReg_Calibrated,1699.0620641922947,0.9273387247213926,0.0,0.0,0.0,0.25,3,1,0.3333333333333333,supplier_delay,False,24,2
5008,normal,random,5,RuleBased,1704.6285714285711,0.932963476652797,0.2,0.5,0.2640681225725909,0.25,5,2,0.2285714285714286,supplier_delay,False,24,2
5008,normal,random,5,TFIDF_LogReg_Calibrated,1699.0,0.9223300970873787,0.2,0.5,0.2640681225725909,0.25,5,2,0.32697236090726184,supplier_delay,False,24,2
5008,normal,bm25,1,RuleBased,1785.25,0.9441747572815534,1.0,0.5,1.0,1.0,1,0,0.25,supplier_delay,False,24,2
5008,normal,bm25,1,TFIDF_LogReg_Calibrated,1710.0,0.912621359223301,1.0,0.5,1.0,1.0,1,0,0.47078255013033776,supplier_delay,False,24,2
5008,normal,bm25,3,RuleBased,1784.5,0.9368932038834952,0.6666666666666666,1.0,0.9197207891481876,1.0,3,0,0.5,normal,True,24,2
5008,normal,bm25,3,TFIDF_LogReg_Calibrated,1710.0,0.912621359223301,0.6666666666666666,1.0,0.9197207891481876,1.0,3,0,0.5441465595363175,normal,True,24,2
5008,normal,bm25,5,RuleBased,1784.5,0.9368932038834952,0.4,1.0,0.9197207891481876,1.0,5,0,0.5,normal,True,24,2
5008,normal,bm25,5,TFIDF_LogReg_Calibrated,1786.0,0.9223300970873787,0.4,1.0,0.9197207891481876,1.0,5,0,0.6279310456942455,normal,True,24,2
5008,normal,tfidf,1,RuleBased,1785.25,0.9441747572815534,1.0,0.5,1.0,1.0,1,0,0.25,supplier_delay,False,24,2
5008,normal,tfidf,1,TFIDF_LogReg_Calibrated,1710.0,0.912621359223301,1.0,0.5,1.0,1.0,1,0,0.47078255013033776,supplier_delay,False,24,2
5008,normal,tfidf,3,RuleBased,1784.5,0.9368932038834952,0.3333333333333333,0.5,0.6131471927654584,1.0,3,0,0.5,normal,True,24,2
5008,normal,tfidf,3,TFIDF_LogReg_Calibrated,1699.0,0.9223300970873787,0.3333333333333333,0.5,0.6131471927654584,1.0,3,0,0.2677648785856908,supplier_delay,False,24,2
5008,normal,tfidf,5,RuleBased,1784.5,0.9368932038834952,0.4,1.0,0.8772153153380493,1.0,5,0,0.5,normal,True,24,2
5008,normal,tfidf,5,TFIDF_LogReg_Calibrated,1786.0,0.9223300970873787,0.4,1.0,0.8772153153380493,1.0,5,0,0.6279310456942455,normal,True,24,2
5008,normal,dense,1,RuleBased,1785.25,0.9441747572815534,1.0,0.5,1.0,1.0,1,0,0.25,supplier_delay,False,24,2
5008,normal,dense,1,TFIDF_LogReg_Calibrated,1710.0,0.912621359223301,1.0,0.5,1.0,1.0,1,0,0.47078255013033776,supplier_delay,False,24,2
5008,normal,dense,3,RuleBased,1702.2105263157885,0.9303355476068812,0.3333333333333333,0.5,0.6131471927654584,1.0,3,1,0.2105263157894737,supplier_delay,False,24,2
5008,normal,dense,3,TFIDF_LogReg_Calibrated,1710.0,0.912621359223301,0.3333333333333333,0.5,0.6131471927654584,1.0,3,1,0.46643476685105306,supplier_delay,False,24,2
5008,normal,dense,5,RuleBased,1702.2105263157885,0.9303355476068812,0.2,0.5,0.6131471927654584,1.0,5,1,0.2105263157894737,supplier_delay,False,24,2
5008,normal,dense,5,TFIDF_LogReg_Calibrated,1710.0,0.912621359223301,0.2,0.5,0.6131471927654584,1.0,5,1,0.5241230018902723,normal,True,24,2
5008,normal,oracle,1,RuleBased,1785.25,0.9441747572815534,1.0,0.5,1.0,1.0,1,0,0.25,supplier_delay,False,24,2
5008,normal,oracle,1,TFIDF_LogReg_Calibrated,1710.0,0.912621359223301,1.0,0.5,1.0,1.0,1,0,0.47078255013033776,supplier_delay,False,24,2
5008,normal,oracle,3,RuleBased,1785.0,0.941747572815534,0.6666666666666666,1.0,1.0,1.0,3,0,0.33333333333333337,normal,True,24,2
5008,normal,oracle,3,TFIDF_LogReg_Calibrated,1786.0,0.9223300970873787,0.6666666666666666,1.0,1.0,1.0,3,0,0.6598753848044918,normal,True,24,2
5008,normal,oracle,5,RuleBased,1785.3076923076926,0.9447348767737117,0.4,1.0,1.0,1.0,5,2,0.3076923076923077,demand_surge,False,24,2
5008,normal,oracle,5,TFIDF_LogReg_Calibrated,1718.701122199821,0.9214494526830871,0.4,1.0,1.0,1.0,5,2,0.3333333333333333,supplier_delay,False,24,2
5008,supplier_delay,none,1,RuleBased,1607.1999999999998,0.90873786407767,0.0,0.0,0.0,0.0,0,0,0.35,normal,False,24,2
5008,supplier_delay,none,1,TFIDF_LogReg_Calibrated,1607.1999999999998,0.90873786407767,0.0,0.0,0.0,0.0,0,0,0.35,normal,False,24,2
5008,supplier_delay,none,3,RuleBased,1607.1999999999998,0.90873786407767,0.0,0.0,0.0,0.0,0,0,0.35,normal,False,24,2
5008,supplier_delay,none,3,TFIDF_LogReg_Calibrated,1607.1999999999998,0.90873786407767,0.0,0.0,0.0,0.0,0,0,0.35,normal,False,24,2
5008,supplier_delay,none,5,RuleBased,1607.1999999999998,0.90873786407767,0.0,0.0,0.0,0.0,0,0,0.35,normal,False,24,2
5008,supplier_delay,none,5,TFIDF_LogReg_Calibrated,1607.1999999999998,0.90873786407767,0.0,0.0,0.0,0.0,0,0,0.35,normal,False,24,2
5008,supplier_delay,random,1,RuleBased,1854.0,0.9579288025889967,0.0,0.0,0.0,0.25,1,1,0.5,supplier_delay,True,24,2
5008,supplier_delay,random,1,TFIDF_LogReg_Calibrated,1596.0,0.8964401294498382,0.0,0.0,0.0,0.25,1,1,0.5081240764973215,supplier_delay,True,24,2
5008,supplier_delay,random,3,RuleBased,1641.25,0.9166666666666666,0.0,0.0,0.0,0.25,3,3,0.37499999999999994,supplier_delay,True,24,2
5008,supplier_delay,random,3,TFIDF_LogReg_Calibrated,1751.6340554592189,0.9328711945847651,0.0,0.0,0.0,0.25,3,3,0.38174446870298967,supplier_delay,True,24,2
5008,supplier_delay,random,5,RuleBased,1778.3999999999996,0.9396208969024503,0.2,0.5,0.2640681225725909,0.25,5,3,0.42857142857142855,supplier_delay,True,24,2
5008,supplier_delay,random,5,TFIDF_LogReg_Calibrated,1835.8917480906025,0.9486683866947399,0.2,0.5,0.2640681225725909,0.25,5,3,0.8949703183586032,supplier_delay,True,24,2
5008,supplier_delay,bm25,1,RuleBased,1607.1999999999998,0.90873786407767,0.0,0.0,0.0,0.5,1,1,0.3,normal,False,24,2
5008,supplier_delay,bm25,1,TFIDF_LogReg_Calibrated,1759.6451723779858,0.9246638653184491,0.0,0.0,0.0,0.5,1,1,0.7311816279138516,supplier_delay,True,24,2
5008,supplier_delay,bm25,3,RuleBased,1778.3999999999996,0.9396208969024503,0.3333333333333333,0.5,0.38685280723454163,0.5,3,1,0.42857142857142855,supplier_delay,True,24,2
5008,supplier_delay,bm25,3,TFIDF_LogReg_Calibrated,1851.0,0.9449838187702265,0.3333333333333333,0.5,0.38685280723454163,0.5,3,1,0.9355448837163246,supplier_delay,True,24,2
5008,supplier_delay,bm25,5,RuleBased,1778.3999999999996,0.9396208969024503,0.2,0.5,0.38685280723454163,0.5,5,3,0.42857142857142855,supplier_delay,True,24,2
5008,supplier_delay,bm25,5,TFIDF_LogReg_Calibrated,1839.8338926893045,0.9470736680059445,0.2,0.5,0.38685280723454163,0.5,5,3,0.9243976145575762,supplier_delay,True,24,2
5008,supplier_delay,tfidf,1,RuleBased,1823.0,0.9537679149329635,1.0,0.5,1.0,1.0,1,0,0.7142857142857143,supplier_delay,True,24,2
5008,supplier_delay,tfidf,1,TFIDF_LogReg_Calibrated,1836.6180301674144,0.9498970349954262,1.0,0.5,1.0,1.0,1,0,0.9136360310688916,supplier_delay,True,24,2
5008,supplier_delay,tfidf,3,RuleBased,1778.3999999999996,0.9396208969024503,0.3333333333333333,0.5,0.6131471927654584,1.0,3,1,0.42857142857142855,supplier_delay,True,24,2
5008,supplier_delay,tfidf,3,TFIDF_LogReg_Calibrated,1851.0,0.9449838187702265,0.3333333333333333,0.5,0.6131471927654584,1.0,3,1,0.9355448837163246,supplier_delay,True,24,2
5008,supplier_delay,tfidf,5,RuleBased,1778.3999999999996,0.9396208969024503,0.2,0.5,0.6131471927654584,1.0,5,2,0.42857142857142855,supplier_delay,True,24,2
5008,supplier_delay,tfidf,5,TFIDF_LogReg_Calibrated,1851.0,0.9449838187702265,0.2,0.5,0.6131471927654584,1.0,5,2,0.875932583549783,supplier_delay,True,24,2
5008,supplier_delay,dense,1,RuleBased,1851.0,0.9449838187702265,1.0,0.5,1.0,1.0,1,0,1.0,supplier_delay,True,24,2
5008,supplier_delay,dense,1,TFIDF_LogReg_Calibrated,1851.0,0.9449838187702265,1.0,0.5,1.0,1.0,1,0,0.9503195497039694,supplier_delay,True,24,2
5008,supplier_delay,dense,3,RuleBased,1823.0,0.9537679149329635,0.6666666666666666,1.0,0.9197207891481876,1.0,3,0,0.7142857142857143,supplier_delay,True,24,2
5008,supplier_delay,dense,3,TFIDF_LogReg_Calibrated,1851.0,0.9449838187702265,0.6666666666666666,1.0,0.9197207891481876,1.0,3,0,0.9949814164393518,supplier_delay,True,24,2
5008,supplier_delay,dense,5,RuleBased,1825.0000000000005,0.9514563106796117,0.4,1.0,0.9197207891481876,1.0,5,0,0.5555555555555556,supplier_delay,True,24,2
5008,supplier_delay,dense,5,TFIDF_LogReg_Calibrated,1851.0,0.9449838187702265,0.4,1.0,0.9197207891481876,1.0,5,0,0.9766741291402544,supplier_delay,True,24,2
5008,supplier_delay,oracle,1,RuleBased,1851.0,0.9449838187702265,1.0,0.5,1.0,1.0,1,0,1.0,supplier_delay,True,24,2
5008,supplier_delay,oracle,1,TFIDF_LogReg_Calibrated,1851.0,0.9449838187702265,1.0,0.5,1.0,1.0,1,0,0.9503195497039694,supplier_delay,True,24,2
5008,supplier_delay,oracle,3,RuleBased,1778.3999999999996,0.9396208969024503,0.6666666666666666,1.0,1.0,1.0,3,1,0.42857142857142855,supplier_delay,True,24,2
5008,supplier_delay,oracle,3,TFIDF_LogReg_Calibrated,1851.0,0.9449838187702265,0.6666666666666666,1.0,1.0,1.0,3,1,0.9824603453226629,supplier_delay,True,24,2
5008,supplier_delay,oracle,5,RuleBased,1802.3684210526314,0.9456651337080566,0.4,1.0,1.0,1.0,5,2,0.39473684210526316,supplier_delay,True,24,2
5008,supplier_delay,oracle,5,TFIDF_LogReg_Calibrated,1824.9324067894004,0.9503946343557571,0.4,1.0,1.0,1.0,5,2,0.8880096640118423,supplier_delay,True,24,2
5008,demand_surge,none,1,RuleBased,1803.2000000000003,0.8314136125654451,0.0,0.0,0.0,0.0,0,0,0.3,normal,False,24,2
5008,demand_surge,none,1,TFIDF_LogReg_Calibrated,1803.2000000000003,0.8314136125654451,0.0,0.0,0.0,0.0,0,0,0.3,normal,False,24,2
5008,demand_surge,none,3,RuleBased,1803.2000000000003,0.8314136125654451,0.0,0.0,0.0,0.0,0,0,0.3,normal,False,24,2
5008,demand_surge,none,3,TFIDF_LogReg_Calibrated,1803.2000000000003,0.8314136125654451,0.0,0.0,0.0,0.0,0,0,0.3,normal,False,24,2
5008,demand_surge,none,5,RuleBased,1803.2000000000003,0.8314136125654451,0.0,0.0,0.0,0.0,0,0,0.3,normal,False,24,2
5008,demand_surge,none,5,TFIDF_LogReg_Calibrated,1803.2000000000003,0.8314136125654451,0.0,0.0,0.0,0.0,0,0,0.3,normal,False,24,2
5008,demand_surge,random,1,RuleBased,1794.0,0.837696335078534,0.0,0.0,0.0,0.25,1,1,0.5,supplier_delay,False,24,2
5008,demand_surge,random,1,TFIDF_LogReg_Calibrated,1542.0,0.7879581151832461,0.0,0.0,0.0,0.25,1,1,0.0,supplier_delay,False,24,2
5008,demand_surge,random,3,RuleBased,1855.5,0.8396596858638743,0.0,0.0,0.0,0.25,3,2,0.37499999999999994,supplier_delay,False,24,2
5008,demand_surge,random,3,TFIDF_LogReg_Calibrated,1727.24825676918,0.8208054082170427,0.0,0.0,0.0,0.25,3,2,0.284922197963677,supplier_delay,False,24,2
5008,demand_surge,random,5,RuleBased,1748.7428571428568,0.825355272999252,0.2,0.5,0.2640681225725909,0.25,5,3,0.34285714285714286,supplier_delay,False,24,2
5008,demand_surge,random,5,TFIDF_LogReg_Calibrated,1609.7961239850777,0.7995579037034316,0.2,0.5,0.2640681225725909,0.25,5,3,0.07385198691184892,supplier_delay,False,24,2
5008,demand_surge,bm25,1,RuleBased,1803.2000000000003,0.8314136125654451,0.0,0.0,0.0,0.5,1,1,0.3,normal,False,24,2
5008,demand_surge,bm25,1,TFIDF_LogReg_Calibrated,1541.0705606991394,0.7903178481132225,0.0,0.0,0.0,0.5,1,1,0.01502363298751618,supplier_delay,False,24,2
5008,demand_surge,bm25,3,RuleBased,1803.2000000000003,0.8314136125654451,0.3333333333333333,0.5,0.38685280723454163,0.5,3,1,0.3,normal,False,24,2
5008,demand_surge,bm25,3,TFIDF_LogReg_Calibrated,1528.0,0.7879581151832461,0.3333333333333333,0.5,0.38685280723454163,0.5,3,1,0.0,supplier_delay,False,24,2
5008,demand_surge,bm25,5,RuleBased,1865.8695652173917,0.8414523104939677,0.2,0.5,0.38685280723454163,0.5,5,1,0.391304347826087,demand_surge,True,24,2
5008,demand_surge,bm25,5,TFIDF_LogReg_Calibrated,1999.8816339208947,0.8652924460064465,0.2,0.5,0.38685280723454163,0.5,5,1,0.6081360565348242,demand_surge,True,24,2
5008,demand_surge,tfidf,1,RuleBased,1794.0,0.837696335078534,1.0,0.5,1.0,1.0,1,0,0.5,supplier_delay,False,24,2
5008,demand_surge,tfidf,1,TFIDF_LogReg_Calibrated,1651.4400268210845,0.8057591667474789,1.0,0.5,1.0,1.0,1,0,0.11333336162561662,normal,False,24,2
5008,demand_surge,tfidf,3,RuleBased,1803.2000000000003,0.8314136125654451,0.3333333333333333,0.5,0.6131471927654584,1.0,3,1,0.3,normal,False,24,2
5008,demand_surge,tfidf,3,TFIDF_LogReg_Calibrated,1528.0,0.7879581151832461,0.3333333333333333,0.5,0.6131471927654584,1.0,3,1,0.0,supplier_delay,False,24,2
5008,demand_surge,tfidf,5,RuleBased,1803.2000000000003,0.8314136125654451,0.2,0.5,0.6131471927654584,1.0,5,1,0.3,normal,False,24,2
5008,demand_surge,tfidf,5,TFIDF_LogReg_Calibrated,1528.0,0.7879581151832461,0.2,0.5,0.6131471927654584,1.0,5,1,0.0,supplier_delay,False,24,2
5008,demand_surge,dense,1,RuleBased,1562.0,0.7984293193717278,0.0,0.0,0.0,0.3333333333333333,1,1,0.0,supplier_delay,False,24,2
5008,demand_surge,dense,1,TFIDF_LogReg_Calibrated,1542.0,0.7879581151832461,0.0,0.0,0.0,0.3333333333333333,1,1,0.0,supplier_delay,False,24,2
5008,demand_surge,dense,3,RuleBased,1765.2000000000005,0.8298429319371727,0.3333333333333333,0.5,0.3065735963827292,0.3333333333333333,3,1,0.39999999999999997,supplier_delay,False,24,2
5008,demand_surge,dense,3,TFIDF_LogReg_Calibrated,1542.0,0.7879581151832461,0.3333333333333333,0.5,0.3065735963827292,0.3333333333333333,3,1,0.0,supplier_delay,False,24,2
5008,demand_surge,dense,5,RuleBased,1765.2000000000005,0.8298429319371727,0.2,0.5,0.3065735963827292,0.3333333333333333,5,2,0.39999999999999997,supplier_delay,False,24,2
5008,demand_surge,dense,5,TFIDF_LogReg_Calibrated,1542.0,0.7879581151832461,0.2,0.5,0.3065735963827292,0.3333333333333333,5,2,0.0,normal,False,24,2
5008,demand_surge,oracle,1,RuleBased,2037.0,0.8717277486910995,1.0,0.5,1.0,1.0,1,0,0.6666666666666667,demand_surge,True,24,2
5008,demand_surge,oracle,1,TFIDF_LogReg_Calibrated,2028.313997046824,0.8709331068471748,1.0,0.5,1.0,1.0,1,0,0.6594392098957337,demand_surge,True,24,2
5008,demand_surge,oracle,3,RuleBased,1855.5,0.8396596858638743,0.6666666666666666,1.0,1.0,1.0,3,1,0.37499999999999994,supplier_delay,False,24,2
5008,demand_surge,oracle,3,TFIDF_LogReg_Calibrated,1842.0623293513238,0.8373366666368485,0.6666666666666666,1.0,1.0,1.0,3,1,0.35387158703038385,demand_surge,True,24,2
5008,demand_surge,oracle,5,RuleBased,1889.5714285714282,0.8455497382198954,0.4,1.0,1.0,1.0,5,2,0.42857142857142855,demand_surge,True,24,2
5008,demand_surge,oracle,5,TFIDF_LogReg_Calibrated,2080.2466404434476,0.8813523126886951,0.4,1.0,1.0,1.0,5,2,0.7347515453163246,demand_surge,True,24,2
5009,normal,none,1,RuleBased,1779.7999999999997,0.9228840125391851,0.0,0.0,0.0,0.0,0,0,0.35,normal,True,24,2
5009,normal,none,1,TFIDF_LogReg_Calibrated,1779.7999999999997,0.9228840125391851,0.0,0.0,0.0,0.0,0,0,0.35,normal,True,24,2
5009,normal,none,3,RuleBased,1779.7999999999997,0.9228840125391851,0.0,0.0,0.0,0.0,0,0,0.35,normal,True,24,2
5009,normal,none,3,TFIDF_LogReg_Calibrated,1779.7999999999997,0.9228840125391851,0.0,0.0,0.0,0.0,0,0,0.35,normal,True,24,2
5009,normal,none,5,RuleBased,1779.7999999999997,0.9228840125391851,0.0,0.0,0.0,0.0,0,0,0.35,normal,True,24,2
5009,normal,none,5,TFIDF_LogReg_Calibrated,1779.7999999999997,0.9228840125391851,0.0,0.0,0.0,0.0,0,0,0.35,normal,True,24,2
5009,normal,random,1,RuleBased,1637.0,0.9216300940438872,0.0,0.0,0.0,0.3333333333333333,1,0,0.0,supplier_delay,False,24,2
5009,normal,random,1,TFIDF_LogReg_Calibrated,1585.0,0.890282131661442,0.0,0.0,0.0,0.3333333333333333,1,0,0.20029879401432074,supplier_delay,False,24,2
5009,normal,random,3,RuleBased,1779.7999999999997,0.9228840125391851,0.3333333333333333,0.5,0.3065735963827292,0.3333333333333333,3,1,0.4,normal,True,24,2
5009,normal,random,3,TFIDF_LogReg_Calibrated,1844.0,0.9184952978056427,0.3333333333333333,0.5,0.3065735963827292,0.3333333333333333,3,1,0.6396014238651817,normal,True,24,2
5009,normal,random,5,RuleBased,1775.25,0.927115987460815,0.2,0.5,0.3065735963827292,0.3333333333333333,5,3,0.25,supplier_delay,False,24,2
5009,normal,random,5,TFIDF_LogReg_Calibrated,1693.2133099058524,0.9214629232712754,0.2,0.5,0.3065735963827292,0.3333333333333333,5,3,0.21824183136176567,supplier_delay,False,24,2
5009,normal,bm25,1,RuleBased,1779.7999999999997,0.9228840125391851,0.0,0.0,0.0,0.5,1,0,0.4,normal,True,24,2
5009,normal,bm25,1,TFIDF_LogReg_Calibrated,1585.0,0.890282131661442,0.0,0.0,0.0,0.5,1,0,0.23790937294814407,supplier_delay,False,24,2
5009,normal,bm25,3,RuleBased,1779.7999999999997,0.9228840125391851,0.3333333333333333,0.5,0.38685280723454163,0.5,3,0,0.4,normal,True,24,2
5009,normal,bm25,3,TFIDF_LogReg_Calibrated,1707.0,0.9028213166144201,0.3333333333333333,0.5,0.38685280723454163,0.5,3,0,0.5350179446886224,normal,True,24,2
5009,normal,bm25,5,RuleBased,1775.25,0.927115987460815,0.4,1.0,0.6240505200038379,0.5,5,0,0.25,supplier_delay,False,24,2
5009,normal,bm25,5,TFIDF_LogReg_Calibrated,1707.0,0.9028213166144201,0.4,1.0,0.6240505200038379,0.5,5,0,0.46131549336903294,supplier_delay,False,24,2
5009,normal,tfidf,1,RuleBased,1779.7999999999997,0.9228840125391851,0.0,0.0,0.0,0.5,1,0,0.4,normal,True,24,2
5009,normal,tfidf,1,TFIDF_LogReg_Calibrated,1585.0,0.890282131661442,0.0,0.0,0.0,0.5,1,0,0.23790937294814407,supplier_delay,False,24,2
5009,normal,tfidf,3,RuleBased,1779.7999999999997,0.9228840125391851,0.3333333333333333,0.5,0.38685280723454163,0.5,3,0,0.4,normal,True,24,2
5009,normal,tfidf,3,TFIDF_LogReg_Calibrated,1707.0,0.9028213166144201,0.3333333333333333,0.5,0.38685280723454163,0.5,3,0,0.5350179446886224,normal,True,24,2
5009,normal,tfidf,5,RuleBased,1775.25,0.927115987460815,0.4,1.0,0.6509209298071326,0.5,5,0,0.25,supplier_delay,False,24,2
5009,normal,tfidf,5,TFIDF_LogReg_Calibrated,1707.0,0.9028213166144201,0.4,1.0,0.6509209298071326,0.5,5,0,0.46131549336903294,supplier_delay,False,24,2
5009,normal,dense,1,RuleBased,1779.7999999999997,0.9228840125391851,0.0,0.0,0.0,0.5,1,0,0.4,normal,True,24,2
5009,normal,dense,1,TFIDF_LogReg_Calibrated,1585.0,0.890282131661442,0.0,0.0,0.0,0.5,1,0,0.23790937294814407,supplier_delay,False,24,2
5009,normal,dense,3,RuleBased,1775.25,0.927115987460815,0.6666666666666666,1.0,0.6934264036172708,0.5,3,0,0.25,supplier_delay,False,24,2
5009,normal,dense,3,TFIDF_LogReg_Calibrated,1844.0,0.9184952978056427,0.6666666666666666,1.0,0.6934264036172708,0.5,3,0,0.6272496280366718,normal,True,24,2
5009,normal,dense,5,RuleBased,1775.25,0.927115987460815,0.4,1.0,0.6934264036172708,0.5,5,1,0.25,supplier_delay,False,24,2
5009,normal,dense,5,TFIDF_LogReg_Calibrated,1585.0,0.890282131661442,0.4,1.0,0.6934264036172708,0.5,5,1,0.30579429869909985,supplier_delay,False,24,2
5009,normal,oracle,1,RuleBased,1775.25,0.927115987460815,1.0,0.5,1.0,1.0,1,0,0.25,supplier_delay,False,24,2
5009,normal,oracle,1,TFIDF_LogReg_Calibrated,1584.8329998065406,0.890402942025652,1.0,0.5,1.0,1.0,1,0,0.22384100440244312,supplier_delay,False,24,2
5009,normal,oracle,3,RuleBased,1775.25,0.927115987460815,0.6666666666666666,1.0,1.0,1.0,3,0,0.25,supplier_delay,False,24,2
5009,normal,oracle,3,TFIDF_LogReg_Calibrated,1844.0,0.9184952978056427,0.6666666666666666,1.0,1.0,1.0,3,0,0.6987411401337342,normal,True,24,2
5009,normal,oracle,5,RuleBased,1775.25,0.927115987460815,0.4,1.0,1.0,1.0,5,2,0.25,supplier_delay,False,24,2
5009,normal,oracle,5,TFIDF_LogReg_Calibrated,1585.0,0.890282131661442,0.4,1.0,1.0,1.0,5,2,0.3233572092332501,supplier_delay,False,24,2
5009,supplier_delay,none,1,RuleBased,1645.2000000000003,0.9028213166144201,0.0,0.0,0.0,0.0,0,0,0.35,normal,False,24,2
5009,supplier_delay,none,1,TFIDF_LogReg_Calibrated,1645.2000000000003,0.9028213166144201,0.0,0.0,0.0,0.0,0,0,0.35,normal,False,24,2
5009,supplier_delay,none,3,RuleBased,1645.2000000000003,0.9028213166144201,0.0,0.0,0.0,0.0,0,0,0.35,normal,False,24,2
5009,supplier_delay,none,3,TFIDF_LogReg_Calibrated,1645.2000000000003,0.9028213166144201,0.0,0.0,0.0,0.0,0,0,0.35,normal,False,24,2
5009,supplier_delay,none,5,RuleBased,1645.2000000000003,0.9028213166144201,0.0,0.0,0.0,0.0,0,0,0.35,normal,False,24,2
5009,supplier_delay,none,5,TFIDF_LogReg_Calibrated,1645.2000000000003,0.9028213166144201,0.0,0.0,0.0,0.0,0,0,0.35,normal,False,24,2
5009,supplier_delay,random,1,RuleBased,1796.0,0.9404388714733543,0.0,0.0,0.0,0.3333333333333333,1,0,0.5,supplier_delay,True,24,2
5009,supplier_delay,random,1,TFIDF_LogReg_Calibrated,1834.0,0.9216300940438872,0.0,0.0,0.0,0.3333333333333333,1,0,0.7997012059856793,supplier_delay,True,24,2
5009,supplier_delay,random,3,RuleBased,1796.0,0.9404388714733543,0.3333333333333333,0.5,0.3065735963827292,0.3333333333333333,3,1,0.5,supplier_delay,True,24,2
5009,supplier_delay,random,3,TFIDF_LogReg_Calibrated,1920.0,0.9404388714733543,0.3333333333333333,0.5,0.3065735963827292,0.3333333333333333,3,1,0.9259311856818727,supplier_delay,True,24,2
5009,supplier_delay,random,5,RuleBased,1796.0,0.9404388714733543,0.2,0.5,0.3065735963827292,0.3333333333333333,5,3,0.5,supplier_delay,True,24,2
5009,supplier_delay,random,5,TFIDF_LogReg_Calibrated,1792.466899219952,0.9335524103418132,0.2,0.5,0.3065735963827292,0.3333333333333333,5,3,0.5915325458733985,supplier_delay,True,24,2
5009,supplier_delay,bm25,1,RuleBased,1645.2000000000003,0.9028213166144201,0.0,0.0,0.0,0.5,1,1,0.3,normal,False,24,2
5009,supplier_delay,bm25,1,TFIDF_LogReg_Calibrated,1834.0,0.9216300940438872,0.0,0.0,0.0,0.5,1,1,0.7620906270518559,supplier_delay,True,24,2
5009,supplier_delay,bm25,3,RuleBased,1645.2000000000003,0.9028213166144201,0.3333333333333333,0.5,0.38685280723454163,0.5,3,1,0.3,normal,False,24,2
5009,supplier_delay,bm25,3,TFIDF_LogReg_Calibrated,1920.0,0.9404388714733543,0.3333333333333333,0.5,0.38685280723454163,0.5,3,1,0.8970231646681631,supplier_delay,True,24,2
5009,supplier_delay,bm25,5,RuleBased,1645.2000000000003,0.9028213166144201,0.2,0.5,0.38685280723454163,0.5,5,1,0.3,normal,False,24,2
5009,supplier_delay,bm25,5,TFIDF_LogReg_Calibrated,1920.0,0.9404388714733543,0.2,0.5,0.38685280723454163,0.5,5,1,0.9344843160448203,supplier_delay,True,24,2
5009,supplier_delay,tfidf,1,RuleBased,1645.2000000000003,0.9028213166144201,0.0,0.0,0.0,0.5,1,1,0.3,normal,False,24,2
5009,supplier_delay,tfidf,1,TFIDF_LogReg_Calibrated,1834.0,0.9216300940438872,0.0,0.0,0.0,0.5,1,1,0.7620906270518559,supplier_delay,True,24,2
5009,supplier_delay,tfidf,3,RuleBased,1645.2000000000003,0.9028213166144201,0.3333333333333333,0.5,0.38685280723454163,0.5,3,1,0.3,normal,False,24,2
5009,supplier_delay,tfidf,3,TFIDF_LogReg_Calibrated,1920.0,0.9404388714733543,0.3333333333333333,0.5,0.38685280723454163,0.5,3,1,0.8970231646681631,supplier_delay,True,24,2
5009,supplier_delay,tfidf,5,RuleBased,1645.2000000000003,0.9028213166144201,0.2,0.5,0.38685280723454163,0.5,5,1,0.3,normal,False,24,2
5009,supplier_delay,tfidf,5,TFIDF_LogReg_Calibrated,1920.0,0.9404388714733543,0.2,0.5,0.38685280723454163,0.5,5,1,0.9344843160448203,supplier_delay,True,24,2
5009,supplier_delay,dense,1,RuleBased,1645.2000000000003,0.9028213166144201,0.0,0.0,0.0,0.5,1,1,0.3,normal,False,24,2
5009,supplier_delay,dense,1,TFIDF_LogReg_Calibrated,1834.0,0.9216300940438872,0.0,0.0,0.0,0.5,1,1,0.7620906270518559,supplier_delay,True,24,2
5009,supplier_delay,dense,3,RuleBased,1764.0769230769229,0.9201832650108512,0.3333333333333333,0.5,0.38685280723454163,0.5,3,1,0.46153846153846145,supplier_delay,True,24,2
5009,supplier_delay,dense,3,TFIDF_LogReg_Calibrated,1920.0,0.9404388714733543,0.3333333333333333,0.5,0.38685280723454163,0.5,3,1,0.970181102064665,supplier_delay,True,24,2
5009,supplier_delay,dense,5,RuleBased,1764.0769230769229,0.9201832650108512,0.4,1.0,0.6240505200038379,0.5,5,1,0.46153846153846145,supplier_delay,True,24,2
5009,supplier_delay,dense,5,TFIDF_LogReg_Calibrated,1920.0,0.9404388714733543,0.4,1.0,0.6240505200038379,0.5,5,1,0.9393769806218252,supplier_delay,True,24,2
5009,supplier_delay,oracle,1,RuleBased,1796.0,0.9404388714733543,1.0,0.5,1.0,1.0,1,0,0.5,supplier_delay,True,24,2
5009,supplier_delay,oracle,1,TFIDF_LogReg_Calibrated,1839.7498762193513,0.9232476944592661,1.0,0.5,1.0,1.0,1,0,0.6543806063689072,supplier_delay,True,24,2
5009,supplier_delay,oracle,3,RuleBased,1796.0,0.9404388714733543,0.6666666666666666,1.0,1.0,1.0,3,1,0.5,supplier_delay,True,24,2
5009,supplier_delay,oracle,3,TFIDF_LogReg_Calibrated,1920.0,0.9404388714733543,0.6666666666666666,1.0,1.0,1.0,3,1,0.8760462437674743,supplier_delay,True,24,2
5009,supplier_delay,oracle,5,RuleBased,1796.0,0.9404388714733543,0.4,1.0,1.0,1.0,5,2,0.5,supplier_delay,True,24,2
5009,supplier_delay,oracle,5,TFIDF_LogReg_Calibrated,1920.0,0.9404388714733543,0.4,1.0,1.0,1.0,5,2,0.9795100049080055,supplier_delay,True,24,2
5009,demand_surge,none,1,RuleBased,1946.8000000000002,0.8749311294765841,0.0,0.0,0.0,0.0,0,0,0.3,normal,False,24,2
5009,demand_surge,none,1,TFIDF_LogReg_Calibrated,1946.8000000000002,0.8749311294765841,0.0,0.0,0.0,0.0,0,0,0.3,normal,False,24,2
5009,demand_surge,none,3,RuleBased,1946.8000000000002,0.8749311294765841,0.0,0.0,0.0,0.0,0,0,0.3,normal,False,24,2
5009,demand_surge,none,3,TFIDF_LogReg_Calibrated,1946.8000000000002,0.8749311294765841,0.0,0.0,0.0,0.0,0,0,0.3,normal,False,24,2
5009,demand_surge,none,5,RuleBased,1946.8000000000002,0.8749311294765841,0.0,0.0,0.0,0.0,0,0,0.3,normal,False,24,2
5009,demand_surge,none,5,TFIDF_LogReg_Calibrated,1946.8000000000002,0.8749311294765841,0.0,0.0,0.0,0.0,0,0,0.3,normal,False,24,2
5009,demand_surge,random,1,RuleBased,1995.0,0.8925619834710744,0.0,0.0,0.0,0.3333333333333333,1,0,0.5,supplier_delay,False,24,2
5009,demand_surge,random,1,TFIDF_LogReg_Calibrated,1693.0,0.8292011019283747,0.0,0.0,0.0,0.3333333333333333,1,0,0.0,supplier_delay,False,24,2
5009,demand_surge,random,3,RuleBased,1995.0,0.8925619834710744,0.3333333333333333,0.5,0.3065735963827292,0.3333333333333333,3,0,0.5,supplier_delay,False,24,2
5009,demand_surge,random,3,TFIDF_LogReg_Calibrated,1949.9871366313828,0.8783365352174924,0.3333333333333333,0.5,0.3065735963827292,0.3333333333333333,3,0,0.3294324353321372,supplier_delay,False,24,2
5009,demand_surge,random,5,RuleBased,1995.0,0.8925619834710744,0.2,0.5,0.3065735963827292,0.3333333333333333,5,0,0.5,supplier_delay,False,24,2
5009,demand_surge,random,5,TFIDF_LogReg_Calibrated,2165.597428863594,0.9216363412400138,0.2,0.5,0.3065735963827292,0.3333333333333333,5,0,0.7314163279218752,demand_surge,True,24,2
5009,demand_surge,bm25,1,RuleBased,1946.8000000000002,0.8749311294765841,0.0,0.0,0.0,0.5,1,1,0.3,normal,False,24,2
5009,demand_surge,bm25,1,TFIDF_LogReg_Calibrated,1693.0,0.8292011019283747,0.0,0.0,0.0,0.5,1,1,0.0,supplier_delay,False,24,2
5009,demand_surge,bm25,3,RuleBased,2000.0434782608697,0.8854952688944783,0.3333333333333333,0.5,0.38685280723454163,0.5,3,1,0.391304347826087,demand_surge,True,24,2
5009,demand_surge,bm25,3,TFIDF_LogReg_Calibrated,1965.6590205784787,0.8821220191808541,0.3333333333333333,0.5,0.38685280723454163,0.5,3,1,0.36214983244404864,supplier_delay,False,24,2
5009,demand_surge,bm25,5,RuleBased,2000.0434782608697,0.8854952688944783,0.4,1.0,0.6509209298071326,0.5,5,1,0.391304347826087,demand_surge,True,24,2
5009,demand_surge,bm25,5,TFIDF_LogReg_Calibrated,2170.3315329874385,0.9231809757718016,0.4,1.0,0.6509209298071326,0.5,5,1,0.7547789252151652,demand_surge,True,24,2
5009,demand_surge,tfidf,1,RuleBased,1946.8000000000002,0.8749311294765841,0.0,0.0,0.0,0.5,1,1,0.3,normal,False,24,2
5009,demand_surge,tfidf,1,TFIDF_LogReg_Calibrated,1693.0,0.8292011019283747,0.0,0.0,0.0,0.5,1,1,0.0,supplier_delay,False,24,2
5009,demand_surge,tfidf,3,RuleBased,2000.0434782608697,0.8854952688944783,0.3333333333333333,0.5,0.38685280723454163,0.5,3,1,0.391304347826087,demand_surge,True,24,2
5009,demand_surge,tfidf,3,TFIDF_LogReg_Calibrated,1965.6590205784787,0.8821220191808541,0.3333333333333333,0.5,0.38685280723454163,0.5,3,1,0.36214983244404864,supplier_delay,False,24,2
5009,demand_surge,tfidf,5,RuleBased,2000.0434782608697,0.8854952688944783,0.4,1.0,0.6240505200038379,0.5,5,1,0.391304347826087,demand_surge,True,24,2
5009,demand_surge,tfidf,5,TFIDF_LogReg_Calibrated,2170.3315329874385,0.9231809757718016,0.4,1.0,0.6240505200038379,0.5,5,1,0.7547789252151652,demand_surge,True,24,2
5009,demand_surge,dense,1,RuleBased,1946.8000000000002,0.8749311294765841,0.0,0.0,0.0,0.5,1,1,0.3,normal,False,24,2
5009,demand_surge,dense,1,TFIDF_LogReg_Calibrated,1693.0,0.8292011019283747,0.0,0.0,0.0,0.5,1,1,0.0,supplier_delay,False,24,2
5009,demand_surge,dense,3,RuleBased,1940.1379310344823,0.8761280516766411,0.3333333333333333,0.5,0.38685280723454163,0.5,3,2,0.3103448275862069,supplier_delay,False,24,2
5009,demand_surge,dense,3,TFIDF_LogReg_Calibrated,1883.2308422262054,0.8710832570857875,0.3333333333333333,0.5,0.38685280723454163,0.5,3,2,0.26674338862240116,supplier_delay,False,24,2
5009,demand_surge,dense,5,RuleBased,1940.1379310344823,0.8761280516766411,0.2,0.5,0.38685280723454163,0.5,5,2,0.3103448275862069,supplier_delay,False,24,2
5009,demand_surge,dense,5,TFIDF_LogReg_Calibrated,1820.1286110002648,0.8549422890266907,0.2,0.5,0.38685280723454163,0.5,5,2,0.1557341819448125,supplier_delay,False,24,2
5009,demand_surge,oracle,1,RuleBased,2000.7999999999997,0.8975206611570248,1.0,0.5,1.0,1.0,1,0,0.6,demand_surge,True,24,2
5009,demand_surge,oracle,1,TFIDF_LogReg_Calibrated,2174.182477177428,0.9246442394518584,1.0,0.5,1.0,1.0,1,0,0.7769107883760235,demand_surge,True,24,2
5009,demand_surge,oracle,3,RuleBased,2000.7999999999997,0.8975206611570248,0.6666666666666666,1.0,1.0,1.0,3,1,0.6,demand_surge,True,24,2
5009,demand_surge,oracle,3,TFIDF_LogReg_Calibrated,2173.856258093383,0.9245202842570088,0.6666666666666666,1.0,1.0,1.0,3,1,0.7750359660539249,demand_surge,True,24,2
5009,demand_surge,oracle,5,RuleBased,1998.0000000000002,0.8953168044077136,0.4,1.0,1.0,1.0,5,2,0.5555555555555556,demand_surge,True,24,2
5009,demand_surge,oracle,5,TFIDF_LogReg_Calibrated,2172.0698965324027,0.9238415109840991,0.4,1.0,1.0,1.0,5,2,0.7647695203011647,demand_surge,True,24,2
5010,normal,none,1,RuleBased,1740.4,0.9096573208722741,0.0,0.0,0.0,0.0,0,0,0.35,normal,True,24,2
5010,normal,none,1,TFIDF_LogReg_Calibrated,1740.4,0.9096573208722741,0.0,0.0,0.0,0.0,0,0,0.35,normal,True,24,2
5010,normal,none,3,RuleBased,1740.4,0.9096573208722741,0.0,0.0,0.0,0.0,0,0,0.35,normal,True,24,2
5010,normal,none,3,TFIDF_LogReg_Calibrated,1740.4,0.9096573208722741,0.0,0.0,0.0,0.0,0,0,0.35,normal,True,24,2
5010,normal,none,5,RuleBased,1740.4,0.9096573208722741,0.0,0.0,0.0,0.0,0,0,0.35,normal,True,24,2
5010,normal,none,5,TFIDF_LogReg_Calibrated,1740.4,0.9096573208722741,0.0,0.0,0.0,0.0,0,0,0.35,normal,True,24,2
5010,normal,random,1,RuleBased,1641.0,0.9158878504672897,0.0,0.0,0.0,0.2,1,0,0.0,supplier_delay,False,24,2
5010,normal,random,1,TFIDF_LogReg_Calibrated,1653.0,0.8847352024922118,0.0,0.0,0.0,0.2,1,0,0.5,normal,True,24,2
5010,normal,random,3,RuleBased,1627.6666666666667,0.9086188992731049,0.0,0.0,0.0,0.2,3,2,0.0,supplier_delay,False,24,2
5010,normal,random,3,TFIDF_LogReg_Calibrated,1552.053392528659,0.8809604403291507,0.0,0.0,0.0,0.2,3,2,0.28516233928402657,supplier_delay,False,24,2
5010,normal,random,5,RuleBased,1622.057142857143,0.9010235870048955,0.2,0.5,0.23719771276929622,0.2,5,2,0.2285714285714286,supplier_delay,False,24,2
5010,normal,random,5,TFIDF_LogReg_Calibrated,1653.0,0.8847352024922118,0.2,0.5,0.23719771276929622,0.2,5,2,0.5345113386656468,normal,True,24,2
5010,normal,bm25,1,RuleBased,1740.4,0.9096573208722741,1.0,0.5,1.0,1.0,1,0,0.4,normal,True,24,2
5010,normal,bm25,1,TFIDF_LogReg_Calibrated,1819.0,0.9065420560747663,1.0,0.5,1.0,1.0,1,0,0.7147744297435985,normal,True,24,2
5010,normal,bm25,3,RuleBased,1740.4,0.9096573208722741,0.3333333333333333,0.5,0.6131471927654584,1.0,3,0,0.4,normal,True,24,2
5010,normal,bm25,3,TFIDF_LogReg_Calibrated,1653.1378764476349,0.8853794849577965,0.3333333333333333,0.5,0.6131471927654584,1.0,3,0,0.5359173039557874,normal,True,24,2
5010,normal,bm25,5,RuleBased,1740.4,0.9096573208722741,0.2,0.5,0.6131471927654584,1.0,5,1,0.4,normal,True,24,2
5010,normal,bm25,5,TFIDF_LogReg_Calibrated,1533.0,0.8722741433021807,0.2,0.5,0.6131471927654584,1.0,5,1,0.29656110975565525,supplier_delay,False,24,2
5010,normal,tfidf,1,RuleBased,1740.4,0.9096573208722741,1.0,0.5,1.0,1.0,1,0,0.4,normal,True,24,2
5010,normal,tfidf,1,TFIDF_LogReg_Calibrated,1819.0,0.9065420560747663,1.0,0.5,1.0,1.0,1,0,0.7147744297435985,normal,True,24,2
5010,normal,tfidf,3,RuleBased,1740.4,0.9096573208722741,0.3333333333333333,0.5,0.6131471927654584,1.0,3,1,0.4,normal,True,24,2
5010,normal,tfidf,3,TFIDF_LogReg_Calibrated,1533.0,0.8722741433021807,0.3333333333333333,0.5,0.6131471927654584,1.0,3,1,0.3333333333333333,supplier_delay,False,24,2
5010,normal,tfidf,5,RuleBased,1740.4,0.9096573208722741,0.2,0.5,0.6131471927654584,1.0,5,1,0.4,normal,True,24,2
5010,normal,tfidf,5,TFIDF_LogReg_Calibrated,1533.0,0.8722741433021807,0.2,0.5,0.6131471927654584,1.0,5,1,0.29656110975565525,supplier_delay,False,24,2
5010,normal,dense,1,RuleBased,1721.5,0.9112149532710281,1.0,0.5,1.0,1.0,1,0,0.25,supplier_delay,False,24,2
5010,normal,dense,1,TFIDF_LogReg_Calibrated,1533.5266929178342,0.8725142586055015,1.0,0.5,1.0,1.0,1,0,0.22384100440244312,supplier_delay,False,24,2
5010,normal,dense,3,RuleBased,1721.5,0.9112149532710281,0.6666666666666666,1.0,1.0,1.0,3,1,0.25,supplier_delay,False,24,2
5010,normal,dense,3,TFIDF_LogReg_Calibrated,1533.0,0.8722741433021807,0.6666666666666666,1.0,1.0,1.0,3,1,0.3333333333333333,supplier_delay,False,24,2
5010,normal,dense,5,RuleBased,1721.5,0.9112149532710281,0.4,1.0,1.0,1.0,5,1,0.25,supplier_delay,False,24,2
5010,normal,dense,5,TFIDF_LogReg_Calibrated,1533.0,0.8722741433021807,0.4,1.0,1.0,1.0,5,1,0.3333333333333333,supplier_delay,False,24,2
5010,normal,oracle,1,RuleBased,1721.5,0.9112149532710281,1.0,0.5,1.0,1.0,1,0,0.25,supplier_delay,False,24,2
5010,normal,oracle,1,TFIDF_LogReg_Calibrated,1533.5266929178342,0.8725142586055015,1.0,0.5,1.0,1.0,1,0,0.22384100440244312,supplier_delay,False,24,2
5010,normal,oracle,3,RuleBased,1721.5,0.9112149532710281,0.6666666666666666,1.0,1.0,1.0,3,0,0.25,supplier_delay,False,24,2
5010,normal,oracle,3,TFIDF_LogReg_Calibrated,1819.0,0.9065420560747663,0.6666666666666666,1.0,1.0,1.0,3,0,0.6364573912030679,normal,True,24,2
5010,normal,oracle,5,RuleBased,1622.057142857143,0.9010235870048955,0.4,1.0,1.0,1.0,5,2,0.2285714285714286,supplier_delay,False,24,2
5010,normal,oracle,5,TFIDF_LogReg_Calibrated,1550.3970891775127,0.8893530487787851,0.4,1.0,1.0,1.0,5,2,0.13450065887908122,supplier_delay,False,24,2
5010,supplier_delay,none,1,RuleBased,1692.0000000000002,0.9021806853582556,0.0,0.0,0.0,0.0,0,0,0.35,normal,False,24,2
5010,supplier_delay,none,1,TFIDF_LogReg_Calibrated,1692.0000000000002,0.9021806853582556,0.0,0.0,0.0,0.0,0,0,0.35,normal,False,24,2
5010,supplier_delay,none,3,RuleBased,1692.0000000000002,0.9021806853582556,0.0,0.0,0.0,0.0,0,0,0.35,normal,False,24,2
5010,supplier_delay,none,3,TFIDF_LogReg_Calibrated,1692.0000000000002,0.9021806853582556,0.0,0.0,0.0,0.0,0,0,0.35,normal,False,24,2
5010,supplier_delay,none,5,RuleBased,1692.0000000000002,0.9021806853582556,0.0,0.0,0.0,0.0,0,0,0.35,normal,False,24,2
5010,supplier_delay,none,5,TFIDF_LogReg_Calibrated,1692.0000000000002,0.9021806853582556,0.0,0.0,0.0,0.0,0,0,0.35,normal,False,24,2
5010,supplier_delay,random,1,RuleBased,1849.0,0.9345794392523364,0.0,0.0,0.0,0.2,1,1,0.5,supplier_delay,True,24,2
5010,supplier_delay,random,1,TFIDF_LogReg_Calibrated,1652.0,0.881619937694704,0.0,0.0,0.0,0.2,1,1,0.5,normal,False,24,2
5010,supplier_delay,random,3,RuleBased,1838.0,0.9304257528556594,0.0,0.0,0.0,0.2,3,2,0.5555555555555556,supplier_delay,True,24,2
5010,supplier_delay,random,3,TFIDF_LogReg_Calibrated,1803.0896113678627,0.9102257072226981,0.0,0.0,0.0,0.2,3,2,0.637384845558823,supplier_delay,True,24,2
5010,supplier_delay,random,5,RuleBased,1838.0,0.9304257528556594,0.2,0.5,0.23719771276929622,0.2,5,3,0.5555555555555556,supplier_delay,True,24,2
5010,supplier_delay,random,5,TFIDF_LogReg_Calibrated,1883.0,0.9221183800623053,0.2,0.5,0.23719771276929622,0.2,5,3,0.9301643093016752,supplier_delay,True,24,2
5010,supplier_delay,bm25,1,RuleBased,1692.0000000000002,0.9021806853582556,0.0,0.0,0.0,0.25,1,1,0.3,normal,False,24,2
5010,supplier_delay,bm25,1,TFIDF_LogReg_Calibrated,1756.2677247406375,0.899723601810984,0.0,0.0,0.0,0.25,1,1,0.7311816279138516,supplier_delay,True,24,2
5010,supplier_delay,bm25,3,RuleBased,1692.0000000000002,0.9021806853582556,0.0,0.0,0.0,0.25,3,2,0.3,normal,False,24,2
5010,supplier_delay,bm25,3,TFIDF_LogReg_Calibrated,1786.5271214407194,0.9065107562110025,0.0,0.0,0.0,0.25,3,2,0.7528542881071744,supplier_delay,True,24,2
5010,supplier_delay,bm25,5,RuleBased,1692.0000000000002,0.9021806853582556,0.2,0.5,0.2640681225725909,0.25,5,2,0.3,normal,False,24,2
5010,supplier_delay,bm25,5,TFIDF_LogReg_Calibrated,1745.0,0.897196261682243,0.2,0.5,0.2640681225725909,0.25,5,2,0.8555878135058533,supplier_delay,True,24,2
5010,supplier_delay,tfidf,1,RuleBased,1849.0,0.9345794392523364,1.0,0.5,1.0,1.0,1,0,0.5,supplier_delay,True,24,2
5010,supplier_delay,tfidf,1,TFIDF_LogReg_Calibrated,1754.2145452233199,0.899263075564109,1.0,0.5,1.0,1.0,1,0,0.6543806063689072,supplier_delay,True,24,2
5010,supplier_delay,tfidf,3,RuleBased,1849.0,0.9345794392523364,0.3333333333333333,0.5,0.6131471927654584,1.0,3,0,0.5,supplier_delay,True,24,2
5010,supplier_delay,tfidf,3,TFIDF_LogReg_Calibrated,1774.6427581643866,0.9038451046350026,0.3333333333333333,0.5,0.6131471927654584,1.0,3,0,0.8664943036162752,supplier_delay,True,24,2
5010,supplier_delay,tfidf,5,RuleBased,1692.0000000000002,0.9021806853582556,0.2,0.5,0.6131471927654584,1.0,5,2,0.3,normal,False,24,2
5010,supplier_delay,tfidf,5,TFIDF_LogReg_Calibrated,1745.0,0.897196261682243,0.2,0.5,0.6131471927654584,1.0,5,2,0.8555878135058533,supplier_delay,True,24,2
5010,supplier_delay,dense,1,RuleBased,1883.0,0.9221183800623053,1.0,0.5,1.0,1.0,1,0,1.0,supplier_delay,True,24,2
5010,supplier_delay,dense,1,TFIDF_LogReg_Calibrated,1799.2118093754148,0.9093559198599059,1.0,0.5,1.0,1.0,1,0,0.871086636274395,supplier_delay,True,24,2
5010,supplier_delay,dense,3,RuleBased,1849.0,0.9345794392523364,0.6666666666666666,1.0,1.0,1.0,3,0,0.5,supplier_delay,True,24,2
5010,supplier_delay,dense,3,TFIDF_LogReg_Calibrated,1883.0,0.9221183800623053,0.6666666666666666,1.0,1.0,1.0,3,0,0.9068222750300442,supplier_delay,True,24,2
5010,supplier_delay,dense,5,RuleBased,1849.0,0.9345794392523364,0.4,1.0,1.0,1.0,5,0,0.5,supplier_delay,True,24,2
5010,supplier_delay,dense,5,TFIDF_LogReg_Calibrated,1883.0,0.9221183800623053,0.4,1.0,1.0,1.0,5,0,0.9426010969934594,supplier_delay,True,24,2
5010,supplier_delay,oracle,1,RuleBased,1849.0,0.9345794392523364,1.0,0.5,1.0,1.0,1,0,0.5,supplier_delay,True,24,2
5010,supplier_delay,oracle,1,TFIDF_LogReg_Calibrated,1754.2145452233199,0.899263075564109,1.0,0.5,1.0,1.0,1,0,0.6543806063689072,supplier_delay,True,24,2
5010,supplier_delay,oracle,3,RuleBased,1692.0000000000002,0.9021806853582556,0.6666666666666666,1.0,1.0,1.0,3,1,0.3,normal,False,24,2
5010,supplier_delay,oracle,3,TFIDF_LogReg_Calibrated,1883.0,0.9221183800623053,0.6666666666666666,1.0,1.0,1.0,3,1,0.8916050214296838,supplier_delay,True,24,2
5010,supplier_delay,oracle,5,RuleBased,1817.057142857143,0.9228304405874499,0.4,1.0,1.0,1.0,5,2,0.42857142857142855,supplier_delay,True,24,2
5010,supplier_delay,oracle,5,TFIDF_LogReg_Calibrated,1872.1776465604703,0.935433388826095,0.4,1.0,1.0,1.0,5,2,0.6969117577843126,supplier_delay,True,24,2
5010,demand_surge,none,1,RuleBased,1687.6000000000004,0.8040712468193386,0.0,0.0,0.0,0.0,0,0,0.3,normal,False,24,2
5010,demand_surge,none,1,TFIDF_LogReg_Calibrated,1687.6000000000004,0.8040712468193386,0.0,0.0,0.0,0.0,0,0,0.3,normal,False,24,2
5010,demand_surge,none,3,RuleBased,1687.6000000000004,0.8040712468193386,0.0,0.0,0.0,0.0,0,0,0.3,normal,False,24,2
5010,demand_surge,none,3,TFIDF_LogReg_Calibrated,1687.6000000000004,0.8040712468193386,0.0,0.0,0.0,0.0,0,0,0.3,normal,False,24,2
5010,demand_surge,none,5,RuleBased,1687.6000000000004,0.8040712468193386,0.0,0.0,0.0,0.0,0,0,0.3,normal,False,24,2
5010,demand_surge,none,5,TFIDF_LogReg_Calibrated,1687.6000000000004,0.8040712468193386,0.0,0.0,0.0,0.0,0,0,0.3,normal,False,24,2
5010,demand_surge,random,1,RuleBased,1771.0,0.821882951653944,0.0,0.0,0.0,0.2,1,1,0.5,supplier_delay,False,24,2
5010,demand_surge,random,1,TFIDF_LogReg_Calibrated,1400.0,0.7582697201017812,0.0,0.0,0.0,0.2,1,1,0.0,normal,False,24,2
5010,demand_surge,random,3,RuleBased,1748.6666666666665,0.8176420695504663,0.0,0.0,0.0,0.2,3,2,0.4444444444444445,supplier_delay,False,24,2
5010,demand_surge,random,3,TFIDF_LogReg_Calibrated,1457.383949186721,0.7700945773776819,0.0,0.0,0.0,0.2,3,2,0.07745281515715045,supplier_delay,False,24,2
5010,demand_surge,random,5,RuleBased,1748.6666666666665,0.8176420695504663,0.2,0.5,0.23719771276929622,0.2,5,3,0.4444444444444445,supplier_delay,False,24,2
5010,demand_surge,random,5,TFIDF_LogReg_Calibrated,1554.2364505037594,0.7870907169437149,0.2,0.5,0.23719771276929622,0.2,5,3,0.1887775293146661,supplier_delay,False,24,2
5010,demand_surge,bm25,1,RuleBased,1687.6000000000004,0.8040712468193386,0.0,0.0,0.0,0.25,1,1,0.3,normal,False,24,2
5010,demand_surge,bm25,1,TFIDF_LogReg_Calibrated,1402.61141148669,0.7605634045273563,0.0,0.0,0.0,0.25,1,1,0.01502363298751618,supplier_delay,False,24,2
5010,demand_surge,bm25,3,RuleBased,1687.6000000000004,0.8040712468193386,0.0,0.0,0.0,0.25,3,2,0.3,normal,False,24,2
5010,demand_surge,bm25,3,TFIDF_LogReg_Calibrated,1438.171460871234,0.7667230781558716,0.0,0.0,0.0,0.25,3,2,0.05536949525429218,supplier_delay,False,24,2
5010,demand_surge,bm25,5,RuleBased,1773.6086956521744,0.8180108419072907,0.2,0.5,0.2640681225725909,0.25,5,3,0.391304347826087,demand_surge,True,24,2
5010,demand_surge,bm25,5,TFIDF_LogReg_Calibrated,1535.878412842958,0.7838691608042393,0.2,0.5,0.2640681225725909,0.25,5,3,0.16767633660110096,supplier_delay,False,24,2
5010,demand_surge,tfidf,1,RuleBased,1809.7999999999997,0.8295165394402034,1.0,0.5,1.0,1.0,1,0,0.6,demand_surge,True,24,2
5010,demand_surge,tfidf,1,TFIDF_LogReg_Calibrated,2029.9171784204914,0.8625160009708317,1.0,0.5,1.0,1.0,1,0,0.7769107883760235,demand_surge,True,24,2
5010,demand_surge,tfidf,3,RuleBased,1809.7999999999997,0.8295165394402034,0.3333333333333333,0.5,0.6131471927654584,1.0,3,1,0.6,demand_surge,True,24,2
5010,demand_surge,tfidf,3,TFIDF_LogReg_Calibrated,2002.6795538726115,0.857988616854212,0.3333333333333333,0.5,0.6131471927654584,1.0,3,1,0.7162302676543898,demand_surge,True,24,2
5010,demand_surge,tfidf,5,RuleBased,1773.6086956521744,0.8180108419072907,0.2,0.5,0.6131471927654584,1.0,5,3,0.391304347826087,demand_surge,True,24,2
5010,demand_surge,tfidf,5,TFIDF_LogReg_Calibrated,1535.878412842958,0.7838691608042393,0.2,0.5,0.6131471927654584,1.0,5,3,0.16767633660110096,supplier_delay,False,24,2
5010,demand_surge,dense,1,RuleBased,1809.7999999999997,0.8295165394402034,1.0,0.5,1.0,1.0,1,0,0.6,demand_surge,True,24,2
5010,demand_surge,dense,1,TFIDF_LogReg_Calibrated,2029.9171784204914,0.8625160009708317,1.0,0.5,1.0,1.0,1,0,0.7769107883760235,demand_surge,True,24,2
5010,demand_surge,dense,3,RuleBased,1809.7999999999997,0.8295165394402034,0.3333333333333333,0.5,0.6131471927654584,1.0,3,1,0.6,demand_surge,True,24,2
5010,demand_surge,dense,3,TFIDF_LogReg_Calibrated,1804.3923799160225,0.828223838805215,0.3333333333333333,0.5,0.6131471927654584,1.0,3,1,0.5830656216816482,demand_surge,True,24,2
5010,demand_surge,dense,5,RuleBased,1809.7999999999997,0.8295165394402034,0.4,1.0,0.8503449055347546,1.0,5,1,0.6,demand_surge,True,24,2
5010,demand_surge,dense,5,TFIDF_LogReg_Calibrated,2017.8126902070917,0.8602059841362135,0.4,1.0,0.8503449055347546,1.0,5,1,0.7516931045981077,demand_surge,True,24,2
5010,demand_surge,oracle,1,RuleBased,1809.7999999999997,0.8295165394402034,1.0,0.5,1.0,1.0,1,0,0.6,demand_surge,True,24,2
5010,demand_surge,oracle,1,TFIDF_LogReg_Calibrated,2029.9171784204914,0.8625160009708317,1.0,0.5,1.0,1.0,1,0,0.7769107883760235,demand_surge,True,24,2
5010,demand_surge,oracle,3,RuleBased,1773.6086956521744,0.8180108419072907,0.6666666666666666,1.0,1.0,1.0,3,1,0.391304347826087,demand_surge,True,24,2
5010,demand_surge,oracle,3,TFIDF_LogReg_Calibrated,2028.8056251619378,0.862303872486375,0.6666666666666666,1.0,1.0,1.0,3,1,0.774595052420704,demand_surge,True,24,2
5010,demand_surge,oracle,5,RuleBased,1728.6842105263156,0.8138475960894603,0.4,1.0,1.0,1.0,5,2,0.39473684210526316,supplier_delay,False,24,2
5010,demand_surge,oracle,5,TFIDF_LogReg_Calibrated,1987.9999999999998,0.8549618320610687,0.4,1.0,1.0,1.0,5,2,0.6666666666666666,demand_surge,True,24,2
5011,normal,none,1,RuleBased,1653.4000000000003,0.893498452012384,0.0,0.0,0.0,0.0,0,0,0.35,normal,True,24,2
5011,normal,none,1,TFIDF_LogReg_Calibrated,1653.4000000000003,0.893498452012384,0.0,0.0,0.0,0.0,0,0,0.35,normal,True,24,2
5011,normal,none,3,RuleBased,1653.4000000000003,0.893498452012384,0.0,0.0,0.0,0.0,0,0,0.35,normal,True,24,2
5011,normal,none,3,TFIDF_LogReg_Calibrated,1653.4000000000003,0.893498452012384,0.0,0.0,0.0,0.0,0,0,0.35,normal,True,24,2
5011,normal,none,5,RuleBased,1653.4000000000003,0.893498452012384,0.0,0.0,0.0,0.0,0,0,0.35,normal,True,24,2
5011,normal,none,5,TFIDF_LogReg_Calibrated,1653.4000000000003,0.893498452012384,0.0,0.0,0.0,0.0,0,0,0.35,normal,True,24,2
5011,normal,random,1,RuleBased,1447.0,0.8823529411764706,0.0,0.0,0.0,0.1111111111111111,1,1,0.0,supplier_delay,False,24,2
5011,normal,random,1,TFIDF_LogReg_Calibrated,1515.2039786565351,0.8823529411764706,0.0,0.0,0.0,0.1111111111111111,1,1,0.08369642996783096,supplier_delay,False,24,2
5011,normal,random,3,RuleBased,1443.0,0.8823529411764706,0.0,0.0,0.0,0.1111111111111111,3,2,0.0,supplier_delay,False,24,2
5011,normal,random,3,TFIDF_LogReg_Calibrated,1442.6471244745956,0.8814537297843276,0.0,0.0,0.0,0.1111111111111111,3,2,0.016135848870123717,supplier_delay,False,24,2
5011,normal,random,5,RuleBased,1447.0,0.8823529411764706,0.0,0.0,0.0,0.1111111111111111,5,3,0.0,supplier_delay,False,24,2
5011,normal,random,5,TFIDF_LogReg_Calibrated,1434.5067452328724,0.8830198171648943,0.0,0.0,0.0,0.1111111111111111,5,3,0.0,demand_surge,False,24,2
5011,normal,bm25,1,RuleBased,1653.4000000000003,0.893498452012384,1.0,0.5,1.0,1.0,1,0,0.4,normal,True,24,2
5011,normal,bm25,1,TFIDF_LogReg_Calibrated,1511.0,0.8699690402476781,1.0,0.5,1.0,1.0,1,0,0.23790937294814407,supplier_delay,False,24,2
5011,normal,bm25,3,RuleBased,1663.0,0.891640866873065,0.6666666666666666,1.0,1.0,1.0,3,0,0.5,normal,True,24,2
5011,normal,bm25,3,TFIDF_LogReg_Calibrated,1572.0,0.8699690402476781,0.6666666666666666,1.0,1.0,1.0,3,0,0.40140916327844095,supplier_delay,False,24,2
5011,normal,bm25,5,RuleBased,1663.0,0.891640866873065,0.4,1.0,1.0,1.0,5,0,0.5,normal,True,24,2
5011,normal,bm25,5,TFIDF_LogReg_Calibrated,1511.0,0.8699690402476781,0.4,1.0,1.0,1.0,5,0,0.362334186602963,supplier_delay,False,24,2
5011,normal,tfidf,1,RuleBased,1653.4000000000003,0.893498452012384,1.0,0.5,1.0,1.0,1,0,0.4,normal,True,24,2
5011,normal,tfidf,1,TFIDF_LogReg_Calibrated,1511.0,0.8699690402476781,1.0,0.5,1.0,1.0,1,0,0.23790937294814407,supplier_delay,False,24,2
5011,normal,tfidf,3,RuleBased,1663.0,0.891640866873065,0.6666666666666666,1.0,1.0,1.0,3,0,0.5,normal,True,24,2
5011,normal,tfidf,3,TFIDF_LogReg_Calibrated,1572.0,0.8699690402476781,0.6666666666666666,1.0,1.0,1.0,3,0,0.40140916327844095,supplier_delay,False,24,2
5011,normal,tfidf,5,RuleBased,1663.0,0.891640866873065,0.4,1.0,1.0,1.0,5,0,0.5,normal,True,24,2
5011,normal,tfidf,5,TFIDF_LogReg_Calibrated,1511.0,0.8699690402476781,0.4,1.0,1.0,1.0,5,0,0.32349344365100596,supplier_delay,False,24,2
5011,normal,dense,1,RuleBased,1653.4000000000003,0.893498452012384,1.0,0.5,1.0,1.0,1,0,0.4,normal,True,24,2
5011,normal,dense,1,TFIDF_LogReg_Calibrated,1511.0,0.8699690402476781,1.0,0.5,1.0,1.0,1,0,0.23790937294814407,supplier_delay,False,24,2
5011,normal,dense,3,RuleBased,1647.0,0.8947368421052632,0.6666666666666666,1.0,1.0,1.0,3,0,0.33333333333333337,normal,True,24,2
5011,normal,dense,3,TFIDF_LogReg_Calibrated,1511.0,0.8699690402476781,0.6666666666666666,1.0,1.0,1.0,3,0,0.2930568949087737,supplier_delay,False,24,2
5011,normal,dense,5,RuleBased,1647.0,0.8947368421052632,0.4,1.0,1.0,1.0,5,1,0.33333333333333337,normal,True,24,2
5011,normal,dense,5,TFIDF_LogReg_Calibrated,1511.0,0.8699690402476781,0.4,1.0,1.0,1.0,5,1,0.3333333333333333,supplier_delay,False,24,2
5011,normal,oracle,1,RuleBased,1653.4000000000003,0.893498452012384,1.0,0.5,1.0,1.0,1,0,0.4,normal,True,24,2
5011,normal,oracle,1,TFIDF_LogReg_Calibrated,1511.0,0.8699690402476781,1.0,0.5,1.0,1.0,1,0,0.23790937294814407,supplier_delay,False,24,2
5011,normal,oracle,3,RuleBased,1663.0,0.891640866873065,0.6666666666666666,1.0,1.0,1.0,3,0,0.5,normal,True,24,2
5011,normal,oracle,3,TFIDF_LogReg_Calibrated,1572.0,0.8699690402476781,0.6666666666666666,1.0,1.0,1.0,3,0,0.40140916327844095,supplier_delay,False,24,2
5011,normal,oracle,5,RuleBased,1565.4000000000003,0.8823529411764706,0.4,1.0,1.0,1.0,5,2,0.4000000000000001,normal,True,24,2
5011,normal,oracle,5,TFIDF_LogReg_Calibrated,1511.0,0.8699690402476781,0.4,1.0,1.0,1.0,5,2,0.3333333333333333,supplier_delay,False,24,2
5011,supplier_delay,none,1,RuleBased,1630.1999999999998,0.8854489164086687,0.0,0.0,0.0,0.0,0,0,0.35,normal,False,24,2
5011,supplier_delay,none,1,TFIDF_LogReg_Calibrated,1630.1999999999998,0.8854489164086687,0.0,0.0,0.0,0.0,0,0,0.35,normal,False,24,2
5011,supplier_delay,none,3,RuleBased,1630.1999999999998,0.8854489164086687,0.0,0.0,0.0,0.0,0,0,0.35,normal,False,24,2
5011,supplier_delay,none,3,TFIDF_LogReg_Calibrated,1630.1999999999998,0.8854489164086687,0.0,0.0,0.0,0.0,0,0,0.35,normal,False,24,2
5011,supplier_delay,none,5,RuleBased,1630.1999999999998,0.8854489164086687,0.0,0.0,0.0,0.0,0,0,0.35,normal,False,24,2
5011,supplier_delay,none,5,TFIDF_LogReg_Calibrated,1630.1999999999998,0.8854489164086687,0.0,0.0,0.0,0.0,0,0,0.35,normal,False,24,2
5011,supplier_delay,random,1,RuleBased,1743.0,0.9226006191950464,0.0,0.0,0.0,0.1111111111111111,1,0,0.5,supplier_delay,True,24,2
5011,supplier_delay,random,1,TFIDF_LogReg_Calibrated,1802.2691103122413,0.9182492110514573,0.0,0.0,0.0,0.1111111111111111,1,0,0.594234259764928,supplier_delay,True,24,2
5011,supplier_delay,random,3,RuleBased,1731.0,0.9226006191950464,0.0,0.0,0.0,0.1111111111111111,3,0,0.6666666666666667,supplier_delay,True,24,2
5011,supplier_delay,random,3,TFIDF_LogReg_Calibrated,1740.9719546017363,0.9226006191950464,0.0,0.0,0.0,0.1111111111111111,3,0,0.6666666666666666,supplier_delay,True,24,2
5011,supplier_delay,random,5,RuleBased,1743.0,0.9226006191950464,0.0,0.0,0.0,0.1111111111111111,5,1,0.5,supplier_delay,True,24,2
5011,supplier_delay,random,5,TFIDF_LogReg_Calibrated,1725.5525235148732,0.9226006191950464,0.0,0.0,0.0,0.1111111111111111,5,1,0.4640998426231964,demand_surge,False,24,2
5011,supplier_delay,bm25,1,RuleBased,1630.1999999999998,0.8854489164086687,0.0,0.0,0.0,0.125,1,1,0.3,normal,False,24,2
5011,supplier_delay,bm25,1,TFIDF_LogReg_Calibrated,1519.0,0.8575851393188855,0.0,0.0,0.0,0.125,1,1,0.3256056199887611,normal,False,24,2
5011,supplier_delay,bm25,3,RuleBased,1611.0,0.8808049535603715,0.0,0.0,0.0,0.125,3,2,0.24999999999999994,normal,False,24,2
5011,supplier_delay,bm25,3,TFIDF_LogReg_Calibrated,1672.0,0.8823529411764706,0.0,0.0,0.0,0.125,3,2,0.4263961462859986,normal,False,24,2
5011,supplier_delay,bm25,5,RuleBased,1643.0,0.8885448916408669,0.0,0.0,0.0,0.125,5,3,0.3333333333333333,normal,False,24,2
5011,supplier_delay,bm25,5,TFIDF_LogReg_Calibrated,1798.0,0.9071207430340558,0.0,0.0,0.0,0.125,5,3,0.7918187223741612,supplier_delay,True,24,2
5011,supplier_delay,tfidf,1,RuleBased,1630.1999999999998,0.8854489164086687,0.0,0.0,0.0,0.3333333333333333,1,1,0.3,normal,False,24,2
5011,supplier_delay,tfidf,1,TFIDF_LogReg_Calibrated,1519.0,0.8575851393188855,0.0,0.0,0.0,0.3333333333333333,1,1,0.3256056199887611,normal,False,24,2
5011,supplier_delay,tfidf,3,RuleBased,1763.9230769230774,0.9080733507978088,0.3333333333333333,0.5,0.3065735963827292,0.3333333333333333,3,1,0.46153846153846145,supplier_delay,True,24,2
5011,supplier_delay,tfidf,3,TFIDF_LogReg_Calibrated,1798.0,0.9071207430340558,0.3333333333333333,0.5,0.3065735963827292,0.3333333333333333,3,1,0.8182808410249107,supplier_delay,True,24,2
5011,supplier_delay,tfidf,5,RuleBased,1750.2,0.9046439628482972,0.2,0.5,0.3065735963827292,0.3333333333333333,5,2,0.39999999999999997,normal,False,24,2
5011,supplier_delay,tfidf,5,TFIDF_LogReg_Calibrated,1798.0,0.9071207430340558,0.2,0.5,0.3065735963827292,0.3333333333333333,5,2,0.7297405841487844,supplier_delay,True,24,2
5011,supplier_delay,dense,1,RuleBased,1705.0,0.9009287925696594,1.0,0.5,1.0,1.0,1,0,1.0,supplier_delay,True,24,2
5011,supplier_delay,dense,1,TFIDF_LogReg_Calibrated,1705.0,0.9009287925696594,1.0,0.5,1.0,1.0,1,0,0.9503195497039694,supplier_delay,True,24,2
5011,supplier_delay,dense,3,RuleBased,1809.628571428571,0.920389208314905,0.6666666666666666,1.0,0.9197207891481876,1.0,3,1,0.42857142857142855,supplier_delay,True,24,2
5011,supplier_delay,dense,3,TFIDF_LogReg_Calibrated,1705.0,0.9009287925696594,0.6666666666666666,1.0,0.9197207891481876,1.0,3,1,0.9698188968932121,supplier_delay,True,24,2
5011,supplier_delay,dense,5,RuleBased,1809.628571428571,0.920389208314905,0.4,1.0,0.9197207891481876,1.0,5,1,0.42857142857142855,supplier_delay,True,24,2
5011,supplier_delay,dense,5,TFIDF_LogReg_Calibrated,1705.0,0.9009287925696594,0.4,1.0,0.9197207891481876,1.0,5,1,0.9606363949295043,supplier_delay,True,24,2
5011,supplier_delay,oracle,1,RuleBased,1705.0,0.9009287925696594,1.0,0.5,1.0,1.0,1,0,1.0,supplier_delay,True,24,2
5011,supplier_delay,oracle,1,TFIDF_LogReg_Calibrated,1747.3482494467635,0.9226006191950464,1.0,0.5,1.0,1.0,1,0,0.6931201447358631,supplier_delay,True,24,2
5011,supplier_delay,oracle,3,RuleBased,1753.344827586207,0.9054126187680154,0.6666666666666666,1.0,1.0,1.0,3,1,0.5172413793103449,supplier_delay,True,24,2
5011,supplier_delay,oracle,3,TFIDF_LogReg_Calibrated,1705.0,0.9009287925696594,0.6666666666666666,1.0,1.0,1.0,3,1,0.9201279905711024,supplier_delay,True,24,2
5011,supplier_delay,oracle,5,RuleBased,1753.344827586207,0.9054126187680154,0.4,1.0,1.0,1.0,5,2,0.5172413793103449,supplier_delay,True,24,2
5011,supplier_delay,oracle,5,TFIDF_LogReg_Calibrated,1705.0,0.9009287925696594,0.4,1.0,1.0,1.0,5,2,0.9725993474701722,supplier_delay,True,24,2
5011,demand_surge,none,1,RuleBased,1627.6000000000001,0.7879396984924624,0.0,0.0,0.0,0.0,0,0,0.3,normal,False,24,2
5011,demand_surge,none,1,TFIDF_LogReg_Calibrated,1627.6000000000001,0.7879396984924624,0.0,0.0,0.0,0.0,0,0,0.3,normal,False,24,2
5011,demand_surge,none,3,RuleBased,1627.6000000000001,0.7879396984924624,0.0,0.0,0.0,0.0,0,0,0.3,normal,False,24,2
5011,demand_surge,none,3,TFIDF_LogReg_Calibrated,1627.6000000000001,0.7879396984924624,0.0,0.0,0.0,0.0,0,0,0.3,normal,False,24,2
5011,demand_surge,none,5,RuleBased,1627.6000000000001,0.7879396984924624,0.0,0.0,0.0,0.0,0,0,0.3,normal,False,24,2
5011,demand_surge,none,5,TFIDF_LogReg_Calibrated,1627.6000000000001,0.7879396984924624,0.0,0.0,0.0,0.0,0,0,0.3,normal,False,24,2
5011,demand_surge,random,1,RuleBased,1767.0,0.8140703517587939,0.0,0.0,0.0,0.1111111111111111,1,1,0.5,supplier_delay,False,24,2
5011,demand_surge,random,1,TFIDF_LogReg_Calibrated,1647.2415861603447,0.7927811834955378,0.0,0.0,0.0,0.1111111111111111,1,1,0.322069310267241,supplier_delay,False,24,2
5011,demand_surge,random,3,RuleBased,1705.0,0.8065326633165829,0.0,0.0,0.0,0.1111111111111111,3,2,0.33333333333333337,supplier_delay,False,24,2
5011,demand_surge,random,3,TFIDF_LogReg_Calibrated,1696.9643472626785,0.8048298852951125,0.0,0.0,0.0,0.1111111111111111,3,2,0.3171974844632096,supplier_delay,False,24,2
5011,demand_surge,random,5,RuleBased,1767.0,0.8140703517587939,0.0,0.0,0.0,0.1111111111111111,5,2,0.5,supplier_delay,False,24,2
5011,demand_surge,random,5,TFIDF_LogReg_Calibrated,1793.7097170883421,0.8189412273827826,0.0,0.0,0.0,0.1111111111111111,5,2,0.5359001573768035,demand_surge,True,24,2
5011,demand_surge,bm25,1,RuleBased,1627.6000000000001,0.7879396984924624,0.0,0.0,0.0,0.1111111111111111,1,1,0.3,normal,False,24,2
5011,demand_surge,bm25,1,TFIDF_LogReg_Calibrated,1384.0,0.7487437185929648,0.0,0.0,0.0,0.1111111111111111,1,1,0.0,normal,False,24,2
5011,demand_surge,bm25,3,RuleBased,1595.5,0.7826633165829145,0.0,0.0,0.0,0.1111111111111111,3,2,0.24999999999999994,normal,False,24,2
5011,demand_surge,bm25,3,TFIDF_LogReg_Calibrated,1398.0,0.7512562814070352,0.0,0.0,0.0,0.1111111111111111,3,2,0.0,normal,False,24,2
5011,demand_surge,bm25,5,RuleBased,1649.0,0.7914572864321608,0.0,0.0,0.0,0.1111111111111111,5,3,0.3333333333333333,normal,False,24,2
5011,demand_surge,bm25,5,TFIDF_LogReg_Calibrated,1398.0,0.7512562814070352,0.0,0.0,0.0,0.1111111111111111,5,3,0.0,supplier_delay,False,24,2
5011,demand_surge,tfidf,1,RuleBased,1627.6000000000001,0.7879396984924624,0.0,0.0,0.0,0.14285714285714285,1,1,0.3,normal,False,24,2
5011,demand_surge,tfidf,1,TFIDF_LogReg_Calibrated,1384.0,0.7487437185929648,0.0,0.0,0.0,0.14285714285714285,1,1,0.0,normal,False,24,2
5011,demand_surge,tfidf,3,RuleBased,1627.6000000000001,0.7879396984924624,0.0,0.0,0.0,0.14285714285714285,3,1,0.3,normal,False,24,2
5011,demand_surge,tfidf,3,TFIDF_LogReg_Calibrated,1476.0,0.7638190954773869,0.0,0.0,0.0,0.14285714285714285,3,1,0.0,supplier_delay,False,24,2
5011,demand_surge,tfidf,5,RuleBased,1649.0,0.7914572864321608,0.0,0.0,0.0,0.14285714285714285,5,3,0.3333333333333333,normal,False,24,2
5011,demand_surge,tfidf,5,TFIDF_LogReg_Calibrated,1398.0,0.7512562814070352,0.0,0.0,0.0,0.14285714285714285,5,3,0.0,supplier_delay,False,24,2
5011,demand_surge,dense,1,RuleBased,1675.75,0.7958542713567839,0.0,0.0,0.0,0.16666666666666666,1,1,0.37499999999999994,supplier_delay,False,24,2
5011,demand_surge,dense,1,TFIDF_LogReg_Calibrated,1477.862694465512,0.7641418635358711,0.0,0.0,0.0,0.16666666666666666,1,1,0.002141028121278333,supplier_delay,False,24,2
5011,demand_surge,dense,3,RuleBased,1675.75,0.7958542713567839,0.0,0.0,0.0,0.16666666666666666,3,2,0.37499999999999994,supplier_delay,False,24,2
5011,demand_surge,dense,3,TFIDF_LogReg_Calibrated,1476.0,0.7638190954773869,0.0,0.0,0.0,0.16666666666666666,3,2,0.0,supplier_delay,False,24,2
5011,demand_surge,dense,5,RuleBased,1675.75,0.7958542713567839,0.0,0.0,0.0,0.16666666666666666,5,2,0.37499999999999994,supplier_delay,False,24,2
5011,demand_surge,dense,5,TFIDF_LogReg_Calibrated,1456.0,0.7638190954773869,0.0,0.0,0.0,0.16666666666666666,5,2,0.0,supplier_delay,False,24,2
5011,demand_surge,oracle,1,RuleBased,1809.6666666666674,0.821608040201005,1.0,0.5,1.0,1.0,1,0,0.5555555555555556,demand_surge,True,24,2
5011,demand_surge,oracle,1,TFIDF_LogReg_Calibrated,1955.6666666666665,0.841708542713568,1.0,0.5,1.0,1.0,1,0,0.7777777777777778,demand_surge,True,24,2
5011,demand_surge,oracle,3,RuleBased,1710.1428571428569,0.8015075376884424,0.6666666666666666,1.0,1.0,1.0,3,1,0.42857142857142855,demand_surge,True,24,2
5011,demand_surge,oracle,3,TFIDF_LogReg_Calibrated,1911.5353683598612,0.8342052048822826,0.6666666666666666,1.0,1.0,1.0,3,1,0.722475398947194,demand_surge,True,24,2
5011,demand_surge,oracle,5,RuleBased,1710.1428571428569,0.8015075376884424,0.4,1.0,1.0,1.0,5,2,0.42857142857142855,demand_surge,True,24,2
5011,demand_surge,oracle,5,TFIDF_LogReg_Calibrated,1952.1150157970842,0.8411046802088216,0.4,1.0,1.0,1.0,5,2,0.7733270874650178,demand_surge,True,24,2
5012,normal,none,1,RuleBased,1757.3999999999999,0.881764705882353,0.0,0.0,0.0,0.0,0,0,0.35,normal,True,24,2
5012,normal,none,1,TFIDF_LogReg_Calibrated,1757.3999999999999,0.881764705882353,0.0,0.0,0.0,0.0,0,0,0.35,normal,True,24,2
5012,normal,none,3,RuleBased,1757.3999999999999,0.881764705882353,0.0,0.0,0.0,0.0,0,0,0.35,normal,True,24,2
5012,normal,none,3,TFIDF_LogReg_Calibrated,1757.3999999999999,0.881764705882353,0.0,0.0,0.0,0.0,0,0,0.35,normal,True,24,2
5012,normal,none,5,RuleBased,1757.3999999999999,0.881764705882353,0.0,0.0,0.0,0.0,0,0,0.35,normal,True,24,2
5012,normal,none,5,TFIDF_LogReg_Calibrated,1757.3999999999999,0.881764705882353,0.0,0.0,0.0,0.0,0,0,0.35,normal,True,24,2
5012,normal,random,1,RuleBased,1631.0,0.8823529411764706,0.0,0.0,0.0,0.5,1,1,0.0,demand_surge,False,24,2
5012,normal,random,1,TFIDF_LogReg_Calibrated,1574.6746662176831,0.8667488492771039,0.0,0.0,0.0,0.5,1,1,0.06541145547130534,supplier_delay,False,24,2
5012,normal,random,3,RuleBased,1631.0,0.8823529411764706,0.3333333333333333,0.5,0.38685280723454163,0.5,3,2,0.0,demand_surge,False,24,2
5012,normal,random,3,TFIDF_LogReg_Calibrated,1584.4068083004684,0.8741833174911062,0.3333333333333333,0.5,0.38685280723454163,0.5,3,2,0.13239683582086295,demand_surge,False,24,2
5012,normal,random,5,RuleBased,1700.2000000000003,0.8823529411764706,0.2,0.5,0.38685280723454163,0.5,5,3,0.16000000000000003,demand_surge,False,24,2
5012,normal,random,5,TFIDF_LogReg_Calibrated,1567.2214099551495,0.8597323593063616,0.2,0.5,0.38685280723454163,0.5,5,3,0.08739626588639547,supplier_delay,False,24,2
5012,normal,bm25,1,RuleBased,1737.5,0.8823529411764706,0.0,0.0,0.0,0.2,1,0,0.25,supplier_delay,False,24,2
5012,normal,bm25,1,TFIDF_LogReg_Calibrated,1586.0,0.8470588235294118,0.0,0.0,0.0,0.2,1,0,0.47078255013033776,supplier_delay,False,24,2
5012,normal,bm25,3,RuleBased,1751.0,0.8823529411764706,0.0,0.0,0.0,0.2,3,1,0.4444444444444445,normal,True,24,2
5012,normal,bm25,3,TFIDF_LogReg_Calibrated,1601.692414120873,0.8592112427047814,0.0,0.0,0.0,0.2,3,1,0.3031432304286638,supplier_delay,False,24,2
5012,normal,bm25,5,RuleBased,1751.0,0.8823529411764706,0.2,0.5,0.23719771276929622,0.2,5,1,0.4444444444444445,normal,True,24,2
5012,normal,bm25,5,TFIDF_LogReg_Calibrated,1597.378990155497,0.8577088524838326,0.2,0.5,0.23719771276929622,0.2,5,1,0.34104150405682265,supplier_delay,False,24,2
5012,normal,tfidf,1,RuleBased,1737.5,0.8823529411764706,0.0,0.0,0.0,0.2,1,0,0.25,supplier_delay,False,24,2
5012,normal,tfidf,1,TFIDF_LogReg_Calibrated,1586.0,0.8470588235294118,0.0,0.0,0.0,0.2,1,0,0.47078255013033776,supplier_delay,False,24,2
5012,normal,tfidf,3,RuleBased,1751.0,0.8823529411764706,0.0,0.0,0.0,0.2,3,1,0.4444444444444445,normal,True,24,2
5012,normal,tfidf,3,TFIDF_LogReg_Calibrated,1601.692414120873,0.8592112427047814,0.0,0.0,0.0,0.2,3,1,0.3031432304286638,supplier_delay,False,24,2
5012,normal,tfidf,5,RuleBased,1751.0,0.8823529411764706,0.2,0.5,0.23719771276929622,0.2,5,1,0.4444444444444445,normal,True,24,2
5012,normal,tfidf,5,TFIDF_LogReg_Calibrated,1597.378990155497,0.8577088524838326,0.2,0.5,0.23719771276929622,0.2,5,1,0.34104150405682265,supplier_delay,False,24,2
5012,normal,dense,1,RuleBased,1737.5,0.8823529411764706,0.0,0.0,0.0,0.5,1,0,0.25,supplier_delay,False,24,2
5012,normal,dense,1,TFIDF_LogReg_Calibrated,1586.0,0.8470588235294118,0.0,0.0,0.0,0.5,1,0,0.47078255013033776,supplier_delay,False,24,2
5012,normal,dense,3,RuleBased,1734.3846153846155,0.8823529411764706,0.3333333333333333,0.5,0.38685280723454163,0.5,3,1,0.3076923076923077,demand_surge,False,24,2
5012,normal,dense,3,TFIDF_LogReg_Calibrated,1597.0142432720647,0.865108096715885,0.3333333333333333,0.5,0.38685280723454163,0.5,3,1,0.3333333333333333,supplier_delay,False,24,2
5012,normal,dense,5,RuleBased,1734.3846153846155,0.8823529411764706,0.4,1.0,0.6509209298071326,0.5,5,1,0.3076923076923077,demand_surge,False,24,2
5012,normal,dense,5,TFIDF_LogReg_Calibrated,1597.845413155725,0.8563370201302201,0.4,1.0,0.6509209298071326,0.5,5,1,0.34425087694432305,supplier_delay,False,24,2
5012,normal,oracle,1,RuleBased,1737.5,0.8823529411764706,1.0,0.5,1.0,1.0,1,0,0.25,supplier_delay,False,24,2
5012,normal,oracle,1,TFIDF_LogReg_Calibrated,1544.4110773992854,0.8501889142459951,1.0,0.5,1.0,1.0,1,0,0.22384100440244312,supplier_delay,False,24,2
5012,normal,oracle,3,RuleBased,1737.5,0.8823529411764706,0.6666666666666666,1.0,1.0,1.0,3,0,0.25,supplier_delay,False,24,2
5012,normal,oracle,3,TFIDF_LogReg_Calibrated,1586.0,0.8470588235294118,0.6666666666666666,1.0,1.0,1.0,3,0,0.4599477616872507,supplier_delay,False,24,2
5012,normal,oracle,5,RuleBased,1594.1999999999996,0.8681512605042017,0.4,1.0,1.0,1.0,5,2,0.2285714285714286,supplier_delay,False,24,2
5012,normal,oracle,5,TFIDF_LogReg_Calibrated,1553.1391977589783,0.854199998970119,0.4,1.0,1.0,1.0,5,2,0.2021517415275592,supplier_delay,False,24,2
5012,supplier_delay,none,1,RuleBased,1550.3999999999999,0.8547058823529412,0.0,0.0,0.0,0.0,0,0,0.35,normal,False,24,2
5012,supplier_delay,none,1,TFIDF_LogReg_Calibrated,1550.3999999999999,0.8547058823529412,0.0,0.0,0.0,0.0,0,0,0.35,normal,False,24,2
5012,supplier_delay,none,3,RuleBased,1550.3999999999999,0.8547058823529412,0.0,0.0,0.0,0.0,0,0,0.35,normal,False,24,2
5012,supplier_delay,none,3,TFIDF_LogReg_Calibrated,1550.3999999999999,0.8547058823529412,0.0,0.0,0.0,0.0,0,0,0.35,normal,False,24,2
5012,supplier_delay,none,5,RuleBased,1550.3999999999999,0.8547058823529412,0.0,0.0,0.0,0.0,0,0,0.35,normal,False,24,2
5012,supplier_delay,none,5,TFIDF_LogReg_Calibrated,1550.3999999999999,0.8547058823529412,0.0,0.0,0.0,0.0,0,0,0.35,normal,False,24,2
5012,supplier_delay,random,1,RuleBased,1688.0,0.888235294117647,0.0,0.0,0.0,0.5,1,1,0.33333333333333337,demand_surge,False,24,2
5012,supplier_delay,random,1,TFIDF_LogReg_Calibrated,1742.4191313132296,0.8798755331088985,0.0,0.0,0.0,0.5,1,1,0.7293325026278443,supplier_delay,True,24,2
5012,supplier_delay,random,3,RuleBased,1663.5714285714282,0.8844537815126049,0.3333333333333333,0.5,0.38685280723454163,0.5,3,2,0.4285714285714286,demand_surge,False,24,2
5012,supplier_delay,random,3,TFIDF_LogReg_Calibrated,1756.8968055963205,0.8926185547760509,0.3333333333333333,0.5,0.38685280723454163,0.5,3,2,0.6458939190088082,supplier_delay,True,24,2
5012,supplier_delay,random,5,RuleBased,1621.0400000000009,0.8717647058823529,0.2,0.5,0.38685280723454163,0.5,5,3,0.36000000000000004,demand_surge,False,24,2
5012,supplier_delay,random,5,TFIDF_LogReg_Calibrated,1704.6488091155672,0.8690100518123675,0.2,0.5,0.38685280723454163,0.5,5,3,0.8743689979996887,supplier_delay,True,24,2
5012,supplier_delay,bm25,1,RuleBased,1584.5,0.8625,0.0,0.0,0.0,0.3333333333333333,1,1,0.37499999999999994,supplier_delay,True,24,2
5012,supplier_delay,bm25,1,TFIDF_LogReg_Calibrated,1523.0,0.8382352941176471,0.0,0.0,0.0,0.3333333333333333,1,1,0.5292174498696622,supplier_delay,True,24,2
5012,supplier_delay,bm25,3,RuleBased,1521.0,0.8485294117647059,0.3333333333333333,0.5,0.3065735963827292,0.3333333333333333,3,2,0.24999999999999994,normal,False,24,2
5012,supplier_delay,bm25,3,TFIDF_LogReg_Calibrated,1680.0,0.861764705882353,0.3333333333333333,0.5,0.3065735963827292,0.3333333333333333,3,2,0.7557305673986159,supplier_delay,True,24,2
5012,supplier_delay,bm25,5,RuleBased,1570.0,0.8588235294117647,0.2,0.5,0.3065735963827292,0.3333333333333333,5,3,0.2222222222222222,normal,False,24,2
5012,supplier_delay,bm25,5,TFIDF_LogReg_Calibrated,1581.6472187747333,0.8528561279591931,0.2,0.5,0.3065735963827292,0.3333333333333333,5,3,0.5009638831291437,supplier_delay,True,24,2
5012,supplier_delay,tfidf,1,RuleBased,1584.5,0.8625,0.0,0.0,0.0,0.3333333333333333,1,1,0.37499999999999994,supplier_delay,True,24,2
5012,supplier_delay,tfidf,1,TFIDF_LogReg_Calibrated,1523.0,0.8382352941176471,0.0,0.0,0.0,0.3333333333333333,1,1,0.5292174498696622,supplier_delay,True,24,2
5012,supplier_delay,tfidf,3,RuleBased,1521.0,0.8485294117647059,0.3333333333333333,0.5,0.3065735963827292,0.3333333333333333,3,2,0.24999999999999994,normal,False,24,2
5012,supplier_delay,tfidf,3,TFIDF_LogReg_Calibrated,1680.0,0.861764705882353,0.3333333333333333,0.5,0.3065735963827292,0.3333333333333333,3,2,0.7557305673986159,supplier_delay,True,24,2
5012,supplier_delay,tfidf,5,RuleBased,1570.0,0.8588235294117647,0.2,0.5,0.3065735963827292,0.3333333333333333,5,3,0.2222222222222222,normal,False,24,2
5012,supplier_delay,tfidf,5,TFIDF_LogReg_Calibrated,1581.6472187747333,0.8528561279591931,0.2,0.5,0.3065735963827292,0.3333333333333333,5,3,0.5009638831291437,supplier_delay,True,24,2
5012,supplier_delay,dense,1,RuleBased,1584.5,0.8625,0.0,0.0,0.0,0.5,1,1,0.37499999999999994,supplier_delay,True,24,2
5012,supplier_delay,dense,1,TFIDF_LogReg_Calibrated,1523.0,0.8382352941176471,0.0,0.0,0.0,0.5,1,1,0.5292174498696622,supplier_delay,True,24,2
5012,supplier_delay,dense,3,RuleBased,1653.1818181818178,0.8729946524064173,0.3333333333333333,0.5,0.38685280723454163,0.5,3,2,0.4090909090909091,supplier_delay,True,24,2
5012,supplier_delay,dense,3,TFIDF_LogReg_Calibrated,1723.48587275104,0.8743455522485971,0.3333333333333333,0.5,0.38685280723454163,0.5,3,2,0.738073839467751,supplier_delay,True,24,2
5012,supplier_delay,dense,5,RuleBased,1653.1818181818178,0.8729946524064173,0.4,1.0,0.6240505200038379,0.5,5,2,0.4090909090909091,supplier_delay,True,24,2
5012,supplier_delay,dense,5,TFIDF_LogReg_Calibrated,1709.4085703624958,0.870364414695276,0.4,1.0,0.6240505200038379,0.5,5,2,0.6731860099825667,supplier_delay,True,24,2
5012,supplier_delay,oracle,1,RuleBased,1664.0,0.8794117647058823,1.0,0.5,1.0,1.0,1,0,0.5,supplier_delay,True,24,2
5012,supplier_delay,oracle,1,TFIDF_LogReg_Calibrated,1683.980683536474,0.8628487700262729,1.0,0.5,1.0,1.0,1,0,0.6543806063689072,supplier_delay,True,24,2
5012,supplier_delay,oracle,3,RuleBased,1651.5999999999997,0.8723529411764707,0.6666666666666666,1.0,1.0,1.0,3,1,0.6,supplier_delay,True,24,2
5012,supplier_delay,oracle,3,TFIDF_LogReg_Calibrated,1680.0,0.861764705882353,0.6666666666666666,1.0,1.0,1.0,3,1,0.8433688701022314,supplier_delay,True,24,2
5012,supplier_delay,oracle,5,RuleBased,1663.5714285714282,0.8844537815126049,0.4,1.0,1.0,1.0,5,2,0.4285714285714286,demand_surge,False,24,2
5012,supplier_delay,oracle,5,TFIDF_LogReg_Calibrated,1834.0,0.888235294117647,0.4,1.0,1.0,1.0,5,2,0.943544812583348,supplier_delay,True,24,2
5012,demand_surge,none,1,RuleBased,1609.3999999999999,0.7879396984924624,0.0,0.0,0.0,0.0,0,0,0.3,normal,False,24,2
5012,demand_surge,none,1,TFIDF_LogReg_Calibrated,1609.3999999999999,0.7879396984924624,0.0,0.0,0.0,0.0,0,0,0.3,normal,False,24,2
5012,demand_surge,none,3,RuleBased,1609.3999999999999,0.7879396984924624,0.0,0.0,0.0,0.0,0,0,0.3,normal,False,24,2
5012,demand_surge,none,3,TFIDF_LogReg_Calibrated,1609.3999999999999,0.7879396984924624,0.0,0.0,0.0,0.0,0,0,0.3,normal,False,24,2
5012,demand_surge,none,5,RuleBased,1609.3999999999999,0.7879396984924624,0.0,0.0,0.0,0.0,0,0,0.3,normal,False,24,2
5012,demand_surge,none,5,TFIDF_LogReg_Calibrated,1609.3999999999999,0.7879396984924624,0.0,0.0,0.0,0.0,0,0,0.3,normal,False,24,2
5012,demand_surge,random,1,RuleBased,1785.0,0.821608040201005,0.0,0.0,0.0,0.5,1,0,0.6666666666666667,demand_surge,True,24,2
5012,demand_surge,random,1,TFIDF_LogReg_Calibrated,1403.596755106788,0.7653787782910444,0.0,0.0,0.0,0.5,1,0,0.2052560419008504,supplier_delay,False,24,2
5012,demand_surge,random,3,RuleBased,1785.0,0.821608040201005,0.3333333333333333,0.5,0.38685280723454163,0.5,3,0,0.6666666666666667,demand_surge,True,24,2
5012,demand_surge,random,3,TFIDF_LogReg_Calibrated,1552.5786426509953,0.7881842470637547,0.3333333333333333,0.5,0.38685280723454163,0.5,3,0,0.4873887638072662,supplier_delay,False,24,2
5012,demand_surge,random,5,RuleBased,1703.4000000000003,0.8047236180904522,0.2,0.5,0.38685280723454163,0.5,5,2,0.4800000000000001,demand_surge,True,24,2
5012,demand_surge,random,5,TFIDF_LogReg_Calibrated,1368.2537843949035,0.7584130910421971,0.2,0.5,0.38685280723454163,0.5,5,2,0.12828034115981565,supplier_delay,False,24,2
5012,demand_surge,bm25,1,RuleBased,1649.75,0.7952261306532663,0.0,0.0,0.0,0.3333333333333333,1,1,0.37499999999999994,supplier_delay,False,24,2
5012,demand_surge,bm25,1,TFIDF_LogReg_Calibrated,1313.0,0.7412060301507538,0.0,0.0,0.0,0.3333333333333333,1,1,0.0,supplier_delay,False,24,2
5012,demand_surge,bm25,3,RuleBased,1629.0,0.7914572864321608,0.3333333333333333,0.5,0.3065735963827292,0.3333333333333333,3,2,0.33333333333333326,normal,False,24,2
5012,demand_surge,bm25,3,TFIDF_LogReg_Calibrated,1384.1304389482727,0.7545416730631324,0.3333333333333333,0.5,0.3065735963827292,0.3333333333333333,3,2,0.17399013997920662,supplier_delay,False,24,2
5012,demand_surge,bm25,5,RuleBased,1629.0,0.7914572864321608,0.2,0.5,0.3065735963827292,0.3333333333333333,5,2,0.33333333333333326,normal,False,24,2
5012,demand_surge,bm25,5,TFIDF_LogReg_Calibrated,1643.57375301626,0.7941043324483128,0.2,0.5,0.3065735963827292,0.3333333333333333,5,2,0.3625978976230126,demand_surge,True,24,2
5012,demand_surge,tfidf,1,RuleBased,1649.75,0.7952261306532663,0.0,0.0,0.0,0.5,1,1,0.37499999999999994,supplier_delay,False,24,2
5012,demand_surge,tfidf,1,TFIDF_LogReg_Calibrated,1313.0,0.7412060301507538,0.0,0.0,0.0,0.5,1,1,0.0,supplier_delay,False,24,2
5012,demand_surge,tfidf,3,RuleBased,1629.0,0.7914572864321608,0.3333333333333333,0.5,0.38685280723454163,0.5,3,2,0.33333333333333326,normal,False,24,2
5012,demand_surge,tfidf,3,TFIDF_LogReg_Calibrated,1384.1304389482727,0.7545416730631324,0.3333333333333333,0.5,0.38685280723454163,0.5,3,2,0.17399013997920662,supplier_delay,False,24,2
5012,demand_surge,tfidf,5,RuleBased,1629.0,0.7914572864321608,0.2,0.5,0.38685280723454163,0.5,5,2,0.33333333333333326,normal,False,24,2
5012,demand_surge,tfidf,5,TFIDF_LogReg_Calibrated,1643.57375301626,0.7941043324483128,0.2,0.5,0.38685280723454163,0.5,5,2,0.3625978976230126,demand_surge,True,24,2
5012,demand_surge,dense,1,RuleBased,1649.75,0.7952261306532663,0.0,0.0,0.0,0.5,1,1,0.37499999999999994,supplier_delay,False,24,2
5012,demand_surge,dense,1,TFIDF_LogReg_Calibrated,1313.0,0.7412060301507538,0.0,0.0,0.0,0.5,1,1,0.0,supplier_delay,False,24,2
5012,demand_surge,dense,3,RuleBased,1700.3684210526314,0.8041523406506215,0.3333333333333333,0.5,0.38685280723454163,0.5,3,1,0.47368421052631576,demand_surge,True,24,2
5012,demand_surge,dense,3,TFIDF_LogReg_Calibrated,1801.2463385107717,0.8253876648312795,0.3333333333333333,0.5,0.38685280723454163,0.5,3,1,0.7168096867616404,demand_surge,True,24,2
5012,demand_surge,dense,5,RuleBased,1700.3684210526314,0.8041523406506215,0.4,1.0,0.6509209298071326,0.5,5,1,0.47368421052631576,demand_surge,True,24,2
5012,demand_surge,dense,5,TFIDF_LogReg_Calibrated,1790.1096782148456,0.822796779781976,0.4,1.0,0.6509209298071326,0.5,5,1,0.6824372784408802,demand_surge,True,24,2
5012,demand_surge,oracle,1,RuleBased,1588.8,0.7964824120603013,1.0,0.5,1.0,1.0,1,0,0.6,demand_surge,True,24,2
5012,demand_surge,oracle,1,TFIDF_LogReg_Calibrated,1825.7190954338314,0.8299178986213083,1.0,0.5,1.0,1.0,1,0,0.7769107883760235,demand_surge,True,24,2
5012,demand_surge,oracle,3,RuleBased,1588.8,0.7964824120603013,0.6666666666666666,1.0,1.0,1.0,3,1,0.6,demand_surge,True,24,2
5012,demand_surge,oracle,3,TFIDF_LogReg_Calibrated,1640.7254855903782,0.7935869986541828,0.6666666666666666,1.0,1.0,1.0,3,1,0.3568784851212419,demand_surge,True,24,2
5012,demand_surge,oracle,5,RuleBased,1608.0,0.800251256281407,0.4,1.0,1.0,1.0,5,2,0.625,demand_surge,True,24,2
5012,demand_surge,oracle,5,TFIDF_LogReg_Calibrated,1488.0103983972665,0.7754020905903329,0.4,1.0,1.0,1.0,5,2,0.37166742987982127,supplier_delay,False,24,2
5013,normal,none,1,RuleBased,1819.3999999999994,0.9264150943396229,0.0,0.0,0.0,0.0,0,0,0.35,normal,True,24,2
5013,normal,none,1,TFIDF_LogReg_Calibrated,1819.3999999999994,0.9264150943396229,0.0,0.0,0.0,0.0,0,0,0.35,normal,True,24,2
5013,normal,none,3,RuleBased,1819.3999999999994,0.9264150943396229,0.0,0.0,0.0,0.0,0,0,0.35,normal,True,24,2
5013,normal,none,3,TFIDF_LogReg_Calibrated,1819.3999999999994,0.9264150943396229,0.0,0.0,0.0,0.0,0,0,0.35,normal,True,24,2
5013,normal,none,5,RuleBased,1819.3999999999994,0.9264150943396229,0.0,0.0,0.0,0.0,0,0,0.35,normal,True,24,2
5013,normal,none,5,TFIDF_LogReg_Calibrated,1819.3999999999994,0.9264150943396229,0.0,0.0,0.0,0.0,0,0,0.35,normal,True,24,2
5013,normal,random,1,RuleBased,1540.0,0.8930817610062893,0.0,0.0,0.0,0.09090909090909091,1,0,0.0,supplier_delay,False,24,2
5013,normal,random,1,TFIDF_LogReg_Calibrated,1540.0,0.8930817610062893,0.0,0.0,0.0,0.09090909090909091,1,0,0.03813461644759388,supplier_delay,False,24,2
5013,normal,random,3,RuleBased,1658.0,0.889937106918239,0.0,0.0,0.0,0.09090909090909091,3,0,0.5714285714285715,normal,True,24,2
5013,normal,random,3,TFIDF_LogReg_Calibrated,1658.0,0.889937106918239,0.0,0.0,0.0,0.09090909090909091,3,0,0.5743873590515687,normal,True,24,2
5013,normal,random,5,RuleBased,1827.3333333333335,0.9234800838574426,0.0,0.0,0.0,0.09090909090909091,5,1,0.44444444444444453,normal,True,24,2
5013,normal,random,5,TFIDF_LogReg_Calibrated,1623.0,0.8962264150943396,0.0,0.0,0.0,0.09090909090909091,5,1,0.24344717866612697,supplier_delay,False,24,2
5013,normal,bm25,1,RuleBased,1819.3999999999994,0.9264150943396229,0.0,0.0,0.0,0.5,1,0,0.4,normal,True,24,2
5013,normal,bm25,1,TFIDF_LogReg_Calibrated,1842.0,0.9150943396226415,0.0,0.0,0.0,0.5,1,0,1.0,normal,True,24,2
5013,normal,bm25,3,RuleBased,1816.5384615384614,0.9349298500241897,0.3333333333333333,0.5,0.38685280723454163,0.5,3,0,0.30769230769230776,demand_surge,False,24,2
5013,normal,bm25,3,TFIDF_LogReg_Calibrated,1842.0,0.9150943396226415,0.3333333333333333,0.5,0.38685280723454163,0.5,3,0,1.0,normal,True,24,2
5013,normal,bm25,5,RuleBased,1816.4545454545448,0.9345340194396798,0.2,0.5,0.38685280723454163,0.5,5,1,0.36363636363636365,demand_surge,False,24,2
5013,normal,bm25,5,TFIDF_LogReg_Calibrated,1833.5582967458706,0.9176537769959429,0.2,0.5,0.38685280723454163,0.5,5,1,0.6999650566558155,normal,True,24,2
5013,normal,tfidf,1,RuleBased,1819.3999999999994,0.9264150943396229,0.0,0.0,0.0,0.5,1,0,0.4,normal,True,24,2
5013,normal,tfidf,1,TFIDF_LogReg_Calibrated,1842.0,0.9150943396226415,0.0,0.0,0.0,0.5,1,0,1.0,normal,True,24,2
5013,normal,tfidf,3,RuleBased,1816.5384615384614,0.9349298500241897,0.3333333333333333,0.5,0.38685280723454163,0.5,3,0,0.30769230769230776,demand_surge,False,24,2
5013,normal,tfidf,3,TFIDF_LogReg_Calibrated,1842.0,0.9150943396226415,0.3333333333333333,0.5,0.38685280723454163,0.5,3,0,1.0,normal,True,24,2
5013,normal,tfidf,5,RuleBased,1816.1428571428573,0.9330637915543575,0.4,1.0,0.6240505200038379,0.5,5,1,0.2285714285714286,demand_surge,False,24,2
5013,normal,tfidf,5,TFIDF_LogReg_Calibrated,1837.6267875567844,0.9194126177459607,0.4,1.0,0.6240505200038379,0.5,5,1,0.7354887945052448,normal,True,24,2
5013,normal,dense,1,RuleBased,1816.25,0.9300314465408805,1.0,0.5,1.0,1.0,1,0,0.25,supplier_delay,False,24,2
5013,normal,dense,1,TFIDF_LogReg_Calibrated,1623.4496159054681,0.8964283988793658,1.0,0.5,1.0,1.0,1,0,0.22384100440244312,supplier_delay,False,24,2
5013,normal,dense,3,RuleBased,1816.1428571428573,0.9330637915543575,0.3333333333333333,0.5,0.6131471927654584,1.0,3,1,0.2285714285714286,demand_surge,False,24,2
5013,normal,dense,3,TFIDF_LogReg_Calibrated,1836.0038534491546,0.9213796085438634,0.3333333333333333,0.5,0.6131471927654584,1.0,3,1,0.6823418620180823,normal,True,24,2
5013,normal,dense,5,RuleBased,1816.1428571428573,0.9330637915543575,0.4,1.0,0.8772153153380493,1.0,5,2,0.2285714285714286,demand_surge,False,24,2
5013,normal,dense,5,TFIDF_LogReg_Calibrated,1672.4016663937637,0.8979644602538265,0.4,1.0,0.8772153153380493,1.0,5,2,0.3821433575539808,supplier_delay,False,24,2
5013,normal,oracle,1,RuleBased,1816.25,0.9300314465408805,1.0,0.5,1.0,1.0,1,0,0.25,supplier_delay,False,24,2
5013,normal,oracle,1,TFIDF_LogReg_Calibrated,1623.4496159054681,0.8964283988793658,1.0,0.5,1.0,1.0,1,0,0.22384100440244312,supplier_delay,False,24,2
5013,normal,oracle,3,RuleBased,1816.25,0.9300314465408805,0.6666666666666666,1.0,1.0,1.0,3,0,0.25,supplier_delay,False,24,2
5013,normal,oracle,3,TFIDF_LogReg_Calibrated,1795.0,0.9056603773584906,0.6666666666666666,1.0,1.0,1.0,3,0,0.7222222222222222,normal,True,24,2
5013,normal,oracle,5,RuleBased,1816.25,0.9300314465408805,0.4,1.0,1.0,1.0,5,2,0.25,supplier_delay,False,24,2
5013,normal,oracle,5,TFIDF_LogReg_Calibrated,1623.0,0.8962264150943396,0.4,1.0,1.0,1.0,5,2,0.34035091473611173,supplier_delay,False,24,2
5013,supplier_delay,none,1,RuleBased,1500.5999999999995,0.8805031446540881,0.0,0.0,0.0,0.0,0,0,0.35,normal,False,24,2
5013,supplier_delay,none,1,TFIDF_LogReg_Calibrated,1500.5999999999995,0.8805031446540881,0.0,0.0,0.0,0.0,0,0,0.35,normal,False,24,2
5013,supplier_delay,none,3,RuleBased,1500.5999999999995,0.8805031446540881,0.0,0.0,0.0,0.0,0,0,0.35,normal,False,24,2
5013,supplier_delay,none,3,TFIDF_LogReg_Calibrated,1500.5999999999995,0.8805031446540881,0.0,0.0,0.0,0.0,0,0,0.35,normal,False,24,2
5013,supplier_delay,none,5,RuleBased,1500.5999999999995,0.8805031446540881,0.0,0.0,0.0,0.0,0,0,0.35,normal,False,24,2
5013,supplier_delay,none,5,TFIDF_LogReg_Calibrated,1500.5999999999995,0.8805031446540881,0.0,0.0,0.0,0.0,0,0,0.35,normal,False,24,2
5013,supplier_delay,random,1,RuleBased,1781.0,0.9182389937106918,0.0,0.0,0.0,0.09090909090909091,1,0,1.0,supplier_delay,True,24,2
5013,supplier_delay,random,1,TFIDF_LogReg_Calibrated,1781.0,0.9182389937106918,0.0,0.0,0.0,0.09090909090909091,1,0,0.9618653835524061,supplier_delay,True,24,2
5013,supplier_delay,random,3,RuleBased,1550.0,0.8773584905660378,0.0,0.0,0.0,0.09090909090909091,3,1,0.4285714285714285,normal,False,24,2
5013,supplier_delay,random,3,TFIDF_LogReg_Calibrated,1550.0,0.8773584905660378,0.0,0.0,0.0,0.09090909090909091,3,1,0.42561264094843126,normal,False,24,2
5013,supplier_delay,random,5,RuleBased,1469.666666666667,0.8731656184486374,0.0,0.0,0.0,0.09090909090909091,5,1,0.3333333333333333,normal,False,24,2
5013,supplier_delay,random,5,TFIDF_LogReg_Calibrated,1704.0,0.9025157232704403,0.0,0.0,0.0,0.09090909090909091,5,1,0.756552821333873,supplier_delay,True,24,2
5013,supplier_delay,bm25,1,RuleBased,1500.5999999999995,0.8805031446540881,0.0,0.0,0.0,0.2,1,1,0.3,normal,False,24,2
5013,supplier_delay,bm25,1,TFIDF_LogReg_Calibrated,1235.0,0.8270440251572327,0.0,0.0,0.0,0.2,1,1,0.0,normal,False,24,2
5013,supplier_delay,bm25,3,RuleBased,1529.4347826086962,0.8891167623735302,0.0,0.0,0.0,0.2,3,2,0.2608695652173913,demand_surge,False,24,2
5013,supplier_delay,bm25,3,TFIDF_LogReg_Calibrated,1290.234194733246,0.8429637633326218,0.0,0.0,0.0,0.2,3,2,0.10546826541195238,normal,False,24,2
5013,supplier_delay,bm25,5,RuleBased,1511.0,0.8836477987421384,0.2,0.5,0.23719771276929622,0.2,5,3,0.2222222222222222,normal,False,24,2
5013,supplier_delay,bm25,5,TFIDF_LogReg_Calibrated,1610.55186531543,0.8949352294094135,0.2,0.5,0.23719771276929622,0.2,5,3,0.5114054735501808,supplier_delay,True,24,2
5013,supplier_delay,tfidf,1,RuleBased,1500.5999999999995,0.8805031446540881,0.0,0.0,0.0,0.5,1,1,0.3,normal,False,24,2
5013,supplier_delay,tfidf,1,TFIDF_LogReg_Calibrated,1235.0,0.8270440251572327,0.0,0.0,0.0,0.5,1,1,0.0,normal,False,24,2
5013,supplier_delay,tfidf,3,RuleBased,1500.5999999999995,0.8805031446540881,0.3333333333333333,0.5,0.38685280723454163,0.5,3,1,0.3,normal,False,24,2
5013,supplier_delay,tfidf,3,TFIDF_LogReg_Calibrated,1550.0,0.8773584905660378,0.3333333333333333,0.5,0.38685280723454163,0.5,3,1,0.49672779656131477,normal,False,24,2
5013,supplier_delay,tfidf,5,RuleBased,1511.0,0.8836477987421384,0.2,0.5,0.38685280723454163,0.5,5,3,0.2222222222222222,normal,False,24,2
5013,supplier_delay,tfidf,5,TFIDF_LogReg_Calibrated,1610.55186531543,0.8949352294094135,0.2,0.5,0.38685280723454163,0.5,5,3,0.5114054735501808,supplier_delay,True,24,2
5013,supplier_delay,dense,1,RuleBased,1500.5999999999995,0.8805031446540881,0.0,0.0,0.0,0.2,1,1,0.3,normal,False,24,2
5013,supplier_delay,dense,1,TFIDF_LogReg_Calibrated,1235.0,0.8270440251572327,0.0,0.0,0.0,0.2,1,1,0.0,normal,False,24,2
5013,supplier_delay,dense,3,RuleBased,1678.3448275862074,0.9124918672739102,0.0,0.0,0.0,0.2,3,2,0.4137931034482759,supplier_delay,True,24,2
5013,supplier_delay,dense,3,TFIDF_LogReg_Calibrated,1625.3651898400265,0.8988692477919498,0.0,0.0,0.0,0.2,3,2,0.4766549778377773,supplier_delay,True,24,2
5013,supplier_delay,dense,5,RuleBased,1678.3448275862074,0.9124918672739102,0.2,0.5,0.23719771276929622,0.2,5,2,0.4137931034482759,supplier_delay,True,24,2
5013,supplier_delay,dense,5,TFIDF_LogReg_Calibrated,1602.2708880994173,0.8925314624381475,0.2,0.5,0.23719771276929622,0.2,5,2,0.532638748463031,supplier_delay,True,24,2
5013,supplier_delay,oracle,1,RuleBased,1761.0,0.9339622641509434,1.0,0.5,1.0,1.0,1,0,0.5,supplier_delay,True,24,2
5013,supplier_delay,oracle,1,TFIDF_LogReg_Calibrated,1709.8235925811382,0.9041384104795783,1.0,0.5,1.0,1.0,1,0,0.6543806063689072,supplier_delay,True,24,2
5013,supplier_delay,oracle,3,RuleBased,1720.9999999999998,0.9226415094339622,0.6666666666666666,1.0,1.0,1.0,3,1,0.6,supplier_delay,True,24,2
5013,supplier_delay,oracle,3,TFIDF_LogReg_Calibrated,1781.0,0.9182389937106918,0.6666666666666666,1.0,1.0,1.0,3,1,0.9054114014962013,supplier_delay,True,24,2
5013,supplier_delay,oracle,5,RuleBased,1789.9999999999995,0.9420485175202156,0.4,1.0,1.0,1.0,5,2,0.4285714285714286,demand_surge,False,24,2
5013,supplier_delay,oracle,5,TFIDF_LogReg_Calibrated,1781.0,0.9182389937106918,0.4,1.0,1.0,1.0,5,2,0.9031714155798927,supplier_delay,True,24,2
5013,demand_surge,none,1,RuleBased,1850.9999999999998,0.8604395604395606,0.0,0.0,0.0,0.0,0,0,0.3,normal,False,24,2
5013,demand_surge,none,1,TFIDF_LogReg_Calibrated,1850.9999999999998,0.8604395604395606,0.0,0.0,0.0,0.0,0,0,0.3,normal,False,24,2
5013,demand_surge,none,3,RuleBased,1850.9999999999998,0.8604395604395606,0.0,0.0,0.0,0.0,0,0,0.3,normal,False,24,2
5013,demand_surge,none,3,TFIDF_LogReg_Calibrated,1850.9999999999998,0.8604395604395606,0.0,0.0,0.0,0.0,0,0,0.3,normal,False,24,2
5013,demand_surge,none,5,RuleBased,1850.9999999999998,0.8604395604395606,0.0,0.0,0.0,0.0,0,0,0.3,normal,False,24,2
5013,demand_surge,none,5,TFIDF_LogReg_Calibrated,1850.9999999999998,0.8604395604395606,0.0,0.0,0.0,0.0,0,0,0.3,normal,False,24,2
5013,demand_surge,random,1,RuleBased,1643.0,0.8324175824175825,0.0,0.0,0.0,0.09090909090909091,1,0,0.0,supplier_delay,False,24,2
5013,demand_surge,random,1,TFIDF_LogReg_Calibrated,1643.0,0.8324175824175825,0.0,0.0,0.0,0.09090909090909091,1,0,0.0,supplier_delay,False,24,2
5013,demand_surge,random,3,RuleBased,1607.0,0.8186813186813187,0.0,0.0,0.0,0.09090909090909091,3,1,0.0,normal,False,24,2
5013,demand_surge,random,3,TFIDF_LogReg_Calibrated,1607.0,0.8186813186813187,0.0,0.0,0.0,0.09090909090909091,3,1,0.0,normal,False,24,2
5013,demand_surge,random,5,RuleBased,1786.0000000000005,0.8489010989010989,0.0,0.0,0.0,0.09090909090909091,5,2,0.22222222222222224,normal,False,24,2
5013,demand_surge,random,5,TFIDF_LogReg_Calibrated,1690.0,0.8324175824175825,0.0,0.0,0.0,0.09090909090909091,5,2,0.0,supplier_delay,False,24,2
5013,demand_surge,bm25,1,RuleBased,1850.9999999999998,0.8604395604395606,0.0,0.0,0.0,0.5,1,1,0.3,normal,False,24,2
5013,demand_surge,bm25,1,TFIDF_LogReg_Calibrated,1600.0,0.8159340659340659,0.0,0.0,0.0,0.5,1,1,0.0,normal,False,24,2
5013,demand_surge,bm25,3,RuleBased,1926.0000000000005,0.8741041567128525,0.3333333333333333,0.5,0.38685280723454163,0.5,3,1,0.391304347826087,demand_surge,True,24,2
5013,demand_surge,bm25,3,TFIDF_LogReg_Calibrated,1780.7179242619663,0.8472268479793705,0.3333333333333333,0.5,0.38685280723454163,0.5,3,1,0.21093653082390476,normal,False,24,2
5013,demand_surge,bm25,5,RuleBased,1878.0,0.8653846153846154,0.2,0.5,0.38685280723454163,0.5,5,2,0.33333333333333326,normal,False,24,2
5013,demand_surge,bm25,5,TFIDF_LogReg_Calibrated,1696.175848797279,0.837995358205707,0.2,0.5,0.38685280723454163,0.5,5,2,0.2343436795625783,supplier_delay,False,24,2
5013,demand_surge,tfidf,1,RuleBased,1850.9999999999998,0.8604395604395606,0.0,0.0,0.0,0.5,1,1,0.3,normal,False,24,2
5013,demand_surge,tfidf,1,TFIDF_LogReg_Calibrated,1600.0,0.8159340659340659,0.0,0.0,0.0,0.5,1,1,0.0,normal,False,24,2
5013,demand_surge,tfidf,3,RuleBased,1926.0000000000005,0.8741041567128525,0.3333333333333333,0.5,0.38685280723454163,0.5,3,1,0.391304347826087,demand_surge,True,24,2
5013,demand_surge,tfidf,3,TFIDF_LogReg_Calibrated,2074.333333333333,0.8983516483516484,0.3333333333333333,0.5,0.38685280723454163,0.5,3,1,0.5555555555555555,demand_surge,True,24,2
5013,demand_surge,tfidf,5,RuleBased,1878.0,0.8653846153846154,0.2,0.5,0.38685280723454163,0.5,5,2,0.33333333333333326,normal,False,24,2
5013,demand_surge,tfidf,5,TFIDF_LogReg_Calibrated,1696.175848797279,0.837995358205707,0.2,0.5,0.38685280723454163,0.5,5,2,0.2343436795625783,supplier_delay,False,24,2
5013,demand_surge,dense,1,RuleBased,1850.9999999999998,0.8604395604395606,0.0,0.0,0.0,0.5,1,1,0.3,normal,False,24,2
5013,demand_surge,dense,1,TFIDF_LogReg_Calibrated,1600.0,0.8159340659340659,0.0,0.0,0.0,0.5,1,1,0.0,normal,False,24,2
5013,demand_surge,dense,3,RuleBased,1926.0000000000005,0.8741041567128525,0.3333333333333333,0.5,0.38685280723454163,0.5,3,1,0.391304347826087,demand_surge,True,24,2
5013,demand_surge,dense,3,TFIDF_LogReg_Calibrated,2074.333333333333,0.8983516483516484,0.3333333333333333,0.5,0.38685280723454163,0.5,3,1,0.5555555555555555,demand_surge,True,24,2
5013,demand_surge,dense,5,RuleBased,1733.5862068965514,0.8454907161803713,0.2,0.5,0.38685280723454163,0.5,5,2,0.3103448275862069,supplier_delay,False,24,2
5013,demand_surge,dense,5,TFIDF_LogReg_Calibrated,1884.820457162335,0.8666337833630652,0.2,0.5,0.38685280723454163,0.5,5,2,0.34175365081769743,demand_surge,True,24,2
5013,demand_surge,oracle,1,RuleBased,1879.4,0.88021978021978,1.0,0.5,1.0,1.0,1,0,0.6,demand_surge,True,24,2
5013,demand_surge,oracle,1,TFIDF_LogReg_Calibrated,2127.213688795891,0.9166095025302873,1.0,0.5,1.0,1.0,1,0,0.7769107883760235,demand_surge,True,24,2
5013,demand_surge,oracle,3,RuleBased,1879.4,0.88021978021978,0.6666666666666666,1.0,1.0,1.0,3,1,0.6,demand_surge,True,24,2
5013,demand_surge,oracle,3,TFIDF_LogReg_Calibrated,2072.0555252961976,0.9028388207133905,0.6666666666666666,1.0,1.0,1.0,3,1,0.6287036316576126,demand_surge,True,24,2
5013,demand_surge,oracle,5,RuleBased,2108.285714285714,0.9113029827315542,0.4,1.0,1.0,1.0,5,2,0.7142857142857143,demand_surge,True,24,2
5013,demand_surge,oracle,5,TFIDF_LogReg_Calibrated,2099.5186317719563,0.90926759753257,0.4,1.0,1.0,1.0,5,2,0.693705708384873,demand_surge,True,24,2
5014,normal,none,1,RuleBased,1651.5999999999997,0.8504297994269341,0.0,0.0,0.0,0.0,0,0,0.35,normal,True,24,2
5014,normal,none,1,TFIDF_LogReg_Calibrated,1651.5999999999997,0.8504297994269341,0.0,0.0,0.0,0.0,0,0,0.35,normal,True,24,2
5014,normal,none,3,RuleBased,1651.5999999999997,0.8504297994269341,0.0,0.0,0.0,0.0,0,0,0.35,normal,True,24,2
5014,normal,none,3,TFIDF_LogReg_Calibrated,1651.5999999999997,0.8504297994269341,0.0,0.0,0.0,0.0,0,0,0.35,normal,True,24,2
5014,normal,none,5,RuleBased,1651.5999999999997,0.8504297994269341,0.0,0.0,0.0,0.0,0,0,0.35,normal,True,24,2
5014,normal,none,5,TFIDF_LogReg_Calibrated,1651.5999999999997,0.8504297994269341,0.0,0.0,0.0,0.0,0,0,0.35,normal,True,24,2
5014,normal,random,1,RuleBased,1351.0,0.8137535816618912,0.0,0.0,0.0,0.16666666666666666,1,1,0.0,supplier_delay,False,24,2
5014,normal,random,1,TFIDF_LogReg_Calibrated,1576.0,0.828080229226361,0.0,0.0,0.0,0.16666666666666666,1,1,0.4471913768594433,supplier_delay,False,24,2
5014,normal,random,3,RuleBased,1504.7368421052633,0.8380334791132559,0.0,0.0,0.0,0.16666666666666666,3,2,0.2105263157894737,supplier_delay,False,24,2
5014,normal,random,3,TFIDF_LogReg_Calibrated,1424.0,0.8137535816618912,0.0,0.0,0.0,0.16666666666666666,3,2,0.13754803488175993,supplier_delay,False,24,2
5014,normal,random,5,RuleBased,1517.0909090909092,0.8447512373013806,0.0,0.0,0.0,0.16666666666666666,5,3,0.18181818181818185,supplier_delay,False,24,2
5014,normal,random,5,TFIDF_LogReg_Calibrated,1351.0,0.8137535816618912,0.0,0.0,0.0,0.16666666666666666,5,3,0.05870521253977331,supplier_delay,False,24,2
5014,normal,bm25,1,RuleBased,1651.5999999999997,0.8504297994269341,1.0,0.5,1.0,1.0,1,0,0.4,normal,True,24,2
5014,normal,bm25,1,TFIDF_LogReg_Calibrated,1668.0,0.836676217765043,1.0,0.5,1.0,1.0,1,0,1.0,normal,True,24,2
5014,normal,bm25,3,RuleBased,1664.5,0.8495702005730659,0.6666666666666666,1.0,0.9197207891481876,1.0,3,0,0.5,normal,True,24,2
5014,normal,bm25,3,TFIDF_LogReg_Calibrated,1670.0,0.836676217765043,0.6666666666666666,1.0,0.9197207891481876,1.0,3,0,0.7593030150289647,normal,True,24,2
5014,normal,bm25,5,RuleBased,1643.0,0.8510028653295129,0.4,1.0,0.9197207891481876,1.0,5,1,0.4444444444444445,normal,True,24,2
5014,normal,bm25,5,TFIDF_LogReg_Calibrated,1687.9647365110482,0.8469280652060349,0.4,1.0,0.9197207891481876,1.0,5,1,0.6857809837073934,normal,True,24,2
5014,normal,tfidf,1,RuleBased,1651.5999999999997,0.8504297994269341,1.0,0.5,1.0,1.0,1,0,0.4,normal,True,24,2
5014,normal,tfidf,1,TFIDF_LogReg_Calibrated,1668.0,0.836676217765043,1.0,0.5,1.0,1.0,1,0,1.0,normal,True,24,2
5014,normal,tfidf,3,RuleBased,1664.5,0.8495702005730659,0.6666666666666666,1.0,0.9197207891481876,1.0,3,0,0.5,normal,True,24,2
5014,normal,tfidf,3,TFIDF_LogReg_Calibrated,1670.0,0.836676217765043,0.6666666666666666,1.0,0.9197207891481876,1.0,3,0,0.7593030150289647,normal,True,24,2
5014,normal,tfidf,5,RuleBased,1664.5,0.8495702005730659,0.4,1.0,0.9197207891481876,1.0,5,0,0.5,normal,True,24,2
5014,normal,tfidf,5,TFIDF_LogReg_Calibrated,1670.0,0.836676217765043,0.4,1.0,0.9197207891481876,1.0,5,0,0.7222222222222222,normal,True,24,2
5014,normal,dense,1,RuleBased,1631.5,0.8524355300859598,0.0,0.0,0.0,0.5,1,0,0.25,supplier_delay,False,24,2
5014,normal,dense,1,TFIDF_LogReg_Calibrated,1576.0,0.828080229226361,0.0,0.0,0.0,0.5,1,0,0.47078255013033776,supplier_delay,False,24,2
5014,normal,dense,3,RuleBased,1664.5,0.8495702005730659,0.6666666666666666,1.0,0.6934264036172708,0.5,3,0,0.5,normal,True,24,2
5014,normal,dense,3,TFIDF_LogReg_Calibrated,1670.0,0.836676217765043,0.6666666666666666,1.0,0.6934264036172708,0.5,3,0,0.7593030150289647,normal,True,24,2
5014,normal,dense,5,RuleBased,1651.5999999999997,0.8504297994269341,0.4,1.0,0.6934264036172708,0.5,5,2,0.4000000000000001,normal,True,24,2
5014,normal,dense,5,TFIDF_LogReg_Calibrated,1670.0,0.836676217765043,0.4,1.0,0.6934264036172708,0.5,5,2,0.6353125755960125,normal,True,24,2
5014,normal,oracle,1,RuleBased,1651.5999999999997,0.8504297994269341,1.0,0.5,1.0,1.0,1,0,0.4,normal,True,24,2
5014,normal,oracle,1,TFIDF_LogReg_Calibrated,1670.0,0.836676217765043,1.0,0.5,1.0,1.0,1,0,0.7147744297435985,normal,True,24,2
5014,normal,oracle,3,RuleBased,1624.5384615384617,0.8562927044302403,0.6666666666666666,1.0,1.0,1.0,3,0,0.30769230769230776,demand_surge,False,24,2
5014,normal,oracle,3,TFIDF_LogReg_Calibrated,1668.0,0.836676217765043,0.6666666666666666,1.0,1.0,1.0,3,0,1.0,normal,True,24,2
5014,normal,oracle,5,RuleBased,1517.9999999999993,0.8401964797380269,0.4,1.0,1.0,1.0,5,2,0.2285714285714286,supplier_delay,False,24,2
5014,normal,oracle,5,TFIDF_LogReg_Calibrated,1670.0,0.836676217765043,0.4,1.0,1.0,1.0,5,2,0.7105972429470953,normal,True,24,2
5014,supplier_delay,none,1,RuleBased,1738.0000000000002,0.8641833810888253,0.0,0.0,0.0,0.0,0,0,0.35,normal,False,24,2
5014,supplier_delay,none,1,TFIDF_LogReg_Calibrated,1738.0000000000002,0.8641833810888253,0.0,0.0,0.0,0.0,0,0,0.35,normal,False,24,2
5014,supplier_delay,none,3,RuleBased,1738.0000000000002,0.8641833810888253,0.0,0.0,0.0,0.0,0,0,0.35,normal,False,24,2
5014,supplier_delay,none,3,TFIDF_LogReg_Calibrated,1738.0000000000002,0.8641833810888253,0.0,0.0,0.0,0.0,0,0,0.35,normal,False,24,2
5014,supplier_delay,none,5,RuleBased,1738.0000000000002,0.8641833810888253,0.0,0.0,0.0,0.0,0,0,0.35,normal,False,24,2
5014,supplier_delay,none,5,TFIDF_LogReg_Calibrated,1738.0000000000002,0.8641833810888253,0.0,0.0,0.0,0.0,0,0,0.35,normal,False,24,2
5014,supplier_delay,random,1,RuleBased,1699.0,0.8481375358166189,0.0,0.0,0.0,0.16666666666666666,1,0,1.0,supplier_delay,True,24,2
5014,supplier_delay,random,1,TFIDF_LogReg_Calibrated,1714.0,0.8452722063037249,0.0,0.0,0.0,0.16666666666666666,1,0,0.5528086231405568,supplier_delay,True,24,2
5014,supplier_delay,random,3,RuleBased,1945.894736842105,0.8941336148393908,0.0,0.0,0.0,0.16666666666666666,3,1,0.47368421052631576,supplier_delay,True,24,2
5014,supplier_delay,random,3,TFIDF_LogReg_Calibrated,1724.0,0.8481375358166189,0.0,0.0,0.0,0.16666666666666666,3,1,0.8624519651182401,supplier_delay,True,24,2
5014,supplier_delay,random,5,RuleBased,1972.090909090909,0.9020578275592602,0.0,0.0,0.0,0.16666666666666666,5,2,0.4090909090909091,supplier_delay,True,24,2
5014,supplier_delay,random,5,TFIDF_LogReg_Calibrated,1699.0,0.8481375358166189,0.0,0.0,0.0,0.16666666666666666,5,2,0.9412947874602268,supplier_delay,True,24,2
5014,supplier_delay,bm25,1,RuleBased,1776.5,0.8732091690544412,0.0,0.0,0.0,0.1111111111111111,1,1,0.37499999999999994,supplier_delay,True,24,2
5014,supplier_delay,bm25,1,TFIDF_LogReg_Calibrated,1714.0,0.8452722063037249,0.0,0.0,0.0,0.1111111111111111,1,1,0.5292174498696622,supplier_delay,True,24,2
5014,supplier_delay,bm25,3,RuleBased,1833.842105263158,0.8850852058513045,0.0,0.0,0.0,0.1111111111111111,3,3,0.3157894736842105,demand_surge,False,24,2
5014,supplier_delay,bm25,3,TFIDF_LogReg_Calibrated,1858.0840444880973,0.8749143100805815,0.0,0.0,0.0,0.1111111111111111,3,3,0.47509084781253863,supplier_delay,True,24,2
5014,supplier_delay,bm25,5,RuleBased,1833.842105263158,0.8850852058513045,0.0,0.0,0.0,0.1111111111111111,5,3,0.3157894736842105,demand_surge,False,24,2
5014,supplier_delay,bm25,5,TFIDF_LogReg_Calibrated,1824.9842567984815,0.8678599614290259,0.0,0.0,0.0,0.1111111111111111,5,3,0.524436354229062,supplier_delay,True,24,2
5014,supplier_delay,tfidf,1,RuleBased,1776.5,0.8732091690544412,0.0,0.0,0.0,0.125,1,1,0.37499999999999994,supplier_delay,True,24,2
5014,supplier_delay,tfidf,1,TFIDF_LogReg_Calibrated,1714.0,0.8452722063037249,0.0,0.0,0.0,0.125,1,1,0.5292174498696622,supplier_delay,True,24,2
5014,supplier_delay,tfidf,3,RuleBased,1776.5,0.8732091690544412,0.0,0.0,0.0,0.125,3,1,0.37499999999999994,supplier_delay,True,24,2
5014,supplier_delay,tfidf,3,TFIDF_LogReg_Calibrated,1724.0,0.8481375358166189,0.0,0.0,0.0,0.125,3,1,0.8152193417548913,supplier_delay,True,24,2
5014,supplier_delay,tfidf,5,RuleBased,1833.842105263158,0.8850852058513045,0.0,0.0,0.0,0.125,5,3,0.3157894736842105,demand_surge,False,24,2
5014,supplier_delay,tfidf,5,TFIDF_LogReg_Calibrated,1824.9842567984815,0.8678599614290259,0.0,0.0,0.0,0.125,5,3,0.524436354229062,supplier_delay,True,24,2
5014,supplier_delay,dense,1,RuleBased,1776.5,0.8732091690544412,0.0,0.0,0.0,0.5,1,1,0.37499999999999994,supplier_delay,True,24,2
5014,supplier_delay,dense,1,TFIDF_LogReg_Calibrated,1714.0,0.8452722063037249,0.0,0.0,0.0,0.5,1,1,0.5292174498696622,supplier_delay,True,24,2
5014,supplier_delay,dense,3,RuleBased,1776.5,0.8732091690544412,0.6666666666666666,1.0,0.6934264036172708,0.5,3,1,0.37499999999999994,supplier_delay,True,24,2
5014,supplier_delay,dense,3,TFIDF_LogReg_Calibrated,1699.1536708048677,0.8481749212640917,0.6666666666666666,1.0,0.6934264036172708,0.5,3,1,0.8996062839245729,supplier_delay,True,24,2
5014,supplier_delay,dense,5,RuleBased,1972.090909090909,0.9020578275592602,0.4,1.0,0.6934264036172708,0.5,5,2,0.4090909090909091,supplier_delay,True,24,2
5014,supplier_delay,dense,5,TFIDF_LogReg_Calibrated,1752.8694203338996,0.8617865850828929,0.4,1.0,0.6934264036172708,0.5,5,2,0.8831048685732301,supplier_delay,True,24,2
5014,supplier_delay,oracle,1,RuleBased,1699.0,0.8481375358166189,1.0,0.5,1.0,1.0,1,0,1.0,supplier_delay,True,24,2
5014,supplier_delay,oracle,1,TFIDF_LogReg_Calibrated,1772.7063922503642,0.8593216340258734,1.0,0.5,1.0,1.0,1,0,0.871086636274395,supplier_delay,True,24,2
5014,supplier_delay,oracle,3,RuleBased,1826.8461538461538,0.8836235397839982,0.6666666666666666,1.0,1.0,1.0,3,1,0.23076923076923078,demand_surge,False,24,2
5014,supplier_delay,oracle,3,TFIDF_LogReg_Calibrated,1751.9310589969223,0.8544511469385857,0.6666666666666666,1.0,1.0,1.0,3,1,0.831687893665477,supplier_delay,True,24,2
5014,supplier_delay,oracle,5,RuleBased,1959.7714285714283,0.8975030699959066,0.4,1.0,1.0,1.0,5,2,0.42857142857142855,supplier_delay,True,24,2
5014,supplier_delay,oracle,5,TFIDF_LogReg_Calibrated,1812.3110263905805,0.8686063880571822,0.4,1.0,1.0,1.0,5,2,0.8650781058215126,supplier_delay,True,24,2
5014,demand_surge,none,1,RuleBased,1730.6000000000001,0.7945812807881774,0.0,0.0,0.0,0.0,0,0,0.3,normal,False,24,2
5014,demand_surge,none,1,TFIDF_LogReg_Calibrated,1730.6000000000001,0.7945812807881774,0.0,0.0,0.0,0.0,0,0,0.3,normal,False,24,2
5014,demand_surge,none,3,RuleBased,1730.6000000000001,0.7945812807881774,0.0,0.0,0.0,0.0,0,0,0.3,normal,False,24,2
5014,demand_surge,none,3,TFIDF_LogReg_Calibrated,1730.6000000000001,0.7945812807881774,0.0,0.0,0.0,0.0,0,0,0.3,normal,False,24,2
5014,demand_surge,none,5,RuleBased,1730.6000000000001,0.7945812807881774,0.0,0.0,0.0,0.0,0,0,0.3,normal,False,24,2
5014,demand_surge,none,5,TFIDF_LogReg_Calibrated,1730.6000000000001,0.7945812807881774,0.0,0.0,0.0,0.0,0,0,0.3,normal,False,24,2
5014,demand_surge,random,1,RuleBased,1402.0,0.7512315270935961,0.0,0.0,0.0,0.16666666666666666,1,1,0.0,supplier_delay,False,24,2
5014,demand_surge,random,1,TFIDF_LogReg_Calibrated,1447.0,0.7512315270935961,0.0,0.0,0.0,0.16666666666666666,1,1,0.0,supplier_delay,False,24,2
5014,demand_surge,random,3,RuleBased,1603.4736842105258,0.779491833030853,0.0,0.0,0.0,0.16666666666666666,3,3,0.3157894736842105,supplier_delay,False,24,2
5014,demand_surge,random,3,TFIDF_LogReg_Calibrated,1430.0,0.7512315270935961,0.0,0.0,0.0,0.16666666666666666,3,3,0.0,supplier_delay,False,24,2
5014,demand_surge,random,5,RuleBased,1635.5454545454545,0.7863860277653381,0.0,0.0,0.0,0.16666666666666666,5,3,0.4090909090909091,supplier_delay,False,24,2
5014,demand_surge,random,5,TFIDF_LogReg_Calibrated,1402.0,0.7512315270935961,0.0,0.0,0.0,0.16666666666666666,5,3,0.0,supplier_delay,False,24,2
5014,demand_surge,bm25,1,RuleBased,1777.5,0.8023399014778325,0.0,0.0,0.0,0.16666666666666666,1,1,0.37499999999999994,supplier_delay,False,24,2
5014,demand_surge,bm25,1,TFIDF_LogReg_Calibrated,1447.0,0.7512315270935961,0.0,0.0,0.0,0.16666666666666666,1,1,0.0,supplier_delay,False,24,2
5014,demand_surge,bm25,3,RuleBased,1777.5,0.8023399014778325,0.0,0.0,0.0,0.16666666666666666,3,2,0.37499999999999994,supplier_delay,False,24,2
5014,demand_surge,bm25,3,TFIDF_LogReg_Calibrated,1430.0,0.7512315270935961,0.0,0.0,0.0,0.16666666666666666,3,2,0.0,supplier_delay,False,24,2
5014,demand_surge,bm25,5,RuleBased,1837.8947368421052,0.8125486129115893,0.0,0.0,0.0,0.16666666666666666,5,2,0.47368421052631576,demand_surge,True,24,2
5014,demand_surge,bm25,5,TFIDF_LogReg_Calibrated,1538.561400514849,0.7669446175954161,0.0,0.0,0.0,0.16666666666666666,5,2,0.145983824791297,supplier_delay,False,24,2
5014,demand_surge,tfidf,1,RuleBased,1777.5,0.8023399014778325,0.0,0.0,0.0,0.25,1,1,0.37499999999999994,supplier_delay,False,24,2
5014,demand_surge,tfidf,1,TFIDF_LogReg_Calibrated,1447.0,0.7512315270935961,0.0,0.0,0.0,0.25,1,1,0.0,supplier_delay,False,24,2
5014,demand_surge,tfidf,3,RuleBased,1777.5,0.8023399014778325,0.0,0.0,0.0,0.25,3,1,0.37499999999999994,supplier_delay,False,24,2
5014,demand_surge,tfidf,3,TFIDF_LogReg_Calibrated,1430.0,0.7512315270935961,0.0,0.0,0.0,0.25,3,1,0.0,supplier_delay,False,24,2
5014,demand_surge,tfidf,5,RuleBased,1649.1428571428578,0.7881773399014779,0.2,0.5,0.2640681225725909,0.25,5,2,0.4285714285714286,supplier_delay,False,24,2
5014,demand_surge,tfidf,5,TFIDF_LogReg_Calibrated,1402.0,0.7512315270935961,0.2,0.5,0.2640681225725909,0.25,5,2,0.0,supplier_delay,False,24,2
5014,demand_surge,dense,1,RuleBased,1777.5,0.8023399014778325,0.0,0.0,0.0,0.2,1,1,0.37499999999999994,supplier_delay,False,24,2
5014,demand_surge,dense,1,TFIDF_LogReg_Calibrated,1447.0,0.7512315270935961,0.0,0.0,0.0,0.2,1,1,0.0,supplier_delay,False,24,2
5014,demand_surge,dense,3,RuleBased,1635.5454545454545,0.7863860277653381,0.0,0.0,0.0,0.2,3,2,0.4090909090909091,supplier_delay,False,24,2
5014,demand_surge,dense,3,TFIDF_LogReg_Calibrated,1402.0,0.7512315270935961,0.0,0.0,0.0,0.2,3,2,0.0,supplier_delay,False,24,2
5014,demand_surge,dense,5,RuleBased,1655.6470588235297,0.7894813097652855,0.2,0.5,0.23719771276929622,0.2,5,2,0.4411764705882353,supplier_delay,False,24,2
5014,demand_surge,dense,5,TFIDF_LogReg_Calibrated,1402.0,0.7512315270935961,0.2,0.5,0.23719771276929622,0.2,5,2,0.0,supplier_delay,False,24,2
5014,demand_surge,oracle,1,RuleBased,1686.0,0.7955665024630542,1.0,0.5,1.0,1.0,1,0,0.5,supplier_delay,False,24,2
5014,demand_surge,oracle,1,TFIDF_LogReg_Calibrated,1987.611535743716,0.8404862372914725,1.0,0.5,1.0,1.0,1,0,0.7843725650093845,demand_surge,True,24,2
5014,demand_surge,oracle,3,RuleBased,1777.5,0.8023399014778325,0.6666666666666666,1.0,1.0,1.0,3,1,0.37499999999999994,supplier_delay,False,24,2
5014,demand_surge,oracle,3,TFIDF_LogReg_Calibrated,1684.7332786036613,0.7953125486947427,0.6666666666666666,1.0,1.0,1.0,3,1,0.4975451135729871,demand_surge,True,24,2
5014,demand_surge,oracle,5,RuleBased,1613.4857142857143,0.7814919071076706,0.4,1.0,1.0,1.0,5,2,0.34285714285714286,supplier_delay,False,24,2
5014,demand_surge,oracle,5,TFIDF_LogReg_Calibrated,1659.2653554097974,0.7902067100432061,0.4,1.0,1.0,1.0,5,2,0.448188673274802,supplier_delay,False,24,2
5015,normal,none,1,RuleBased,1690.2,0.90404984423676,0.0,0.0,0.0,0.0,0,0,0.35,normal,True,24,2
5015,normal,none,1,TFIDF_LogReg_Calibrated,1690.2,0.90404984423676,0.0,0.0,0.0,0.0,0,0,0.35,normal,True,24,2
5015,normal,none,3,RuleBased,1690.2,0.90404984423676,0.0,0.0,0.0,0.0,0,0,0.35,normal,True,24,2
5015,normal,none,3,TFIDF_LogReg_Calibrated,1690.2,0.90404984423676,0.0,0.0,0.0,0.0,0,0,0.35,normal,True,24,2
5015,normal,none,5,RuleBased,1690.2,0.90404984423676,0.0,0.0,0.0,0.0,0,0,0.35,normal,True,24,2
5015,normal,none,5,TFIDF_LogReg_Calibrated,1690.2,0.90404984423676,0.0,0.0,0.0,0.0,0,0,0.35,normal,True,24,2
5015,normal,random,1,RuleBased,1493.0,0.8785046728971962,0.0,0.0,0.0,0.3333333333333333,1,0,0.0,supplier_delay,False,24,2
5015,normal,random,1,TFIDF_LogReg_Calibrated,1503.9875772678429,0.8847370024968714,0.0,0.0,0.0,0.3333333333333333,1,0,0.0,supplier_delay,False,24,2
5015,normal,random,3,RuleBased,1529.0,0.9003115264797508,0.3333333333333333,0.5,0.3065735963827292,0.3333333333333333,3,0,0.0,supplier_delay,False,24,2
5015,normal,random,3,TFIDF_LogReg_Calibrated,1493.0,0.8785046728971962,0.3333333333333333,0.5,0.3065735963827292,0.3333333333333333,3,0,0.042461535038706956,supplier_delay,False,24,2
5015,normal,random,5,RuleBased,1529.4285714285716,0.8949710725411659,0.2,0.5,0.3065735963827292,0.3333333333333333,5,2,0.0,supplier_delay,False,24,2
5015,normal,random,5,TFIDF_LogReg_Calibrated,1446.1198666465677,0.8805910161706022,0.2,0.5,0.3065735963827292,0.3333333333333333,5,2,0.0,supplier_delay,False,24,2
5015,normal,bm25,1,RuleBased,1690.2,0.90404984423676,1.0,0.5,1.0,1.0,1,0,0.4,normal,True,24,2
5015,normal,bm25,1,TFIDF_LogReg_Calibrated,1507.0,0.8598130841121495,1.0,0.5,1.0,1.0,1,0,0.6159566260122799,normal,True,24,2
5015,normal,bm25,3,RuleBased,1690.2,0.90404984423676,0.3333333333333333,0.5,0.6131471927654584,1.0,3,0,0.4,normal,True,24,2
5015,normal,bm25,3,TFIDF_LogReg_Calibrated,1576.0,0.881619937694704,0.3333333333333333,0.5,0.6131471927654584,1.0,3,0,0.3469935703258374,supplier_delay,False,24,2
5015,normal,bm25,5,RuleBased,1669.2173913043475,0.9055939320059597,0.2,0.5,0.6131471927654584,1.0,5,1,0.3478260869565218,demand_surge,False,24,2
5015,normal,bm25,5,TFIDF_LogReg_Calibrated,1507.0,0.8598130841121495,0.2,0.5,0.6131471927654584,1.0,5,1,0.449360280503527,supplier_delay,False,24,2
5015,normal,tfidf,1,RuleBased,1690.2,0.90404984423676,1.0,0.5,1.0,1.0,1,0,0.4,normal,True,24,2
5015,normal,tfidf,1,TFIDF_LogReg_Calibrated,1507.0,0.8598130841121495,1.0,0.5,1.0,1.0,1,0,0.6159566260122799,normal,True,24,2
5015,normal,tfidf,3,RuleBased,1690.2,0.90404984423676,0.3333333333333333,0.5,0.6131471927654584,1.0,3,0,0.4,normal,True,24,2
5015,normal,tfidf,3,TFIDF_LogReg_Calibrated,1576.0,0.881619937694704,0.3333333333333333,0.5,0.6131471927654584,1.0,3,0,0.3469935703258374,supplier_delay,False,24,2
5015,normal,tfidf,5,RuleBased,1690.2,0.90404984423676,0.4,1.0,0.8772153153380493,1.0,5,0,0.4,normal,True,24,2
5015,normal,tfidf,5,TFIDF_LogReg_Calibrated,1507.0,0.8598130841121495,0.4,1.0,0.8772153153380493,1.0,5,0,0.5378682300823935,normal,True,24,2
5015,normal,dense,1,RuleBased,1690.2,0.90404984423676,1.0,0.5,1.0,1.0,1,0,0.4,normal,True,24,2
5015,normal,dense,1,TFIDF_LogReg_Calibrated,1507.0,0.8598130841121495,1.0,0.5,1.0,1.0,1,0,0.6159566260122799,normal,True,24,2
5015,normal,dense,3,RuleBased,1690.2,0.90404984423676,0.6666666666666666,1.0,0.9197207891481876,1.0,3,1,0.4,normal,True,24,2
5015,normal,dense,3,TFIDF_LogReg_Calibrated,1576.0,0.881619937694704,0.6666666666666666,1.0,0.9197207891481876,1.0,3,1,0.3089730309272363,supplier_delay,False,24,2
5015,normal,dense,5,RuleBased,1690.2,0.90404984423676,0.4,1.0,0.9197207891481876,1.0,5,1,0.4,normal,True,24,2
5015,normal,dense,5,TFIDF_LogReg_Calibrated,1576.0,0.881619937694704,0.4,1.0,0.9197207891481876,1.0,5,1,0.3188746925141973,supplier_delay,False,24,2
5015,normal,oracle,1,RuleBased,1690.2,0.90404984423676,1.0,0.5,1.0,1.0,1,0,0.4,normal,True,24,2
5015,normal,oracle,1,TFIDF_LogReg_Calibrated,1507.0,0.8598130841121495,1.0,0.5,1.0,1.0,1,0,0.6159566260122799,normal,True,24,2
5015,normal,oracle,3,RuleBased,1690.2,0.90404984423676,0.6666666666666666,1.0,1.0,1.0,3,0,0.4,normal,True,24,2
5015,normal,oracle,3,TFIDF_LogReg_Calibrated,1507.0,0.8598130841121495,0.6666666666666666,1.0,1.0,1.0,3,0,0.4292157730516393,supplier_delay,False,24,2
5015,normal,oracle,5,RuleBased,1669.2173913043475,0.9055939320059597,0.4,1.0,1.0,1.0,5,2,0.3478260869565218,demand_surge,False,24,2
5015,normal,oracle,5,TFIDF_LogReg_Calibrated,1576.0,0.881619937694704,0.4,1.0,1.0,1.0,5,2,0.17635636927350318,supplier_delay,False,24,2
5015,supplier_delay,none,1,RuleBased,1524.5999999999997,0.8728971962616822,0.0,0.0,0.0,0.0,0,0,0.35,normal,False,24,2
5015,supplier_delay,none,1,TFIDF_LogReg_Calibrated,1524.5999999999997,0.8728971962616822,0.0,0.0,0.0,0.0,0,0,0.35,normal,False,24,2
5015,supplier_delay,none,3,RuleBased,1524.5999999999997,0.8728971962616822,0.0,0.0,0.0,0.0,0,0,0.35,normal,False,24,2
5015,supplier_delay,none,3,TFIDF_LogReg_Calibrated,1524.5999999999997,0.8728971962616822,0.0,0.0,0.0,0.0,0,0,0.35,normal,False,24,2
5015,supplier_delay,none,5,RuleBased,1524.5999999999997,0.8728971962616822,0.0,0.0,0.0,0.0,0,0,0.35,normal,False,24,2
5015,supplier_delay,none,5,TFIDF_LogReg_Calibrated,1524.5999999999997,0.8728971962616822,0.0,0.0,0.0,0.0,0,0,0.35,normal,False,24,2
5015,supplier_delay,random,1,RuleBased,1781.0,0.9096573208722741,0.0,0.0,0.0,0.3333333333333333,1,0,1.0,supplier_delay,True,24,2
5015,supplier_delay,random,1,TFIDF_LogReg_Calibrated,1711.0075114194444,0.9065456560840853,0.0,0.0,0.0,0.3333333333333333,1,0,0.8332851832086924,supplier_delay,True,24,2
5015,supplier_delay,random,3,RuleBased,1781.0,0.9096573208722741,0.3333333333333333,0.5,0.3065735963827292,0.3333333333333333,3,0,1.0,supplier_delay,True,24,2
5015,supplier_delay,random,3,TFIDF_LogReg_Calibrated,1781.0,0.9096573208722741,0.3333333333333333,0.5,0.3065735963827292,0.3333333333333333,3,0,0.9999389527976806,supplier_delay,True,24,2
5015,supplier_delay,random,5,RuleBased,1621.25,0.897196261682243,0.2,0.5,0.3065735963827292,0.3333333333333333,5,1,0.625,supplier_delay,True,24,2
5015,supplier_delay,random,5,TFIDF_LogReg_Calibrated,1781.0,0.9096573208722741,0.2,0.5,0.3065735963827292,0.3333333333333333,5,1,1.0,supplier_delay,True,24,2
5015,supplier_delay,bm25,1,RuleBased,1524.5999999999997,0.8728971962616822,0.0,0.0,0.0,0.5,1,1,0.3,normal,False,24,2
5015,supplier_delay,bm25,1,TFIDF_LogReg_Calibrated,1670.7859555128541,0.8923698099365279,0.0,0.0,0.0,0.5,1,1,0.7311816279138516,supplier_delay,True,24,2
5015,supplier_delay,bm25,3,RuleBased,1544.1304347826087,0.8797236895570907,0.3333333333333333,0.5,0.38685280723454163,0.5,3,2,0.2608695652173913,demand_surge,False,24,2
5015,supplier_delay,bm25,3,TFIDF_LogReg_Calibrated,1577.6305017939676,0.8793241438610492,0.3333333333333333,0.5,0.38685280723454163,0.5,3,2,0.5245649940201075,supplier_delay,True,24,2
5015,supplier_delay,bm25,5,RuleBased,1544.1304347826087,0.8797236895570907,0.2,0.5,0.38685280723454163,0.5,5,3,0.2608695652173913,demand_surge,False,24,2
5015,supplier_delay,bm25,5,TFIDF_LogReg_Calibrated,1671.3151240488062,0.8925660599498614,0.2,0.5,0.38685280723454163,0.5,5,3,0.6495431585364829,supplier_delay,True,24,2
5015,supplier_delay,tfidf,1,RuleBased,1524.5999999999997,0.8728971962616822,0.0,0.0,0.0,0.3333333333333333,1,1,0.3,normal,False,24,2
5015,supplier_delay,tfidf,1,TFIDF_LogReg_Calibrated,1670.7859555128541,0.8923698099365279,0.0,0.0,0.0,0.3333333333333333,1,1,0.7311816279138516,supplier_delay,True,24,2
5015,supplier_delay,tfidf,3,RuleBased,1524.5999999999997,0.8728971962616822,0.3333333333333333,0.5,0.3065735963827292,0.3333333333333333,3,1,0.3,normal,False,24,2
5015,supplier_delay,tfidf,3,TFIDF_LogReg_Calibrated,1667.0,0.8909657320872274,0.3333333333333333,0.5,0.3065735963827292,0.3333333333333333,3,1,0.856395006082673,supplier_delay,True,24,2
5015,supplier_delay,tfidf,5,RuleBased,1524.5999999999997,0.8728971962616822,0.2,0.5,0.3065735963827292,0.3333333333333333,5,2,0.3,normal,False,24,2
5015,supplier_delay,tfidf,5,TFIDF_LogReg_Calibrated,1667.0,0.8909657320872274,0.2,0.5,0.3065735963827292,0.3333333333333333,5,2,0.8631008622834011,supplier_delay,True,24,2
5015,supplier_delay,dense,1,RuleBased,1643.0,0.9065420560747663,1.0,0.5,1.0,1.0,1,0,0.5,supplier_delay,True,24,2
5015,supplier_delay,dense,1,TFIDF_LogReg_Calibrated,1667.0,0.8909657320872274,1.0,0.5,1.0,1.0,1,0,0.8279750065136723,supplier_delay,True,24,2
5015,supplier_delay,dense,3,RuleBased,1625.5999999999997,0.8990654205607476,0.6666666666666666,1.0,0.9197207891481876,1.0,3,0,0.6,supplier_delay,True,24,2
5015,supplier_delay,dense,3,TFIDF_LogReg_Calibrated,1781.0,0.9096573208722741,0.6666666666666666,1.0,0.9197207891481876,1.0,3,0,0.9310950457346725,supplier_delay,True,24,2
5015,supplier_delay,dense,5,RuleBased,1625.5999999999997,0.8990654205607476,0.4,1.0,0.9197207891481876,1.0,5,0,0.6,supplier_delay,True,24,2
5015,supplier_delay,dense,5,TFIDF_LogReg_Calibrated,1781.0,0.9096573208722741,0.4,1.0,0.9197207891481876,1.0,5,0,0.9270334293326588,supplier_delay,True,24,2
5015,supplier_delay,oracle,1,RuleBased,1643.0,0.9065420560747663,1.0,0.5,1.0,1.0,1,0,0.5,supplier_delay,True,24,2
5015,supplier_delay,oracle,1,TFIDF_LogReg_Calibrated,1667.0,0.8909657320872274,1.0,0.5,1.0,1.0,1,0,0.8279750065136723,supplier_delay,True,24,2
5015,supplier_delay,oracle,3,RuleBased,1601.391304347826,0.8886631450629825,0.6666666666666666,1.0,1.0,1.0,3,1,0.391304347826087,supplier_delay,True,24,2
5015,supplier_delay,oracle,3,TFIDF_LogReg_Calibrated,1781.0,0.9096573208722741,0.6666666666666666,1.0,1.0,1.0,3,1,0.9010747044313088,supplier_delay,True,24,2
5015,supplier_delay,oracle,5,RuleBased,1534.8461538461538,0.8763479511143063,0.4,1.0,1.0,1.0,5,2,0.34615384615384615,supplier_delay,True,24,2
5015,supplier_delay,oracle,5,TFIDF_LogReg_Calibrated,1781.0,0.9096573208722741,0.4,1.0,1.0,1.0,5,2,0.9505170453510464,supplier_delay,True,24,2
5015,demand_surge,none,1,RuleBased,1773.6,0.841304347826087,0.0,0.0,0.0,0.0,0,0,0.3,normal,False,24,2
5015,demand_surge,none,1,TFIDF_LogReg_Calibrated,1773.6,0.841304347826087,0.0,0.0,0.0,0.0,0,0,0.3,normal,False,24,2
5015,demand_surge,none,3,RuleBased,1773.6,0.841304347826087,0.0,0.0,0.0,0.0,0,0,0.3,normal,False,24,2
5015,demand_surge,none,3,TFIDF_LogReg_Calibrated,1773.6,0.841304347826087,0.0,0.0,0.0,0.0,0,0,0.3,normal,False,24,2
5015,demand_surge,none,5,RuleBased,1773.6,0.841304347826087,0.0,0.0,0.0,0.0,0,0,0.3,normal,False,24,2
5015,demand_surge,none,5,TFIDF_LogReg_Calibrated,1773.6,0.841304347826087,0.0,0.0,0.0,0.0,0,0,0.3,normal,False,24,2
5015,demand_surge,random,1,RuleBased,1556.0,0.8125,0.0,0.0,0.0,0.3333333333333333,1,0,0.0,supplier_delay,False,24,2
5015,demand_surge,random,1,TFIDF_LogReg_Calibrated,1650.0141561366445,0.8288082731079871,0.0,0.0,0.0,0.3333333333333333,1,0,0.16671481679130765,supplier_delay,False,24,2
5015,demand_surge,random,3,RuleBased,1791.0,0.8532608695652174,0.3333333333333333,0.5,0.3065735963827292,0.3333333333333333,3,0,0.5,supplier_delay,False,24,2
5015,demand_surge,random,3,TFIDF_LogReg_Calibrated,1579.927251885292,0.8189964184075842,0.3333333333333333,0.5,0.3065735963827292,0.3333333333333333,3,0,0.03984469956651783,supplier_delay,False,24,2
5015,demand_surge,random,5,RuleBased,1765.0000000000002,0.8474378881987579,0.2,0.5,0.3065735963827292,0.3333333333333333,5,1,0.4285714285714286,supplier_delay,False,24,2
5015,demand_surge,random,5,TFIDF_LogReg_Calibrated,1642.969469710855,0.8270675567467528,0.2,0.5,0.3065735963827292,0.3333333333333333,5,1,0.14536202942683318,supplier_delay,False,24,2
5015,demand_surge,bm25,1,RuleBased,1773.6,0.841304347826087,0.0,0.0,0.0,0.14285714285714285,1,1,0.3,normal,False,24,2
5015,demand_surge,bm25,1,TFIDF_LogReg_Calibrated,1599.7521946215588,0.8142146537648796,0.0,0.0,0.0,0.14285714285714285,1,1,0.01502363298751618,supplier_delay,False,24,2
5015,demand_surge,bm25,3,RuleBased,1773.6,0.841304347826087,0.0,0.0,0.0,0.14285714285714285,3,2,0.3,normal,False,24,2
5015,demand_surge,bm25,3,TFIDF_LogReg_Calibrated,1592.0,0.8125,0.0,0.0,0.0,0.14285714285714285,3,2,0.0,supplier_delay,False,24,2
5015,demand_surge,bm25,5,RuleBased,1829.4782608695655,0.8517249527410209,0.0,0.0,0.0,0.14285714285714285,5,2,0.391304347826087,demand_surge,True,24,2
5015,demand_surge,bm25,5,TFIDF_LogReg_Calibrated,1643.6229520025358,0.8272289901192034,0.0,0.0,0.0,0.14285714285714285,5,2,0.1473422787955625,supplier_delay,False,24,2
5015,demand_surge,tfidf,1,RuleBased,1773.6,0.841304347826087,0.0,0.0,0.0,0.2,1,1,0.3,normal,False,24,2
5015,demand_surge,tfidf,1,TFIDF_LogReg_Calibrated,1599.7521946215588,0.8142146537648796,0.0,0.0,0.0,0.2,1,1,0.01502363298751618,supplier_delay,False,24,2
5015,demand_surge,tfidf,3,RuleBased,1773.6,0.841304347826087,0.0,0.0,0.0,0.2,3,2,0.3,normal,False,24,2
5015,demand_surge,tfidf,3,TFIDF_LogReg_Calibrated,1592.0,0.8125,0.0,0.0,0.0,0.2,3,2,0.0,supplier_delay,False,24,2
5015,demand_surge,tfidf,5,RuleBased,1773.6,0.841304347826087,0.2,0.5,0.23719771276929622,0.2,5,2,0.3,normal,False,24,2
5015,demand_surge,tfidf,5,TFIDF_LogReg_Calibrated,1620.7141042369599,0.8191730438104956,0.2,0.5,0.23719771276929622,0.2,5,2,0.05846857433957811,supplier_delay,False,24,2
5015,demand_surge,dense,1,RuleBased,1556.0,0.8125,0.0,0.0,0.0,0.5,1,1,0.0,supplier_delay,False,24,2
5015,demand_surge,dense,1,TFIDF_LogReg_Calibrated,1627.2618635252616,0.8207496231658239,0.0,0.0,0.0,0.5,1,1,0.07228241250055228,supplier_delay,False,24,2
5015,demand_surge,dense,3,RuleBased,1791.0,0.8532608695652174,0.3333333333333333,0.5,0.38685280723454163,0.5,3,1,0.5,supplier_delay,False,24,2
5015,demand_surge,dense,3,TFIDF_LogReg_Calibrated,1556.0,0.8125,0.3333333333333333,0.5,0.38685280723454163,0.5,3,1,0.0,supplier_delay,False,24,2
5015,demand_surge,dense,5,RuleBased,1791.0,0.8532608695652174,0.2,0.5,0.38685280723454163,0.5,5,2,0.5,supplier_delay,False,24,2
5015,demand_surge,dense,5,TFIDF_LogReg_Calibrated,1592.0,0.8125,0.2,0.5,0.38685280723454163,0.5,5,2,0.0,supplier_delay,False,24,2
5015,demand_surge,oracle,1,RuleBased,1791.0,0.8532608695652174,1.0,0.5,1.0,1.0,1,0,0.5,supplier_delay,False,24,2
5015,demand_surge,oracle,1,TFIDF_LogReg_Calibrated,2095.361616578604,0.903503682395193,1.0,0.5,1.0,1.0,1,0,0.7683213911376114,demand_surge,True,24,2
5015,demand_surge,oracle,3,RuleBased,1773.6,0.841304347826087,0.6666666666666666,1.0,1.0,1.0,3,1,0.3,normal,False,24,2
5015,demand_surge,oracle,3,TFIDF_LogReg_Calibrated,1653.4770034041294,0.8297684681133899,0.6666666666666666,1.0,1.0,1.0,3,1,0.17849320885758294,supplier_delay,False,24,2
5015,demand_surge,oracle,5,RuleBased,1829.4782608695655,0.8517249527410209,0.4,1.0,1.0,1.0,5,2,0.391304347826087,demand_surge,True,24,2
5015,demand_surge,oracle,5,TFIDF_LogReg_Calibrated,1674.2789519411128,0.835536532814195,0.4,1.0,1.0,1.0,5,2,0.24924813585412653,supplier_delay,False,24,2
5016,normal,none,1,RuleBased,1810.6000000000001,0.9015105740181268,0.0,0.0,0.0,0.0,0,0,0.35,normal,True,24,2
5016,normal,none,1,TFIDF_LogReg_Calibrated,1810.6000000000001,0.9015105740181268,0.0,0.0,0.0,0.0,0,0,0.35,normal,True,24,2
5016,normal,none,3,RuleBased,1810.6000000000001,0.9015105740181268,0.0,0.0,0.0,0.0,0,0,0.35,normal,True,24,2
5016,normal,none,3,TFIDF_LogReg_Calibrated,1810.6000000000001,0.9015105740181268,0.0,0.0,0.0,0.0,0,0,0.35,normal,True,24,2
5016,normal,none,5,RuleBased,1810.6000000000001,0.9015105740181268,0.0,0.0,0.0,0.0,0,0,0.35,normal,True,24,2
5016,normal,none,5,TFIDF_LogReg_Calibrated,1810.6000000000001,0.9015105740181268,0.0,0.0,0.0,0.0,0,0,0.35,normal,True,24,2
5016,normal,random,1,RuleBased,1703.0,0.9033232628398792,0.0,0.0,0.0,0.07142857142857142,1,1,0.0,demand_surge,False,24,2
5016,normal,random,1,TFIDF_LogReg_Calibrated,1680.2077595775247,0.8960700824322768,0.0,0.0,0.0,0.07142857142857142,1,1,0.057775593886245424,supplier_delay,False,24,2
5016,normal,random,3,RuleBased,1703.0,0.9033232628398792,0.0,0.0,0.0,0.07142857142857142,3,2,0.0,demand_surge,False,24,2
5016,normal,random,3,TFIDF_LogReg_Calibrated,1675.0767688323747,0.8803591403585312,0.0,0.0,0.0,0.07142857142857142,3,2,0.2730526723274623,supplier_delay,False,24,2
5016,normal,random,5,RuleBased,1640.7142857142853,0.9024600776866637,0.0,0.0,0.0,0.07142857142857142,5,3,0.0,demand_surge,False,24,2
5016,normal,random,5,TFIDF_LogReg_Calibrated,1673.1990955161689,0.8812343681952697,0.0,0.0,0.0,0.07142857142857142,5,3,0.12962963331719354,supplier_delay,False,24,2
5016,normal,bm25,1,RuleBased,1810.6000000000001,0.9015105740181268,1.0,0.5,1.0,1.0,1,0,0.4,normal,True,24,2
5016,normal,bm25,1,TFIDF_LogReg_Calibrated,1929.0,0.9033232628398792,1.0,0.5,1.0,1.0,1,0,1.0,normal,True,24,2
5016,normal,bm25,3,RuleBased,1811.5,0.8987915407854985,0.6666666666666666,1.0,0.9197207891481876,1.0,3,0,0.5,normal,True,24,2
5016,normal,bm25,3,TFIDF_LogReg_Calibrated,1803.0,0.8851963746223565,0.6666666666666666,1.0,0.9197207891481876,1.0,3,0,0.7222222222222222,normal,True,24,2
5016,normal,bm25,5,RuleBased,1811.5,0.8987915407854985,0.4,1.0,0.9197207891481876,1.0,5,0,0.5,normal,True,24,2
5016,normal,bm25,5,TFIDF_LogReg_Calibrated,1803.0,0.8851963746223565,0.4,1.0,0.9197207891481876,1.0,5,0,0.7072442753248472,normal,True,24,2
5016,normal,tfidf,1,RuleBased,1810.6000000000001,0.9015105740181268,1.0,0.5,1.0,1.0,1,0,0.4,normal,True,24,2
5016,normal,tfidf,1,TFIDF_LogReg_Calibrated,1929.0,0.9033232628398792,1.0,0.5,1.0,1.0,1,0,1.0,normal,True,24,2
5016,normal,tfidf,3,RuleBased,1810.6000000000001,0.9015105740181268,0.6666666666666666,1.0,1.0,1.0,3,0,0.4,normal,True,24,2
5016,normal,tfidf,3,TFIDF_LogReg_Calibrated,1803.0,0.8851963746223565,0.6666666666666666,1.0,1.0,1.0,3,0,0.7222222222222222,normal,True,24,2
5016,normal,tfidf,5,RuleBased,1811.5,0.8987915407854985,0.4,1.0,1.0,1.0,5,0,0.5,normal,True,24,2
5016,normal,tfidf,5,TFIDF_LogReg_Calibrated,1803.0,0.8851963746223565,0.4,1.0,1.0,1.0,5,0,0.7072442753248472,normal,True,24,2
5016,normal,dense,1,RuleBased,1810.6000000000001,0.9015105740181268,1.0,0.5,1.0,1.0,1,0,0.4,normal,True,24,2
5016,normal,dense,1,TFIDF_LogReg_Calibrated,1929.0,0.9033232628398792,1.0,0.5,1.0,1.0,1,0,1.0,normal,True,24,2
5016,normal,dense,3,RuleBased,1759.3846153846157,0.9033232628398792,0.3333333333333333,0.5,0.6131471927654584,1.0,3,1,0.30769230769230776,demand_surge,False,24,2
5016,normal,dense,3,TFIDF_LogReg_Calibrated,1809.6842824295804,0.8872157952959457,0.3333333333333333,0.5,0.6131471927654584,1.0,3,1,0.7810817495113572,normal,True,24,2
5016,normal,dense,5,RuleBased,1759.3846153846157,0.9033232628398792,0.2,0.5,0.6131471927654584,1.0,5,1,0.30769230769230776,demand_surge,False,24,2
5016,normal,dense,5,TFIDF_LogReg_Calibrated,1803.0,0.8851963746223565,0.2,0.5,0.6131471927654584,1.0,5,1,0.7222222222222222,normal,True,24,2
5016,normal,oracle,1,RuleBased,1810.6000000000001,0.9015105740181268,1.0,0.5,1.0,1.0,1,0,0.4,normal,True,24,2
5016,normal,oracle,1,TFIDF_LogReg_Calibrated,1929.0,0.9033232628398792,1.0,0.5,1.0,1.0,1,0,1.0,normal,True,24,2
5016,normal,oracle,3,RuleBased,1810.6000000000001,0.9015105740181268,0.6666666666666666,1.0,1.0,1.0,3,0,0.4,normal,True,24,2
5016,normal,oracle,3,TFIDF_LogReg_Calibrated,1803.0,0.8851963746223565,0.6666666666666666,1.0,1.0,1.0,3,0,0.8368805036659244,normal,True,24,2
5016,normal,oracle,5,RuleBased,1781.0344827586207,0.9033232628398792,0.4,1.0,1.0,1.0,5,2,0.2758620689655173,demand_surge,False,24,2
5016,normal,oracle,5,TFIDF_LogReg_Calibrated,1803.0,0.8851963746223565,0.4,1.0,1.0,1.0,5,2,0.6483625654731301,normal,True,24,2
5016,supplier_delay,none,1,RuleBased,1813.3999999999999,0.9003021148036254,0.0,0.0,0.0,0.0,0,0,0.35,normal,False,24,2
5016,supplier_delay,none,1,TFIDF_LogReg_Calibrated,1813.3999999999999,0.9003021148036254,0.0,0.0,0.0,0.0,0,0,0.35,normal,False,24,2
5016,supplier_delay,none,3,RuleBased,1813.3999999999999,0.9003021148036254,0.0,0.0,0.0,0.0,0,0,0.35,normal,False,24,2
5016,supplier_delay,none,3,TFIDF_LogReg_Calibrated,1813.3999999999999,0.9003021148036254,0.0,0.0,0.0,0.0,0,0,0.35,normal,False,24,2
5016,supplier_delay,none,5,RuleBased,1813.3999999999999,0.9003021148036254,0.0,0.0,0.0,0.0,0,0,0.35,normal,False,24,2
5016,supplier_delay,none,5,TFIDF_LogReg_Calibrated,1813.3999999999999,0.9003021148036254,0.0,0.0,0.0,0.0,0,0,0.35,normal,False,24,2
5016,supplier_delay,random,1,RuleBased,1934.0,0.9335347432024169,0.0,0.0,0.0,0.07142857142857142,1,1,0.33333333333333337,demand_surge,False,24,2
5016,supplier_delay,random,1,TFIDF_LogReg_Calibrated,2003.5764536957872,0.9317163957659472,0.0,0.0,0.0,0.07142857142857142,1,1,0.742269001386885,supplier_delay,True,24,2
5016,supplier_delay,random,3,RuleBased,1934.0,0.9335347432024169,0.0,0.0,0.0,0.07142857142857142,3,3,0.33333333333333337,demand_surge,False,24,2
5016,supplier_delay,random,3,TFIDF_LogReg_Calibrated,1920.5224627671812,0.90963146297775,0.0,0.0,0.0,0.07142857142857142,3,3,0.7010422265859849,supplier_delay,True,24,2
5016,supplier_delay,random,5,RuleBased,2006.857142857143,0.9447561501942167,0.0,0.0,0.0,0.07142857142857142,5,3,0.4285714285714286,demand_surge,False,24,2
5016,supplier_delay,random,5,TFIDF_LogReg_Calibrated,1923.322900102131,0.9103121957396576,0.0,0.0,0.0,0.07142857142857142,5,3,0.839100443115505,supplier_delay,True,24,2
5016,supplier_delay,bm25,1,RuleBased,1839.5,0.9070996978851964,0.0,0.0,0.0,0.5,1,1,0.37499999999999994,supplier_delay,True,24,2
5016,supplier_delay,bm25,1,TFIDF_LogReg_Calibrated,1845.0,0.8942598187311178,0.0,0.0,0.0,0.5,1,1,0.45325779818793444,normal,False,24,2
5016,supplier_delay,bm25,3,RuleBased,1977.0322580645168,0.9313907026605593,0.3333333333333333,0.5,0.38685280723454163,0.5,3,1,0.4838709677419355,supplier_delay,True,24,2
5016,supplier_delay,bm25,3,TFIDF_LogReg_Calibrated,1935.0,0.9154078549848943,0.3333333333333333,0.5,0.38685280723454163,0.5,3,1,0.9572460579006612,supplier_delay,True,24,2
5016,supplier_delay,bm25,5,RuleBased,1977.0322580645168,0.9313907026605593,0.2,0.5,0.38685280723454163,0.5,5,2,0.4838709677419355,supplier_delay,True,24,2
5016,supplier_delay,bm25,5,TFIDF_LogReg_Calibrated,1935.0,0.9154078549848943,0.2,0.5,0.38685280723454163,0.5,5,2,0.9375912420167077,supplier_delay,True,24,2
5016,supplier_delay,tfidf,1,RuleBased,2024.428571428571,0.940008631851532,1.0,0.5,1.0,1.0,1,0,0.7142857142857143,supplier_delay,True,24,2
5016,supplier_delay,tfidf,1,TFIDF_LogReg_Calibrated,1981.5455144075997,0.9292777011115809,1.0,0.5,1.0,1.0,1,0,0.9136360310688916,supplier_delay,True,24,2
5016,supplier_delay,tfidf,3,RuleBased,1977.0322580645168,0.9313907026605593,0.3333333333333333,0.5,0.6131471927654584,1.0,3,1,0.4838709677419355,supplier_delay,True,24,2
5016,supplier_delay,tfidf,3,TFIDF_LogReg_Calibrated,1935.0,0.9154078549848943,0.3333333333333333,0.5,0.6131471927654584,1.0,3,1,0.9572460579006612,supplier_delay,True,24,2
5016,supplier_delay,tfidf,5,RuleBased,1977.0322580645168,0.9313907026605593,0.2,0.5,0.6131471927654584,1.0,5,2,0.4838709677419355,supplier_delay,True,24,2
5016,supplier_delay,tfidf,5,TFIDF_LogReg_Calibrated,1935.0,0.9154078549848943,0.2,0.5,0.6131471927654584,1.0,5,2,0.9375912420167077,supplier_delay,True,24,2
5016,supplier_delay,dense,1,RuleBased,1935.0,0.9154078549848943,1.0,0.5,1.0,1.0,1,0,1.0,supplier_delay,True,24,2
5016,supplier_delay,dense,1,TFIDF_LogReg_Calibrated,1974.9185518831919,0.9243677689096613,1.0,0.5,1.0,1.0,1,0,0.8114574401023972,supplier_delay,True,24,2
5016,supplier_delay,dense,3,RuleBased,2024.428571428571,0.940008631851532,0.6666666666666666,1.0,1.0,1.0,3,0,0.7142857142857143,supplier_delay,True,24,2
5016,supplier_delay,dense,3,TFIDF_LogReg_Calibrated,1978.8433169862894,0.9305135951661632,0.6666666666666666,1.0,1.0,1.0,3,0,0.892681722194011,supplier_delay,True,24,2
5016,supplier_delay,dense,5,RuleBased,1986.6666666666658,0.9355488418932528,0.4,1.0,1.0,1.0,5,1,0.5555555555555556,supplier_delay,True,24,2
5016,supplier_delay,dense,5,TFIDF_LogReg_Calibrated,1980.563718204606,0.9305135951661632,0.4,1.0,1.0,1.0,5,1,0.8962216423963083,supplier_delay,True,24,2
5016,supplier_delay,oracle,1,RuleBased,1935.0,0.9154078549848943,1.0,0.5,1.0,1.0,1,0,1.0,supplier_delay,True,24,2
5016,supplier_delay,oracle,1,TFIDF_LogReg_Calibrated,1974.9185518831919,0.9243677689096613,1.0,0.5,1.0,1.0,1,0,0.8114574401023972,supplier_delay,True,24,2
5016,supplier_delay,oracle,3,RuleBased,2024.428571428571,0.940008631851532,0.6666666666666666,1.0,1.0,1.0,3,1,0.7142857142857143,supplier_delay,True,24,2
5016,supplier_delay,oracle,3,TFIDF_LogReg_Calibrated,1947.6785268706283,0.9198178093027981,0.6666666666666666,1.0,1.0,1.0,3,1,0.9429764058832428,supplier_delay,True,24,2
5016,supplier_delay,oracle,5,RuleBased,1986.6666666666658,0.9355488418932528,0.4,1.0,1.0,1.0,5,2,0.5555555555555556,supplier_delay,True,24,2
5016,supplier_delay,oracle,5,TFIDF_LogReg_Calibrated,1981.0489507253126,0.9290276690459784,0.4,1.0,1.0,1.0,5,2,0.9163947181927056,supplier_delay,True,24,2
5016,demand_surge,none,1,RuleBased,1759.6000000000001,0.8122762148337597,0.0,0.0,0.0,0.0,0,0,0.3,normal,False,24,2
5016,demand_surge,none,1,TFIDF_LogReg_Calibrated,1759.6000000000001,0.8122762148337597,0.0,0.0,0.0,0.0,0,0,0.3,normal,False,24,2
5016,demand_surge,none,3,RuleBased,1759.6000000000001,0.8122762148337597,0.0,0.0,0.0,0.0,0,0,0.3,normal,False,24,2
5016,demand_surge,none,3,TFIDF_LogReg_Calibrated,1759.6000000000001,0.8122762148337597,0.0,0.0,0.0,0.0,0,0,0.3,normal,False,24,2
5016,demand_surge,none,5,RuleBased,1759.6000000000001,0.8122762148337597,0.0,0.0,0.0,0.0,0,0,0.3,normal,False,24,2
5016,demand_surge,none,5,TFIDF_LogReg_Calibrated,1759.6000000000001,0.8122762148337597,0.0,0.0,0.0,0.0,0,0,0.3,normal,False,24,2
5016,demand_surge,random,1,RuleBased,2028.0,0.8567774936061381,0.0,0.0,0.0,0.07142857142857142,1,0,0.6666666666666667,demand_surge,True,24,2
5016,demand_surge,random,1,TFIDF_LogReg_Calibrated,1674.573777979399,0.8040872813261598,0.0,0.0,0.0,0.07142857142857142,1,0,0.19995540472686954,supplier_delay,False,24,2
5016,demand_surge,random,3,RuleBased,2028.0,0.8567774936061381,0.0,0.0,0.0,0.07142857142857142,3,1,0.6666666666666667,demand_surge,True,24,2
5016,demand_surge,random,3,TFIDF_LogReg_Calibrated,1548.5374379453012,0.7814688134659671,0.0,0.0,0.0,0.07142857142857142,3,1,0.025905101086552768,supplier_delay,False,24,2
5016,demand_surge,random,5,RuleBased,1858.5714285714287,0.834124954329558,0.0,0.0,0.0,0.07142857142857142,5,2,0.5714285714285715,demand_surge,True,24,2
5016,demand_surge,random,5,TFIDF_LogReg_Calibrated,1553.204833503552,0.7822920598824503,0.0,0.0,0.0,0.07142857142857142,5,2,0.03126992356730137,supplier_delay,False,24,2
5016,demand_surge,bm25,1,RuleBased,1807.75,0.8203324808184144,0.0,0.0,0.0,0.5,1,1,0.37499999999999994,supplier_delay,False,24,2
5016,demand_surge,bm25,1,TFIDF_LogReg_Calibrated,1524.0,0.7749360613810742,0.0,0.0,0.0,0.5,1,1,0.0,normal,False,24,2
5016,demand_surge,bm25,3,RuleBased,1807.75,0.8203324808184144,0.3333333333333333,0.5,0.38685280723454163,0.5,3,1,0.37499999999999994,supplier_delay,False,24,2
5016,demand_surge,bm25,3,TFIDF_LogReg_Calibrated,1533.0,0.7749360613810742,0.3333333333333333,0.5,0.38685280723454163,0.5,3,1,0.0,normal,False,24,2
5016,demand_surge,bm25,5,RuleBased,1803.4285714285718,0.8231640482279869,0.4,1.0,0.6509209298071326,0.5,5,1,0.4285714285714286,supplier_delay,False,24,2
5016,demand_surge,bm25,5,TFIDF_LogReg_Calibrated,1517.1977167731775,0.7796149884954396,0.4,1.0,0.6509209298071326,0.5,5,1,0.01382434169528109,supplier_delay,False,24,2
5016,demand_surge,tfidf,1,RuleBased,1830.0,0.8286445012787724,1.0,0.5,1.0,1.0,1,0,0.5,supplier_delay,False,24,2
5016,demand_surge,tfidf,1,TFIDF_LogReg_Calibrated,1639.7600181636458,0.7922250669776878,1.0,0.5,1.0,1.0,1,0,0.11333336162561662,normal,False,24,2
5016,demand_surge,tfidf,3,RuleBased,1807.75,0.8203324808184144,0.3333333333333333,0.5,0.6131471927654584,1.0,3,1,0.37499999999999994,supplier_delay,False,24,2
5016,demand_surge,tfidf,3,TFIDF_LogReg_Calibrated,1533.0,0.7749360613810742,0.3333333333333333,0.5,0.6131471927654584,1.0,3,1,0.0,normal,False,24,2
5016,demand_surge,tfidf,5,RuleBased,1803.4285714285718,0.8231640482279869,0.4,1.0,0.8772153153380493,1.0,5,1,0.4285714285714286,supplier_delay,False,24,2
5016,demand_surge,tfidf,5,TFIDF_LogReg_Calibrated,1517.1977167731775,0.7796149884954396,0.4,1.0,0.8772153153380493,1.0,5,1,0.01382434169528109,supplier_delay,False,24,2
5016,demand_surge,dense,1,RuleBased,1506.0,0.7774936061381074,0.0,0.0,0.0,0.5,1,0,0.0,supplier_delay,False,24,2
5016,demand_surge,dense,1,TFIDF_LogReg_Calibrated,1524.0,0.7749360613810742,0.0,0.0,0.0,0.5,1,0,0.0,supplier_delay,False,24,2
5016,demand_surge,dense,3,RuleBased,2028.0,0.8567774936061381,0.3333333333333333,0.5,0.38685280723454163,0.5,3,0,0.6666666666666667,demand_surge,True,24,2
5016,demand_surge,dense,3,TFIDF_LogReg_Calibrated,1651.6294171020093,0.7998894170304548,0.3333333333333333,0.5,0.38685280723454163,0.5,3,0,0.16087528711685398,supplier_delay,False,24,2
5016,demand_surge,dense,5,RuleBased,2028.0,0.8567774936061381,0.2,0.5,0.38685280723454163,0.5,5,1,0.6666666666666667,demand_surge,True,24,2
5016,demand_surge,dense,5,TFIDF_LogReg_Calibrated,1552.0203149623167,0.7820831316628127,0.2,0.5,0.38685280723454163,0.5,5,1,0.02990840800266255,supplier_delay,False,24,2
5016,demand_surge,oracle,1,RuleBased,1830.0,0.8286445012787724,1.0,0.5,1.0,1.0,1,0,0.5,supplier_delay,False,24,2
5016,demand_surge,oracle,1,TFIDF_LogReg_Calibrated,1796.9880111344987,0.8218722752998532,1.0,0.5,1.0,1.0,1,0,0.4117353214080856,supplier_delay,False,24,2
5016,demand_surge,oracle,3,RuleBased,1830.0,0.8286445012787724,0.6666666666666666,1.0,1.0,1.0,3,1,0.5,supplier_delay,False,24,2
5016,demand_surge,oracle,3,TFIDF_LogReg_Calibrated,1660.3334218276352,0.7956673268349413,0.6666666666666666,1.0,1.0,1.0,3,1,0.14537916172528748,normal,False,24,2
5016,demand_surge,oracle,5,RuleBased,1809.3333333333335,0.8243819266837169,0.4,1.0,1.0,1.0,5,2,0.4444444444444445,supplier_delay,False,24,2
5016,demand_surge,oracle,5,TFIDF_LogReg_Calibrated,1640.922195826446,0.7979132378196304,0.4,1.0,1.0,1.0,5,2,0.14247799970179775,supplier_delay,False,24,2
5017,normal,none,1,RuleBased,1563.8,0.8984025559105431,0.0,0.0,0.0,0.0,0,0,0.35,normal,True,24,2
5017,normal,none,1,TFIDF_LogReg_Calibrated,1563.8,0.8984025559105431,0.0,0.0,0.0,0.0,0,0,0.35,normal,True,24,2
5017,normal,none,3,RuleBased,1563.8,0.8984025559105431,0.0,0.0,0.0,0.0,0,0,0.35,normal,True,24,2
5017,normal,none,3,TFIDF_LogReg_Calibrated,1563.8,0.8984025559105431,0.0,0.0,0.0,0.0,0,0,0.35,normal,True,24,2
5017,normal,none,5,RuleBased,1563.8,0.8984025559105431,0.0,0.0,0.0,0.0,0,0,0.35,normal,True,24,2
5017,normal,none,5,TFIDF_LogReg_Calibrated,1563.8,0.8984025559105431,0.0,0.0,0.0,0.0,0,0,0.35,normal,True,24,2
5017,normal,random,1,RuleBased,1342.0,0.8849840255591054,0.0,0.0,0.0,0.07142857142857142,1,1,0.0,supplier_delay,False,24,2
5017,normal,random,1,TFIDF_LogReg_Calibrated,1339.3513965423635,0.8789740663453978,0.0,0.0,0.0,0.07142857142857142,1,1,0.0,supplier_delay,False,24,2
5017,normal,random,3,RuleBased,1549.25,0.9009584664536742,0.0,0.0,0.0,0.07142857142857142,3,2,0.25,supplier_delay,False,24,2
5017,normal,random,3,TFIDF_LogReg_Calibrated,1459.45832042784,0.9086766147489741,0.0,0.0,0.0,0.07142857142857142,3,2,0.007556097958495615,demand_surge,False,24,2
5017,normal,random,5,RuleBased,1549.25,0.9009584664536742,0.0,0.0,0.0,0.07142857142857142,5,2,0.25,supplier_delay,False,24,2
5017,normal,random,5,TFIDF_LogReg_Calibrated,1474.943078047091,0.9072038726467724,0.0,0.0,0.0,0.07142857142857142,5,2,0.0,demand_surge,False,24,2
5017,normal,bm25,1,RuleBased,1563.8,0.8984025559105431,1.0,0.5,1.0,1.0,1,0,0.4,normal,True,24,2
5017,normal,bm25,1,TFIDF_LogReg_Calibrated,1411.0,0.8722044728434505,1.0,0.5,1.0,1.0,1,0,0.23790937294814407,supplier_delay,False,24,2
5017,normal,bm25,3,RuleBased,1563.5,0.8945686900958466,0.3333333333333333,0.5,0.6131471927654584,1.0,3,1,0.5,normal,True,24,2
5017,normal,bm25,3,TFIDF_LogReg_Calibrated,1411.0,0.8722044728434505,0.3333333333333333,0.5,0.6131471927654584,1.0,3,1,0.22693031455285173,supplier_delay,False,24,2
5017,normal,bm25,5,RuleBased,1563.5,0.8945686900958466,0.2,0.5,0.6131471927654584,1.0,5,1,0.5,normal,True,24,2
5017,normal,bm25,5,TFIDF_LogReg_Calibrated,1411.0,0.8722044728434505,0.2,0.5,0.6131471927654584,1.0,5,1,0.2607356569783506,supplier_delay,False,24,2
5017,normal,tfidf,1,RuleBased,1563.8,0.8984025559105431,1.0,0.5,1.0,1.0,1,0,0.4,normal,True,24,2
5017,normal,tfidf,1,TFIDF_LogReg_Calibrated,1411.0,0.8722044728434505,1.0,0.5,1.0,1.0,1,0,0.23790937294814407,supplier_delay,False,24,2
5017,normal,tfidf,3,RuleBased,1563.5,0.8945686900958466,0.6666666666666666,1.0,0.9197207891481876,1.0,3,0,0.5,normal,True,24,2
5017,normal,tfidf,3,TFIDF_LogReg_Calibrated,1432.0,0.8626198083067093,0.6666666666666666,1.0,0.9197207891481876,1.0,3,0,0.502964593216603,normal,True,24,2
5017,normal,tfidf,5,RuleBased,1563.5,0.8945686900958466,0.4,1.0,0.9197207891481876,1.0,5,1,0.5,normal,True,24,2
5017,normal,tfidf,5,TFIDF_LogReg_Calibrated,1411.0,0.8722044728434505,0.4,1.0,0.9197207891481876,1.0,5,1,0.34929350644103835,supplier_delay,False,24,2
5017,normal,dense,1,RuleBased,1563.8,0.8984025559105431,1.0,0.5,1.0,1.0,1,0,0.4,normal,True,24,2
5017,normal,dense,1,TFIDF_LogReg_Calibrated,1411.0,0.8722044728434505,1.0,0.5,1.0,1.0,1,0,0.23790937294814407,supplier_delay,False,24,2
5017,normal,dense,3,RuleBased,1563.5,0.8945686900958466,0.3333333333333333,0.5,0.6131471927654584,1.0,3,0,0.5,normal,True,24,2
5017,normal,dense,3,TFIDF_LogReg_Calibrated,1411.0,0.8722044728434505,0.3333333333333333,0.5,0.6131471927654584,1.0,3,0,0.3037721235421296,supplier_delay,False,24,2
5017,normal,dense,5,RuleBased,1563.5,0.8945686900958466,0.4,1.0,0.8772153153380493,1.0,5,1,0.5,normal,True,24,2
5017,normal,dense,5,TFIDF_LogReg_Calibrated,1391.9057503785546,0.8626198083067093,0.4,1.0,0.8772153153380493,1.0,5,1,0.33333333333333337,supplier_delay,False,24,2
5017,normal,oracle,1,RuleBased,1563.8,0.8984025559105431,1.0,0.5,1.0,1.0,1,0,0.4,normal,True,24,2
5017,normal,oracle,1,TFIDF_LogReg_Calibrated,1411.0,0.8722044728434505,1.0,0.5,1.0,1.0,1,0,0.23790937294814407,supplier_delay,False,24,2
5017,normal,oracle,3,RuleBased,1525.9230769230771,0.9034160727451462,0.6666666666666666,1.0,1.0,1.0,3,0,0.30769230769230776,demand_surge,False,24,2
5017,normal,oracle,3,TFIDF_LogReg_Calibrated,1432.0,0.8626198083067093,0.6666666666666666,1.0,1.0,1.0,3,0,0.6101832694324032,normal,True,24,2
5017,normal,oracle,5,RuleBased,1340.157894736842,0.8769127291071128,0.4,1.0,1.0,1.0,5,2,0.2105263157894737,supplier_delay,False,24,2
5017,normal,oracle,5,TFIDF_LogReg_Calibrated,1411.0,0.8722044728434505,0.4,1.0,1.0,1.0,5,2,0.24815246629535742,supplier_delay,False,24,2
5017,supplier_delay,none,1,RuleBased,1613.5999999999997,0.9009584664536742,0.0,0.0,0.0,0.0,0,0,0.35,normal,False,24,2
5017,supplier_delay,none,1,TFIDF_LogReg_Calibrated,1613.5999999999997,0.9009584664536742,0.0,0.0,0.0,0.0,0,0,0.35,normal,False,24,2
5017,supplier_delay,none,3,RuleBased,1613.5999999999997,0.9009584664536742,0.0,0.0,0.0,0.0,0,0,0.35,normal,False,24,2
5017,supplier_delay,none,3,TFIDF_LogReg_Calibrated,1613.5999999999997,0.9009584664536742,0.0,0.0,0.0,0.0,0,0,0.35,normal,False,24,2
5017,supplier_delay,none,5,RuleBased,1613.5999999999997,0.9009584664536742,0.0,0.0,0.0,0.0,0,0,0.35,normal,False,24,2
5017,supplier_delay,none,5,TFIDF_LogReg_Calibrated,1613.5999999999997,0.9009584664536742,0.0,0.0,0.0,0.0,0,0,0.35,normal,False,24,2
5017,supplier_delay,random,1,RuleBased,1650.0,0.9233226837060703,0.0,0.0,0.0,0.07142857142857142,1,1,0.5,supplier_delay,True,24,2
5017,supplier_delay,random,1,TFIDF_LogReg_Calibrated,1635.2430172881843,0.9173127244923626,0.0,0.0,0.0,0.07142857142857142,1,1,0.5783798847454371,supplier_delay,True,24,2
5017,supplier_delay,random,3,RuleBased,1639.75,0.90814696485623,0.0,0.0,0.0,0.07142857142857142,3,3,0.37499999999999994,supplier_delay,True,24,2
5017,supplier_delay,random,3,TFIDF_LogReg_Calibrated,1610.2322491842592,0.9265175718849841,0.0,0.0,0.0,0.07142857142857142,3,3,0.2564804993033493,demand_surge,False,24,2
5017,supplier_delay,random,5,RuleBased,1639.75,0.90814696485623,0.0,0.0,0.0,0.07142857142857142,5,3,0.37499999999999994,supplier_delay,True,24,2
5017,supplier_delay,random,5,TFIDF_LogReg_Calibrated,1644.3439017554592,0.9265175718849841,0.0,0.0,0.0,0.07142857142857142,5,3,0.3408646435933756,demand_surge,False,24,2
5017,supplier_delay,bm25,1,RuleBased,1639.75,0.90814696485623,0.0,0.0,0.0,0.2,1,1,0.37499999999999994,supplier_delay,True,24,2
5017,supplier_delay,bm25,1,TFIDF_LogReg_Calibrated,1584.0,0.8849840255591054,0.0,0.0,0.0,0.2,1,1,0.5292174498696622,supplier_delay,True,24,2
5017,supplier_delay,bm25,3,RuleBased,1639.75,0.90814696485623,0.0,0.0,0.0,0.2,3,2,0.37499999999999994,supplier_delay,True,24,2
5017,supplier_delay,bm25,3,TFIDF_LogReg_Calibrated,1714.0,0.9105431309904153,0.0,0.0,0.0,0.2,3,2,0.6666666666666666,supplier_delay,True,24,2
5017,supplier_delay,bm25,5,RuleBased,1639.75,0.90814696485623,0.2,0.5,0.23719771276929622,0.2,5,2,0.37499999999999994,supplier_delay,True,24,2
5017,supplier_delay,bm25,5,TFIDF_LogReg_Calibrated,1714.0,0.9105431309904153,0.2,0.5,0.23719771276929622,0.2,5,2,0.8096398681275676,supplier_delay,True,24,2
5017,supplier_delay,tfidf,1,RuleBased,1639.75,0.90814696485623,0.0,0.0,0.0,0.2,1,1,0.37499999999999994,supplier_delay,True,24,2
5017,supplier_delay,tfidf,1,TFIDF_LogReg_Calibrated,1584.0,0.8849840255591054,0.0,0.0,0.0,0.2,1,1,0.5292174498696622,supplier_delay,True,24,2
5017,supplier_delay,tfidf,3,RuleBased,1639.75,0.90814696485623,0.0,0.0,0.0,0.2,3,1,0.37499999999999994,supplier_delay,True,24,2
5017,supplier_delay,tfidf,3,TFIDF_LogReg_Calibrated,1714.0,0.9105431309904153,0.0,0.0,0.0,0.2,3,1,0.689092989081966,supplier_delay,True,24,2
5017,supplier_delay,tfidf,5,RuleBased,1639.75,0.90814696485623,0.2,0.5,0.23719771276929622,0.2,5,2,0.37499999999999994,supplier_delay,True,24,2
5017,supplier_delay,tfidf,5,TFIDF_LogReg_Calibrated,1714.0,0.9105431309904153,0.2,0.5,0.23719771276929622,0.2,5,2,0.8096398681275676,supplier_delay,True,24,2
5017,supplier_delay,dense,1,RuleBased,1639.75,0.90814696485623,0.0,0.0,0.0,0.5,1,1,0.37499999999999994,supplier_delay,True,24,2
5017,supplier_delay,dense,1,TFIDF_LogReg_Calibrated,1584.0,0.8849840255591054,0.0,0.0,0.0,0.5,1,1,0.5292174498696622,supplier_delay,True,24,2
5017,supplier_delay,dense,3,RuleBased,1613.272727272727,0.9058960209119954,0.6666666666666666,1.0,0.6934264036172708,0.5,3,1,0.5454545454545454,supplier_delay,True,24,2
5017,supplier_delay,dense,3,TFIDF_LogReg_Calibrated,1671.0,0.9137380191693291,0.6666666666666666,1.0,0.6934264036172708,0.5,3,1,0.9094300229330481,supplier_delay,True,24,2
5017,supplier_delay,dense,5,RuleBased,1613.272727272727,0.9058960209119954,0.4,1.0,0.6934264036172708,0.5,5,2,0.5454545454545454,supplier_delay,True,24,2
5017,supplier_delay,dense,5,TFIDF_LogReg_Calibrated,1645.3202424663493,0.9201750411746087,0.4,1.0,0.6934264036172708,0.5,5,2,0.5169804724254649,supplier_delay,True,24,2
5017,supplier_delay,oracle,1,RuleBased,1671.0,0.9137380191693291,1.0,0.5,1.0,1.0,1,0,1.0,supplier_delay,True,24,2
5017,supplier_delay,oracle,1,TFIDF_LogReg_Calibrated,1651.4116207361608,0.9238297791323169,1.0,0.5,1.0,1.0,1,0,0.6931201447358631,supplier_delay,True,24,2
5017,supplier_delay,oracle,3,RuleBased,1639.75,0.90814696485623,0.6666666666666666,1.0,1.0,1.0,3,1,0.37499999999999994,supplier_delay,True,24,2
5017,supplier_delay,oracle,3,TFIDF_LogReg_Calibrated,1714.0,0.9105431309904153,0.6666666666666666,1.0,1.0,1.0,3,1,0.8502600945849558,supplier_delay,True,24,2
5017,supplier_delay,oracle,5,RuleBased,1631.2105263157894,0.9152513872540776,0.4,1.0,1.0,1.0,5,2,0.39473684210526316,supplier_delay,True,24,2
5017,supplier_delay,oracle,5,TFIDF_LogReg_Calibrated,1671.0,0.9137380191693291,0.4,1.0,1.0,1.0,5,2,0.938656539867878,supplier_delay,True,24,2
5017,demand_surge,none,1,RuleBased,1740.8,0.8301886792452832,0.0,0.0,0.0,0.0,0,0,0.3,normal,False,24,2
5017,demand_surge,none,1,TFIDF_LogReg_Calibrated,1740.8,0.8301886792452832,0.0,0.0,0.0,0.0,0,0,0.3,normal,False,24,2
5017,demand_surge,none,3,RuleBased,1740.8,0.8301886792452832,0.0,0.0,0.0,0.0,0,0,0.3,normal,False,24,2
5017,demand_surge,none,3,TFIDF_LogReg_Calibrated,1740.8,0.8301886792452832,0.0,0.0,0.0,0.0,0,0,0.3,normal,False,24,2
5017,demand_surge,none,5,RuleBased,1740.8,0.8301886792452832,0.0,0.0,0.0,0.0,0,0,0.3,normal,False,24,2
5017,demand_surge,none,5,TFIDF_LogReg_Calibrated,1740.8,0.8301886792452832,0.0,0.0,0.0,0.0,0,0,0.3,normal,False,24,2
5017,demand_surge,random,1,RuleBased,1739.0,0.8409703504043127,0.0,0.0,0.0,0.07142857142857142,1,0,0.5,supplier_delay,False,24,2
5017,demand_surge,random,1,TFIDF_LogReg_Calibrated,1679.274527823977,0.8282943582621934,0.0,0.0,0.0,0.07142857142857142,1,0,0.42162011525456294,supplier_delay,False,24,2
5017,demand_surge,random,3,RuleBased,1807.25,0.8423180592991913,0.0,0.0,0.0,0.07142857142857142,3,1,0.37499999999999994,supplier_delay,False,24,2
5017,demand_surge,random,3,TFIDF_LogReg_Calibrated,2016.6888487335962,0.8854304110473682,0.0,0.0,0.0,0.07142857142857142,3,1,0.7359634027381551,demand_surge,True,24,2
5017,demand_surge,random,5,RuleBased,1807.25,0.8423180592991913,0.0,0.0,0.0,0.07142857142857142,5,1,0.37499999999999994,supplier_delay,False,24,2
5017,demand_surge,random,5,TFIDF_LogReg_Calibrated,1984.9272254139028,0.8779753984653328,0.0,0.0,0.0,0.07142857142857142,5,1,0.6591353564066244,demand_surge,True,24,2
5017,demand_surge,bm25,1,RuleBased,1807.25,0.8423180592991913,0.0,0.0,0.0,0.14285714285714285,1,1,0.37499999999999994,supplier_delay,False,24,2
5017,demand_surge,bm25,1,TFIDF_LogReg_Calibrated,1511.0,0.7924528301886793,0.0,0.0,0.0,0.14285714285714285,1,1,0.0,supplier_delay,False,24,2
5017,demand_surge,bm25,3,RuleBased,1807.25,0.8423180592991913,0.0,0.0,0.0,0.14285714285714285,3,3,0.37499999999999994,supplier_delay,False,24,2
5017,demand_surge,bm25,3,TFIDF_LogReg_Calibrated,1482.0,0.7924528301886793,0.0,0.0,0.0,0.14285714285714285,3,3,0.0,supplier_delay,False,24,2
5017,demand_surge,bm25,5,RuleBased,1807.25,0.8423180592991913,0.0,0.0,0.0,0.14285714285714285,5,3,0.37499999999999994,supplier_delay,False,24,2
5017,demand_surge,bm25,5,TFIDF_LogReg_Calibrated,1482.0,0.7924528301886793,0.0,0.0,0.0,0.14285714285714285,5,3,0.0,supplier_delay,False,24,2
5017,demand_surge,tfidf,1,RuleBased,1807.25,0.8423180592991913,0.0,0.0,0.0,0.16666666666666666,1,1,0.37499999999999994,supplier_delay,False,24,2
5017,demand_surge,tfidf,1,TFIDF_LogReg_Calibrated,1511.0,0.7924528301886793,0.0,0.0,0.0,0.16666666666666666,1,1,0.0,supplier_delay,False,24,2
5017,demand_surge,tfidf,3,RuleBased,1807.25,0.8423180592991913,0.0,0.0,0.0,0.16666666666666666,3,2,0.37499999999999994,supplier_delay,False,24,2
5017,demand_surge,tfidf,3,TFIDF_LogReg_Calibrated,1482.0,0.7924528301886793,0.0,0.0,0.0,0.16666666666666666,3,2,0.0,supplier_delay,False,24,2
5017,demand_surge,tfidf,5,RuleBased,1807.25,0.8423180592991913,0.0,0.0,0.0,0.16666666666666666,5,3,0.37499999999999994,supplier_delay,False,24,2
5017,demand_surge,tfidf,5,TFIDF_LogReg_Calibrated,1482.0,0.7924528301886793,0.0,0.0,0.0,0.16666666666666666,5,3,0.0,supplier_delay,False,24,2
5017,demand_surge,dense,1,RuleBased,1807.25,0.8423180592991913,0.0,0.0,0.0,0.16666666666666666,1,1,0.37499999999999994,supplier_delay,False,24,2
5017,demand_surge,dense,1,TFIDF_LogReg_Calibrated,1511.0,0.7924528301886793,0.0,0.0,0.0,0.16666666666666666,1,1,0.0,supplier_delay,False,24,2
5017,demand_surge,dense,3,RuleBased,1807.25,0.8423180592991913,0.0,0.0,0.0,0.16666666666666666,3,1,0.37499999999999994,supplier_delay,False,24,2
5017,demand_surge,dense,3,TFIDF_LogReg_Calibrated,1961.53003990428,0.8724108228724307,0.0,0.0,0.0,0.16666666666666666,3,1,0.6017893134908829,demand_surge,True,24,2
5017,demand_surge,dense,5,RuleBased,1807.25,0.8423180592991913,0.0,0.0,0.0,0.16666666666666666,5,2,0.37499999999999994,supplier_delay,False,24,2
5017,demand_surge,dense,5,TFIDF_LogReg_Calibrated,1692.7073770469851,0.8311453142277703,0.0,0.0,0.0,0.16666666666666666,5,2,0.43924852630837896,supplier_delay,False,24,2
5017,demand_surge,oracle,1,RuleBased,1749.3333333333337,0.844564240790656,1.0,0.5,1.0,1.0,1,0,0.5555555555555556,demand_surge,True,24,2
5017,demand_surge,oracle,1,TFIDF_LogReg_Calibrated,2034.0000000000002,0.889487870619946,1.0,0.5,1.0,1.0,1,0,0.7777777777777778,demand_surge,True,24,2
5017,demand_surge,oracle,3,RuleBased,1853.8571428571427,0.8509819021948403,0.6666666666666666,1.0,1.0,1.0,3,1,0.42857142857142855,demand_surge,True,24,2
5017,demand_surge,oracle,3,TFIDF_LogReg_Calibrated,1997.4367755800301,0.8809180301371218,0.6666666666666666,1.0,1.0,1.0,3,1,0.6894608105797827,demand_surge,True,24,2
5017,demand_surge,oracle,5,RuleBased,1656.3157894736844,0.8243722513831748,0.4,1.0,1.0,1.0,5,2,0.39473684210526316,supplier_delay,False,24,2
5017,demand_surge,oracle,5,TFIDF_LogReg_Calibrated,2000.9284173835206,0.8817364156529991,0.4,1.0,1.0,1.0,5,2,0.6978947279795191,demand_surge,True,24,2
5018,normal,none,1,RuleBased,1673.4,0.8790419161676647,0.0,0.0,0.0,0.0,0,0,0.35,normal,True,24,2
5018,normal,none,1,TFIDF_LogReg_Calibrated,1673.4,0.8790419161676647,0.0,0.0,0.0,0.0,0,0,0.35,normal,True,24,2
5018,normal,none,3,RuleBased,1673.4,0.8790419161676647,0.0,0.0,0.0,0.0,0,0,0.35,normal,True,24,2
5018,normal,none,3,TFIDF_LogReg_Calibrated,1673.4,0.8790419161676647,0.0,0.0,0.0,0.0,0,0,0.35,normal,True,24,2
5018,normal,none,5,RuleBased,1673.4,0.8790419161676647,0.0,0.0,0.0,0.0,0,0,0.35,normal,True,24,2
5018,normal,none,5,TFIDF_LogReg_Calibrated,1673.4,0.8790419161676647,0.0,0.0,0.0,0.0,0,0,0.35,normal,True,24,2
5018,normal,random,1,RuleBased,1673.4,0.8790419161676647,0.0,0.0,0.0,0.25,1,0,0.4,normal,True,24,2
5018,normal,random,1,TFIDF_LogReg_Calibrated,1430.0563809066298,0.8462005766032207,0.0,0.0,0.0,0.25,1,0,0.2537947390986323,supplier_delay,False,24,2
5018,normal,random,3,RuleBased,1496.6153846153843,0.8555964993090742,0.0,0.0,0.0,0.25,3,1,0.3076923076923077,supplier_delay,False,24,2
5018,normal,random,3,TFIDF_LogReg_Calibrated,1426.0,0.844311377245509,0.0,0.0,0.0,0.25,3,1,0.32134437336125166,supplier_delay,False,24,2
5018,normal,random,5,RuleBased,1496.6153846153843,0.8555964993090742,0.2,0.5,0.2640681225725909,0.25,5,1,0.3076923076923077,supplier_delay,False,24,2
5018,normal,random,5,TFIDF_LogReg_Calibrated,1520.0,0.844311377245509,0.2,0.5,0.2640681225725909,0.25,5,1,0.39668682805687056,supplier_delay,False,24,2
5018,normal,bm25,1,RuleBased,1673.4,0.8790419161676647,0.0,0.0,0.0,0.3333333333333333,1,0,0.4,normal,True,24,2
5018,normal,bm25,1,TFIDF_LogReg_Calibrated,1520.0,0.844311377245509,0.0,0.0,0.0,0.3333333333333333,1,0,0.6159566260122799,normal,True,24,2
5018,normal,bm25,3,RuleBased,1673.4,0.8790419161676647,0.3333333333333333,0.5,0.3065735963827292,0.3333333333333333,3,0,0.4,normal,True,24,2
5018,normal,bm25,3,TFIDF_LogReg_Calibrated,1678.0,0.8652694610778443,0.3333333333333333,0.5,0.3065735963827292,0.3333333333333333,3,0,0.6819735427983975,normal,True,24,2
5018,normal,bm25,5,RuleBased,1673.4,0.8790419161676647,0.2,0.5,0.3065735963827292,0.3333333333333333,5,0,0.4,normal,True,24,2
5018,normal,bm25,5,TFIDF_LogReg_Calibrated,1520.0,0.844311377245509,0.2,0.5,0.3065735963827292,0.3333333333333333,5,0,0.5655173951880539,normal,True,24,2
5018,normal,tfidf,1,RuleBased,1673.4,0.8790419161676647,0.0,0.0,0.0,0.5,1,0,0.4,normal,True,24,2
5018,normal,tfidf,1,TFIDF_LogReg_Calibrated,1520.0,0.844311377245509,0.0,0.0,0.0,0.5,1,0,0.6159566260122799,normal,True,24,2
5018,normal,tfidf,3,RuleBased,1673.4,0.8790419161676647,0.3333333333333333,0.5,0.38685280723454163,0.5,3,0,0.4,normal,True,24,2
5018,normal,tfidf,3,TFIDF_LogReg_Calibrated,1678.0,0.8652694610778443,0.3333333333333333,0.5,0.38685280723454163,0.5,3,0,0.6819735427983975,normal,True,24,2
5018,normal,tfidf,5,RuleBased,1673.4,0.8790419161676647,0.2,0.5,0.38685280723454163,0.5,5,0,0.4,normal,True,24,2
5018,normal,tfidf,5,TFIDF_LogReg_Calibrated,1520.0,0.844311377245509,0.2,0.5,0.38685280723454163,0.5,5,0,0.6208341600901088,normal,True,24,2
5018,normal,dense,1,RuleBased,1673.4,0.8790419161676647,0.0,0.0,0.0,0.5,1,0,0.4,normal,True,24,2
5018,normal,dense,1,TFIDF_LogReg_Calibrated,1520.0,0.844311377245509,0.0,0.0,0.0,0.5,1,0,0.6159566260122799,normal,True,24,2
5018,normal,dense,3,RuleBased,1681.3333333333335,0.87624750499002,0.6666666666666666,1.0,0.6934264036172708,0.5,3,0,0.44444444444444453,normal,True,24,2
5018,normal,dense,3,TFIDF_LogReg_Calibrated,1678.0,0.8652694610778443,0.6666666666666666,1.0,0.6934264036172708,0.5,3,0,0.7416439105063847,normal,True,24,2
5018,normal,dense,5,RuleBased,1508.3636363636367,0.8538377789874796,0.4,1.0,0.6934264036172708,0.5,5,1,0.3636363636363637,supplier_delay,False,24,2
5018,normal,dense,5,TFIDF_LogReg_Calibrated,1520.0,0.844311377245509,0.4,1.0,0.6934264036172708,0.5,5,1,0.6065718768337698,normal,True,24,2
5018,normal,oracle,1,RuleBased,1673.4,0.8790419161676647,1.0,0.5,1.0,1.0,1,0,0.4,normal,True,24,2
5018,normal,oracle,1,TFIDF_LogReg_Calibrated,1678.0,0.8652694610778443,1.0,0.5,1.0,1.0,1,0,0.7147744297435985,normal,True,24,2
5018,normal,oracle,3,RuleBased,1681.3333333333335,0.87624750499002,0.6666666666666666,1.0,1.0,1.0,3,0,0.44444444444444453,normal,True,24,2
5018,normal,oracle,3,TFIDF_LogReg_Calibrated,1678.0,0.8652694610778443,0.6666666666666666,1.0,1.0,1.0,3,0,0.7222222222222222,normal,True,24,2
5018,normal,oracle,5,RuleBased,1681.3333333333335,0.87624750499002,0.4,1.0,1.0,1.0,5,2,0.44444444444444453,normal,True,24,2
5018,normal,oracle,5,TFIDF_LogReg_Calibrated,1685.1481063678536,0.8688363804230804,0.4,1.0,1.0,1.0,5,2,0.5953749638310402,normal,True,24,2
5018,supplier_delay,none,1,RuleBased,1644.6000000000001,0.8766467065868265,0.0,0.0,0.0,0.0,0,0,0.35,normal,False,24,2
5018,supplier_delay,none,1,TFIDF_LogReg_Calibrated,1644.6000000000001,0.8766467065868265,0.0,0.0,0.0,0.0,0,0,0.35,normal,False,24,2
5018,supplier_delay,none,3,RuleBased,1644.6000000000001,0.8766467065868265,0.0,0.0,0.0,0.0,0,0,0.35,normal,False,24,2
5018,supplier_delay,none,3,TFIDF_LogReg_Calibrated,1644.6000000000001,0.8766467065868265,0.0,0.0,0.0,0.0,0,0,0.35,normal,False,24,2
5018,supplier_delay,none,5,RuleBased,1644.6000000000001,0.8766467065868265,0.0,0.0,0.0,0.0,0,0,0.35,normal,False,24,2
5018,supplier_delay,none,5,TFIDF_LogReg_Calibrated,1644.6000000000001,0.8766467065868265,0.0,0.0,0.0,0.0,0,0,0.35,normal,False,24,2
5018,supplier_delay,random,1,RuleBased,1644.6000000000001,0.8766467065868265,0.0,0.0,0.0,0.25,1,1,0.3,normal,False,24,2
5018,supplier_delay,random,1,TFIDF_LogReg_Calibrated,1763.4733290049592,0.8881167442678913,0.0,0.0,0.0,0.25,1,1,0.7311816279138516,supplier_delay,True,24,2
5018,supplier_delay,random,3,RuleBased,1811.6153846153845,0.8972823583602028,0.0,0.0,0.0,0.25,3,2,0.46153846153846145,supplier_delay,True,24,2
5018,supplier_delay,random,3,TFIDF_LogReg_Calibrated,1755.0,0.8862275449101796,0.0,0.0,0.0,0.25,3,2,0.6786556266387483,supplier_delay,True,24,2
5018,supplier_delay,random,5,RuleBased,1811.6153846153845,0.8972823583602028,0.2,0.5,0.2640681225725909,0.25,5,2,0.46153846153846145,supplier_delay,True,24,2
5018,supplier_delay,random,5,TFIDF_LogReg_Calibrated,1727.0,0.8892215568862275,0.2,0.5,0.2640681225725909,0.25,5,2,0.8839047830221549,supplier_delay,True,24,2
5018,supplier_delay,bm25,1,RuleBased,1644.6000000000001,0.8766467065868265,0.0,0.0,0.0,0.09090909090909091,1,1,0.3,normal,False,24,2
5018,supplier_delay,bm25,1,TFIDF_LogReg_Calibrated,1669.0,0.8682634730538922,0.0,0.0,0.0,0.09090909090909091,1,1,0.3840433739877202,normal,False,24,2
5018,supplier_delay,bm25,3,RuleBased,1644.6000000000001,0.8766467065868265,0.0,0.0,0.0,0.09090909090909091,3,2,0.3,normal,False,24,2
5018,supplier_delay,bm25,3,TFIDF_LogReg_Calibrated,1755.0,0.8862275449101796,0.0,0.0,0.0,0.09090909090909091,3,2,0.6705438710816706,supplier_delay,True,24,2
5018,supplier_delay,bm25,5,RuleBased,1644.6000000000001,0.8766467065868265,0.0,0.0,0.0,0.09090909090909091,5,2,0.3,normal,False,24,2
5018,supplier_delay,bm25,5,TFIDF_LogReg_Calibrated,1755.0,0.8862275449101796,0.0,0.0,0.0,0.09090909090909091,5,2,0.7503578606403963,supplier_delay,True,24,2
5018,supplier_delay,tfidf,1,RuleBased,1644.6000000000001,0.8766467065868265,0.0,0.0,0.0,0.16666666666666666,1,1,0.3,normal,False,24,2
5018,supplier_delay,tfidf,1,TFIDF_LogReg_Calibrated,1669.0,0.8682634730538922,0.0,0.0,0.0,0.16666666666666666,1,1,0.3840433739877202,normal,False,24,2
5018,supplier_delay,tfidf,3,RuleBased,1644.6000000000001,0.8766467065868265,0.0,0.0,0.0,0.16666666666666666,3,2,0.3,normal,False,24,2
5018,supplier_delay,tfidf,3,TFIDF_LogReg_Calibrated,1755.0,0.8862275449101796,0.0,0.0,0.0,0.16666666666666666,3,2,0.6705438710816706,supplier_delay,True,24,2
5018,supplier_delay,tfidf,5,RuleBased,1644.6000000000001,0.8766467065868265,0.0,0.0,0.0,0.16666666666666666,5,2,0.3,normal,False,24,2
5018,supplier_delay,tfidf,5,TFIDF_LogReg_Calibrated,1755.0,0.8862275449101796,0.0,0.0,0.0,0.16666666666666666,5,2,0.7503578606403963,supplier_delay,True,24,2
5018,supplier_delay,dense,1,RuleBased,1644.6000000000001,0.8766467065868265,0.0,0.0,0.0,0.5,1,1,0.3,normal,False,24,2
5018,supplier_delay,dense,1,TFIDF_LogReg_Calibrated,1669.0,0.8682634730538922,0.0,0.0,0.0,0.5,1,1,0.3840433739877202,normal,False,24,2
5018,supplier_delay,dense,3,RuleBased,1811.6153846153845,0.8972823583602028,0.6666666666666666,1.0,0.6934264036172708,0.5,3,1,0.46153846153846145,supplier_delay,True,24,2
5018,supplier_delay,dense,3,TFIDF_LogReg_Calibrated,1727.0,0.8892215568862275,0.6666666666666666,1.0,0.6934264036172708,0.5,3,1,0.9201625146093301,supplier_delay,True,24,2
5018,supplier_delay,dense,5,RuleBased,1811.6153846153845,0.8972823583602028,0.4,1.0,0.6934264036172708,0.5,5,1,0.46153846153846145,supplier_delay,True,24,2
5018,supplier_delay,dense,5,TFIDF_LogReg_Calibrated,1727.0,0.8892215568862275,0.4,1.0,0.6934264036172708,0.5,5,1,0.9086161644480195,supplier_delay,True,24,2
5018,supplier_delay,oracle,1,RuleBased,1727.0,0.8892215568862275,1.0,0.5,1.0,1.0,1,0,1.0,supplier_delay,True,24,2
5018,supplier_delay,oracle,1,TFIDF_LogReg_Calibrated,1795.7672806503117,0.8953169500749195,1.0,0.5,1.0,1.0,1,0,0.871086636274395,supplier_delay,True,24,2
5018,supplier_delay,oracle,3,RuleBased,1811.6153846153845,0.8972823583602028,0.6666666666666666,1.0,1.0,1.0,3,1,0.46153846153846145,supplier_delay,True,24,2
5018,supplier_delay,oracle,3,TFIDF_LogReg_Calibrated,1727.0,0.8892215568862275,0.6666666666666666,1.0,1.0,1.0,3,1,0.8856553532554247,supplier_delay,True,24,2
5018,supplier_delay,oracle,5,RuleBased,1811.6153846153845,0.8972823583602028,0.4,1.0,1.0,1.0,5,2,0.46153846153846145,supplier_delay,True,24,2
5018,supplier_delay,oracle,5,TFIDF_LogReg_Calibrated,1856.9895082354271,0.9095379989789407,0.4,1.0,1.0,1.0,5,2,0.708046439323818,supplier_delay,True,24,2
5018,demand_surge,none,1,RuleBased,1801.0000000000002,0.8226221079691518,0.0,0.0,0.0,0.0,0,0,0.3,normal,False,24,2
5018,demand_surge,none,1,TFIDF_LogReg_Calibrated,1801.0000000000002,0.8226221079691518,0.0,0.0,0.0,0.0,0,0,0.3,normal,False,24,2
5018,demand_surge,none,3,RuleBased,1801.0000000000002,0.8226221079691518,0.0,0.0,0.0,0.0,0,0,0.3,normal,False,24,2
5018,demand_surge,none,3,TFIDF_LogReg_Calibrated,1801.0000000000002,0.8226221079691518,0.0,0.0,0.0,0.0,0,0,0.3,normal,False,24,2
5018,demand_surge,none,5,RuleBased,1801.0000000000002,0.8226221079691518,0.0,0.0,0.0,0.0,0,0,0.3,normal,False,24,2
5018,demand_surge,none,5,TFIDF_LogReg_Calibrated,1801.0000000000002,0.8226221079691518,0.0,0.0,0.0,0.0,0,0,0.3,normal,False,24,2
5018,demand_surge,random,1,RuleBased,1801.0000000000002,0.8226221079691518,0.0,0.0,0.0,0.25,1,1,0.3,normal,False,24,2
5018,demand_surge,random,1,TFIDF_LogReg_Calibrated,1524.8085755281877,0.7812375783528304,0.0,0.0,0.0,0.25,1,1,0.01502363298751618,supplier_delay,False,24,2
5018,demand_surge,random,3,RuleBased,1722.0,0.8111528574253509,0.0,0.0,0.0,0.25,3,3,0.23076923076923073,supplier_delay,False,24,2
5018,demand_surge,random,3,TFIDF_LogReg_Calibrated,1513.0,0.7789203084832905,0.0,0.0,0.0,0.25,3,3,0.0,supplier_delay,False,24,2
5018,demand_surge,random,5,RuleBased,1722.0,0.8111528574253509,0.2,0.5,0.2640681225725909,0.25,5,3,0.23076923076923073,supplier_delay,False,24,2
5018,demand_surge,random,5,TFIDF_LogReg_Calibrated,1517.750181951966,0.7798524660907721,0.2,0.5,0.2640681225725909,0.25,5,3,0.006043488488506378,supplier_delay,False,24,2
5018,demand_surge,bm25,1,RuleBased,1801.0000000000002,0.8226221079691518,0.0,0.0,0.0,0.2,1,1,0.3,normal,False,24,2
5018,demand_surge,bm25,1,TFIDF_LogReg_Calibrated,1512.0,0.7763496143958869,0.0,0.0,0.0,0.2,1,1,0.0,normal,False,24,2
5018,demand_surge,bm25,3,RuleBased,1801.0000000000002,0.8226221079691518,0.0,0.0,0.0,0.2,3,2,0.3,normal,False,24,2
5018,demand_surge,bm25,3,TFIDF_LogReg_Calibrated,1513.0,0.7789203084832905,0.0,0.0,0.0,0.2,3,2,0.0,supplier_delay,False,24,2
5018,demand_surge,bm25,5,RuleBased,1801.0000000000002,0.8226221079691518,0.2,0.5,0.23719771276929622,0.2,5,2,0.3,normal,False,24,2
5018,demand_surge,bm25,5,TFIDF_LogReg_Calibrated,1650.1081018134157,0.8056296437947007,0.2,0.5,0.23719771276929622,0.2,5,2,0.17316552393564275,supplier_delay,False,24,2
5018,demand_surge,tfidf,1,RuleBased,1801.0000000000002,0.8226221079691518,0.0,0.0,0.0,0.16666666666666666,1,1,0.3,normal,False,24,2
5018,demand_surge,tfidf,1,TFIDF_LogReg_Calibrated,1512.0,0.7763496143958869,0.0,0.0,0.0,0.16666666666666666,1,1,0.0,normal,False,24,2
5018,demand_surge,tfidf,3,RuleBased,1801.0000000000002,0.8226221079691518,0.0,0.0,0.0,0.16666666666666666,3,2,0.3,normal,False,24,2
5018,demand_surge,tfidf,3,TFIDF_LogReg_Calibrated,1513.0,0.7789203084832905,0.0,0.0,0.0,0.16666666666666666,3,2,0.0,supplier_delay,False,24,2
5018,demand_surge,tfidf,5,RuleBased,1801.0000000000002,0.8226221079691518,0.0,0.0,0.0,0.16666666666666666,5,2,0.3,normal,False,24,2
5018,demand_surge,tfidf,5,TFIDF_LogReg_Calibrated,1513.0,0.7789203084832905,0.0,0.0,0.0,0.16666666666666666,5,2,0.0,supplier_delay,False,24,2
5018,demand_surge,dense,1,RuleBased,1801.0000000000002,0.8226221079691518,0.0,0.0,0.0,0.3333333333333333,1,1,0.3,normal,False,24,2
5018,demand_surge,dense,1,TFIDF_LogReg_Calibrated,1512.0,0.7763496143958869,0.0,0.0,0.0,0.3333333333333333,1,1,0.0,normal,False,24,2
5018,demand_surge,dense,3,RuleBased,1940.9230769230771,0.8455606090567531,0.3333333333333333,0.5,0.3065735963827292,0.3333333333333333,3,1,0.46153846153846156,demand_surge,True,24,2
5018,demand_surge,dense,3,TFIDF_LogReg_Calibrated,1513.0,0.7789203084832905,0.3333333333333333,0.5,0.3065735963827292,0.3333333333333333,3,1,0.0,supplier_delay,False,24,2
5018,demand_surge,dense,5,RuleBased,1868.25,0.833547557840617,0.2,0.5,0.3065735963827292,0.3333333333333333,5,2,0.37499999999999994,supplier_delay,False,24,2
5018,demand_surge,dense,5,TFIDF_LogReg_Calibrated,1513.0,0.7789203084832905,0.2,0.5,0.3065735963827292,0.3333333333333333,5,2,0.0,supplier_delay,False,24,2
5018,demand_surge,oracle,1,RuleBased,1787.0,0.8277634961439588,1.0,0.5,1.0,1.0,1,0,0.5,supplier_delay,False,24,2
5018,demand_surge,oracle,1,TFIDF_LogReg_Calibrated,2083.362120141464,0.876156662108548,1.0,0.5,1.0,1.0,1,0,0.7843725650093845,demand_surge,True,24,2
5018,demand_surge,oracle,3,RuleBased,1940.9230769230771,0.8455606090567531,0.6666666666666666,1.0,1.0,1.0,3,1,0.46153846153846156,demand_surge,True,24,2
5018,demand_surge,oracle,3,TFIDF_LogReg_Calibrated,1733.4990683468252,0.8137529738680783,0.6666666666666666,1.0,1.0,1.0,3,1,0.2729127847784372,supplier_delay,False,24,2
5018,demand_surge,oracle,5,RuleBased,1940.9230769230771,0.8455606090567531,0.4,1.0,1.0,1.0,5,2,0.46153846153846156,demand_surge,True,24,2
5018,demand_surge,oracle,5,TFIDF_LogReg_Calibrated,2078.4122492018987,0.8725617767358287,0.4,1.0,1.0,1.0,5,2,0.7261054645932221,demand_surge,True,24,2
5019,normal,none,1,RuleBased,1725.9999999999998,0.9103448275862068,0.0,0.0,0.0,0.0,0,0,0.35,normal,True,24,2
5019,normal,none,1,TFIDF_LogReg_Calibrated,1725.9999999999998,0.9103448275862068,0.0,0.0,0.0,0.0,0,0,0.35,normal,True,24,2
5019,normal,none,3,RuleBased,1725.9999999999998,0.9103448275862068,0.0,0.0,0.0,0.0,0,0,0.35,normal,True,24,2
5019,normal,none,3,TFIDF_LogReg_Calibrated,1725.9999999999998,0.9103448275862068,0.0,0.0,0.0,0.0,0,0,0.35,normal,True,24,2
5019,normal,none,5,RuleBased,1725.9999999999998,0.9103448275862068,0.0,0.0,0.0,0.0,0,0,0.35,normal,True,24,2
5019,normal,none,5,TFIDF_LogReg_Calibrated,1725.9999999999998,0.9103448275862068,0.0,0.0,0.0,0.0,0,0,0.35,normal,True,24,2
5019,normal,random,1,RuleBased,1418.0,0.8714733542319749,0.0,0.0,0.0,0.09090909090909091,1,0,0.0,supplier_delay,False,24,2
5019,normal,random,1,TFIDF_LogReg_Calibrated,1430.29311205407,0.8800369989927339,0.0,0.0,0.0,0.09090909090909091,1,0,0.0,supplier_delay,False,24,2
5019,normal,random,3,RuleBased,1695.0,0.9247648902821317,0.0,0.0,0.0,0.09090909090909091,3,1,0.0,demand_surge,False,24,2
5019,normal,random,3,TFIDF_LogReg_Calibrated,1532.1545082008054,0.897098682830671,0.0,0.0,0.0,0.09090909090909091,3,1,0.0,supplier_delay,False,24,2
5019,normal,random,5,RuleBased,1695.0,0.9247648902821317,0.0,0.0,0.0,0.09090909090909091,5,2,0.0,demand_surge,False,24,2
5019,normal,random,5,TFIDF_LogReg_Calibrated,1531.6044880472723,0.8972976291123925,0.0,0.0,0.0,0.09090909090909091,5,2,0.0,supplier_delay,False,24,2
5019,normal,bm25,1,RuleBased,1725.9999999999998,0.9103448275862068,1.0,0.5,1.0,1.0,1,0,0.4,normal,True,24,2
5019,normal,bm25,1,TFIDF_LogReg_Calibrated,1584.0,0.877742946708464,1.0,0.5,1.0,1.0,1,0,0.6159566260122799,normal,True,24,2
5019,normal,bm25,3,RuleBased,1725.9999999999998,0.9103448275862068,0.3333333333333333,0.5,0.6131471927654584,1.0,3,0,0.4,normal,True,24,2
5019,normal,bm25,3,TFIDF_LogReg_Calibrated,1699.0,0.890282131661442,0.3333333333333333,0.5,0.6131471927654584,1.0,3,0,0.7308591286523594,normal,True,24,2
5019,normal,bm25,5,RuleBased,1725.9999999999998,0.9103448275862068,0.2,0.5,0.6131471927654584,1.0,5,0,0.4,normal,True,24,2
5019,normal,bm25,5,TFIDF_LogReg_Calibrated,1699.0,0.890282131661442,0.2,0.5,0.6131471927654584,1.0,5,0,0.7222222222222222,normal,True,24,2
5019,normal,tfidf,1,RuleBased,1725.9999999999998,0.9103448275862068,1.0,0.5,1.0,1.0,1,0,0.4,normal,True,24,2
5019,normal,tfidf,1,TFIDF_LogReg_Calibrated,1584.0,0.877742946708464,1.0,0.5,1.0,1.0,1,0,0.6159566260122799,normal,True,24,2
5019,normal,tfidf,3,RuleBased,1725.9999999999998,0.9103448275862068,0.3333333333333333,0.5,0.6131471927654584,1.0,3,0,0.4,normal,True,24,2
5019,normal,tfidf,3,TFIDF_LogReg_Calibrated,1699.0,0.890282131661442,0.3333333333333333,0.5,0.6131471927654584,1.0,3,0,0.7308591286523594,normal,True,24,2
5019,normal,tfidf,5,RuleBased,1725.9999999999998,0.9103448275862068,0.4,1.0,0.8503449055347546,1.0,5,0,0.4,normal,True,24,2
5019,normal,tfidf,5,TFIDF_LogReg_Calibrated,1699.0,0.890282131661442,0.4,1.0,0.8503449055347546,1.0,5,0,0.7222222222222222,normal,True,24,2
5019,normal,dense,1,RuleBased,1725.9999999999998,0.9103448275862068,1.0,0.5,1.0,1.0,1,0,0.4,normal,True,24,2
5019,normal,dense,1,TFIDF_LogReg_Calibrated,1584.0,0.877742946708464,1.0,0.5,1.0,1.0,1,0,0.6159566260122799,normal,True,24,2
5019,normal,dense,3,RuleBased,1723.666666666667,0.9059561128526645,0.3333333333333333,0.5,0.6131471927654584,1.0,3,1,0.44444444444444453,normal,True,24,2
5019,normal,dense,3,TFIDF_LogReg_Calibrated,1475.0,0.8714733542319749,0.3333333333333333,0.5,0.6131471927654584,1.0,3,1,0.30315738697584566,supplier_delay,False,24,2
5019,normal,dense,5,RuleBased,1723.666666666667,0.9059561128526645,0.4,1.0,0.8772153153380493,1.0,5,1,0.44444444444444453,normal,True,24,2
5019,normal,dense,5,TFIDF_LogReg_Calibrated,1584.0,0.877742946708464,0.4,1.0,0.8772153153380493,1.0,5,1,0.4692731690922763,supplier_delay,False,24,2
5019,normal,oracle,1,RuleBased,1725.9999999999998,0.9103448275862068,1.0,0.5,1.0,1.0,1,0,0.4,normal,True,24,2
5019,normal,oracle,1,TFIDF_LogReg_Calibrated,1584.0,0.877742946708464,1.0,0.5,1.0,1.0,1,0,0.6159566260122799,normal,True,24,2
5019,normal,oracle,3,RuleBased,1725.25,0.914576802507837,0.6666666666666666,1.0,1.0,1.0,3,0,0.25,supplier_delay,False,24,2
5019,normal,oracle,3,TFIDF_LogReg_Calibrated,1584.0,0.877742946708464,0.6666666666666666,1.0,1.0,1.0,3,0,0.4999428038294586,supplier_delay,False,24,2
5019,normal,oracle,5,RuleBased,1648.9999999999995,0.9068517689207346,0.4,1.0,1.0,1.0,5,2,0.2285714285714286,supplier_delay,False,24,2
5019,normal,oracle,5,TFIDF_LogReg_Calibrated,1584.0,0.877742946708464,0.4,1.0,1.0,1.0,5,2,0.44096675156950066,supplier_delay,False,24,2
5019,supplier_delay,none,1,RuleBased,1350.4000000000003,0.8589341692789969,0.0,0.0,0.0,0.0,0,0,0.35,normal,False,24,2
5019,supplier_delay,none,1,TFIDF_LogReg_Calibrated,1350.4000000000003,0.8589341692789969,0.0,0.0,0.0,0.0,0,0,0.35,normal,False,24,2
5019,supplier_delay,none,3,RuleBased,1350.4000000000003,0.8589341692789969,0.0,0.0,0.0,0.0,0,0,0.35,normal,False,24,2
5019,supplier_delay,none,3,TFIDF_LogReg_Calibrated,1350.4000000000003,0.8589341692789969,0.0,0.0,0.0,0.0,0,0,0.35,normal,False,24,2
5019,supplier_delay,none,5,RuleBased,1350.4000000000003,0.8589341692789969,0.0,0.0,0.0,0.0,0,0,0.35,normal,False,24,2
5019,supplier_delay,none,5,TFIDF_LogReg_Calibrated,1350.4000000000003,0.8589341692789969,0.0,0.0,0.0,0.0,0,0,0.35,normal,False,24,2
5019,supplier_delay,random,1,RuleBased,1702.0,0.9028213166144201,0.0,0.0,0.0,0.09090909090909091,1,0,1.0,supplier_delay,True,24,2
5019,supplier_delay,random,1,TFIDF_LogReg_Calibrated,1766.8803136187005,0.9199486061359381,0.0,0.0,0.0,0.09090909090909091,1,0,0.8861748883882447,supplier_delay,True,24,2
5019,supplier_delay,random,3,RuleBased,1483.0,0.8934169278996865,0.0,0.0,0.0,0.09090909090909091,3,1,0.33333333333333337,demand_surge,False,24,2
5019,supplier_delay,random,3,TFIDF_LogReg_Calibrated,1718.5364753975853,0.9187266026759544,0.0,0.0,0.0,0.09090909090909091,3,1,0.7125288987231083,supplier_delay,True,24,2
5019,supplier_delay,random,5,RuleBased,1483.0,0.8934169278996865,0.0,0.0,0.0,0.09090909090909091,5,1,0.33333333333333337,demand_surge,False,24,2
5019,supplier_delay,random,5,TFIDF_LogReg_Calibrated,1720.1865358581829,0.9191908106666377,0.0,0.0,0.0,0.09090909090909091,5,1,0.7090031285081554,supplier_delay,True,24,2
5019,supplier_delay,bm25,1,RuleBased,1350.4000000000003,0.8589341692789969,0.0,0.0,0.0,0.5,1,1,0.3,normal,False,24,2
5019,supplier_delay,bm25,1,TFIDF_LogReg_Calibrated,1092.0,0.8056426332288401,0.0,0.0,0.0,0.5,1,1,0.0,normal,False,24,2
5019,supplier_delay,bm25,3,RuleBased,1350.4000000000003,0.8589341692789969,0.3333333333333333,0.5,0.38685280723454163,0.5,3,1,0.3,normal,False,24,2
5019,supplier_delay,bm25,3,TFIDF_LogReg_Calibrated,1421.0,0.8557993730407524,0.3333333333333333,0.5,0.38685280723454163,0.5,3,1,0.44793530901631357,normal,False,24,2
5019,supplier_delay,bm25,5,RuleBased,1350.4000000000003,0.8589341692789969,0.2,0.5,0.38685280723454163,0.5,5,1,0.3,normal,False,24,2
5019,supplier_delay,bm25,5,TFIDF_LogReg_Calibrated,1421.0,0.8557993730407524,0.2,0.5,0.38685280723454163,0.5,5,1,0.6090873493229222,supplier_delay,True,24,2
5019,supplier_delay,tfidf,1,RuleBased,1350.4000000000003,0.8589341692789969,0.0,0.0,0.0,0.3333333333333333,1,1,0.3,normal,False,24,2
5019,supplier_delay,tfidf,1,TFIDF_LogReg_Calibrated,1092.0,0.8056426332288401,0.0,0.0,0.0,0.3333333333333333,1,1,0.0,normal,False,24,2
5019,supplier_delay,tfidf,3,RuleBased,1350.4000000000003,0.8589341692789969,0.3333333333333333,0.5,0.3065735963827292,0.3333333333333333,3,1,0.3,normal,False,24,2
5019,supplier_delay,tfidf,3,TFIDF_LogReg_Calibrated,1421.0,0.8557993730407524,0.3333333333333333,0.5,0.3065735963827292,0.3333333333333333,3,1,0.44793530901631357,normal,False,24,2
5019,supplier_delay,tfidf,5,RuleBased,1350.4000000000003,0.8589341692789969,0.2,0.5,0.3065735963827292,0.3333333333333333,5,1,0.3,normal,False,24,2
5019,supplier_delay,tfidf,5,TFIDF_LogReg_Calibrated,1421.0,0.8557993730407524,0.2,0.5,0.3065735963827292,0.3333333333333333,5,1,0.6090873493229222,supplier_delay,True,24,2
5019,supplier_delay,dense,1,RuleBased,1628.0,0.9122257053291536,1.0,0.5,1.0,1.0,1,0,0.5,supplier_delay,True,24,2
5019,supplier_delay,dense,1,TFIDF_LogReg_Calibrated,1579.0,0.8808777429467085,1.0,0.5,1.0,1.0,1,0,0.8279750065136723,supplier_delay,True,24,2
5019,supplier_delay,dense,3,RuleBased,1587.2,0.9009404388714732,0.6666666666666666,1.0,1.0,1.0,3,0,0.6,supplier_delay,True,24,2
5019,supplier_delay,dense,3,TFIDF_LogReg_Calibrated,1702.0,0.9028213166144201,0.6666666666666666,1.0,1.0,1.0,3,0,0.9350982957051515,supplier_delay,True,24,2
5019,supplier_delay,dense,5,RuleBased,1325.666666666667,0.851619644723093,0.4,1.0,1.0,1.0,5,1,0.3333333333333333,normal,False,24,2
5019,supplier_delay,dense,5,TFIDF_LogReg_Calibrated,1579.0,0.8808777429467085,0.4,1.0,1.0,1.0,5,1,0.8553533167098003,supplier_delay,True,24,2
5019,supplier_delay,oracle,1,RuleBased,1628.0,0.9122257053291536,1.0,0.5,1.0,1.0,1,0,0.5,supplier_delay,True,24,2
5019,supplier_delay,oracle,1,TFIDF_LogReg_Calibrated,1579.0,0.8808777429467085,1.0,0.5,1.0,1.0,1,0,0.8279750065136723,supplier_delay,True,24,2
5019,supplier_delay,oracle,3,RuleBased,1563.8857142857141,0.8944917151813704,0.6666666666666666,1.0,1.0,1.0,3,1,0.42857142857142855,supplier_delay,True,24,2
5019,supplier_delay,oracle,3,TFIDF_LogReg_Calibrated,1579.0,0.8808777429467085,0.6666666666666666,1.0,1.0,1.0,3,1,0.8665259565378793,supplier_delay,True,24,2
5019,supplier_delay,oracle,5,RuleBased,1563.8857142857141,0.8944917151813704,0.4,1.0,1.0,1.0,5,2,0.42857142857142855,supplier_delay,True,24,2
5019,supplier_delay,oracle,5,TFIDF_LogReg_Calibrated,1702.0,0.9028213166144201,0.4,1.0,1.0,1.0,5,2,0.9063344634221385,supplier_delay,True,24,2
5019,demand_surge,none,1,RuleBased,1608.0,0.8194070080862536,0.0,0.0,0.0,0.0,0,0,0.3,normal,False,24,2
5019,demand_surge,none,1,TFIDF_LogReg_Calibrated,1608.0,0.8194070080862536,0.0,0.0,0.0,0.0,0,0,0.3,normal,False,24,2
5019,demand_surge,none,3,RuleBased,1608.0,0.8194070080862536,0.0,0.0,0.0,0.0,0,0,0.3,normal,False,24,2
5019,demand_surge,none,3,TFIDF_LogReg_Calibrated,1608.0,0.8194070080862536,0.0,0.0,0.0,0.0,0,0,0.3,normal,False,24,2
5019,demand_surge,none,5,RuleBased,1608.0,0.8194070080862536,0.0,0.0,0.0,0.0,0,0,0.3,normal,False,24,2
5019,demand_surge,none,5,TFIDF_LogReg_Calibrated,1608.0,0.8194070080862536,0.0,0.0,0.0,0.0,0,0,0.3,normal,False,24,2
5019,demand_surge,random,1,RuleBased,1369.0,0.7924528301886793,0.0,0.0,0.0,0.09090909090909091,1,0,0.0,supplier_delay,False,24,2
5019,demand_surge,random,1,TFIDF_LogReg_Calibrated,1405.1963854925382,0.8034978544960193,0.0,0.0,0.0,0.09090909090909091,1,0,0.1138251116117553,supplier_delay,False,24,2
5019,demand_surge,random,3,RuleBased,1807.0,0.862533692722372,0.0,0.0,0.0,0.09090909090909091,3,0,0.6666666666666667,demand_surge,True,24,2
5019,demand_surge,random,3,TFIDF_LogReg_Calibrated,1449.8185844834702,0.8076122184320936,0.0,0.0,0.0,0.09090909090909091,3,0,0.2874711012768916,supplier_delay,False,24,2
5019,demand_surge,random,5,RuleBased,1807.0,0.862533692722372,0.0,0.0,0.0,0.09090909090909091,5,1,0.6666666666666667,demand_surge,True,24,2
5019,demand_surge,random,5,TFIDF_LogReg_Calibrated,1450.6013054711896,0.807897321144893,0.0,0.0,0.0,0.09090909090909091,5,1,0.29099687149184456,supplier_delay,False,24,2
5019,demand_surge,bm25,1,RuleBased,1608.0,0.8194070080862536,0.0,0.0,0.0,0.125,1,1,0.3,normal,False,24,2
5019,demand_surge,bm25,1,TFIDF_LogReg_Calibrated,1466.0,0.7924528301886793,0.0,0.0,0.0,0.125,1,1,0.0,normal,False,24,2
5019,demand_surge,bm25,3,RuleBased,1608.0,0.8194070080862536,0.0,0.0,0.0,0.125,3,1,0.3,normal,False,24,2
5019,demand_surge,bm25,3,TFIDF_LogReg_Calibrated,1397.0,0.7816711590296496,0.0,0.0,0.0,0.125,3,1,0.0,normal,False,24,2
5019,demand_surge,bm25,5,RuleBased,1540.0000000000005,0.8068283917340524,0.0,0.0,0.0,0.125,5,2,0.22222222222222224,normal,False,24,2
5019,demand_surge,bm25,5,TFIDF_LogReg_Calibrated,1397.0,0.7816711590296496,0.0,0.0,0.0,0.125,5,2,0.0,normal,False,24,2
5019,demand_surge,tfidf,1,RuleBased,1608.0,0.8194070080862536,0.0,0.0,0.0,0.14285714285714285,1,1,0.3,normal,False,24,2
5019,demand_surge,tfidf,1,TFIDF_LogReg_Calibrated,1466.0,0.7924528301886793,0.0,0.0,0.0,0.14285714285714285,1,1,0.0,normal,False,24,2
5019,demand_surge,tfidf,3,RuleBased,1608.0,0.8194070080862536,0.0,0.0,0.0,0.14285714285714285,3,1,0.3,normal,False,24,2
5019,demand_surge,tfidf,3,TFIDF_LogReg_Calibrated,1397.0,0.7816711590296496,0.0,0.0,0.0,0.14285714285714285,3,1,0.0,normal,False,24,2
5019,demand_surge,tfidf,5,RuleBased,1540.0000000000005,0.8068283917340524,0.0,0.0,0.0,0.14285714285714285,5,2,0.22222222222222224,normal,False,24,2
5019,demand_surge,tfidf,5,TFIDF_LogReg_Calibrated,1397.0,0.7816711590296496,0.0,0.0,0.0,0.14285714285714285,5,2,0.0,normal,False,24,2
5019,demand_surge,dense,1,RuleBased,1369.0,0.7924528301886793,0.0,0.0,0.0,0.3333333333333333,1,1,0.0,supplier_delay,False,24,2
5019,demand_surge,dense,1,TFIDF_LogReg_Calibrated,1369.0,0.7924528301886793,0.0,0.0,0.0,0.3333333333333333,1,1,0.0,supplier_delay,False,24,2
5019,demand_surge,dense,3,RuleBased,1540.0000000000005,0.8068283917340524,0.3333333333333333,0.5,0.3065735963827292,0.3333333333333333,3,2,0.22222222222222224,normal,False,24,2
5019,demand_surge,dense,3,TFIDF_LogReg_Calibrated,1373.0,0.784366576819407,0.3333333333333333,0.5,0.3065735963827292,0.3333333333333333,3,2,0.0,supplier_delay,False,24,2
5019,demand_surge,dense,5,RuleBased,1540.0000000000005,0.8068283917340524,0.2,0.5,0.3065735963827292,0.3333333333333333,5,2,0.22222222222222224,normal,False,24,2
5019,demand_surge,dense,5,TFIDF_LogReg_Calibrated,1373.0,0.784366576819407,0.2,0.5,0.3065735963827292,0.3333333333333333,5,2,0.0,supplier_delay,False,24,2
5019,demand_surge,oracle,1,RuleBased,1538.0,0.8221024258760108,1.0,0.5,1.0,1.0,1,0,0.5,supplier_delay,False,24,2
5019,demand_surge,oracle,1,TFIDF_LogReg_Calibrated,1841.0354141968432,0.8723977630214391,1.0,0.5,1.0,1.0,1,0,0.7683213911376114,demand_surge,True,24,2
5019,demand_surge,oracle,3,RuleBased,1666.5,0.8308625336927223,0.6666666666666666,1.0,1.0,1.0,3,1,0.37499999999999994,supplier_delay,False,24,2
5019,demand_surge,oracle,3,TFIDF_LogReg_Calibrated,1640.7780804021377,0.8255745516839335,0.6666666666666666,1.0,1.0,1.0,3,1,0.338669605087765,demand_surge,True,24,2
5019,demand_surge,oracle,5,RuleBased,1467.4571428571426,0.8046207162110126,0.4,1.0,1.0,1.0,5,2,0.34285714285714286,supplier_delay,False,24,2
5019,demand_surge,oracle,5,TFIDF_LogReg_Calibrated,1389.368461298977,0.7893801952030681,0.4,1.0,1.0,1.0,5,2,0.06200174734460928,supplier_delay,False,24,2
5020,normal,none,1,RuleBased,1838.6000000000001,0.8935294117647059,0.0,0.0,0.0,0.0,0,0,0.35,normal,True,24,2
5020,normal,none,1,TFIDF_LogReg_Calibrated,1838.6000000000001,0.8935294117647059,0.0,0.0,0.0,0.0,0,0,0.35,normal,True,24,2
5020,normal,none,3,RuleBased,1838.6000000000001,0.8935294117647059,0.0,0.0,0.0,0.0,0,0,0.35,normal,True,24,2
5020,normal,none,3,TFIDF_LogReg_Calibrated,1838.6000000000001,0.8935294117647059,0.0,0.0,0.0,0.0,0,0,0.35,normal,True,24,2
5020,normal,none,5,RuleBased,1838.6000000000001,0.8935294117647059,0.0,0.0,0.0,0.0,0,0,0.35,normal,True,24,2
5020,normal,none,5,TFIDF_LogReg_Calibrated,1838.6000000000001,0.8935294117647059,0.0,0.0,0.0,0.0,0,0,0.35,normal,True,24,2
5020,normal,random,1,RuleBased,1547.0,0.8558823529411764,0.0,0.0,0.0,0.1111111111111111,1,1,0.0,supplier_delay,False,24,2
5020,normal,random,1,TFIDF_LogReg_Calibrated,1513.0,0.8411764705882353,0.0,0.0,0.0,0.1111111111111111,1,1,0.2266474750203431,supplier_delay,False,24,2
5020,normal,random,3,RuleBased,1547.0,0.8558823529411764,0.0,0.0,0.0,0.1111111111111111,3,2,0.0,supplier_delay,False,24,2
5020,normal,random,3,TFIDF_LogReg_Calibrated,1547.0,0.8558823529411764,0.0,0.0,0.0,0.1111111111111111,3,2,0.0,supplier_delay,False,24,2
5020,normal,random,5,RuleBased,1657.76,0.8645882352941175,0.0,0.0,0.0,0.1111111111111111,5,3,0.16,supplier_delay,False,24,2
5020,normal,random,5,TFIDF_LogReg_Calibrated,1547.0,0.8558823529411764,0.0,0.0,0.0,0.1111111111111111,5,3,0.018686410156386418,supplier_delay,False,24,2
5020,normal,bm25,1,RuleBased,1823.75,0.8948529411764706,1.0,0.5,1.0,1.0,1,0,0.25,supplier_delay,False,24,2
5020,normal,bm25,1,TFIDF_LogReg_Calibrated,1607.0,0.8470588235294118,1.0,0.5,1.0,1.0,1,0,0.47078255013033776,supplier_delay,False,24,2
5020,normal,bm25,3,RuleBased,1829.5,0.8897058823529411,0.3333333333333333,0.5,0.6131471927654584,1.0,3,0,0.5,normal,True,24,2
5020,normal,bm25,3,TFIDF_LogReg_Calibrated,1513.0,0.8411764705882353,0.3333333333333333,0.5,0.6131471927654584,1.0,3,0,0.2853091194965765,supplier_delay,False,24,2
5020,normal,bm25,5,RuleBased,1829.5,0.8897058823529411,0.2,0.5,0.6131471927654584,1.0,5,0,0.5,normal,True,24,2
5020,normal,bm25,5,TFIDF_LogReg_Calibrated,1513.0,0.8411764705882353,0.2,0.5,0.6131471927654584,1.0,5,0,0.2937643236432737,supplier_delay,False,24,2
5020,normal,tfidf,1,RuleBased,1823.75,0.8948529411764706,1.0,0.5,1.0,1.0,1,0,0.25,supplier_delay,False,24,2
5020,normal,tfidf,1,TFIDF_LogReg_Calibrated,1607.0,0.8470588235294118,1.0,0.5,1.0,1.0,1,0,0.47078255013033776,supplier_delay,False,24,2
5020,normal,tfidf,3,RuleBased,1829.5,0.8897058823529411,0.3333333333333333,0.5,0.6131471927654584,1.0,3,0,0.5,normal,True,24,2
5020,normal,tfidf,3,TFIDF_LogReg_Calibrated,1513.0,0.8411764705882353,0.3333333333333333,0.5,0.6131471927654584,1.0,3,0,0.2853091194965765,supplier_delay,False,24,2
5020,normal,tfidf,5,RuleBased,1822.0000000000005,0.8872549019607844,0.4,1.0,0.8503449055347546,1.0,5,0,0.44444444444444453,normal,True,24,2
5020,normal,tfidf,5,TFIDF_LogReg_Calibrated,1607.0,0.8470588235294118,0.4,1.0,0.8503449055347546,1.0,5,0,0.5192701378647416,normal,True,24,2
5020,normal,dense,1,RuleBased,1823.75,0.8948529411764706,1.0,0.5,1.0,1.0,1,0,0.25,supplier_delay,False,24,2
5020,normal,dense,1,TFIDF_LogReg_Calibrated,1607.0,0.8470588235294118,1.0,0.5,1.0,1.0,1,0,0.47078255013033776,supplier_delay,False,24,2
5020,normal,dense,3,RuleBased,1822.0000000000005,0.8872549019607844,0.6666666666666666,1.0,0.9197207891481876,1.0,3,0,0.44444444444444453,normal,True,24,2
5020,normal,dense,3,TFIDF_LogReg_Calibrated,1749.0,0.8676470588235294,0.6666666666666666,1.0,0.9197207891481876,1.0,3,0,0.6821777790758823,normal,True,24,2
5020,normal,dense,5,RuleBased,1825.9999999999998,0.8946524064171123,0.4,1.0,0.9197207891481876,1.0,5,2,0.3636363636363637,normal,True,24,2
5020,normal,dense,5,TFIDF_LogReg_Calibrated,1607.0,0.8470588235294118,0.4,1.0,0.9197207891481876,1.0,5,2,0.5424291945619015,normal,True,24,2
5020,normal,oracle,1,RuleBased,1607.0,0.8470588235294118,1.0,0.5,1.0,1.0,1,0,0.5714285714285715,normal,True,24,2
5020,normal,oracle,1,TFIDF_LogReg_Calibrated,1607.0,0.8470588235294118,1.0,0.5,1.0,1.0,1,0,0.5965964088178435,normal,True,24,2
5020,normal,oracle,3,RuleBased,1822.0000000000005,0.8872549019607844,0.6666666666666666,1.0,1.0,1.0,3,0,0.44444444444444453,normal,True,24,2
5020,normal,oracle,3,TFIDF_LogReg_Calibrated,1607.0,0.8470588235294118,0.6666666666666666,1.0,1.0,1.0,3,0,0.5310774244309413,normal,True,24,2
5020,normal,oracle,5,RuleBased,1838.6000000000001,0.8935294117647059,0.4,1.0,1.0,1.0,5,2,0.4000000000000001,normal,True,24,2
5020,normal,oracle,5,TFIDF_LogReg_Calibrated,1513.0,0.8411764705882353,0.4,1.0,1.0,1.0,5,2,0.21363018198580896,supplier_delay,False,24,2
5020,supplier_delay,none,1,RuleBased,1535.1999999999998,0.8552941176470589,0.0,0.0,0.0,0.0,0,0,0.35,normal,False,24,2
5020,supplier_delay,none,1,TFIDF_LogReg_Calibrated,1535.1999999999998,0.8552941176470589,0.0,0.0,0.0,0.0,0,0,0.35,normal,False,24,2
5020,supplier_delay,none,3,RuleBased,1535.1999999999998,0.8552941176470589,0.0,0.0,0.0,0.0,0,0,0.35,normal,False,24,2
5020,supplier_delay,none,3,TFIDF_LogReg_Calibrated,1535.1999999999998,0.8552941176470589,0.0,0.0,0.0,0.0,0,0,0.35,normal,False,24,2
5020,supplier_delay,none,5,RuleBased,1535.1999999999998,0.8552941176470589,0.0,0.0,0.0,0.0,0,0,0.35,normal,False,24,2
5020,supplier_delay,none,5,TFIDF_LogReg_Calibrated,1535.1999999999998,0.8552941176470589,0.0,0.0,0.0,0.0,0,0,0.35,normal,False,24,2
5020,supplier_delay,random,1,RuleBased,1758.0,0.8794117647058823,0.0,0.0,0.0,0.1111111111111111,1,0,1.0,supplier_delay,True,24,2
5020,supplier_delay,random,1,TFIDF_LogReg_Calibrated,1627.0,0.8558823529411764,0.0,0.0,0.0,0.1111111111111111,1,0,0.773352524979657,supplier_delay,True,24,2
5020,supplier_delay,random,3,RuleBased,1758.0,0.8794117647058823,0.0,0.0,0.0,0.1111111111111111,3,0,1.0,supplier_delay,True,24,2
5020,supplier_delay,random,3,TFIDF_LogReg_Calibrated,1758.0,0.8794117647058823,0.0,0.0,0.0,0.1111111111111111,3,0,1.0,supplier_delay,True,24,2
5020,supplier_delay,random,5,RuleBased,1674.1600000000008,0.8704705882352941,0.0,0.0,0.0,0.1111111111111111,5,1,0.6,supplier_delay,True,24,2
5020,supplier_delay,random,5,TFIDF_LogReg_Calibrated,1758.0,0.8794117647058823,0.0,0.0,0.0,0.1111111111111111,5,1,0.9813135898436136,supplier_delay,True,24,2
5020,supplier_delay,bm25,1,RuleBased,1566.75,0.8625,0.0,0.0,0.0,0.08333333333333333,1,1,0.37499999999999994,supplier_delay,True,24,2
5020,supplier_delay,bm25,1,TFIDF_LogReg_Calibrated,1471.0,0.8323529411764706,0.0,0.0,0.0,0.08333333333333333,1,1,0.5292174498696622,supplier_delay,True,24,2
5020,supplier_delay,bm25,3,RuleBased,1502.0,0.8485294117647059,0.0,0.0,0.0,0.08333333333333333,3,3,0.24999999999999994,normal,False,24,2
5020,supplier_delay,bm25,3,TFIDF_LogReg_Calibrated,1627.0,0.8558823529411764,0.0,0.0,0.0,0.08333333333333333,3,3,0.699814930414503,supplier_delay,True,24,2
5020,supplier_delay,bm25,5,RuleBased,1502.0,0.8485294117647059,0.0,0.0,0.0,0.08333333333333333,5,3,0.24999999999999994,normal,False,24,2
5020,supplier_delay,bm25,5,TFIDF_LogReg_Calibrated,1627.0,0.8558823529411764,0.0,0.0,0.0,0.08333333333333333,5,3,0.7851080031412533,supplier_delay,True,24,2
5020,supplier_delay,tfidf,1,RuleBased,1566.75,0.8625,0.0,0.0,0.0,0.1111111111111111,1,1,0.37499999999999994,supplier_delay,True,24,2
5020,supplier_delay,tfidf,1,TFIDF_LogReg_Calibrated,1471.0,0.8323529411764706,0.0,0.0,0.0,0.1111111111111111,1,1,0.5292174498696622,supplier_delay,True,24,2
5020,supplier_delay,tfidf,3,RuleBased,1502.0,0.8485294117647059,0.0,0.0,0.0,0.1111111111111111,3,2,0.24999999999999994,normal,False,24,2
5020,supplier_delay,tfidf,3,TFIDF_LogReg_Calibrated,1627.0,0.8558823529411764,0.0,0.0,0.0,0.1111111111111111,3,2,0.7322351214143091,supplier_delay,True,24,2
5020,supplier_delay,tfidf,5,RuleBased,1502.0,0.8485294117647059,0.0,0.0,0.0,0.1111111111111111,5,3,0.24999999999999994,normal,False,24,2
5020,supplier_delay,tfidf,5,TFIDF_LogReg_Calibrated,1627.0,0.8558823529411764,0.0,0.0,0.0,0.1111111111111111,5,3,0.7851080031412533,supplier_delay,True,24,2
5020,supplier_delay,dense,1,RuleBased,1566.75,0.8625,0.0,0.0,0.0,0.5,1,1,0.37499999999999994,supplier_delay,True,24,2
5020,supplier_delay,dense,1,TFIDF_LogReg_Calibrated,1471.0,0.8323529411764706,0.0,0.0,0.0,0.5,1,1,0.5292174498696622,supplier_delay,True,24,2
5020,supplier_delay,dense,3,RuleBased,1674.1600000000008,0.8704705882352941,0.6666666666666666,1.0,0.6934264036172708,0.5,3,1,0.6,supplier_delay,True,24,2
5020,supplier_delay,dense,3,TFIDF_LogReg_Calibrated,1758.0,0.8794117647058823,0.6666666666666666,1.0,0.6934264036172708,0.5,3,1,0.9680961730873902,supplier_delay,True,24,2
5020,supplier_delay,dense,5,RuleBased,1743.6451612903227,0.8861480075901327,0.4,1.0,0.6934264036172708,0.5,5,2,0.4838709677419355,supplier_delay,True,24,2
5020,supplier_delay,dense,5,TFIDF_LogReg_Calibrated,1758.0,0.8794117647058823,0.4,1.0,0.6934264036172708,0.5,5,2,0.9779211389879924,supplier_delay,True,24,2
5020,supplier_delay,oracle,1,RuleBased,1758.0,0.8794117647058823,1.0,0.5,1.0,1.0,1,0,1.0,supplier_delay,True,24,2
5020,supplier_delay,oracle,1,TFIDF_LogReg_Calibrated,1798.9388045804542,0.8895789150634514,1.0,0.5,1.0,1.0,1,0,0.9359846088597512,supplier_delay,True,24,2
5020,supplier_delay,oracle,3,RuleBased,1646.5517241379316,0.8652129817444218,0.6666666666666666,1.0,1.0,1.0,3,1,0.5172413793103449,supplier_delay,True,24,2
5020,supplier_delay,oracle,3,TFIDF_LogReg_Calibrated,1758.0,0.8794117647058823,0.6666666666666666,1.0,1.0,1.0,3,1,0.9697817890341521,supplier_delay,True,24,2
5020,supplier_delay,oracle,5,RuleBased,1707.6875,0.8768382352941176,0.4,1.0,1.0,1.0,5,2,0.46875,supplier_delay,True,24,2
5020,supplier_delay,oracle,5,TFIDF_LogReg_Calibrated,1758.0,0.8794117647058823,0.4,1.0,1.0,1.0,5,2,1.0,supplier_delay,True,24,2
5020,demand_surge,none,1,RuleBased,1652.4000000000003,0.7905236907730676,0.0,0.0,0.0,0.0,0,0,0.3,normal,False,24,2
5020,demand_surge,none,1,TFIDF_LogReg_Calibrated,1652.4000000000003,0.7905236907730676,0.0,0.0,0.0,0.0,0,0,0.3,normal,False,24,2
5020,demand_surge,none,3,RuleBased,1652.4000000000003,0.7905236907730676,0.0,0.0,0.0,0.0,0,0,0.3,normal,False,24,2
5020,demand_surge,none,3,TFIDF_LogReg_Calibrated,1652.4000000000003,0.7905236907730676,0.0,0.0,0.0,0.0,0,0,0.3,normal,False,24,2
5020,demand_surge,none,5,RuleBased,1652.4000000000003,0.7905236907730676,0.0,0.0,0.0,0.0,0,0,0.3,normal,False,24,2
5020,demand_surge,none,5,TFIDF_LogReg_Calibrated,1652.4000000000003,0.7905236907730676,0.0,0.0,0.0,0.0,0,0,0.3,normal,False,24,2
5020,demand_surge,random,1,RuleBased,1324.0,0.7456359102244389,0.0,0.0,0.0,0.1111111111111111,1,1,0.0,supplier_delay,False,24,2
5020,demand_surge,random,1,TFIDF_LogReg_Calibrated,1348.0,0.7456359102244389,0.0,0.0,0.0,0.1111111111111111,1,1,0.0,supplier_delay,False,24,2
5020,demand_surge,random,3,RuleBased,1324.0,0.7456359102244389,0.0,0.0,0.0,0.1111111111111111,3,2,0.0,supplier_delay,False,24,2
5020,demand_surge,random,3,TFIDF_LogReg_Calibrated,1324.0,0.7456359102244389,0.0,0.0,0.0,0.1111111111111111,3,2,0.0,supplier_delay,False,24,2
5020,demand_surge,random,5,RuleBased,1528.9199999999998,0.7735660847880299,0.0,0.0,0.0,0.1111111111111111,5,4,0.24,supplier_delay,False,24,2
5020,demand_surge,random,5,TFIDF_LogReg_Calibrated,1324.0,0.7456359102244389,0.0,0.0,0.0,0.1111111111111111,5,4,0.0,supplier_delay,False,24,2
5020,demand_surge,bm25,1,RuleBased,1710.5,0.7998753117206983,0.0,0.0,0.0,0.16666666666666666,1,1,0.37499999999999994,supplier_delay,False,24,2
5020,demand_surge,bm25,1,TFIDF_LogReg_Calibrated,1363.0,0.7456359102244389,0.0,0.0,0.0,0.16666666666666666,1,1,0.0,supplier_delay,False,24,2
5020,demand_surge,bm25,3,RuleBased,1605.0,0.7830423940149626,0.0,0.0,0.0,0.16666666666666666,3,3,0.24999999999999994,normal,False,24,2
5020,demand_surge,bm25,3,TFIDF_LogReg_Calibrated,1348.0,0.7456359102244389,0.0,0.0,0.0,0.16666666666666666,3,3,0.0,supplier_delay,False,24,2
5020,demand_surge,bm25,5,RuleBased,1605.0,0.7830423940149626,0.0,0.0,0.0,0.16666666666666666,5,3,0.24999999999999994,normal,False,24,2
5020,demand_surge,bm25,5,TFIDF_LogReg_Calibrated,1348.0,0.7456359102244389,0.0,0.0,0.0,0.16666666666666666,5,3,0.0,supplier_delay,False,24,2
5020,demand_surge,tfidf,1,RuleBased,1710.5,0.7998753117206983,0.0,0.0,0.0,0.14285714285714285,1,1,0.37499999999999994,supplier_delay,False,24,2
5020,demand_surge,tfidf,1,TFIDF_LogReg_Calibrated,1363.0,0.7456359102244389,0.0,0.0,0.0,0.14285714285714285,1,1,0.0,supplier_delay,False,24,2
5020,demand_surge,tfidf,3,RuleBased,1605.0,0.7830423940149626,0.0,0.0,0.0,0.14285714285714285,3,3,0.24999999999999994,normal,False,24,2
5020,demand_surge,tfidf,3,TFIDF_LogReg_Calibrated,1348.0,0.7456359102244389,0.0,0.0,0.0,0.14285714285714285,3,3,0.0,supplier_delay,False,24,2
5020,demand_surge,tfidf,5,RuleBased,1605.0,0.7830423940149626,0.0,0.0,0.0,0.14285714285714285,5,3,0.24999999999999994,normal,False,24,2
5020,demand_surge,tfidf,5,TFIDF_LogReg_Calibrated,1348.0,0.7456359102244389,0.0,0.0,0.0,0.14285714285714285,5,3,0.0,supplier_delay,False,24,2
5020,demand_surge,dense,1,RuleBased,1710.5,0.7998753117206983,0.0,0.0,0.0,0.3333333333333333,1,1,0.37499999999999994,supplier_delay,False,24,2
5020,demand_surge,dense,1,TFIDF_LogReg_Calibrated,1363.0,0.7456359102244389,0.0,0.0,0.0,0.3333333333333333,1,1,0.0,supplier_delay,False,24,2
5020,demand_surge,dense,3,RuleBased,1777.2800000000004,0.8108728179551121,0.3333333333333333,0.5,0.3065735963827292,0.3333333333333333,3,2,0.4800000000000001,demand_surge,True,24,2
5020,demand_surge,dense,3,TFIDF_LogReg_Calibrated,1348.0,0.7456359102244389,0.3333333333333333,0.5,0.3065735963827292,0.3333333333333333,3,2,0.0,supplier_delay,False,24,2
5020,demand_surge,dense,5,RuleBased,1777.2800000000004,0.8108728179551121,0.2,0.5,0.3065735963827292,0.3333333333333333,5,2,0.4800000000000001,demand_surge,True,24,2
5020,demand_surge,dense,5,TFIDF_LogReg_Calibrated,1348.0,0.7456359102244389,0.2,0.5,0.3065735963827292,0.3333333333333333,5,2,0.0,supplier_delay,False,24,2
5020,demand_surge,oracle,1,RuleBased,1891.0,0.830423940149626,1.0,0.5,1.0,1.0,1,0,0.6666666666666667,demand_surge,True,24,2
5020,demand_surge,oracle,1,TFIDF_LogReg_Calibrated,1544.1743131226767,0.7790476982506944,1.0,0.5,1.0,1.0,1,0,0.19995540472686954,supplier_delay,False,24,2
5020,demand_surge,oracle,3,RuleBased,1765.5384615384617,0.8089391904853253,0.6666666666666666,1.0,1.0,1.0,3,1,0.46153846153846156,demand_surge,True,24,2
5020,demand_surge,oracle,3,TFIDF_LogReg_Calibrated,1583.4409242224208,0.784056174930098,0.6666666666666666,1.0,1.0,1.0,3,1,0.38021753823231325,supplier_delay,False,24,2
5020,demand_surge,oracle,5,RuleBased,1770.125,0.8096945137157108,0.4,1.0,1.0,1.0,5,2,0.46875,demand_surge,True,24,2
5020,demand_surge,oracle,5,TFIDF_LogReg_Calibrated,1548.7326535888715,0.7798765735432797,0.4,1.0,1.0,1.0,5,2,0.20786919025845602,supplier_delay,False,24,2
5021,normal,none,1,RuleBased,1654.1999999999998,0.9304635761589404,0.0,0.0,0.0,0.0,0,0,0.35,normal,True,24,2
5021,normal,none,1,TFIDF_LogReg_Calibrated,1654.1999999999998,0.9304635761589404,0.0,0.0,0.0,0.0,0,0,0.35,normal,True,24,2
5021,normal,none,3,RuleBased,1654.1999999999998,0.9304635761589404,0.0,0.0,0.0,0.0,0,0,0.35,normal,True,24,2
5021,normal,none,3,TFIDF_LogReg_Calibrated,1654.1999999999998,0.9304635761589404,0.0,0.0,0.0,0.0,0,0,0.35,normal,True,24,2
5021,normal,none,5,RuleBased,1654.1999999999998,0.9304635761589404,0.0,0.0,0.0,0.0,0,0,0.35,normal,True,24,2
5021,normal,none,5,TFIDF_LogReg_Calibrated,1654.1999999999998,0.9304635761589404,0.0,0.0,0.0,0.0,0,0,0.35,normal,True,24,2
5021,normal,random,1,RuleBased,1486.1428571428573,0.9238410596026491,0.0,0.0,0.0,0.1111111111111111,1,1,0.0,supplier_delay,False,24,2
5021,normal,random,1,TFIDF_LogReg_Calibrated,1519.9236449620425,0.9188882183660702,0.0,0.0,0.0,0.1111111111111111,1,1,0.0,supplier_delay,False,24,2
5021,normal,random,3,RuleBased,1496.8285714285714,0.9146641438032166,0.0,0.0,0.0,0.1111111111111111,3,1,0.2285714285714286,supplier_delay,False,24,2
5021,normal,random,3,TFIDF_LogReg_Calibrated,1740.0,0.9271523178807947,0.0,0.0,0.0,0.1111111111111111,3,1,0.6741568968390785,normal,True,24,2
5021,normal,random,5,RuleBased,1496.8285714285714,0.9146641438032166,0.0,0.0,0.0,0.1111111111111111,5,2,0.2285714285714286,supplier_delay,False,24,2
5021,normal,random,5,TFIDF_LogReg_Calibrated,1568.0,0.9039735099337748,0.0,0.0,0.0,0.1111111111111111,5,2,0.4637264022503298,supplier_delay,False,24,2
5021,normal,bm25,1,RuleBased,1654.1999999999998,0.9304635761589404,0.0,0.0,0.0,0.5,1,0,0.4,normal,True,24,2
5021,normal,bm25,1,TFIDF_LogReg_Calibrated,1854.0,0.9437086092715232,0.0,0.0,0.0,0.5,1,0,1.0,normal,True,24,2
5021,normal,bm25,3,RuleBased,1654.1999999999998,0.9304635761589404,0.3333333333333333,0.5,0.38685280723454163,0.5,3,0,0.4,normal,True,24,2
5021,normal,bm25,3,TFIDF_LogReg_Calibrated,1740.0,0.9271523178807947,0.3333333333333333,0.5,0.38685280723454163,0.5,3,0,0.8333333333333334,normal,True,24,2
5021,normal,bm25,5,RuleBased,1672.0,0.9304635761589404,0.2,0.5,0.38685280723454163,0.5,5,0,0.5,normal,True,24,2
5021,normal,bm25,5,TFIDF_LogReg_Calibrated,1740.0,0.9271523178807947,0.2,0.5,0.38685280723454163,0.5,5,0,0.7222222222222222,normal,True,24,2
5021,normal,tfidf,1,RuleBased,1654.1999999999998,0.9304635761589404,0.0,0.0,0.0,0.5,1,0,0.4,normal,True,24,2
5021,normal,tfidf,1,TFIDF_LogReg_Calibrated,1854.0,0.9437086092715232,0.0,0.0,0.0,0.5,1,0,1.0,normal,True,24,2
5021,normal,tfidf,3,RuleBased,1654.1999999999998,0.9304635761589404,0.3333333333333333,0.5,0.38685280723454163,0.5,3,0,0.4,normal,True,24,2
5021,normal,tfidf,3,TFIDF_LogReg_Calibrated,1740.0,0.9271523178807947,0.3333333333333333,0.5,0.38685280723454163,0.5,3,0,0.8333333333333334,normal,True,24,2
5021,normal,tfidf,5,RuleBased,1683.666666666667,0.9304635761589404,0.4,1.0,0.6240505200038379,0.5,5,0,0.44444444444444453,normal,True,24,2
5021,normal,tfidf,5,TFIDF_LogReg_Calibrated,1740.0,0.9271523178807947,0.4,1.0,0.6240505200038379,0.5,5,0,0.7896746314003298,normal,True,24,2
5021,normal,dense,1,RuleBased,1654.1999999999998,0.9304635761589404,1.0,0.5,1.0,1.0,1,0,0.4,normal,True,24,2
5021,normal,dense,1,TFIDF_LogReg_Calibrated,1740.0,0.9271523178807947,1.0,0.5,1.0,1.0,1,0,0.7147744297435985,normal,True,24,2
5021,normal,dense,3,RuleBased,1683.666666666667,0.9304635761589404,0.6666666666666666,1.0,1.0,1.0,3,1,0.44444444444444453,normal,True,24,2
5021,normal,dense,3,TFIDF_LogReg_Calibrated,1740.0,0.9271523178807947,0.6666666666666666,1.0,1.0,1.0,3,1,0.6579672044030863,normal,True,24,2
5021,normal,dense,5,RuleBased,1683.666666666667,0.9304635761589404,0.4,1.0,1.0,1.0,5,1,0.44444444444444453,normal,True,24,2
5021,normal,dense,5,TFIDF_LogReg_Calibrated,1740.0,0.9271523178807947,0.4,1.0,1.0,1.0,5,1,0.6611878167991582,normal,True,24,2
5021,normal,oracle,1,RuleBased,1654.1999999999998,0.9304635761589404,1.0,0.5,1.0,1.0,1,0,0.4,normal,True,24,2
5021,normal,oracle,1,TFIDF_LogReg_Calibrated,1740.0,0.9271523178807947,1.0,0.5,1.0,1.0,1,0,0.7147744297435985,normal,True,24,2
5021,normal,oracle,3,RuleBased,1683.666666666667,0.9304635761589404,0.6666666666666666,1.0,1.0,1.0,3,0,0.44444444444444453,normal,True,24,2
5021,normal,oracle,3,TFIDF_LogReg_Calibrated,1740.0,0.9271523178807947,0.6666666666666666,1.0,1.0,1.0,3,0,0.7222222222222222,normal,True,24,2
5021,normal,oracle,5,RuleBased,1638.4545454545455,0.9310656231186033,0.4,1.0,1.0,1.0,5,2,0.3636363636363637,normal,True,24,2
5021,normal,oracle,5,TFIDF_LogReg_Calibrated,1568.0,0.9039735099337748,0.4,1.0,1.0,1.0,5,2,0.5188403505225396,normal,True,24,2
5021,supplier_delay,none,1,RuleBased,1714.9999999999998,0.9403973509933775,0.0,0.0,0.0,0.0,0,0,0.35,normal,False,24,2
5021,supplier_delay,none,1,TFIDF_LogReg_Calibrated,1714.9999999999998,0.9403973509933775,0.0,0.0,0.0,0.0,0,0,0.35,normal,False,24,2
5021,supplier_delay,none,3,RuleBased,1714.9999999999998,0.9403973509933775,0.0,0.0,0.0,0.0,0,0,0.35,normal,False,24,2
5021,supplier_delay,none,3,TFIDF_LogReg_Calibrated,1714.9999999999998,0.9403973509933775,0.0,0.0,0.0,0.0,0,0,0.35,normal,False,24,2
5021,supplier_delay,none,5,RuleBased,1714.9999999999998,0.9403973509933775,0.0,0.0,0.0,0.0,0,0,0.35,normal,False,24,2
5021,supplier_delay,none,5,TFIDF_LogReg_Calibrated,1714.9999999999998,0.9403973509933775,0.0,0.0,0.0,0.0,0,0,0.35,normal,False,24,2
5021,supplier_delay,random,1,RuleBased,1828.7142857142856,0.9701986754966887,0.0,0.0,0.0,0.1111111111111111,1,0,0.7142857142857143,supplier_delay,True,24,2
5021,supplier_delay,random,1,TFIDF_LogReg_Calibrated,1818.3496857439995,0.9545193603077355,0.0,0.0,0.0,0.1111111111111111,1,0,0.8746465044539015,supplier_delay,True,24,2
5021,supplier_delay,random,3,RuleBased,1760.3999999999994,0.9543992431409649,0.0,0.0,0.0,0.1111111111111111,3,1,0.42857142857142855,supplier_delay,True,24,2
5021,supplier_delay,random,3,TFIDF_LogReg_Calibrated,1559.0,0.9006622516556292,0.0,0.0,0.0,0.1111111111111111,3,1,0.3258431031609215,normal,False,24,2
5021,supplier_delay,random,5,RuleBased,1760.3999999999994,0.9543992431409649,0.0,0.0,0.0,0.1111111111111111,5,1,0.42857142857142855,supplier_delay,True,24,2
5021,supplier_delay,random,5,TFIDF_LogReg_Calibrated,1610.0,0.9105960264900662,0.0,0.0,0.0,0.1111111111111111,5,1,0.5362735977496702,supplier_delay,True,24,2
5021,supplier_delay,bm25,1,RuleBased,1714.9999999999998,0.9403973509933775,0.0,0.0,0.0,0.1111111111111111,1,1,0.3,normal,False,24,2
5021,supplier_delay,bm25,1,TFIDF_LogReg_Calibrated,1390.0,0.8741721854304636,0.0,0.0,0.0,0.1111111111111111,1,1,0.0,normal,False,24,2
5021,supplier_delay,bm25,3,RuleBased,1695.5,0.9354304635761589,0.0,0.0,0.0,0.1111111111111111,3,2,0.24999999999999994,normal,False,24,2
5021,supplier_delay,bm25,3,TFIDF_LogReg_Calibrated,1559.0,0.9006622516556292,0.0,0.0,0.0,0.1111111111111111,3,2,0.27480200304548635,normal,False,24,2
5021,supplier_delay,bm25,5,RuleBased,1728.0,0.9437086092715232,0.0,0.0,0.0,0.1111111111111111,5,3,0.3333333333333333,normal,False,24,2
5021,supplier_delay,bm25,5,TFIDF_LogReg_Calibrated,1610.0,0.9105960264900662,0.0,0.0,0.0,0.1111111111111111,5,3,0.4009556884664493,normal,False,24,2
5021,supplier_delay,tfidf,1,RuleBased,1714.9999999999998,0.9403973509933775,0.0,0.0,0.0,0.14285714285714285,1,1,0.3,normal,False,24,2
5021,supplier_delay,tfidf,1,TFIDF_LogReg_Calibrated,1390.0,0.8741721854304636,0.0,0.0,0.0,0.14285714285714285,1,1,0.0,normal,False,24,2
5021,supplier_delay,tfidf,3,RuleBased,1714.9999999999998,0.9403973509933775,0.0,0.0,0.0,0.14285714285714285,3,1,0.3,normal,False,24,2
5021,supplier_delay,tfidf,3,TFIDF_LogReg_Calibrated,1559.0,0.9006622516556292,0.0,0.0,0.0,0.14285714285714285,3,1,0.27049478194813514,normal,False,24,2
5021,supplier_delay,tfidf,5,RuleBased,1695.5,0.9354304635761589,0.0,0.0,0.0,0.14285714285714285,5,3,0.24999999999999994,normal,False,24,2
5021,supplier_delay,tfidf,5,TFIDF_LogReg_Calibrated,1559.0,0.9006622516556292,0.0,0.0,0.0,0.14285714285714285,5,3,0.2787319975877422,normal,False,24,2
5021,supplier_delay,dense,1,RuleBased,1877.0,0.9635761589403974,1.0,0.5,1.0,1.0,1,0,1.0,supplier_delay,True,24,2
5021,supplier_delay,dense,1,TFIDF_LogReg_Calibrated,1796.3944745752551,0.9471386136590173,1.0,0.5,1.0,1.0,1,0,0.871086636274395,supplier_delay,True,24,2
5021,supplier_delay,dense,3,RuleBased,1877.0,0.9635761589403974,0.6666666666666666,1.0,1.0,1.0,3,0,1.0,supplier_delay,True,24,2
5021,supplier_delay,dense,3,TFIDF_LogReg_Calibrated,1890.3512071226285,0.9747896067763574,0.6666666666666666,1.0,1.0,1.0,3,0,0.9193699703223818,supplier_delay,True,24,2
5021,supplier_delay,dense,5,RuleBased,1812.0,0.9701986754966887,0.4,1.0,1.0,1.0,5,0,0.6666666666666667,supplier_delay,True,24,2
5021,supplier_delay,dense,5,TFIDF_LogReg_Calibrated,1877.0,0.9635761589403974,0.4,1.0,1.0,1.0,5,0,0.9863618464046103,supplier_delay,True,24,2
5021,supplier_delay,oracle,1,RuleBased,1877.0,0.9635761589403974,1.0,0.5,1.0,1.0,1,0,1.0,supplier_delay,True,24,2
5021,supplier_delay,oracle,1,TFIDF_LogReg_Calibrated,1796.3944745752551,0.9471386136590173,1.0,0.5,1.0,1.0,1,0,0.871086636274395,supplier_delay,True,24,2
5021,supplier_delay,oracle,3,RuleBased,1742.1818181818182,0.9476219145093315,0.6666666666666666,1.0,1.0,1.0,3,1,0.5454545454545454,supplier_delay,True,24,2
5021,supplier_delay,oracle,3,TFIDF_LogReg_Calibrated,1877.0,0.9635761589403974,0.6666666666666666,1.0,1.0,1.0,3,1,0.9600004729078864,supplier_delay,True,24,2
5021,supplier_delay,oracle,5,RuleBased,1763.0322580645163,0.9579149754326,0.4,1.0,1.0,1.0,5,2,0.4838709677419355,supplier_delay,True,24,2
5021,supplier_delay,oracle,5,TFIDF_LogReg_Calibrated,1890.8792311227287,0.9750955809486009,0.4,1.0,1.0,1.0,5,2,0.9028963666930915,supplier_delay,True,24,2
5021,demand_surge,none,1,RuleBased,1699.4000000000003,0.8515406162464989,0.0,0.0,0.0,0.0,0,0,0.3,normal,False,24,2
5021,demand_surge,none,1,TFIDF_LogReg_Calibrated,1699.4000000000003,0.8515406162464989,0.0,0.0,0.0,0.0,0,0,0.3,normal,False,24,2
5021,demand_surge,none,3,RuleBased,1699.4000000000003,0.8515406162464989,0.0,0.0,0.0,0.0,0,0,0.3,normal,False,24,2
5021,demand_surge,none,3,TFIDF_LogReg_Calibrated,1699.4000000000003,0.8515406162464989,0.0,0.0,0.0,0.0,0,0,0.3,normal,False,24,2
5021,demand_surge,none,5,RuleBased,1699.4000000000003,0.8515406162464989,0.0,0.0,0.0,0.0,0,0,0.3,normal,False,24,2
5021,demand_surge,none,5,TFIDF_LogReg_Calibrated,1699.4000000000003,0.8515406162464989,0.0,0.0,0.0,0.0,0,0,0.3,normal,False,24,2
5021,demand_surge,random,1,RuleBased,1726.4285714285713,0.8587434973989597,0.0,0.0,0.0,0.1111111111111111,1,1,0.2857142857142857,supplier_delay,False,24,2
5021,demand_surge,random,1,TFIDF_LogReg_Calibrated,1622.0575411251057,0.8361938647976636,0.0,0.0,0.0,0.1111111111111111,1,1,0.1253534955460985,supplier_delay,False,24,2
5021,demand_surge,random,3,RuleBased,1673.8857142857141,0.8495398159263705,0.0,0.0,0.0,0.1111111111111111,3,2,0.34285714285714286,supplier_delay,False,24,2
5021,demand_surge,random,3,TFIDF_LogReg_Calibrated,1413.0,0.8011204481792717,0.0,0.0,0.0,0.1111111111111111,3,2,0.0,normal,False,24,2
5021,demand_surge,random,5,RuleBased,1673.8857142857141,0.8495398159263705,0.0,0.0,0.0,0.1111111111111111,5,3,0.34285714285714286,supplier_delay,False,24,2
5021,demand_surge,random,5,TFIDF_LogReg_Calibrated,1412.0,0.8011204481792717,0.0,0.0,0.0,0.1111111111111111,5,3,0.0,supplier_delay,False,24,2
5021,demand_surge,bm25,1,RuleBased,1699.4000000000003,0.8515406162464989,0.0,0.0,0.0,0.2,1,1,0.3,normal,False,24,2
5021,demand_surge,bm25,1,TFIDF_LogReg_Calibrated,1408.0,0.8011204481792717,0.0,0.0,0.0,0.2,1,1,0.0,normal,False,24,2
5021,demand_surge,bm25,3,RuleBased,1652.0,0.8431372549019608,0.0,0.0,0.0,0.2,3,2,0.24999999999999994,normal,False,24,2
5021,demand_surge,bm25,3,TFIDF_LogReg_Calibrated,1413.0,0.8011204481792717,0.0,0.0,0.0,0.2,3,2,0.0,normal,False,24,2
5021,demand_surge,bm25,5,RuleBased,1652.0,0.8431372549019608,0.2,0.5,0.23719771276929622,0.2,5,2,0.24999999999999994,normal,False,24,2
5021,demand_surge,bm25,5,TFIDF_LogReg_Calibrated,1530.468332960359,0.8216856325210715,0.2,0.5,0.23719771276929622,0.2,5,2,0.12236284683370739,normal,False,24,2
5021,demand_surge,tfidf,1,RuleBased,1699.4000000000003,0.8515406162464989,0.0,0.0,0.0,0.16666666666666666,1,1,0.3,normal,False,24,2
5021,demand_surge,tfidf,1,TFIDF_LogReg_Calibrated,1408.0,0.8011204481792717,0.0,0.0,0.0,0.16666666666666666,1,1,0.0,normal,False,24,2
5021,demand_surge,tfidf,3,RuleBased,1699.4000000000003,0.8515406162464989,0.0,0.0,0.0,0.16666666666666666,3,1,0.3,normal,False,24,2
5021,demand_surge,tfidf,3,TFIDF_LogReg_Calibrated,1413.0,0.8011204481792717,0.0,0.0,0.0,0.16666666666666666,3,1,0.0,normal,False,24,2
5021,demand_surge,tfidf,5,RuleBased,1652.0,0.8431372549019608,0.0,0.0,0.0,0.16666666666666666,5,3,0.24999999999999994,normal,False,24,2
5021,demand_surge,tfidf,5,TFIDF_LogReg_Calibrated,1413.0,0.8011204481792717,0.0,0.0,0.0,0.16666666666666666,5,3,0.0,normal,False,24,2
5021,demand_surge,dense,1,RuleBased,1599.0,0.8291316526610645,0.0,0.0,0.0,0.3333333333333333,1,1,0.0,supplier_delay,False,24,2
5021,demand_surge,dense,1,TFIDF_LogReg_Calibrated,1636.5758669741713,0.8389985254465703,0.0,0.0,0.0,0.3333333333333333,1,1,0.14204122640709335,supplier_delay,False,24,2
5021,demand_surge,dense,3,RuleBased,2029.0,0.9103641456582633,0.3333333333333333,0.5,0.3065735963827292,0.3333333333333333,3,1,0.6666666666666667,demand_surge,True,24,2
5021,demand_surge,dense,3,TFIDF_LogReg_Calibrated,1693.0896548875626,0.8512746427328304,0.3333333333333333,0.5,0.3065735963827292,0.3333333333333333,3,1,0.2150841242603412,supplier_delay,False,24,2
5021,demand_surge,dense,5,RuleBased,2029.0,0.9103641456582633,0.2,0.5,0.3065735963827292,0.3333333333333333,5,2,0.6666666666666667,demand_surge,True,24,2
5021,demand_surge,dense,5,TFIDF_LogReg_Calibrated,1513.0,0.8151260504201681,0.2,0.5,0.3065735963827292,0.3333333333333333,5,2,0.0,supplier_delay,False,24,2
5021,demand_surge,oracle,1,RuleBased,1740.0,0.8627450980392157,1.0,0.5,1.0,1.0,1,0,0.5,supplier_delay,False,24,2
5021,demand_surge,oracle,1,TFIDF_LogReg_Calibrated,2089.9113019846172,0.9222336480121507,1.0,0.5,1.0,1.0,1,0,0.7843725650093845,demand_surge,True,24,2
5021,demand_surge,oracle,3,RuleBased,1932.0909090909097,0.8927934810287752,0.6666666666666666,1.0,1.0,1.0,3,1,0.5454545454545455,demand_surge,True,24,2
5021,demand_surge,oracle,3,TFIDF_LogReg_Calibrated,2049.124874399046,0.9142518833959328,0.6666666666666666,1.0,1.0,1.0,3,1,0.7052200658985547,demand_surge,True,24,2
5021,demand_surge,oracle,5,RuleBased,1870.0400000000009,0.8817927170868346,0.4,1.0,1.0,1.0,5,2,0.4800000000000001,demand_surge,True,24,2
5021,demand_surge,oracle,5,TFIDF_LogReg_Calibrated,1748.2003132832704,0.8641732062622259,0.4,1.0,1.0,1.0,5,2,0.3503278211871577,supplier_delay,False,24,2
5022,normal,none,1,RuleBased,1801.3999999999992,0.9284810126582279,0.0,0.0,0.0,0.0,0,0,0.35,normal,True,24,2
5022,normal,none,1,TFIDF_LogReg_Calibrated,1801.3999999999992,0.9284810126582279,0.0,0.0,0.0,0.0,0,0,0.35,normal,True,24,2
5022,normal,none,3,RuleBased,1801.3999999999992,0.9284810126582279,0.0,0.0,0.0,0.0,0,0,0.35,normal,True,24,2
5022,normal,none,3,TFIDF_LogReg_Calibrated,1801.3999999999992,0.9284810126582279,0.0,0.0,0.0,0.0,0,0,0.35,normal,True,24,2
5022,normal,none,5,RuleBased,1801.3999999999992,0.9284810126582279,0.0,0.0,0.0,0.0,0,0,0.35,normal,True,24,2
5022,normal,none,5,TFIDF_LogReg_Calibrated,1801.3999999999992,0.9284810126582279,0.0,0.0,0.0,0.0,0,0,0.35,normal,True,24,2
5022,normal,random,1,RuleBased,1712.0,0.9367088607594937,0.0,0.0,0.0,0.25,1,0,0.0,supplier_delay,False,24,2
5022,normal,random,1,TFIDF_LogReg_Calibrated,1673.0,0.9050632911392406,0.0,0.0,0.0,0.25,1,0,0.20029879401432074,supplier_delay,False,24,2
5022,normal,random,3,RuleBased,1801.3999999999992,0.9284810126582279,0.0,0.0,0.0,0.25,3,0,0.4,normal,True,24,2
5022,normal,random,3,TFIDF_LogReg_Calibrated,1798.0,0.9082278481012658,0.0,0.0,0.0,0.25,3,0,0.7199773307833403,normal,True,24,2
5022,normal,random,5,RuleBased,1799.0,0.9256329113924051,0.2,0.5,0.2640681225725909,0.25,5,0,0.5,normal,True,24,2
5022,normal,random,5,TFIDF_LogReg_Calibrated,1747.0,0.9082278481012658,0.2,0.5,0.2640681225725909,0.25,5,0,0.6037530229268367,normal,True,24,2
5022,normal,bm25,1,RuleBased,1801.3999999999992,0.9284810126582279,0.0,0.0,0.0,0.3333333333333333,1,0,0.4,normal,True,24,2
5022,normal,bm25,1,TFIDF_LogReg_Calibrated,1747.0,0.9082278481012658,0.0,0.0,0.0,0.3333333333333333,1,0,0.6159566260122799,normal,True,24,2
5022,normal,bm25,3,RuleBased,1799.0,0.9256329113924051,0.3333333333333333,0.5,0.3065735963827292,0.3333333333333333,3,0,0.5,normal,True,24,2
5022,normal,bm25,3,TFIDF_LogReg_Calibrated,1798.0,0.9082278481012658,0.3333333333333333,0.5,0.3065735963827292,0.3333333333333333,3,0,0.7362724114993896,normal,True,24,2
5022,normal,bm25,5,RuleBased,1799.0,0.9256329113924051,0.2,0.5,0.3065735963827292,0.3333333333333333,5,1,0.5,normal,True,24,2
5022,normal,bm25,5,TFIDF_LogReg_Calibrated,1798.0,0.9082278481012658,0.2,0.5,0.3065735963827292,0.3333333333333333,5,1,0.6567433885985978,normal,True,24,2
5022,normal,tfidf,1,RuleBased,1801.3999999999992,0.9284810126582279,0.0,0.0,0.0,0.3333333333333333,1,0,0.4,normal,True,24,2
5022,normal,tfidf,1,TFIDF_LogReg_Calibrated,1747.0,0.9082278481012658,0.0,0.0,0.0,0.3333333333333333,1,0,0.6159566260122799,normal,True,24,2
5022,normal,tfidf,3,RuleBased,1799.0,0.9256329113924051,0.3333333333333333,0.5,0.3065735963827292,0.3333333333333333,3,0,0.5,normal,True,24,2
5022,normal,tfidf,3,TFIDF_LogReg_Calibrated,1798.0,0.9082278481012658,0.3333333333333333,0.5,0.3065735963827292,0.3333333333333333,3,0,0.7362724114993896,normal,True,24,2
5022,normal,tfidf,5,RuleBased,1799.0,0.9256329113924051,0.2,0.5,0.3065735963827292,0.3333333333333333,5,1,0.5,normal,True,24,2
5022,normal,tfidf,5,TFIDF_LogReg_Calibrated,1798.0,0.9082278481012658,0.2,0.5,0.3065735963827292,0.3333333333333333,5,1,0.6567433885985978,normal,True,24,2
5022,normal,dense,1,RuleBased,1805.5,0.932753164556962,1.0,0.5,1.0,1.0,1,0,0.25,supplier_delay,False,24,2
5022,normal,dense,1,TFIDF_LogReg_Calibrated,1747.0,0.9082278481012658,1.0,0.5,1.0,1.0,1,0,0.47078255013033776,supplier_delay,False,24,2
5022,normal,dense,3,RuleBased,1803.0,0.930379746835443,0.6666666666666666,1.0,0.9197207891481876,1.0,3,0,0.33333333333333337,normal,True,24,2
5022,normal,dense,3,TFIDF_LogReg_Calibrated,1798.0,0.9082278481012658,0.6666666666666666,1.0,0.9197207891481876,1.0,3,0,0.6738577970566672,normal,True,24,2
5022,normal,dense,5,RuleBased,1803.0,0.930379746835443,0.4,1.0,0.9197207891481876,1.0,5,2,0.33333333333333337,normal,True,24,2
5022,normal,dense,5,TFIDF_LogReg_Calibrated,1673.0,0.9050632911392406,0.4,1.0,0.9197207891481876,1.0,5,2,0.3333333333333333,supplier_delay,False,24,2
5022,normal,oracle,1,RuleBased,1695.8571428571433,0.9294755877034359,1.0,0.5,1.0,1.0,1,0,0.14285714285714288,supplier_delay,False,24,2
5022,normal,oracle,1,TFIDF_LogReg_Calibrated,1747.0,0.9082278481012658,1.0,0.5,1.0,1.0,1,0,0.47538436252500116,supplier_delay,False,24,2
5022,normal,oracle,3,RuleBased,1803.0,0.930379746835443,0.6666666666666666,1.0,1.0,1.0,3,0,0.33333333333333337,normal,True,24,2
5022,normal,oracle,3,TFIDF_LogReg_Calibrated,1798.0,0.9082278481012658,0.6666666666666666,1.0,1.0,1.0,3,0,0.6853323401083248,normal,True,24,2
5022,normal,oracle,5,RuleBased,1803.0,0.930379746835443,0.4,1.0,1.0,1.0,5,2,0.33333333333333337,normal,True,24,2
5022,normal,oracle,5,TFIDF_LogReg_Calibrated,1673.0,0.9050632911392406,0.4,1.0,1.0,1.0,5,2,0.3571848223046632,supplier_delay,False,24,2
5022,supplier_delay,none,1,RuleBased,1527.7999999999997,0.8848101265822785,0.0,0.0,0.0,0.0,0,0,0.35,normal,False,24,2
5022,supplier_delay,none,1,TFIDF_LogReg_Calibrated,1527.7999999999997,0.8848101265822785,0.0,0.0,0.0,0.0,0,0,0.35,normal,False,24,2
5022,supplier_delay,none,3,RuleBased,1527.7999999999997,0.8848101265822785,0.0,0.0,0.0,0.0,0,0,0.35,normal,False,24,2
5022,supplier_delay,none,3,TFIDF_LogReg_Calibrated,1527.7999999999997,0.8848101265822785,0.0,0.0,0.0,0.0,0,0,0.35,normal,False,24,2
5022,supplier_delay,none,5,RuleBased,1527.7999999999997,0.8848101265822785,0.0,0.0,0.0,0.0,0,0,0.35,normal,False,24,2
5022,supplier_delay,none,5,TFIDF_LogReg_Calibrated,1527.7999999999997,0.8848101265822785,0.0,0.0,0.0,0.0,0,0,0.35,normal,False,24,2
5022,supplier_delay,random,1,RuleBased,1778.0,0.9335443037974683,0.0,0.0,0.0,0.25,1,0,0.5,supplier_delay,True,24,2
5022,supplier_delay,random,1,TFIDF_LogReg_Calibrated,1658.0,0.8955696202531646,0.0,0.0,0.0,0.25,1,0,0.7997012059856793,supplier_delay,True,24,2
5022,supplier_delay,random,3,RuleBased,1527.7999999999997,0.8848101265822785,0.0,0.0,0.0,0.25,3,2,0.3,normal,False,24,2
5022,supplier_delay,random,3,TFIDF_LogReg_Calibrated,1325.0,0.8449367088607594,0.0,0.0,0.0,0.25,3,2,0.2800226692166598,normal,False,24,2
5022,supplier_delay,random,5,RuleBased,1676.391304347826,0.9063015960374242,0.2,0.5,0.2640681225725909,0.25,5,2,0.391304347826087,supplier_delay,True,24,2
5022,supplier_delay,random,5,TFIDF_LogReg_Calibrated,1494.0,0.870253164556962,0.2,0.5,0.2640681225725909,0.25,5,2,0.6085529426268218,supplier_delay,True,24,2
5022,supplier_delay,bm25,1,RuleBased,1527.7999999999997,0.8848101265822785,0.0,0.0,0.0,0.07692307692307693,1,1,0.3,normal,False,24,2
5022,supplier_delay,bm25,1,TFIDF_LogReg_Calibrated,1494.0,0.870253164556962,0.0,0.0,0.0,0.07692307692307693,1,1,0.3840433739877202,normal,False,24,2
5022,supplier_delay,bm25,3,RuleBased,1527.7999999999997,0.8848101265822785,0.0,0.0,0.0,0.07692307692307693,3,2,0.3,normal,False,24,2
5022,supplier_delay,bm25,3,TFIDF_LogReg_Calibrated,1325.0,0.8449367088607594,0.0,0.0,0.0,0.07692307692307693,3,2,0.26914087134764064,normal,False,24,2
5022,supplier_delay,bm25,5,RuleBased,1527.7999999999997,0.8848101265822785,0.0,0.0,0.0,0.07692307692307693,5,2,0.3,normal,False,24,2
5022,supplier_delay,bm25,5,TFIDF_LogReg_Calibrated,1494.0,0.870253164556962,0.0,0.0,0.0,0.07692307692307693,5,2,0.5531107422041672,supplier_delay,True,24,2
5022,supplier_delay,tfidf,1,RuleBased,1527.7999999999997,0.8848101265822785,0.0,0.0,0.0,0.08333333333333333,1,1,0.3,normal,False,24,2
5022,supplier_delay,tfidf,1,TFIDF_LogReg_Calibrated,1494.0,0.870253164556962,0.0,0.0,0.0,0.08333333333333333,1,1,0.3840433739877202,normal,False,24,2
5022,supplier_delay,tfidf,3,RuleBased,1527.7999999999997,0.8848101265822785,0.0,0.0,0.0,0.08333333333333333,3,2,0.3,normal,False,24,2
5022,supplier_delay,tfidf,3,TFIDF_LogReg_Calibrated,1325.0,0.8449367088607594,0.0,0.0,0.0,0.08333333333333333,3,2,0.26914087134764064,normal,False,24,2
5022,supplier_delay,tfidf,5,RuleBased,1527.7999999999997,0.8848101265822785,0.0,0.0,0.0,0.08333333333333333,5,2,0.3,normal,False,24,2
5022,supplier_delay,tfidf,5,TFIDF_LogReg_Calibrated,1325.0,0.8449367088607594,0.0,0.0,0.0,0.08333333333333333,5,2,0.33976406182040453,normal,False,24,2
5022,supplier_delay,dense,1,RuleBased,1527.7999999999997,0.8848101265822785,0.0,0.0,0.0,0.5,1,1,0.3,normal,False,24,2
5022,supplier_delay,dense,1,TFIDF_LogReg_Calibrated,1494.0,0.870253164556962,0.0,0.0,0.0,0.5,1,1,0.3840433739877202,normal,False,24,2
5022,supplier_delay,dense,3,RuleBased,1676.391304347826,0.9063015960374242,0.3333333333333333,0.5,0.38685280723454163,0.5,3,2,0.391304347826087,supplier_delay,True,24,2
5022,supplier_delay,dense,3,TFIDF_LogReg_Calibrated,1795.0,0.9208860759493671,0.3333333333333333,0.5,0.38685280723454163,0.5,3,2,0.8831665716250215,supplier_delay,True,24,2
5022,supplier_delay,dense,5,RuleBased,1676.391304347826,0.9063015960374242,0.2,0.5,0.38685280723454163,0.5,5,2,0.391304347826087,supplier_delay,True,24,2
5022,supplier_delay,dense,5,TFIDF_LogReg_Calibrated,1795.0,0.9208860759493671,0.2,0.5,0.38685280723454163,0.5,5,2,0.8963300063735313,supplier_delay,True,24,2
5022,supplier_delay,oracle,1,RuleBased,1652.1034482758616,0.9001527717154081,1.0,0.5,1.0,1.0,1,0,0.5172413793103449,supplier_delay,True,24,2
5022,supplier_delay,oracle,1,TFIDF_LogReg_Calibrated,1795.0,0.9208860759493671,1.0,0.5,1.0,1.0,1,0,0.8844302591409064,supplier_delay,True,24,2
5022,supplier_delay,oracle,3,RuleBased,1711.0571428571427,0.9156419529837252,0.6666666666666666,1.0,1.0,1.0,3,1,0.42857142857142855,supplier_delay,True,24,2
5022,supplier_delay,oracle,3,TFIDF_LogReg_Calibrated,1795.0,0.9208860759493671,0.6666666666666666,1.0,1.0,1.0,3,1,0.8762137069421367,supplier_delay,True,24,2
5022,supplier_delay,oracle,5,RuleBased,1711.0571428571427,0.9156419529837252,0.4,1.0,1.0,1.0,5,2,0.42857142857142855,supplier_delay,True,24,2
5022,supplier_delay,oracle,5,TFIDF_LogReg_Calibrated,1795.0,0.9208860759493671,0.4,1.0,1.0,1.0,5,2,0.9217503545520572,supplier_delay,True,24,2
5022,demand_surge,none,1,RuleBased,1841.3999999999999,0.8603878116343491,0.0,0.0,0.0,0.0,0,0,0.3,normal,False,24,2
5022,demand_surge,none,1,TFIDF_LogReg_Calibrated,1841.3999999999999,0.8603878116343491,0.0,0.0,0.0,0.0,0,0,0.3,normal,False,24,2
5022,demand_surge,none,3,RuleBased,1841.3999999999999,0.8603878116343491,0.0,0.0,0.0,0.0,0,0,0.3,normal,False,24,2
5022,demand_surge,none,3,TFIDF_LogReg_Calibrated,1841.3999999999999,0.8603878116343491,0.0,0.0,0.0,0.0,0,0,0.3,normal,False,24,2
5022,demand_surge,none,5,RuleBased,1841.3999999999999,0.8603878116343491,0.0,0.0,0.0,0.0,0,0,0.3,normal,False,24,2
5022,demand_surge,none,5,TFIDF_LogReg_Calibrated,1841.3999999999999,0.8603878116343491,0.0,0.0,0.0,0.0,0,0,0.3,normal,False,24,2
5022,demand_surge,random,1,RuleBased,1771.0,0.8614958448753463,0.0,0.0,0.0,0.25,1,0,0.5,supplier_delay,False,24,2
5022,demand_surge,random,1,TFIDF_LogReg_Calibrated,1544.0,0.814404432132964,0.0,0.0,0.0,0.25,1,0,0.0,supplier_delay,False,24,2
5022,demand_surge,random,3,RuleBased,1841.3999999999999,0.8603878116343491,0.0,0.0,0.0,0.25,3,2,0.3,normal,False,24,2
5022,demand_surge,random,3,TFIDF_LogReg_Calibrated,1660.0,0.8254847645429363,0.0,0.0,0.0,0.25,3,2,0.0,normal,False,24,2
5022,demand_surge,random,5,RuleBased,1934.0769230769233,0.8798210100149159,0.2,0.5,0.2640681225725909,0.25,5,2,0.46153846153846156,demand_surge,True,24,2
5022,demand_surge,random,5,TFIDF_LogReg_Calibrated,1577.0,0.814404432132964,0.2,0.5,0.2640681225725909,0.25,5,2,0.0,supplier_delay,False,24,2
5022,demand_surge,bm25,1,RuleBased,1841.3999999999999,0.8603878116343491,0.0,0.0,0.0,0.2,1,1,0.3,normal,False,24,2
5022,demand_surge,bm25,1,TFIDF_LogReg_Calibrated,1577.0,0.814404432132964,0.0,0.0,0.0,0.2,1,1,0.0,normal,False,24,2
5022,demand_surge,bm25,3,RuleBased,1841.3999999999999,0.8603878116343491,0.0,0.0,0.0,0.2,3,3,0.3,normal,False,24,2
5022,demand_surge,bm25,3,TFIDF_LogReg_Calibrated,1660.0,0.8254847645429363,0.0,0.0,0.0,0.2,3,3,0.0,normal,False,24,2
5022,demand_surge,bm25,5,RuleBased,1841.3999999999999,0.8603878116343491,0.2,0.5,0.23719771276929622,0.2,5,3,0.3,normal,False,24,2
5022,demand_surge,bm25,5,TFIDF_LogReg_Calibrated,1595.4257965455536,0.8185206408152877,0.2,0.5,0.23719771276929622,0.2,5,3,0.04953171114396169,supplier_delay,False,24,2
5022,demand_surge,tfidf,1,RuleBased,1841.3999999999999,0.8603878116343491,0.0,0.0,0.0,0.2,1,1,0.3,normal,False,24,2
5022,demand_surge,tfidf,1,TFIDF_LogReg_Calibrated,1577.0,0.814404432132964,0.0,0.0,0.0,0.2,1,1,0.0,normal,False,24,2
5022,demand_surge,tfidf,3,RuleBased,1841.3999999999999,0.8603878116343491,0.0,0.0,0.0,0.2,3,2,0.3,normal,False,24,2
5022,demand_surge,tfidf,3,TFIDF_LogReg_Calibrated,1660.0,0.8254847645429363,0.0,0.0,0.0,0.2,3,2,0.0,normal,False,24,2
5022,demand_surge,tfidf,5,RuleBased,1841.3999999999999,0.8603878116343491,0.2,0.5,0.23719771276929622,0.2,5,3,0.3,normal,False,24,2
5022,demand_surge,tfidf,5,TFIDF_LogReg_Calibrated,1595.4257965455536,0.8185206408152877,0.2,0.5,0.23719771276929622,0.2,5,3,0.04953171114396169,supplier_delay,False,24,2
5022,demand_surge,dense,1,RuleBased,1841.3999999999999,0.8603878116343491,0.0,0.0,0.0,0.5,1,1,0.3,normal,False,24,2
5022,demand_surge,dense,1,TFIDF_LogReg_Calibrated,1577.0,0.814404432132964,0.0,0.0,0.0,0.5,1,1,0.0,normal,False,24,2
5022,demand_surge,dense,3,RuleBased,1841.3999999999999,0.8603878116343491,0.3333333333333333,0.5,0.38685280723454163,0.5,3,1,0.3,normal,False,24,2
5022,demand_surge,dense,3,TFIDF_LogReg_Calibrated,2033.264285764441,0.9027732489228679,0.3333333333333333,0.5,0.38685280723454163,0.5,3,1,0.6854404762740681,demand_surge,True,24,2
5022,demand_surge,dense,5,RuleBased,1841.3999999999999,0.8603878116343491,0.2,0.5,0.38685280723454163,0.5,5,2,0.3,normal,False,24,2
5022,demand_surge,dense,5,TFIDF_LogReg_Calibrated,1777.5920105075793,0.8644175115823066,0.2,0.5,0.38685280723454163,0.5,5,2,0.5439467367171961,demand_surge,True,24,2
5022,demand_surge,oracle,1,RuleBased,1771.0,0.8614958448753463,1.0,0.5,1.0,1.0,1,0,0.5,supplier_delay,False,24,2
5022,demand_surge,oracle,1,TFIDF_LogReg_Calibrated,2088.0,0.9159741458910434,1.0,0.5,1.0,1.0,1,0,0.7777777777777778,demand_surge,True,24,2
5022,demand_surge,oracle,3,RuleBased,1934.0769230769233,0.8798210100149159,0.6666666666666666,1.0,1.0,1.0,3,1,0.46153846153846156,demand_surge,True,24,2
5022,demand_surge,oracle,3,TFIDF_LogReg_Calibrated,1962.3993495353686,0.8866432252283196,0.6666666666666666,1.0,1.0,1.0,3,1,0.5299501196506495,demand_surge,True,24,2
5022,demand_surge,oracle,5,RuleBased,1898.25,0.871191135734072,0.4,1.0,1.0,1.0,5,2,0.37499999999999994,supplier_delay,False,24,2
5022,demand_surge,oracle,5,TFIDF_LogReg_Calibrated,1762.6666666666663,0.8578024007386887,0.4,1.0,1.0,1.0,5,2,0.4444444444444444,demand_surge,True,24,2
5023,normal,none,1,RuleBased,1703.2,0.9221864951768489,0.0,0.0,0.0,0.0,0,0,0.35,normal,True,24,2
5023,normal,none,1,TFIDF_LogReg_Calibrated,1703.2,0.9221864951768489,0.0,0.0,0.0,0.0,0,0,0.35,normal,True,24,2
5023,normal,none,3,RuleBased,1703.2,0.9221864951768489,0.0,0.0,0.0,0.0,0,0,0.35,normal,True,24,2
5023,normal,none,3,TFIDF_LogReg_Calibrated,1703.2,0.9221864951768489,0.0,0.0,0.0,0.0,0,0,0.35,normal,True,24,2
5023,normal,none,5,RuleBased,1703.2,0.9221864951768489,0.0,0.0,0.0,0.0,0,0,0.35,normal,True,24,2
5023,normal,none,5,TFIDF_LogReg_Calibrated,1703.2,0.9221864951768489,0.0,0.0,0.0,0.0,0,0,0.35,normal,True,24,2
5023,normal,random,1,RuleBased,1451.0,0.8906752411575563,1.0,0.5,1.0,1.0,1,0,0.0,supplier_delay,False,24,2
5023,normal,random,1,TFIDF_LogReg_Calibrated,1699.0,0.9035369774919614,1.0,0.5,1.0,1.0,1,0,0.7314559307435043,normal,True,24,2
5023,normal,random,3,RuleBased,1451.0,0.8906752411575563,0.3333333333333333,0.5,0.6131471927654584,1.0,3,0,0.0,supplier_delay,False,24,2
5023,normal,random,3,TFIDF_LogReg_Calibrated,1654.0,0.9035369774919614,0.3333333333333333,0.5,0.6131471927654584,1.0,3,0,0.5062060947191858,normal,True,24,2
5023,normal,random,5,RuleBased,1427.3333333333333,0.9003215434083601,0.2,0.5,0.6131471927654584,1.0,5,1,0.0,demand_surge,False,24,2
5023,normal,random,5,TFIDF_LogReg_Calibrated,1578.536299024557,0.9260450160771704,0.2,0.5,0.6131471927654584,1.0,5,1,0.02829079561120074,demand_surge,False,24,2
5023,normal,bm25,1,RuleBased,1703.2,0.9221864951768489,0.0,0.0,0.0,0.14285714285714285,1,0,0.4,normal,True,24,2
5023,normal,bm25,1,TFIDF_LogReg_Calibrated,1795.0,0.9196141479099679,0.0,0.0,0.0,0.14285714285714285,1,0,1.0,normal,True,24,2
5023,normal,bm25,3,RuleBased,1703.2,0.9221864951768489,0.0,0.0,0.0,0.14285714285714285,3,0,0.4,normal,True,24,2
5023,normal,bm25,3,TFIDF_LogReg_Calibrated,1699.0,0.9035369774919614,0.0,0.0,0.0,0.14285714285714285,3,0,0.7325292714540237,normal,True,24,2
5023,normal,bm25,5,RuleBased,1703.2,0.9221864951768489,0.0,0.0,0.0,0.14285714285714285,5,1,0.4,normal,True,24,2
5023,normal,bm25,5,TFIDF_LogReg_Calibrated,1699.0,0.9035369774919614,0.0,0.0,0.0,0.14285714285714285,5,1,0.7512882762359527,normal,True,24,2
5023,normal,tfidf,1,RuleBased,1703.2,0.9221864951768489,0.0,0.0,0.0,0.5,1,0,0.4,normal,True,24,2
5023,normal,tfidf,1,TFIDF_LogReg_Calibrated,1795.0,0.9196141479099679,0.0,0.0,0.0,0.5,1,0,1.0,normal,True,24,2
5023,normal,tfidf,3,RuleBased,1703.2,0.9221864951768489,0.3333333333333333,0.5,0.38685280723454163,0.5,3,0,0.4,normal,True,24,2
5023,normal,tfidf,3,TFIDF_LogReg_Calibrated,1699.0,0.9035369774919614,0.3333333333333333,0.5,0.38685280723454163,0.5,3,0,0.804003105903995,normal,True,24,2
5023,normal,tfidf,5,RuleBased,1684.75,0.9236334405144695,0.4,1.0,0.6240505200038379,0.5,5,0,0.25,supplier_delay,False,24,2
5023,normal,tfidf,5,TFIDF_LogReg_Calibrated,1699.0,0.9035369774919614,0.4,1.0,0.6240505200038379,0.5,5,0,0.7349244712910852,normal,True,24,2
5023,normal,dense,1,RuleBased,1684.75,0.9236334405144695,1.0,0.5,1.0,1.0,1,0,0.25,supplier_delay,False,24,2
5023,normal,dense,1,TFIDF_LogReg_Calibrated,1555.1798463621876,0.8973126393686122,1.0,0.5,1.0,1.0,1,0,0.22384100440244312,supplier_delay,False,24,2
5023,normal,dense,3,RuleBased,1684.75,0.9236334405144695,0.6666666666666666,1.0,0.9197207891481876,1.0,3,0,0.25,supplier_delay,False,24,2
5023,normal,dense,3,TFIDF_LogReg_Calibrated,1699.0,0.9035369774919614,0.6666666666666666,1.0,0.9197207891481876,1.0,3,0,0.6964647786880127,normal,True,24,2
5023,normal,dense,5,RuleBased,1684.75,0.9236334405144695,0.4,1.0,0.9197207891481876,1.0,5,1,0.25,supplier_delay,False,24,2
5023,normal,dense,5,TFIDF_LogReg_Calibrated,1555.0,0.8971061093247589,0.4,1.0,0.9197207891481876,1.0,5,1,0.3693608400010073,supplier_delay,False,24,2
5023,normal,oracle,1,RuleBased,1684.75,0.9236334405144695,1.0,0.5,1.0,1.0,1,0,0.25,supplier_delay,False,24,2
5023,normal,oracle,1,TFIDF_LogReg_Calibrated,1555.1798463621876,0.8973126393686122,1.0,0.5,1.0,1.0,1,0,0.22384100440244312,supplier_delay,False,24,2
5023,normal,oracle,3,RuleBased,1684.75,0.9236334405144695,0.6666666666666666,1.0,1.0,1.0,3,0,0.25,supplier_delay,False,24,2
5023,normal,oracle,3,TFIDF_LogReg_Calibrated,1699.0,0.9035369774919614,0.6666666666666666,1.0,1.0,1.0,3,0,0.7222222222222222,normal,True,24,2
5023,normal,oracle,5,RuleBased,1684.75,0.9236334405144695,0.4,1.0,1.0,1.0,5,2,0.25,supplier_delay,False,24,2
5023,normal,oracle,5,TFIDF_LogReg_Calibrated,1555.0,0.8971061093247589,0.4,1.0,1.0,1.0,5,2,0.22655167269456317,supplier_delay,False,24,2
5023,supplier_delay,none,1,RuleBased,1500.3999999999994,0.890032154340836,0.0,0.0,0.0,0.0,0,0,0.35,normal,False,24,2
5023,supplier_delay,none,1,TFIDF_LogReg_Calibrated,1500.3999999999994,0.890032154340836,0.0,0.0,0.0,0.0,0,0,0.35,normal,False,24,2
5023,supplier_delay,none,3,RuleBased,1500.3999999999994,0.890032154340836,0.0,0.0,0.0,0.0,0,0,0.35,normal,False,24,2
5023,supplier_delay,none,3,TFIDF_LogReg_Calibrated,1500.3999999999994,0.890032154340836,0.0,0.0,0.0,0.0,0,0,0.35,normal,False,24,2
5023,supplier_delay,none,5,RuleBased,1500.3999999999994,0.890032154340836,0.0,0.0,0.0,0.0,0,0,0.35,normal,False,24,2
5023,supplier_delay,none,5,TFIDF_LogReg_Calibrated,1500.3999999999994,0.890032154340836,0.0,0.0,0.0,0.0,0,0,0.35,normal,False,24,2
5023,supplier_delay,random,1,RuleBased,1741.0,0.9228295819935691,1.0,0.5,1.0,1.0,1,0,1.0,supplier_delay,True,24,2
5023,supplier_delay,random,1,TFIDF_LogReg_Calibrated,1660.0,0.9067524115755627,1.0,0.5,1.0,1.0,1,0,0.8240448338503589,supplier_delay,True,24,2
5023,supplier_delay,random,3,RuleBased,1741.0,0.9228295819935691,0.3333333333333333,0.5,0.6131471927654584,1.0,3,0,1.0,supplier_delay,True,24,2
5023,supplier_delay,random,3,TFIDF_LogReg_Calibrated,1660.0,0.9067524115755627,0.3333333333333333,0.5,0.6131471927654584,1.0,3,0,0.8682458463492954,supplier_delay,True,24,2
5023,supplier_delay,random,5,RuleBased,1767.9999999999998,0.947481243301179,0.2,0.5,0.6131471927654584,1.0,5,1,0.4444444444444445,demand_surge,False,24,2
5023,supplier_delay,random,5,TFIDF_LogReg_Calibrated,1665.192384648173,0.9283366640022096,0.2,0.5,0.6131471927654584,1.0,5,1,0.36909159709202216,demand_surge,False,24,2
5023,supplier_delay,bm25,1,RuleBased,1500.3999999999994,0.890032154340836,0.0,0.0,0.0,0.16666666666666666,1,1,0.3,normal,False,24,2
5023,supplier_delay,bm25,1,TFIDF_LogReg_Calibrated,1181.0,0.8295819935691319,0.0,0.0,0.0,0.16666666666666666,1,1,0.0,normal,False,24,2
5023,supplier_delay,bm25,3,RuleBased,1500.3999999999994,0.890032154340836,0.0,0.0,0.0,0.16666666666666666,3,3,0.3,normal,False,24,2
5023,supplier_delay,bm25,3,TFIDF_LogReg_Calibrated,1337.0,0.8553054662379421,0.0,0.0,0.0,0.16666666666666666,3,3,0.23803165282462077,normal,False,24,2
5023,supplier_delay,bm25,5,RuleBased,1500.3999999999994,0.890032154340836,0.0,0.0,0.0,0.16666666666666666,5,4,0.3,normal,False,24,2
5023,supplier_delay,bm25,5,TFIDF_LogReg_Calibrated,1337.0,0.8553054662379421,0.0,0.0,0.0,0.16666666666666666,5,4,0.2487117237640473,normal,False,24,2
5023,supplier_delay,tfidf,1,RuleBased,1500.3999999999994,0.890032154340836,0.0,0.0,0.0,0.25,1,1,0.3,normal,False,24,2
5023,supplier_delay,tfidf,1,TFIDF_LogReg_Calibrated,1181.0,0.8295819935691319,0.0,0.0,0.0,0.25,1,1,0.0,normal,False,24,2
5023,supplier_delay,tfidf,3,RuleBased,1500.3999999999994,0.890032154340836,0.0,0.0,0.0,0.25,3,2,0.3,normal,False,24,2
5023,supplier_delay,tfidf,3,TFIDF_LogReg_Calibrated,1337.0,0.8553054662379421,0.0,0.0,0.0,0.25,3,2,0.26747072854597626,normal,False,24,2
5023,supplier_delay,tfidf,5,RuleBased,1500.3999999999994,0.890032154340836,0.2,0.5,0.2640681225725909,0.25,5,3,0.3,normal,False,24,2
5023,supplier_delay,tfidf,5,TFIDF_LogReg_Calibrated,1337.0,0.8553054662379421,0.2,0.5,0.2640681225725909,0.25,5,3,0.30230690821464995,normal,False,24,2
5023,supplier_delay,dense,1,RuleBased,1741.0,0.9228295819935691,1.0,0.5,1.0,1.0,1,0,1.0,supplier_delay,True,24,2
5023,supplier_delay,dense,1,TFIDF_LogReg_Calibrated,1660.0,0.9067524115755627,1.0,0.5,1.0,1.0,1,0,0.8240448338503589,supplier_delay,True,24,2
5023,supplier_delay,dense,3,RuleBased,1500.3999999999994,0.890032154340836,0.6666666666666666,1.0,0.9197207891481876,1.0,3,1,0.3,normal,False,24,2
5023,supplier_delay,dense,3,TFIDF_LogReg_Calibrated,1660.0,0.9067524115755627,0.6666666666666666,1.0,0.9197207891481876,1.0,3,1,0.7290557896323454,supplier_delay,True,24,2
5023,supplier_delay,dense,5,RuleBased,1500.3999999999994,0.890032154340836,0.4,1.0,0.9197207891481876,1.0,5,1,0.3,normal,False,24,2
5023,supplier_delay,dense,5,TFIDF_LogReg_Calibrated,1660.0,0.9067524115755627,0.4,1.0,0.9197207891481876,1.0,5,1,0.6667017627965821,supplier_delay,True,24,2
5023,supplier_delay,oracle,1,RuleBased,1753.0,0.9421221864951769,1.0,0.5,1.0,1.0,1,0,0.5,supplier_delay,True,24,2
5023,supplier_delay,oracle,1,TFIDF_LogReg_Calibrated,1668.9933961379602,0.9086486523932232,1.0,0.5,1.0,1.0,1,0,0.6543806063689072,supplier_delay,True,24,2
5023,supplier_delay,oracle,3,RuleBased,1500.3999999999994,0.890032154340836,0.6666666666666666,1.0,1.0,1.0,3,1,0.3,normal,False,24,2
5023,supplier_delay,oracle,3,TFIDF_LogReg_Calibrated,1660.0,0.9067524115755627,0.6666666666666666,1.0,1.0,1.0,3,1,0.7122016395417455,supplier_delay,True,24,2
5023,supplier_delay,oracle,5,RuleBased,1537.75,0.8987138263665595,0.4,1.0,1.0,1.0,5,2,0.37499999999999994,supplier_delay,True,24,2
5023,supplier_delay,oracle,5,TFIDF_LogReg_Calibrated,1741.0,0.9228295819935691,0.4,1.0,1.0,1.0,5,2,0.9376546694719599,supplier_delay,True,24,2
5023,demand_surge,none,1,RuleBased,1605.6000000000001,0.8073878627968339,0.0,0.0,0.0,0.0,0,0,0.3,normal,False,24,2
5023,demand_surge,none,1,TFIDF_LogReg_Calibrated,1605.6000000000001,0.8073878627968339,0.0,0.0,0.0,0.0,0,0,0.3,normal,False,24,2
5023,demand_surge,none,3,RuleBased,1605.6000000000001,0.8073878627968339,0.0,0.0,0.0,0.0,0,0,0.3,normal,False,24,2
5023,demand_surge,none,3,TFIDF_LogReg_Calibrated,1605.6000000000001,0.8073878627968339,0.0,0.0,0.0,0.0,0,0,0.3,normal,False,24,2
5023,demand_surge,none,5,RuleBased,1605.6000000000001,0.8073878627968339,0.0,0.0,0.0,0.0,0,0,0.3,normal,False,24,2
5023,demand_surge,none,5,TFIDF_LogReg_Calibrated,1605.6000000000001,0.8073878627968339,0.0,0.0,0.0,0.0,0,0,0.3,normal,False,24,2
5023,demand_surge,random,1,RuleBased,1802.0,0.841688654353562,1.0,0.5,1.0,1.0,1,0,0.5,supplier_delay,False,24,2
5023,demand_surge,random,1,TFIDF_LogReg_Calibrated,1387.225853177832,0.7694328677533565,1.0,0.5,1.0,1.0,1,0,0.02691761464203502,supplier_delay,False,24,2
5023,demand_surge,random,3,RuleBased,1802.0,0.841688654353562,0.3333333333333333,0.5,0.6131471927654584,1.0,3,0,0.5,supplier_delay,False,24,2
5023,demand_surge,random,3,TFIDF_LogReg_Calibrated,1363.0,0.7651715039577837,0.3333333333333333,0.5,0.6131471927654584,1.0,3,0,0.0,supplier_delay,False,24,2
5023,demand_surge,random,5,RuleBased,1852.0000000000002,0.8504837291116976,0.2,0.5,0.6131471927654584,1.0,5,0,0.5555555555555556,demand_surge,True,24,2
5023,demand_surge,random,5,TFIDF_LogReg_Calibrated,1969.969458174228,0.8714659248062893,0.2,0.5,0.6131471927654584,1.0,5,0,0.7047597583597262,demand_surge,True,24,2
5023,demand_surge,bm25,1,RuleBased,1605.6000000000001,0.8073878627968339,0.0,0.0,0.0,0.16666666666666666,1,1,0.3,normal,False,24,2
5023,demand_surge,bm25,1,TFIDF_LogReg_Calibrated,1315.0,0.7598944591029023,0.0,0.0,0.0,0.16666666666666666,1,1,0.0,normal,False,24,2
5023,demand_surge,bm25,3,RuleBased,1605.6000000000001,0.8073878627968339,0.0,0.0,0.0,0.16666666666666666,3,2,0.3,normal,False,24,2
5023,demand_surge,bm25,3,TFIDF_LogReg_Calibrated,1320.0,0.7598944591029023,0.0,0.0,0.0,0.16666666666666666,3,2,0.0,normal,False,24,2
5023,demand_surge,bm25,5,RuleBased,1605.6000000000001,0.8073878627968339,0.0,0.0,0.0,0.16666666666666666,5,3,0.3,normal,False,24,2
5023,demand_surge,bm25,5,TFIDF_LogReg_Calibrated,1320.0,0.7598944591029023,0.0,0.0,0.0,0.16666666666666666,5,3,0.0,normal,False,24,2
5023,demand_surge,tfidf,1,RuleBased,1605.6000000000001,0.8073878627968339,0.0,0.0,0.0,0.25,1,1,0.3,normal,False,24,2
5023,demand_surge,tfidf,1,TFIDF_LogReg_Calibrated,1315.0,0.7598944591029023,0.0,0.0,0.0,0.25,1,1,0.0,normal,False,24,2
5023,demand_surge,tfidf,3,RuleBased,1605.6000000000001,0.8073878627968339,0.0,0.0,0.0,0.25,3,2,0.3,normal,False,24,2
5023,demand_surge,tfidf,3,TFIDF_LogReg_Calibrated,1320.0,0.7598944591029023,0.0,0.0,0.0,0.25,3,2,0.0,normal,False,24,2
5023,demand_surge,tfidf,5,RuleBased,1685.2173913043484,0.8218423769645521,0.2,0.5,0.2640681225725909,0.25,5,3,0.391304347826087,demand_surge,True,24,2
5023,demand_surge,tfidf,5,TFIDF_LogReg_Calibrated,1360.2046091681198,0.7665662052020574,0.2,0.5,0.2640681225725909,0.25,5,3,0.04214319619299747,normal,False,24,2
5023,demand_surge,dense,1,RuleBased,1891.9999999999995,0.8575197889182058,1.0,0.5,1.0,1.0,1,0,0.6,demand_surge,True,24,2
5023,demand_surge,dense,1,TFIDF_LogReg_Calibrated,2036.2041037291897,0.8828882514579458,1.0,0.5,1.0,1.0,1,0,0.7769107883760235,demand_surge,True,24,2
5023,demand_surge,dense,3,RuleBased,1685.2173913043484,0.8218423769645521,0.3333333333333333,0.5,0.6131471927654584,1.0,3,2,0.391304347826087,demand_surge,True,24,2
5023,demand_surge,dense,3,TFIDF_LogReg_Calibrated,1523.5871444626832,0.7935841865338413,0.3333333333333333,0.5,0.6131471927654584,1.0,3,2,0.19614011160543096,supplier_delay,False,24,2
5023,demand_surge,dense,5,RuleBased,1685.2173913043484,0.8218423769645521,0.2,0.5,0.6131471927654584,1.0,5,2,0.391304347826087,demand_surge,True,24,2
5023,demand_surge,dense,5,TFIDF_LogReg_Calibrated,1506.0702446703992,0.7906214472414584,0.2,0.5,0.6131471927654584,1.0,5,2,0.177425475075213,supplier_delay,False,24,2
5023,demand_surge,oracle,1,RuleBased,1891.9999999999995,0.8575197889182058,1.0,0.5,1.0,1.0,1,0,0.6,demand_surge,True,24,2
5023,demand_surge,oracle,1,TFIDF_LogReg_Calibrated,2036.2041037291897,0.8828882514579458,1.0,0.5,1.0,1.0,1,0,0.7769107883760235,demand_surge,True,24,2
5023,demand_surge,oracle,3,RuleBased,1685.2173913043484,0.8218423769645521,0.6666666666666666,1.0,1.0,1.0,3,1,0.391304347826087,demand_surge,True,24,2
5023,demand_surge,oracle,3,TFIDF_LogReg_Calibrated,1429.6438741690254,0.7776949925866018,0.6666666666666666,1.0,1.0,1.0,3,1,0.09577336983870277,supplier_delay,False,24,2
5023,demand_surge,oracle,5,RuleBased,1719.285714285714,0.8277421786656617,0.4,1.0,1.0,1.0,5,2,0.42857142857142855,demand_surge,True,24,2
5023,demand_surge,oracle,5,TFIDF_LogReg_Calibrated,1676.566548598719,0.8207942224785105,0.4,1.0,1.0,1.0,5,2,0.35135017198925744,supplier_delay,False,24,2
5024,normal,none,1,RuleBased,1712.6000000000004,0.921405750798722,0.0,0.0,0.0,0.0,0,0,0.35,normal,True,24,2
5024,normal,none,1,TFIDF_LogReg_Calibrated,1712.6000000000004,0.921405750798722,0.0,0.0,0.0,0.0,0,0,0.35,normal,True,24,2
5024,normal,none,3,RuleBased,1712.6000000000004,0.921405750798722,0.0,0.0,0.0,0.0,0,0,0.35,normal,True,24,2
5024,normal,none,3,TFIDF_LogReg_Calibrated,1712.6000000000004,0.921405750798722,0.0,0.0,0.0,0.0,0,0,0.35,normal,True,24,2
5024,normal,none,5,RuleBased,1712.6000000000004,0.921405750798722,0.0,0.0,0.0,0.0,0,0,0.35,normal,True,24,2
5024,normal,none,5,TFIDF_LogReg_Calibrated,1712.6000000000004,0.921405750798722,0.0,0.0,0.0,0.0,0,0,0.35,normal,True,24,2
5024,normal,random,1,RuleBased,1646.0,0.9329073482428115,0.0,0.0,0.0,0.05555555555555555,1,1,0.0,supplier_delay,False,24,2
5024,normal,random,1,TFIDF_LogReg_Calibrated,1665.2302910179924,0.9424920127795527,0.0,0.0,0.0,0.05555555555555555,1,1,0.007477525504612886,demand_surge,False,24,2
5024,normal,random,3,RuleBased,1712.6000000000004,0.921405750798722,0.0,0.0,0.0,0.05555555555555555,3,2,0.4,normal,True,24,2
5024,normal,random,3,TFIDF_LogReg_Calibrated,1497.0,0.8881789137380192,0.0,0.0,0.0,0.05555555555555555,3,2,0.3333333333333333,supplier_delay,False,24,2
5024,normal,random,5,RuleBased,1712.6000000000004,0.921405750798722,0.0,0.0,0.0,0.05555555555555555,5,3,0.4,normal,True,24,2
5024,normal,random,5,TFIDF_LogReg_Calibrated,1666.1162807361754,0.9249135731901338,0.0,0.0,0.0,0.05555555555555555,5,3,0.21730787106424773,supplier_delay,False,24,2
5024,normal,bm25,1,RuleBased,1726.75,0.9265175718849841,0.0,0.0,0.0,0.5,1,0,0.25,supplier_delay,False,24,2
5024,normal,bm25,1,TFIDF_LogReg_Calibrated,1594.0,0.8945686900958466,0.0,0.0,0.0,0.5,1,0,0.47078255013033776,supplier_delay,False,24,2
5024,normal,bm25,3,RuleBased,1709.0,0.9185303514376997,0.3333333333333333,0.5,0.38685280723454163,0.5,3,0,0.5,normal,True,24,2
5024,normal,bm25,3,TFIDF_LogReg_Calibrated,1497.0,0.8881789137380192,0.3333333333333333,0.5,0.38685280723454163,0.5,3,0,0.21132833072241386,supplier_delay,False,24,2
5024,normal,bm25,5,RuleBased,1709.0,0.9185303514376997,0.2,0.5,0.38685280723454163,0.5,5,0,0.5,normal,True,24,2
5024,normal,bm25,5,TFIDF_LogReg_Calibrated,1594.0,0.8945686900958466,0.2,0.5,0.38685280723454163,0.5,5,0,0.40709138472102896,supplier_delay,False,24,2
5024,normal,tfidf,1,RuleBased,1712.6000000000004,0.921405750798722,1.0,0.5,1.0,1.0,1,0,0.4,normal,True,24,2
5024,normal,tfidf,1,TFIDF_LogReg_Calibrated,1497.0,0.8881789137380192,1.0,0.5,1.0,1.0,1,0,0.23790937294814407,supplier_delay,False,24,2
5024,normal,tfidf,3,RuleBased,1709.0,0.9185303514376997,0.3333333333333333,0.5,0.6131471927654584,1.0,3,0,0.5,normal,True,24,2
5024,normal,tfidf,3,TFIDF_LogReg_Calibrated,1497.0,0.8881789137380192,0.3333333333333333,0.5,0.6131471927654584,1.0,3,0,0.21132833072241386,supplier_delay,False,24,2
5024,normal,tfidf,5,RuleBased,1709.0,0.9185303514376997,0.2,0.5,0.6131471927654584,1.0,5,0,0.5,normal,True,24,2
5024,normal,tfidf,5,TFIDF_LogReg_Calibrated,1594.0,0.8945686900958466,0.2,0.5,0.6131471927654584,1.0,5,0,0.40709138472102896,supplier_delay,False,24,2
5024,normal,dense,1,RuleBased,1712.6000000000004,0.921405750798722,1.0,0.5,1.0,1.0,1,0,0.4,normal,True,24,2
5024,normal,dense,1,TFIDF_LogReg_Calibrated,1497.0,0.8881789137380192,1.0,0.5,1.0,1.0,1,0,0.23790937294814407,supplier_delay,False,24,2
5024,normal,dense,3,RuleBased,1637.1999999999998,0.9130990415335464,0.3333333333333333,0.5,0.6131471927654584,1.0,3,1,0.4000000000000001,normal,True,24,2
5024,normal,dense,3,TFIDF_LogReg_Calibrated,1497.0,0.8881789137380192,0.3333333333333333,0.5,0.6131471927654584,1.0,3,1,0.20132323228578575,supplier_delay,False,24,2
5024,normal,dense,5,RuleBased,1637.1999999999998,0.9130990415335464,0.2,0.5,0.6131471927654584,1.0,5,1,0.4000000000000001,normal,True,24,2
5024,normal,dense,5,TFIDF_LogReg_Calibrated,1497.0,0.8881789137380192,0.2,0.5,0.6131471927654584,1.0,5,1,0.22532698039834856,supplier_delay,False,24,2
5024,normal,oracle,1,RuleBased,1712.6000000000004,0.921405750798722,1.0,0.5,1.0,1.0,1,0,0.4,normal,True,24,2
5024,normal,oracle,1,TFIDF_LogReg_Calibrated,1497.0,0.8881789137380192,1.0,0.5,1.0,1.0,1,0,0.23790937294814407,supplier_delay,False,24,2
5024,normal,oracle,3,RuleBased,1712.6000000000004,0.921405750798722,0.6666666666666666,1.0,1.0,1.0,3,0,0.4,normal,True,24,2
5024,normal,oracle,3,TFIDF_LogReg_Calibrated,1594.0,0.8945686900958466,0.6666666666666666,1.0,1.0,1.0,3,0,0.5861010257331387,normal,True,24,2
5024,normal,oracle,5,RuleBased,1712.6000000000004,0.921405750798722,0.4,1.0,1.0,1.0,5,2,0.4,normal,True,24,2
5024,normal,oracle,5,TFIDF_LogReg_Calibrated,1497.0,0.8881789137380192,0.4,1.0,1.0,1.0,5,2,0.3333333333333333,supplier_delay,False,24,2
5024,supplier_delay,none,1,RuleBased,1574.0,0.9041533546325878,0.0,0.0,0.0,0.0,0,0,0.35,normal,False,24,2
5024,supplier_delay,none,1,TFIDF_LogReg_Calibrated,1574.0,0.9041533546325878,0.0,0.0,0.0,0.0,0,0,0.35,normal,False,24,2
5024,supplier_delay,none,3,RuleBased,1574.0,0.9041533546325878,0.0,0.0,0.0,0.0,0,0,0.35,normal,False,24,2
5024,supplier_delay,none,3,TFIDF_LogReg_Calibrated,1574.0,0.9041533546325878,0.0,0.0,0.0,0.0,0,0,0.35,normal,False,24,2
5024,supplier_delay,none,5,RuleBased,1574.0,0.9041533546325878,0.0,0.0,0.0,0.0,0,0,0.35,normal,False,24,2
5024,supplier_delay,none,5,TFIDF_LogReg_Calibrated,1574.0,0.9041533546325878,0.0,0.0,0.0,0.0,0,0,0.35,normal,False,24,2
5024,supplier_delay,random,1,RuleBased,1861.0,0.9584664536741214,0.0,0.0,0.0,0.05555555555555555,1,1,0.5,supplier_delay,True,24,2
5024,supplier_delay,random,1,TFIDF_LogReg_Calibrated,1725.4426862774226,0.9492300561284184,0.0,0.0,0.0,0.05555555555555555,1,1,0.22222222222222224,demand_surge,False,24,2
5024,supplier_delay,random,3,RuleBased,1574.0,0.9041533546325878,0.0,0.0,0.0,0.05555555555555555,3,2,0.3,normal,False,24,2
5024,supplier_delay,random,3,TFIDF_LogReg_Calibrated,1804.0,0.9265175718849841,0.0,0.0,0.0,0.05555555555555555,3,2,0.6666666666666666,supplier_delay,True,24,2
5024,supplier_delay,random,5,RuleBased,1574.0,0.9041533546325878,0.0,0.0,0.0,0.05555555555555555,5,3,0.3,normal,False,24,2
5024,supplier_delay,random,5,TFIDF_LogReg_Calibrated,1793.7140971489587,0.9416834588267343,0.0,0.0,0.0,0.05555555555555555,5,3,0.42861094524775684,supplier_delay,True,24,2
5024,supplier_delay,bm25,1,RuleBased,1598.75,0.9113418530351438,0.0,0.0,0.0,0.16666666666666666,1,1,0.37499999999999994,supplier_delay,True,24,2
5024,supplier_delay,bm25,1,TFIDF_LogReg_Calibrated,1643.0,0.9009584664536742,0.0,0.0,0.0,0.16666666666666666,1,1,0.5292174498696622,supplier_delay,True,24,2
5024,supplier_delay,bm25,3,RuleBased,1557.5,0.8993610223642172,0.0,0.0,0.0,0.16666666666666666,3,3,0.24999999999999994,normal,False,24,2
5024,supplier_delay,bm25,3,TFIDF_LogReg_Calibrated,1474.0,0.8753993610223643,0.0,0.0,0.0,0.16666666666666666,3,3,0.3165239016183789,normal,False,24,2
5024,supplier_delay,bm25,5,RuleBased,1557.5,0.8993610223642172,0.0,0.0,0.0,0.16666666666666666,5,4,0.24999999999999994,normal,False,24,2
5024,supplier_delay,bm25,5,TFIDF_LogReg_Calibrated,1643.0,0.9009584664536742,0.0,0.0,0.0,0.16666666666666666,5,4,0.37788806244612233,normal,False,24,2
5024,supplier_delay,tfidf,1,RuleBased,1598.75,0.9113418530351438,0.0,0.0,0.0,0.2,1,1,0.37499999999999994,supplier_delay,True,24,2
5024,supplier_delay,tfidf,1,TFIDF_LogReg_Calibrated,1643.0,0.9009584664536742,0.0,0.0,0.0,0.2,1,1,0.5292174498696622,supplier_delay,True,24,2
5024,supplier_delay,tfidf,3,RuleBased,1557.5,0.8993610223642172,0.0,0.0,0.0,0.2,3,3,0.24999999999999994,normal,False,24,2
5024,supplier_delay,tfidf,3,TFIDF_LogReg_Calibrated,1474.0,0.8753993610223643,0.0,0.0,0.0,0.2,3,3,0.3165239016183789,normal,False,24,2
5024,supplier_delay,tfidf,5,RuleBased,1774.2307692307695,0.9363479970508725,0.2,0.5,0.23719771276929622,0.2,5,4,0.3846153846153846,supplier_delay,True,24,2
5024,supplier_delay,tfidf,5,TFIDF_LogReg_Calibrated,1643.0,0.9009584664536742,0.2,0.5,0.23719771276929622,0.2,5,4,0.4706018825670029,normal,False,24,2
5024,supplier_delay,dense,1,RuleBased,1598.75,0.9113418530351438,0.0,0.0,0.0,0.5,1,1,0.37499999999999994,supplier_delay,True,24,2
5024,supplier_delay,dense,1,TFIDF_LogReg_Calibrated,1643.0,0.9009584664536742,0.0,0.0,0.0,0.5,1,1,0.5292174498696622,supplier_delay,True,24,2
5024,supplier_delay,dense,3,RuleBased,1807.5806451612907,0.945480779140472,0.6666666666666666,1.0,0.6934264036172708,0.5,3,1,0.4838709677419355,supplier_delay,True,24,2
5024,supplier_delay,dense,3,TFIDF_LogReg_Calibrated,1735.0,0.9265175718849841,0.6666666666666666,1.0,0.6934264036172708,0.5,3,1,1.0,supplier_delay,True,24,2
5024,supplier_delay,dense,5,RuleBased,1774.2307692307695,0.9363479970508725,0.4,1.0,0.6934264036172708,0.5,5,2,0.3846153846153846,supplier_delay,True,24,2
5024,supplier_delay,dense,5,TFIDF_LogReg_Calibrated,1735.0,0.9265175718849841,0.4,1.0,0.6934264036172708,0.5,5,2,0.9258858172865158,supplier_delay,True,24,2
5024,supplier_delay,oracle,1,RuleBased,1735.0,0.9265175718849841,1.0,0.5,1.0,1.0,1,0,1.0,supplier_delay,True,24,2
5024,supplier_delay,oracle,1,TFIDF_LogReg_Calibrated,1839.3808130262278,0.9505553910375543,1.0,0.5,1.0,1.0,1,0,0.6931201447358631,supplier_delay,True,24,2
5024,supplier_delay,oracle,3,RuleBased,1788.9999999999993,0.9403925148334095,0.6666666666666666,1.0,1.0,1.0,3,1,0.42857142857142855,supplier_delay,True,24,2
5024,supplier_delay,oracle,3,TFIDF_LogReg_Calibrated,1735.0,0.9265175718849841,0.6666666666666666,1.0,1.0,1.0,3,1,0.9646954706589493,supplier_delay,True,24,2
5024,supplier_delay,oracle,5,RuleBased,1788.9999999999993,0.9403925148334095,0.4,1.0,1.0,1.0,5,2,0.42857142857142855,supplier_delay,True,24,2
5024,supplier_delay,oracle,5,TFIDF_LogReg_Calibrated,1733.8372059986452,0.9269819464861637,0.4,1.0,1.0,1.0,5,2,0.9425619975975286,supplier_delay,True,24,2
5024,demand_surge,none,1,RuleBased,1877.0000000000005,0.8715083798882683,0.0,0.0,0.0,0.0,0,0,0.3,normal,False,24,2
5024,demand_surge,none,1,TFIDF_LogReg_Calibrated,1877.0000000000005,0.8715083798882683,0.0,0.0,0.0,0.0,0,0,0.3,normal,False,24,2
5024,demand_surge,none,3,RuleBased,1877.0000000000005,0.8715083798882683,0.0,0.0,0.0,0.0,0,0,0.3,normal,False,24,2
5024,demand_surge,none,3,TFIDF_LogReg_Calibrated,1877.0000000000005,0.8715083798882683,0.0,0.0,0.0,0.0,0,0,0.3,normal,False,24,2
5024,demand_surge,none,5,RuleBased,1877.0000000000005,0.8715083798882683,0.0,0.0,0.0,0.0,0,0,0.3,normal,False,24,2
5024,demand_surge,none,5,TFIDF_LogReg_Calibrated,1877.0000000000005,0.8715083798882683,0.0,0.0,0.0,0.0,0,0,0.3,normal,False,24,2
5024,demand_surge,random,1,RuleBased,1872.0,0.8770949720670391,0.0,0.0,0.0,0.05555555555555555,1,0,0.5,supplier_delay,False,24,2
5024,demand_surge,random,1,TFIDF_LogReg_Calibrated,2099.6796333000575,0.9203553241747373,0.0,0.0,0.0,0.05555555555555555,1,0,0.7703002522731649,demand_surge,True,24,2
5024,demand_surge,random,3,RuleBased,1877.0000000000005,0.8715083798882683,0.0,0.0,0.0,0.05555555555555555,3,2,0.3,normal,False,24,2
5024,demand_surge,random,3,TFIDF_LogReg_Calibrated,1593.0,0.8212290502793296,0.0,0.0,0.0,0.05555555555555555,3,2,0.0,supplier_delay,False,24,2
5024,demand_surge,random,5,RuleBased,1877.0000000000005,0.8715083798882683,0.0,0.0,0.0,0.05555555555555555,5,2,0.3,normal,False,24,2
5024,demand_surge,random,5,TFIDF_LogReg_Calibrated,1811.5855068638539,0.8624215715440442,0.0,0.0,0.0,0.05555555555555555,5,2,0.3540811836879955,supplier_delay,False,24,2
5024,demand_surge,bm25,1,RuleBased,1942.75,0.8833798882681564,0.0,0.0,0.0,0.5,1,1,0.37499999999999994,supplier_delay,False,24,2
5024,demand_surge,bm25,1,TFIDF_LogReg_Calibrated,1600.0,0.8212290502793296,0.0,0.0,0.0,0.5,1,1,0.0,supplier_delay,False,24,2
5024,demand_surge,bm25,3,RuleBased,1830.5,0.8631284916201117,0.3333333333333333,0.5,0.38685280723454163,0.5,3,2,0.24999999999999994,normal,False,24,2
5024,demand_surge,bm25,3,TFIDF_LogReg_Calibrated,1593.0,0.8212290502793296,0.3333333333333333,0.5,0.38685280723454163,0.5,3,2,0.0,normal,False,24,2
5024,demand_surge,bm25,5,RuleBased,1830.5,0.8631284916201117,0.2,0.5,0.38685280723454163,0.5,5,4,0.24999999999999994,normal,False,24,2
5024,demand_surge,bm25,5,TFIDF_LogReg_Calibrated,1593.0,0.8212290502793296,0.2,0.5,0.38685280723454163,0.5,5,4,0.0,normal,False,24,2
5024,demand_surge,tfidf,1,RuleBased,1942.75,0.8833798882681564,0.0,0.0,0.0,0.2,1,1,0.37499999999999994,supplier_delay,False,24,2
5024,demand_surge,tfidf,1,TFIDF_LogReg_Calibrated,1600.0,0.8212290502793296,0.0,0.0,0.0,0.2,1,1,0.0,supplier_delay,False,24,2
5024,demand_surge,tfidf,3,RuleBased,1830.5,0.8631284916201117,0.0,0.0,0.0,0.2,3,3,0.24999999999999994,normal,False,24,2
5024,demand_surge,tfidf,3,TFIDF_LogReg_Calibrated,1593.0,0.8212290502793296,0.0,0.0,0.0,0.2,3,3,0.0,normal,False,24,2
5024,demand_surge,tfidf,5,RuleBased,1830.5,0.8631284916201117,0.2,0.5,0.23719771276929622,0.2,5,4,0.24999999999999994,normal,False,24,2
5024,demand_surge,tfidf,5,TFIDF_LogReg_Calibrated,1593.0,0.8212290502793296,0.2,0.5,0.23719771276929622,0.2,5,4,0.0,normal,False,24,2
5024,demand_surge,dense,1,RuleBased,1942.75,0.8833798882681564,0.0,0.0,0.0,0.5,1,1,0.37499999999999994,supplier_delay,False,24,2
5024,demand_surge,dense,1,TFIDF_LogReg_Calibrated,1600.0,0.8212290502793296,0.0,0.0,0.0,0.5,1,1,0.0,supplier_delay,False,24,2
5024,demand_surge,dense,3,RuleBased,1778.3636363636367,0.8552564753682073,0.3333333333333333,0.5,0.38685280723454163,0.5,3,2,0.2727272727272727,supplier_delay,False,24,2
5024,demand_surge,dense,3,TFIDF_LogReg_Calibrated,1593.0,0.8212290502793296,0.3333333333333333,0.5,0.38685280723454163,0.5,3,2,0.0,supplier_delay,False,24,2
5024,demand_surge,dense,5,RuleBased,1749.9999999999998,0.8491620111731844,0.2,0.5,0.38685280723454163,0.5,5,3,0.19999999999999998,normal,False,24,2
5024,demand_surge,dense,5,TFIDF_LogReg_Calibrated,1593.0,0.8212290502793296,0.2,0.5,0.38685280723454163,0.5,5,3,0.0,supplier_delay,False,24,2
5024,demand_surge,oracle,1,RuleBased,1895.6666666666672,0.8836126629422718,1.0,0.5,1.0,1.0,1,0,0.5555555555555556,demand_surge,True,24,2
5024,demand_surge,oracle,1,TFIDF_LogReg_Calibrated,2100.6666666666665,0.9208566108007449,1.0,0.5,1.0,1.0,1,0,0.7777777777777778,demand_surge,True,24,2
5024,demand_surge,oracle,3,RuleBased,1983.7142857142856,0.8910614525139665,0.6666666666666666,1.0,1.0,1.0,3,1,0.42857142857142855,demand_surge,True,24,2
5024,demand_surge,oracle,3,TFIDF_LogReg_Calibrated,1741.4578268265109,0.8473265635639258,0.6666666666666666,1.0,1.0,1.0,3,1,0.17809699186284778,supplier_delay,False,24,2
5024,demand_surge,oracle,5,RuleBased,1983.7142857142856,0.8910614525139665,0.4,1.0,1.0,1.0,5,2,0.42857142857142855,demand_surge,True,24,2
5024,demand_surge,oracle,5,TFIDF_LogReg_Calibrated,2060.727400183298,0.9076106827042644,0.4,1.0,1.0,1.0,5,2,0.5801926836719435,demand_surge,True,24,2
5025,normal,none,1,RuleBased,1546.0,0.8817610062893081,0.0,0.0,0.0,0.0,0,0,0.35,normal,True,24,2
5025,normal,none,1,TFIDF_LogReg_Calibrated,1546.0,0.8817610062893081,0.0,0.0,0.0,0.0,0,0,0.35,normal,True,24,2
5025,normal,none,3,RuleBased,1546.0,0.8817610062893081,0.0,0.0,0.0,0.0,0,0,0.35,normal,True,24,2
5025,normal,none,3,TFIDF_LogReg_Calibrated,1546.0,0.8817610062893081,0.0,0.0,0.0,0.0,0,0,0.35,normal,True,24,2
5025,normal,none,5,RuleBased,1546.0,0.8817610062893081,0.0,0.0,0.0,0.0,0,0,0.35,normal,True,24,2
5025,normal,none,5,TFIDF_LogReg_Calibrated,1546.0,0.8817610062893081,0.0,0.0,0.0,0.0,0,0,0.35,normal,True,24,2
5025,normal,random,1,RuleBased,1381.0,0.8710691823899371,0.0,0.0,0.0,0.25,1,0,0.0,supplier_delay,False,24,2
5025,normal,random,1,TFIDF_LogReg_Calibrated,1416.0,0.8616352201257862,0.0,0.0,0.0,0.25,1,0,0.28111531586576294,supplier_delay,False,24,2
5025,normal,random,3,RuleBased,1503.4285714285718,0.8984725965858041,0.0,0.0,0.0,0.25,3,1,0.14285714285714288,supplier_delay,False,24,2
5025,normal,random,3,TFIDF_LogReg_Calibrated,1545.805047669298,0.8821288408755381,0.0,0.0,0.0,0.25,3,1,0.3333333333333333,supplier_delay,False,24,2
5025,normal,random,5,RuleBased,1503.4285714285718,0.8984725965858041,0.2,0.5,0.2640681225725909,0.25,5,1,0.14285714285714288,supplier_delay,False,24,2
5025,normal,random,5,TFIDF_LogReg_Calibrated,1444.8789250031602,0.8630598379918639,0.2,0.5,0.2640681225725909,0.25,5,1,0.3685143602304199,supplier_delay,False,24,2
5025,normal,bm25,1,RuleBased,1546.0,0.8817610062893081,0.0,0.0,0.0,0.5,1,0,0.4,normal,True,24,2
5025,normal,bm25,1,TFIDF_LogReg_Calibrated,1548.0,0.8647798742138365,0.0,0.0,0.0,0.5,1,0,0.7147744297435985,normal,True,24,2
5025,normal,bm25,3,RuleBased,1546.0,0.8817610062893081,0.3333333333333333,0.5,0.38685280723454163,0.5,3,0,0.4,normal,True,24,2
5025,normal,bm25,3,TFIDF_LogReg_Calibrated,1548.0,0.8647798742138365,0.3333333333333333,0.5,0.38685280723454163,0.5,3,0,0.7216309656459404,normal,True,24,2
5025,normal,bm25,5,RuleBased,1546.0,0.8817610062893081,0.2,0.5,0.38685280723454163,0.5,5,1,0.4,normal,True,24,2
5025,normal,bm25,5,TFIDF_LogReg_Calibrated,1473.148072809487,0.8716320945517523,0.2,0.5,0.38685280723454163,0.5,5,1,0.3333333333333333,supplier_delay,False,24,2
5025,normal,tfidf,1,RuleBased,1381.0,0.8710691823899371,1.0,0.5,1.0,1.0,1,0,0.0,supplier_delay,False,24,2
5025,normal,tfidf,1,TFIDF_LogReg_Calibrated,1548.0,0.8647798742138365,1.0,0.5,1.0,1.0,1,0,0.7314559307435043,normal,True,24,2
5025,normal,tfidf,3,RuleBased,1546.0,0.8817610062893081,0.6666666666666666,1.0,0.9197207891481876,1.0,3,0,0.4,normal,True,24,2
5025,normal,tfidf,3,TFIDF_LogReg_Calibrated,1548.0,0.8647798742138365,0.6666666666666666,1.0,0.9197207891481876,1.0,3,0,0.7222222222222222,normal,True,24,2
5025,normal,tfidf,5,RuleBased,1546.0,0.8817610062893081,0.4,1.0,0.9197207891481876,1.0,5,0,0.4,normal,True,24,2
5025,normal,tfidf,5,TFIDF_LogReg_Calibrated,1548.0,0.8647798742138365,0.4,1.0,0.9197207891481876,1.0,5,0,0.6819713258877838,normal,True,24,2
5025,normal,dense,1,RuleBased,1381.0,0.8710691823899371,0.0,0.0,0.0,0.3333333333333333,1,1,0.0,supplier_delay,False,24,2
5025,normal,dense,1,TFIDF_LogReg_Calibrated,1380.0,0.8427672955974843,0.0,0.0,0.0,0.3333333333333333,1,1,0.4451097507459511,supplier_delay,False,24,2
5025,normal,dense,3,RuleBased,1504.6956521739125,0.8826907301066447,0.3333333333333333,0.5,0.3065735963827292,0.3333333333333333,3,1,0.3478260869565218,supplier_delay,False,24,2
5025,normal,dense,3,TFIDF_LogReg_Calibrated,1380.0,0.8427672955974843,0.3333333333333333,0.5,0.3065735963827292,0.3333333333333333,3,1,0.6108749179374527,normal,True,24,2
5025,normal,dense,5,RuleBased,1504.6956521739125,0.8826907301066447,0.4,1.0,0.5706417189553201,0.3333333333333333,5,1,0.3478260869565218,supplier_delay,False,24,2
5025,normal,dense,5,TFIDF_LogReg_Calibrated,1548.0,0.8647798742138365,0.4,1.0,0.5706417189553201,0.3333333333333333,5,1,0.651087496348819,normal,True,24,2
5025,normal,oracle,1,RuleBased,1494.0,0.9025157232704403,1.0,0.5,1.0,1.0,1,0,0.0,supplier_delay,False,24,2
5025,normal,oracle,1,TFIDF_LogReg_Calibrated,1380.0,0.8427672955974843,1.0,0.5,1.0,1.0,1,0,0.49187592350267845,supplier_delay,False,24,2
5025,normal,oracle,3,RuleBased,1494.0,0.9025157232704403,0.6666666666666666,1.0,1.0,1.0,3,0,0.0,supplier_delay,False,24,2
5025,normal,oracle,3,TFIDF_LogReg_Calibrated,1548.0,0.8647798742138365,0.6666666666666666,1.0,1.0,1.0,3,0,0.7222222222222222,normal,True,24,2
5025,normal,oracle,5,RuleBased,1422.0,0.8930817610062893,0.4,1.0,1.0,1.0,5,2,0.0,supplier_delay,False,24,2
5025,normal,oracle,5,TFIDF_LogReg_Calibrated,1437.833107472576,0.8885677295173738,0.4,1.0,1.0,1.0,5,2,0.07974788963750644,supplier_delay,False,24,2
5025,supplier_delay,none,1,RuleBased,1317.7999999999997,0.8484276729559749,0.0,0.0,0.0,0.0,0,0,0.35,normal,False,24,2
5025,supplier_delay,none,1,TFIDF_LogReg_Calibrated,1317.7999999999997,0.8484276729559749,0.0,0.0,0.0,0.0,0,0,0.35,normal,False,24,2
5025,supplier_delay,none,3,RuleBased,1317.7999999999997,0.8484276729559749,0.0,0.0,0.0,0.0,0,0,0.35,normal,False,24,2
5025,supplier_delay,none,3,TFIDF_LogReg_Calibrated,1317.7999999999997,0.8484276729559749,0.0,0.0,0.0,0.0,0,0,0.35,normal,False,24,2
5025,supplier_delay,none,5,RuleBased,1317.7999999999997,0.8484276729559749,0.0,0.0,0.0,0.0,0,0,0.35,normal,False,24,2
5025,supplier_delay,none,5,TFIDF_LogReg_Calibrated,1317.7999999999997,0.8484276729559749,0.0,0.0,0.0,0.0,0,0,0.35,normal,False,24,2
5025,supplier_delay,random,1,RuleBased,1481.0,0.8742138364779874,0.0,0.0,0.0,0.25,1,0,1.0,supplier_delay,True,24,2
5025,supplier_delay,random,1,TFIDF_LogReg_Calibrated,1499.0,0.8647798742138365,0.0,0.0,0.0,0.25,1,0,0.718884684134237,supplier_delay,True,24,2
5025,supplier_delay,random,3,RuleBased,1603.2857142857144,0.8944294699011681,0.0,0.0,0.0,0.25,3,2,0.4285714285714286,supplier_delay,True,24,2
5025,supplier_delay,random,3,TFIDF_LogReg_Calibrated,1320.9582277573704,0.8491633421284348,0.0,0.0,0.0,0.25,3,2,0.3601682556432704,supplier_delay,True,24,2
5025,supplier_delay,random,5,RuleBased,1603.2857142857144,0.8944294699011681,0.2,0.5,0.2640681225725909,0.25,5,3,0.4285714285714286,supplier_delay,True,24,2
5025,supplier_delay,random,5,TFIDF_LogReg_Calibrated,1439.6056592810971,0.8561558084638586,0.2,0.5,0.2640681225725909,0.25,5,3,0.5211367328367836,supplier_delay,True,24,2
5025,supplier_delay,bm25,1,RuleBased,1317.7999999999997,0.8484276729559749,0.0,0.0,0.0,0.2,1,1,0.3,normal,False,24,2
5025,supplier_delay,bm25,1,TFIDF_LogReg_Calibrated,1169.0,0.8144654088050315,0.0,0.0,0.0,0.2,1,1,0.28522557025640155,normal,False,24,2
5025,supplier_delay,bm25,3,RuleBased,1317.7999999999997,0.8484276729559749,0.0,0.0,0.0,0.2,3,1,0.3,normal,False,24,2
5025,supplier_delay,bm25,3,TFIDF_LogReg_Calibrated,1364.0,0.839622641509434,0.0,0.0,0.0,0.2,3,1,0.4923981664113723,normal,False,24,2
5025,supplier_delay,bm25,5,RuleBased,1317.7999999999997,0.8484276729559749,0.2,0.5,0.23719771276929622,0.2,5,2,0.3,normal,False,24,2
5025,supplier_delay,bm25,5,TFIDF_LogReg_Calibrated,1561.930288742699,0.8836630930065745,0.2,0.5,0.23719771276929622,0.2,5,2,0.7055295443831952,supplier_delay,True,24,2
5025,supplier_delay,tfidf,1,RuleBased,1317.7999999999997,0.8484276729559749,0.0,0.0,0.0,0.25,1,1,0.3,normal,False,24,2
5025,supplier_delay,tfidf,1,TFIDF_LogReg_Calibrated,1169.0,0.8144654088050315,0.0,0.0,0.0,0.25,1,1,0.28522557025640155,normal,False,24,2
5025,supplier_delay,tfidf,3,RuleBased,1317.7999999999997,0.8484276729559749,0.0,0.0,0.0,0.25,3,1,0.3,normal,False,24,2
5025,supplier_delay,tfidf,3,TFIDF_LogReg_Calibrated,1364.0,0.839622641509434,0.0,0.0,0.0,0.25,3,1,0.4923981664113723,normal,False,24,2
5025,supplier_delay,tfidf,5,RuleBased,1317.7999999999997,0.8484276729559749,0.2,0.5,0.2640681225725909,0.25,5,2,0.3,normal,False,24,2
5025,supplier_delay,tfidf,5,TFIDF_LogReg_Calibrated,1561.930288742699,0.8836630930065745,0.2,0.5,0.2640681225725909,0.25,5,2,0.7055295443831952,supplier_delay,True,24,2
5025,supplier_delay,dense,1,RuleBased,1481.0,0.8742138364779874,1.0,0.5,1.0,1.0,1,0,1.0,supplier_delay,True,24,2
5025,supplier_delay,dense,1,TFIDF_LogReg_Calibrated,1364.0,0.839622641509434,1.0,0.5,1.0,1.0,1,0,0.554890249254049,supplier_delay,True,24,2
5025,supplier_delay,dense,3,RuleBased,1481.0,0.8742138364779874,0.6666666666666666,1.0,1.0,1.0,3,0,1.0,supplier_delay,True,24,2
5025,supplier_delay,dense,3,TFIDF_LogReg_Calibrated,1364.0,0.839622641509434,0.6666666666666666,1.0,1.0,1.0,3,0,0.5901243466316827,supplier_delay,True,24,2
5025,supplier_delay,dense,5,RuleBased,1525.304347826087,0.8740771123872024,0.4,1.0,1.0,1.0,5,1,0.391304347826087,supplier_delay,True,24,2
5025,supplier_delay,dense,5,TFIDF_LogReg_Calibrated,1364.0,0.839622641509434,0.4,1.0,1.0,1.0,5,1,0.4833830993496721,normal,False,24,2
5025,supplier_delay,oracle,1,RuleBased,1481.0,0.8742138364779874,1.0,0.5,1.0,1.0,1,0,1.0,supplier_delay,True,24,2
5025,supplier_delay,oracle,1,TFIDF_LogReg_Calibrated,1364.0,0.839622641509434,1.0,0.5,1.0,1.0,1,0,0.554890249254049,supplier_delay,True,24,2
5025,supplier_delay,oracle,3,RuleBased,1481.0,0.8742138364779874,0.6666666666666666,1.0,1.0,1.0,3,1,1.0,supplier_delay,True,24,2
5025,supplier_delay,oracle,3,TFIDF_LogReg_Calibrated,1364.0,0.839622641509434,0.6666666666666666,1.0,1.0,1.0,3,1,0.5656373962949488,supplier_delay,True,24,2
5025,supplier_delay,oracle,5,RuleBased,1540.428571428571,0.890386343216532,0.4,1.0,1.0,1.0,5,2,0.7142857142857143,supplier_delay,True,24,2
5025,supplier_delay,oracle,5,TFIDF_LogReg_Calibrated,1481.0,0.8742138364779874,0.4,1.0,1.0,1.0,5,2,0.9634615911732677,supplier_delay,True,24,2
5025,demand_surge,none,1,RuleBased,1596.4000000000003,0.7786069651741296,0.0,0.0,0.0,0.0,0,0,0.3,normal,False,24,2
5025,demand_surge,none,1,TFIDF_LogReg_Calibrated,1596.4000000000003,0.7786069651741296,0.0,0.0,0.0,0.0,0,0,0.3,normal,False,24,2
5025,demand_surge,none,3,RuleBased,1596.4000000000003,0.7786069651741296,0.0,0.0,0.0,0.0,0,0,0.3,normal,False,24,2
5025,demand_surge,none,3,TFIDF_LogReg_Calibrated,1596.4000000000003,0.7786069651741296,0.0,0.0,0.0,0.0,0,0,0.3,normal,False,24,2
5025,demand_surge,none,5,RuleBased,1596.4000000000003,0.7786069651741296,0.0,0.0,0.0,0.0,0,0,0.3,normal,False,24,2
5025,demand_surge,none,5,TFIDF_LogReg_Calibrated,1596.4000000000003,0.7786069651741296,0.0,0.0,0.0,0.0,0,0,0.3,normal,False,24,2
5025,demand_surge,random,1,RuleBased,1304.0,0.7338308457711443,0.0,0.0,0.0,0.25,1,0,0.0,supplier_delay,False,24,2
5025,demand_surge,random,1,TFIDF_LogReg_Calibrated,1310.0,0.7338308457711443,0.0,0.0,0.0,0.25,1,0,0.0,supplier_delay,False,24,2
5025,demand_surge,random,3,RuleBased,1714.4285714285716,0.7977967306325517,0.0,0.0,0.0,0.25,3,1,0.4285714285714286,supplier_delay,False,24,2
5025,demand_surge,random,3,TFIDF_LogReg_Calibrated,1602.56049365018,0.7795768772671738,0.0,0.0,0.0,0.25,3,1,0.3064984110233963,supplier_delay,False,24,2
5025,demand_surge,random,5,RuleBased,1714.4285714285716,0.7977967306325517,0.2,0.5,0.2640681225725909,0.25,5,2,0.4285714285714286,supplier_delay,False,24,2
5025,demand_surge,random,5,TFIDF_LogReg_Calibrated,1440.3196263758507,0.7540038068219178,0.2,0.5,0.2640681225725909,0.25,5,2,0.13515883904018167,supplier_delay,False,24,2
5025,demand_surge,bm25,1,RuleBased,1596.4000000000003,0.7786069651741296,0.0,0.0,0.0,0.1111111111111111,1,1,0.3,normal,False,24,2
5025,demand_surge,bm25,1,TFIDF_LogReg_Calibrated,1310.0,0.7338308457711443,0.0,0.0,0.0,0.1111111111111111,1,1,0.0,normal,False,24,2
5025,demand_surge,bm25,3,RuleBased,1596.4000000000003,0.7786069651741296,0.0,0.0,0.0,0.1111111111111111,3,1,0.3,normal,False,24,2
5025,demand_surge,bm25,3,TFIDF_LogReg_Calibrated,1313.0,0.7338308457711443,0.0,0.0,0.0,0.1111111111111111,3,1,0.0,normal,False,24,2
5025,demand_surge,bm25,5,RuleBased,1596.4000000000003,0.7786069651741296,0.0,0.0,0.0,0.1111111111111111,5,1,0.3,normal,False,24,2
5025,demand_surge,bm25,5,TFIDF_LogReg_Calibrated,1493.2123231410906,0.7640131005800616,0.0,0.0,0.0,0.1111111111111111,5,1,0.20222110721974626,supplier_delay,False,24,2
5025,demand_surge,tfidf,1,RuleBased,1596.4000000000003,0.7786069651741296,0.0,0.0,0.0,0.25,1,1,0.3,normal,False,24,2
5025,demand_surge,tfidf,1,TFIDF_LogReg_Calibrated,1310.0,0.7338308457711443,0.0,0.0,0.0,0.25,1,1,0.0,normal,False,24,2
5025,demand_surge,tfidf,3,RuleBased,1596.4000000000003,0.7786069651741296,0.0,0.0,0.0,0.25,3,1,0.3,normal,False,24,2
5025,demand_surge,tfidf,3,TFIDF_LogReg_Calibrated,1313.0,0.7338308457711443,0.0,0.0,0.0,0.25,3,1,0.0,normal,False,24,2
5025,demand_surge,tfidf,5,RuleBased,1596.4000000000003,0.7786069651741296,0.2,0.5,0.2640681225725909,0.25,5,1,0.3,normal,False,24,2
5025,demand_surge,tfidf,5,TFIDF_LogReg_Calibrated,1481.0873700691159,0.7604631888438564,0.2,0.5,0.2640681225725909,0.25,5,1,0.17843669858717182,supplier_delay,False,24,2
5025,demand_surge,dense,1,RuleBased,1304.0,0.7338308457711443,0.0,0.0,0.0,0.3333333333333333,1,1,0.0,supplier_delay,False,24,2
5025,demand_surge,dense,1,TFIDF_LogReg_Calibrated,1313.0,0.7338308457711443,0.0,0.0,0.0,0.3333333333333333,1,1,0.0,supplier_delay,False,24,2
5025,demand_surge,dense,3,RuleBased,1558.7391304347823,0.77276660177374,0.3333333333333333,0.5,0.3065735963827292,0.3333333333333333,3,2,0.2608695652173913,supplier_delay,False,24,2
5025,demand_surge,dense,3,TFIDF_LogReg_Calibrated,1313.0,0.7338308457711443,0.3333333333333333,0.5,0.3065735963827292,0.3333333333333333,3,2,0.0,normal,False,24,2
5025,demand_surge,dense,5,RuleBased,1558.7391304347823,0.77276660177374,0.4,1.0,0.5437713091520254,0.3333333333333333,5,2,0.2608695652173913,supplier_delay,False,24,2
5025,demand_surge,dense,5,TFIDF_LogReg_Calibrated,1313.0,0.7338308457711443,0.4,1.0,0.5437713091520254,0.3333333333333333,5,2,0.0,normal,False,24,2
5025,demand_surge,oracle,1,RuleBased,1780.0,0.8084577114427861,1.0,0.5,1.0,1.0,1,0,0.5,supplier_delay,False,24,2
5025,demand_surge,oracle,1,TFIDF_LogReg_Calibrated,1310.0,0.7338308457711443,1.0,0.5,1.0,1.0,1,0,0.0,supplier_delay,False,24,2
5025,demand_surge,oracle,3,RuleBased,1780.0,0.8084577114427861,0.6666666666666666,1.0,1.0,1.0,3,1,0.5,supplier_delay,False,24,2
5025,demand_surge,oracle,3,TFIDF_LogReg_Calibrated,1313.0,0.7338308457711443,0.6666666666666666,1.0,1.0,1.0,3,1,0.0,supplier_delay,False,24,2
5025,demand_surge,oracle,5,RuleBased,1612.0,0.7835820895522388,0.4,1.0,1.0,1.0,5,2,0.33333333333333337,supplier_delay,False,24,2
5025,demand_surge,oracle,5,TFIDF_LogReg_Calibrated,1698.041902615788,0.7951324915643657,0.4,1.0,1.0,1.0,5,2,0.41072102681458356,supplier_delay,False,24,2
5026,normal,none,1,RuleBased,1620.8000000000002,0.9351170568561874,0.0,0.0,0.0,0.0,0,0,0.35,normal,True,24,2
5026,normal,none,1,TFIDF_LogReg_Calibrated,1620.8000000000002,0.9351170568561874,0.0,0.0,0.0,0.0,0,0,0.35,normal,True,24,2
5026,normal,none,3,RuleBased,1620.8000000000002,0.9351170568561874,0.0,0.0,0.0,0.0,0,0,0.35,normal,True,24,2
5026,normal,none,3,TFIDF_LogReg_Calibrated,1620.8000000000002,0.9351170568561874,0.0,0.0,0.0,0.0,0,0,0.35,normal,True,24,2
5026,normal,none,5,RuleBased,1620.8000000000002,0.9351170568561874,0.0,0.0,0.0,0.0,0,0,0.35,normal,True,24,2
5026,normal,none,5,TFIDF_LogReg_Calibrated,1620.8000000000002,0.9351170568561874,0.0,0.0,0.0,0.0,0,0,0.35,normal,True,24,2
5026,normal,random,1,RuleBased,1613.0,0.9230769230769231,0.0,0.0,0.0,0.5,1,0,0.5714285714285715,normal,True,24,2
5026,normal,random,1,TFIDF_LogReg_Calibrated,1550.6879659331598,0.9271093309440029,0.0,0.0,0.0,0.5,1,0,0.126449546780586,supplier_delay,False,24,2
5026,normal,random,3,RuleBased,1502.4347826086955,0.9211865639086813,0.3333333333333333,0.5,0.38685280723454163,0.5,3,1,0.3478260869565218,supplier_delay,False,24,2
5026,normal,random,3,TFIDF_LogReg_Calibrated,1549.0,0.9230769230769231,0.3333333333333333,0.5,0.38685280723454163,0.5,3,1,0.1962596081165183,supplier_delay,False,24,2
5026,normal,random,5,RuleBased,1502.4347826086955,0.9211865639086813,0.2,0.5,0.38685280723454163,0.5,5,1,0.3478260869565218,supplier_delay,False,24,2
5026,normal,random,5,TFIDF_LogReg_Calibrated,1549.0,0.9230769230769231,0.2,0.5,0.38685280723454163,0.5,5,1,0.21419167775438022,supplier_delay,False,24,2
5026,normal,bm25,1,RuleBased,1620.8000000000002,0.9351170568561874,1.0,0.5,1.0,1.0,1,0,0.4,normal,True,24,2
5026,normal,bm25,1,TFIDF_LogReg_Calibrated,1777.0,0.939799331103679,1.0,0.5,1.0,1.0,1,0,1.0,normal,True,24,2
5026,normal,bm25,3,RuleBased,1631.0,0.9331103678929766,0.6666666666666666,1.0,1.0,1.0,3,0,0.5,normal,True,24,2
5026,normal,bm25,3,TFIDF_LogReg_Calibrated,1734.0,0.9364548494983278,0.6666666666666666,1.0,1.0,1.0,3,0,0.7162490687978749,normal,True,24,2
5026,normal,bm25,5,RuleBased,1631.0,0.9331103678929766,0.4,1.0,1.0,1.0,5,0,0.5,normal,True,24,2
5026,normal,bm25,5,TFIDF_LogReg_Calibrated,1734.0,0.9364548494983278,0.4,1.0,1.0,1.0,5,0,0.7006832450519793,normal,True,24,2
5026,normal,tfidf,1,RuleBased,1620.8000000000002,0.9351170568561874,1.0,0.5,1.0,1.0,1,0,0.4,normal,True,24,2
5026,normal,tfidf,1,TFIDF_LogReg_Calibrated,1777.0,0.939799331103679,1.0,0.5,1.0,1.0,1,0,1.0,normal,True,24,2
5026,normal,tfidf,3,RuleBased,1620.8000000000002,0.9351170568561874,0.6666666666666666,1.0,1.0,1.0,3,0,0.4,normal,True,24,2
5026,normal,tfidf,3,TFIDF_LogReg_Calibrated,1734.0,0.9364548494983278,0.6666666666666666,1.0,1.0,1.0,3,0,0.7202322753775025,normal,True,24,2
5026,normal,tfidf,5,RuleBased,1631.0,0.9331103678929766,0.4,1.0,1.0,1.0,5,0,0.5,normal,True,24,2
5026,normal,tfidf,5,TFIDF_LogReg_Calibrated,1734.0,0.9364548494983278,0.4,1.0,1.0,1.0,5,0,0.7006832450519793,normal,True,24,2
5026,normal,dense,1,RuleBased,1620.8000000000002,0.9351170568561874,1.0,0.5,1.0,1.0,1,0,0.4,normal,True,24,2
5026,normal,dense,1,TFIDF_LogReg_Calibrated,1549.0,0.9230769230769231,1.0,0.5,1.0,1.0,1,0,0.23790937294814407,supplier_delay,False,24,2
5026,normal,dense,3,RuleBased,1502.4347826086955,0.9211865639086813,0.6666666666666666,1.0,1.0,1.0,3,1,0.3478260869565218,supplier_delay,False,24,2
5026,normal,dense,3,TFIDF_LogReg_Calibrated,1734.0,0.9364548494983278,0.6666666666666666,1.0,1.0,1.0,3,1,0.6523025075401482,normal,True,24,2
5026,normal,dense,5,RuleBased,1502.4347826086955,0.9211865639086813,0.4,1.0,1.0,1.0,5,1,0.3478260869565218,supplier_delay,False,24,2
5026,normal,dense,5,TFIDF_LogReg_Calibrated,1734.0,0.9364548494983278,0.4,1.0,1.0,1.0,5,1,0.6567027652827153,normal,True,24,2
5026,normal,oracle,1,RuleBased,1620.8000000000002,0.9351170568561874,1.0,0.5,1.0,1.0,1,0,0.4,normal,True,24,2
5026,normal,oracle,1,TFIDF_LogReg_Calibrated,1549.0,0.9230769230769231,1.0,0.5,1.0,1.0,1,0,0.23790937294814407,supplier_delay,False,24,2
5026,normal,oracle,3,RuleBased,1620.8000000000002,0.9351170568561874,0.6666666666666666,1.0,1.0,1.0,3,0,0.4,normal,True,24,2
5026,normal,oracle,3,TFIDF_LogReg_Calibrated,1734.0,0.9364548494983278,0.6666666666666666,1.0,1.0,1.0,3,0,0.7110469913364128,normal,True,24,2
5026,normal,oracle,5,RuleBased,1502.4347826086955,0.9211865639086813,0.4,1.0,1.0,1.0,5,2,0.3478260869565218,supplier_delay,False,24,2
5026,normal,oracle,5,TFIDF_LogReg_Calibrated,1549.0,0.9230769230769231,0.4,1.0,1.0,1.0,5,2,0.32441739773411293,supplier_delay,False,24,2
5026,supplier_delay,none,1,RuleBased,1527.8,0.9163879598662207,0.0,0.0,0.0,0.0,0,0,0.35,normal,False,24,2
5026,supplier_delay,none,1,TFIDF_LogReg_Calibrated,1527.8,0.9163879598662207,0.0,0.0,0.0,0.0,0,0,0.35,normal,False,24,2
5026,supplier_delay,none,3,RuleBased,1527.8,0.9163879598662207,0.0,0.0,0.0,0.0,0,0,0.35,normal,False,24,2
5026,supplier_delay,none,3,TFIDF_LogReg_Calibrated,1527.8,0.9163879598662207,0.0,0.0,0.0,0.0,0,0,0.35,normal,False,24,2
5026,supplier_delay,none,5,RuleBased,1527.8,0.9163879598662207,0.0,0.0,0.0,0.0,0,0,0.35,normal,False,24,2
5026,supplier_delay,none,5,TFIDF_LogReg_Calibrated,1527.8,0.9163879598662207,0.0,0.0,0.0,0.0,0,0,0.35,normal,False,24,2
5026,supplier_delay,random,1,RuleBased,1558.0,0.9096989966555183,0.0,0.0,0.0,0.5,1,0,0.4285714285714286,normal,False,24,2
5026,supplier_delay,random,1,TFIDF_LogReg_Calibrated,1706.850752916668,0.939799331103679,0.0,0.0,0.0,0.5,1,0,0.8333607881441851,supplier_delay,True,24,2
5026,supplier_delay,random,3,RuleBased,1706.0,0.9364548494983278,0.3333333333333333,0.5,0.38685280723454163,0.5,3,0,0.6521739130434783,supplier_delay,True,24,2
5026,supplier_delay,random,3,TFIDF_LogReg_Calibrated,1658.0,0.939799331103679,0.3333333333333333,0.5,0.38685280723454163,0.5,3,0,1.0,supplier_delay,True,24,2
5026,supplier_delay,random,5,RuleBased,1706.0,0.9364548494983278,0.2,0.5,0.38685280723454163,0.5,5,1,0.6521739130434783,supplier_delay,True,24,2
5026,supplier_delay,random,5,TFIDF_LogReg_Calibrated,1658.0,0.939799331103679,0.2,0.5,0.38685280723454163,0.5,5,1,0.9673098068856709,supplier_delay,True,24,2
5026,supplier_delay,bm25,1,RuleBased,1527.8,0.9163879598662207,0.0,0.0,0.0,0.16666666666666666,1,1,0.3,normal,False,24,2
5026,supplier_delay,bm25,1,TFIDF_LogReg_Calibrated,1714.653612600809,0.9388666701785979,0.0,0.0,0.0,0.16666666666666666,1,1,0.7311816279138516,supplier_delay,True,24,2
5026,supplier_delay,bm25,3,RuleBased,1509.5,0.9113712374581939,0.0,0.0,0.0,0.16666666666666666,3,3,0.24999999999999994,normal,False,24,2
5026,supplier_delay,bm25,3,TFIDF_LogReg_Calibrated,1558.0,0.9096989966555183,0.0,0.0,0.0,0.16666666666666666,3,3,0.4375368508242323,normal,False,24,2
5026,supplier_delay,bm25,5,RuleBased,1509.5,0.9113712374581939,0.0,0.0,0.0,0.16666666666666666,5,3,0.24999999999999994,normal,False,24,2
5026,supplier_delay,bm25,5,TFIDF_LogReg_Calibrated,1706.0,0.9364548494983278,0.0,0.0,0.0,0.16666666666666666,5,3,0.7007854167671713,supplier_delay,True,24,2
5026,supplier_delay,tfidf,1,RuleBased,1527.8,0.9163879598662207,0.0,0.0,0.0,0.2,1,1,0.3,normal,False,24,2
5026,supplier_delay,tfidf,1,TFIDF_LogReg_Calibrated,1714.653612600809,0.9388666701785979,0.0,0.0,0.0,0.2,1,1,0.7311816279138516,supplier_delay,True,24,2
5026,supplier_delay,tfidf,3,RuleBased,1509.5,0.9113712374581939,0.0,0.0,0.0,0.2,3,2,0.24999999999999994,normal,False,24,2
5026,supplier_delay,tfidf,3,TFIDF_LogReg_Calibrated,1706.0,0.9364548494983278,0.0,0.0,0.0,0.2,3,2,0.7319168835893839,supplier_delay,True,24,2
5026,supplier_delay,tfidf,5,RuleBased,1672.6,0.937123745819398,0.2,0.5,0.23719771276929622,0.2,5,2,0.39999999999999997,normal,False,24,2
5026,supplier_delay,tfidf,5,TFIDF_LogReg_Calibrated,1658.0,0.939799331103679,0.2,0.5,0.23719771276929622,0.2,5,2,0.8974785872246726,supplier_delay,True,24,2
5026,supplier_delay,dense,1,RuleBased,1658.0,0.939799331103679,1.0,0.5,1.0,1.0,1,0,1.0,supplier_delay,True,24,2
5026,supplier_delay,dense,1,TFIDF_LogReg_Calibrated,1649.7067271739397,0.939799331103679,1.0,0.5,1.0,1.0,1,0,0.8114574401023972,supplier_delay,True,24,2
5026,supplier_delay,dense,3,RuleBased,1658.0,0.939799331103679,0.6666666666666666,1.0,0.9197207891481876,1.0,3,0,1.0,supplier_delay,True,24,2
5026,supplier_delay,dense,3,TFIDF_LogReg_Calibrated,1658.0,0.939799331103679,0.6666666666666666,1.0,0.9197207891481876,1.0,3,0,0.9898122289569202,supplier_delay,True,24,2
5026,supplier_delay,dense,5,RuleBased,1574.5714285714287,0.939799331103679,0.4,1.0,0.9197207891481876,1.0,5,0,0.7142857142857143,supplier_delay,True,24,2
5026,supplier_delay,dense,5,TFIDF_LogReg_Calibrated,1658.0,0.939799331103679,0.4,1.0,0.9197207891481876,1.0,5,0,0.9635412783028668,supplier_delay,True,24,2
5026,supplier_delay,oracle,1,RuleBased,1658.0,0.939799331103679,1.0,0.5,1.0,1.0,1,0,1.0,supplier_delay,True,24,2
5026,supplier_delay,oracle,1,TFIDF_LogReg_Calibrated,1562.7610407626116,0.939799331103679,1.0,0.5,1.0,1.0,1,0,0.6931201447358631,supplier_delay,True,24,2
5026,supplier_delay,oracle,3,RuleBased,1681.1538461538462,0.939799331103679,0.6666666666666666,1.0,1.0,1.0,3,1,0.46153846153846145,supplier_delay,True,24,2
5026,supplier_delay,oracle,3,TFIDF_LogReg_Calibrated,1658.0,0.939799331103679,0.6666666666666666,1.0,1.0,1.0,3,1,0.9465388999875461,supplier_delay,True,24,2
5026,supplier_delay,oracle,5,RuleBased,1676.241379310345,0.9379540998731403,0.4,1.0,1.0,1.0,5,2,0.5172413793103449,supplier_delay,True,24,2
5026,supplier_delay,oracle,5,TFIDF_LogReg_Calibrated,1658.0,0.939799331103679,0.4,1.0,1.0,1.0,5,2,0.9936015075887191,supplier_delay,True,24,2
5026,demand_surge,none,1,RuleBased,1750.2000000000003,0.8480662983425415,0.0,0.0,0.0,0.0,0,0,0.3,normal,False,24,2
5026,demand_surge,none,1,TFIDF_LogReg_Calibrated,1750.2000000000003,0.8480662983425415,0.0,0.0,0.0,0.0,0,0,0.3,normal,False,24,2
5026,demand_surge,none,3,RuleBased,1750.2000000000003,0.8480662983425415,0.0,0.0,0.0,0.0,0,0,0.3,normal,False,24,2
5026,demand_surge,none,3,TFIDF_LogReg_Calibrated,1750.2000000000003,0.8480662983425415,0.0,0.0,0.0,0.0,0,0,0.3,normal,False,24,2
5026,demand_surge,none,5,RuleBased,1750.2000000000003,0.8480662983425415,0.0,0.0,0.0,0.0,0,0,0.3,normal,False,24,2
5026,demand_surge,none,5,TFIDF_LogReg_Calibrated,1750.2000000000003,0.8480662983425415,0.0,0.0,0.0,0.0,0,0,0.3,normal,False,24,2
5026,demand_surge,random,1,RuleBased,1485.0,0.8011049723756906,0.0,0.0,0.0,0.5,1,0,0.0,normal,False,24,2
5026,demand_surge,random,1,TFIDF_LogReg_Calibrated,1501.27704268229,0.8077662428301485,0.0,0.0,0.0,0.5,1,0,0.04018966507522893,supplier_delay,False,24,2
5026,demand_surge,random,3,RuleBased,1737.8947368421057,0.8503925559755742,0.3333333333333333,0.5,0.38685280723454163,0.5,3,1,0.39473684210526316,supplier_delay,False,24,2
5026,demand_surge,random,3,TFIDF_LogReg_Calibrated,1702.7980105779493,0.8474580139718092,0.3333333333333333,0.5,0.38685280723454163,0.5,3,1,0.2926600352598315,supplier_delay,False,24,2
5026,demand_surge,random,5,RuleBased,1737.8947368421057,0.8503925559755742,0.2,0.5,0.38685280723454163,0.5,5,2,0.39473684210526316,supplier_delay,False,24,2
5026,demand_surge,random,5,TFIDF_LogReg_Calibrated,1604.3810307733197,0.8281735873446814,0.2,0.5,0.38685280723454163,0.5,5,2,0.14998386970520375,supplier_delay,False,24,2
5026,demand_surge,bm25,1,RuleBased,1750.2000000000003,0.8480662983425415,0.0,0.0,0.0,0.16666666666666666,1,1,0.3,normal,False,24,2
5026,demand_surge,bm25,1,TFIDF_LogReg_Calibrated,1480.0705606991394,0.8035950772907486,0.0,0.0,0.0,0.16666666666666666,1,1,0.01502363298751618,supplier_delay,False,24,2
5026,demand_surge,bm25,3,RuleBased,1704.0,0.8397790055248618,0.0,0.0,0.0,0.16666666666666666,3,3,0.24999999999999994,normal,False,24,2
5026,demand_surge,bm25,3,TFIDF_LogReg_Calibrated,1485.0,0.8011049723756906,0.0,0.0,0.0,0.16666666666666666,3,3,0.0,normal,False,24,2
5026,demand_surge,bm25,5,RuleBased,1704.0,0.8397790055248618,0.0,0.0,0.0,0.16666666666666666,5,3,0.24999999999999994,normal,False,24,2
5026,demand_surge,bm25,5,TFIDF_LogReg_Calibrated,1467.0,0.8011049723756906,0.0,0.0,0.0,0.16666666666666666,5,3,0.0,supplier_delay,False,24,2
5026,demand_surge,tfidf,1,RuleBased,1750.2000000000003,0.8480662983425415,0.0,0.0,0.0,0.16666666666666666,1,1,0.3,normal,False,24,2
5026,demand_surge,tfidf,1,TFIDF_LogReg_Calibrated,1480.0705606991394,0.8035950772907486,0.0,0.0,0.0,0.16666666666666666,1,1,0.01502363298751618,supplier_delay,False,24,2
5026,demand_surge,tfidf,3,RuleBased,1704.0,0.8397790055248618,0.0,0.0,0.0,0.16666666666666666,3,2,0.24999999999999994,normal,False,24,2
5026,demand_surge,tfidf,3,TFIDF_LogReg_Calibrated,1467.0,0.8011049723756906,0.0,0.0,0.0,0.16666666666666666,3,2,0.0,supplier_delay,False,24,2
5026,demand_surge,tfidf,5,RuleBased,1704.0,0.8397790055248618,0.0,0.0,0.0,0.16666666666666666,5,3,0.24999999999999994,normal,False,24,2
5026,demand_surge,tfidf,5,TFIDF_LogReg_Calibrated,1467.0,0.8011049723756906,0.0,0.0,0.0,0.16666666666666666,5,3,0.0,supplier_delay,False,24,2
5026,demand_surge,dense,1,RuleBased,1446.0,0.8011049723756906,0.0,0.0,0.0,0.25,1,1,0.0,supplier_delay,False,24,2
5026,demand_surge,dense,1,TFIDF_LogReg_Calibrated,1485.0,0.8011049723756906,0.0,0.0,0.0,0.25,1,1,0.0,supplier_delay,False,24,2
5026,demand_surge,dense,3,RuleBased,1739.6000000000004,0.850828729281768,0.0,0.0,0.0,0.25,3,1,0.39999999999999997,supplier_delay,False,24,2
5026,demand_surge,dense,3,TFIDF_LogReg_Calibrated,1485.0,0.8011049723756906,0.0,0.0,0.0,0.25,3,1,0.0,supplier_delay,False,24,2
5026,demand_surge,dense,5,RuleBased,1753.6666666666667,0.8545119705340701,0.2,0.5,0.2640681225725909,0.25,5,1,0.4444444444444445,supplier_delay,False,24,2
5026,demand_surge,dense,5,TFIDF_LogReg_Calibrated,1446.0,0.8011049723756906,0.2,0.5,0.2640681225725909,0.25,5,1,0.0,supplier_delay,False,24,2
5026,demand_surge,oracle,1,RuleBased,1804.0000000000005,0.8655616942909762,1.0,0.5,1.0,1.0,1,0,0.5555555555555556,demand_surge,True,24,2
5026,demand_surge,oracle,1,TFIDF_LogReg_Calibrated,2011.0,0.9005524861878451,1.0,0.5,1.0,1.0,1,0,0.7777777777777778,demand_surge,True,24,2
5026,demand_surge,oracle,3,RuleBased,1850.7142857142853,0.8658247829518548,0.6666666666666666,1.0,1.0,1.0,3,1,0.42857142857142855,demand_surge,True,24,2
5026,demand_surge,oracle,3,TFIDF_LogReg_Calibrated,1756.193886045426,0.8551832463996563,0.6666666666666666,1.0,1.0,1.0,3,1,0.4525445065558536,supplier_delay,False,24,2
5026,demand_surge,oracle,5,RuleBased,1737.8947368421057,0.8503925559755742,0.4,1.0,1.0,1.0,5,2,0.39473684210526316,supplier_delay,False,24,2
5026,demand_surge,oracle,5,TFIDF_LogReg_Calibrated,1704.2577182413252,0.8478612481329627,0.4,1.0,1.0,1.0,5,2,0.29752572747108347,supplier_delay,False,24,2
5027,normal,none,1,RuleBased,1599.8000000000002,0.9127035830618893,0.0,0.0,0.0,0.0,0,0,0.35,normal,True,24,2
5027,normal,none,1,TFIDF_LogReg_Calibrated,1599.8000000000002,0.9127035830618893,0.0,0.0,0.0,0.0,0,0,0.35,normal,True,24,2
5027,normal,none,3,RuleBased,1599.8000000000002,0.9127035830618893,0.0,0.0,0.0,0.0,0,0,0.35,normal,True,24,2
5027,normal,none,3,TFIDF_LogReg_Calibrated,1599.8000000000002,0.9127035830618893,0.0,0.0,0.0,0.0,0,0,0.35,normal,True,24,2
5027,normal,none,5,RuleBased,1599.8000000000002,0.9127035830618893,0.0,0.0,0.0,0.0,0,0,0.35,normal,True,24,2
5027,normal,none,5,TFIDF_LogReg_Calibrated,1599.8000000000002,0.9127035830618893,0.0,0.0,0.0,0.0,0,0,0.35,normal,True,24,2
5027,normal,random,1,RuleBased,1496.0,0.9185667752442996,0.0,0.0,0.0,0.1111111111111111,1,1,0.0,demand_surge,False,24,2
5027,normal,random,1,TFIDF_LogReg_Calibrated,1439.624616590768,0.8957654723127035,0.0,0.0,0.0,0.1111111111111111,1,1,0.057775593886245424,supplier_delay,False,24,2
5027,normal,random,3,RuleBased,1591.818181818182,0.9153094462540716,0.0,0.0,0.0,0.1111111111111111,3,2,0.3636363636363637,normal,True,24,2
5027,normal,random,3,TFIDF_LogReg_Calibrated,1489.0,0.8925081433224755,0.0,0.0,0.0,0.1111111111111111,3,2,0.24263229512539913,supplier_delay,False,24,2
5027,normal,random,5,RuleBased,1591.818181818182,0.9153094462540716,0.0,0.0,0.0,0.1111111111111111,5,2,0.3636363636363637,normal,True,24,2
5027,normal,random,5,TFIDF_LogReg_Calibrated,1381.0,0.8892508143322475,0.0,0.0,0.0,0.1111111111111111,5,2,0.09917856147796705,supplier_delay,False,24,2
5027,normal,bm25,1,RuleBased,1599.8000000000002,0.9127035830618893,0.0,0.0,0.0,0.5,1,0,0.4,normal,True,24,2
5027,normal,bm25,1,TFIDF_LogReg_Calibrated,1735.0,0.9153094462540716,0.0,0.0,0.0,0.5,1,0,1.0,normal,True,24,2
5027,normal,bm25,3,RuleBased,1593.5,0.9087947882736156,0.3333333333333333,0.5,0.38685280723454163,0.5,3,0,0.5,normal,True,24,2
5027,normal,bm25,3,TFIDF_LogReg_Calibrated,1625.0,0.8990228013029316,0.3333333333333333,0.5,0.38685280723454163,0.5,3,0,0.7222222222222222,normal,True,24,2
5027,normal,bm25,5,RuleBased,1593.5,0.9087947882736156,0.4,1.0,0.6509209298071326,0.5,5,0,0.5,normal,True,24,2
5027,normal,bm25,5,TFIDF_LogReg_Calibrated,1625.0,0.8990228013029316,0.4,1.0,0.6509209298071326,0.5,5,0,0.7106275897153143,normal,True,24,2
5027,normal,tfidf,1,RuleBased,1599.8000000000002,0.9127035830618893,0.0,0.0,0.0,0.5,1,0,0.4,normal,True,24,2
5027,normal,tfidf,1,TFIDF_LogReg_Calibrated,1735.0,0.9153094462540716,0.0,0.0,0.0,0.5,1,0,1.0,normal,True,24,2
5027,normal,tfidf,3,RuleBased,1593.5,0.9087947882736156,0.6666666666666666,1.0,0.6934264036172708,0.5,3,0,0.5,normal,True,24,2
5027,normal,tfidf,3,TFIDF_LogReg_Calibrated,1625.0,0.8990228013029316,0.6666666666666666,1.0,0.6934264036172708,0.5,3,0,0.7593030150289647,normal,True,24,2
5027,normal,tfidf,5,RuleBased,1593.5,0.9087947882736156,0.4,1.0,0.6934264036172708,0.5,5,0,0.5,normal,True,24,2
5027,normal,tfidf,5,TFIDF_LogReg_Calibrated,1625.0,0.8990228013029316,0.4,1.0,0.6934264036172708,0.5,5,0,0.7106275897153143,normal,True,24,2
5027,normal,dense,1,RuleBased,1587.25,0.9153094462540716,1.0,0.5,1.0,1.0,1,0,0.25,supplier_delay,False,24,2
5027,normal,dense,1,TFIDF_LogReg_Calibrated,1531.0,0.8892508143322475,1.0,0.5,1.0,1.0,1,0,0.47078255013033776,supplier_delay,False,24,2
5027,normal,dense,3,RuleBased,1604.0,0.9153094462540716,0.6666666666666666,1.0,0.9197207891481876,1.0,3,0,0.33333333333333337,normal,True,24,2
5027,normal,dense,3,TFIDF_LogReg_Calibrated,1625.0,0.8990228013029316,0.6666666666666666,1.0,0.9197207891481876,1.0,3,0,0.6851366273617208,normal,True,24,2
5027,normal,dense,5,RuleBased,1604.0,0.9153094462540716,0.4,1.0,0.9197207891481876,1.0,5,2,0.33333333333333337,normal,True,24,2
5027,normal,dense,5,TFIDF_LogReg_Calibrated,1488.07437282062,0.892585452867233,0.4,1.0,0.9197207891481876,1.0,5,2,0.3097100198580785,supplier_delay,False,24,2
5027,normal,oracle,1,RuleBased,1599.8000000000002,0.9127035830618893,1.0,0.5,1.0,1.0,1,0,0.4,normal,True,24,2
5027,normal,oracle,1,TFIDF_LogReg_Calibrated,1625.0,0.8990228013029316,1.0,0.5,1.0,1.0,1,0,0.7147744297435985,normal,True,24,2
5027,normal,oracle,3,RuleBased,1594.333333333334,0.9077090119435397,0.6666666666666666,1.0,1.0,1.0,3,0,0.44444444444444453,normal,True,24,2
5027,normal,oracle,3,TFIDF_LogReg_Calibrated,1625.0,0.8990228013029316,0.6666666666666666,1.0,1.0,1.0,3,0,0.7222222222222222,normal,True,24,2
5027,normal,oracle,5,RuleBased,1594.333333333334,0.9077090119435397,0.4,1.0,1.0,1.0,5,2,0.44444444444444453,normal,True,24,2
5027,normal,oracle,5,TFIDF_LogReg_Calibrated,1625.0,0.8990228013029316,0.4,1.0,1.0,1.0,5,2,0.656178760384596,normal,True,24,2
5027,supplier_delay,none,1,RuleBased,1475.3999999999994,0.888599348534202,0.0,0.0,0.0,0.0,0,0,0.35,normal,False,24,2
5027,supplier_delay,none,1,TFIDF_LogReg_Calibrated,1475.3999999999994,0.888599348534202,0.0,0.0,0.0,0.0,0,0,0.35,normal,False,24,2
5027,supplier_delay,none,3,RuleBased,1475.3999999999994,0.888599348534202,0.0,0.0,0.0,0.0,0,0,0.35,normal,False,24,2
5027,supplier_delay,none,3,TFIDF_LogReg_Calibrated,1475.3999999999994,0.888599348534202,0.0,0.0,0.0,0.0,0,0,0.35,normal,False,24,2
5027,supplier_delay,none,5,RuleBased,1475.3999999999994,0.888599348534202,0.0,0.0,0.0,0.0,0,0,0.35,normal,False,24,2
5027,supplier_delay,none,5,TFIDF_LogReg_Calibrated,1475.3999999999994,0.888599348534202,0.0,0.0,0.0,0.0,0,0,0.35,normal,False,24,2
5027,supplier_delay,random,1,RuleBased,1582.0,0.9250814332247557,0.0,0.0,0.0,0.1111111111111111,1,1,0.33333333333333337,demand_surge,False,24,2
5027,supplier_delay,random,1,TFIDF_LogReg_Calibrated,1647.6072244342467,0.9270332159123245,0.0,0.0,0.0,0.1111111111111111,1,1,0.742269001386885,supplier_delay,True,24,2
5027,supplier_delay,random,3,RuleBased,1502.5454545454547,0.8954693514954102,0.0,0.0,0.0,0.1111111111111111,3,2,0.2727272727272727,normal,False,24,2
5027,supplier_delay,random,3,TFIDF_LogReg_Calibrated,1590.0,0.9022801302931596,0.0,0.0,0.0,0.1111111111111111,3,2,0.7573677048746009,supplier_delay,True,24,2
5027,supplier_delay,random,5,RuleBased,1502.5454545454547,0.8954693514954102,0.0,0.0,0.0,0.1111111111111111,5,2,0.2727272727272727,normal,False,24,2
5027,supplier_delay,random,5,TFIDF_LogReg_Calibrated,1692.0,0.9283387622149837,0.0,0.0,0.0,0.1111111111111111,5,2,0.900821438522033,supplier_delay,True,24,2
5027,supplier_delay,bm25,1,RuleBased,1475.3999999999994,0.888599348534202,0.0,0.0,0.0,0.09090909090909091,1,1,0.3,normal,False,24,2
5027,supplier_delay,bm25,1,TFIDF_LogReg_Calibrated,1164.0,0.8241042345276873,0.0,0.0,0.0,0.09090909090909091,1,1,0.0,normal,False,24,2
5027,supplier_delay,bm25,3,RuleBased,1450.5,0.8827361563517915,0.0,0.0,0.0,0.09090909090909091,3,2,0.24999999999999994,normal,False,24,2
5027,supplier_delay,bm25,3,TFIDF_LogReg_Calibrated,1304.0,0.8501628664495114,0.0,0.0,0.0,0.09090909090909091,3,2,0.27777777777777773,normal,False,24,2
5027,supplier_delay,bm25,5,RuleBased,1450.5,0.8827361563517915,0.0,0.0,0.0,0.09090909090909091,5,2,0.24999999999999994,normal,False,24,2
5027,supplier_delay,bm25,5,TFIDF_LogReg_Calibrated,1304.0,0.8501628664495114,0.0,0.0,0.0,0.09090909090909091,5,2,0.3608607509663208,normal,False,24,2
5027,supplier_delay,tfidf,1,RuleBased,1475.3999999999994,0.888599348534202,0.0,0.0,0.0,0.16666666666666666,1,1,0.3,normal,False,24,2
5027,supplier_delay,tfidf,1,TFIDF_LogReg_Calibrated,1164.0,0.8241042345276873,0.0,0.0,0.0,0.16666666666666666,1,1,0.0,normal,False,24,2
5027,supplier_delay,tfidf,3,RuleBased,1475.3999999999994,0.888599348534202,0.0,0.0,0.0,0.16666666666666666,3,1,0.3,normal,False,24,2
5027,supplier_delay,tfidf,3,TFIDF_LogReg_Calibrated,1304.0,0.8501628664495114,0.0,0.0,0.0,0.16666666666666666,3,1,0.29756372312129115,normal,False,24,2
5027,supplier_delay,tfidf,5,RuleBased,1450.5,0.8827361563517915,0.0,0.0,0.0,0.16666666666666666,5,2,0.24999999999999994,normal,False,24,2
5027,supplier_delay,tfidf,5,TFIDF_LogReg_Calibrated,1304.0,0.8501628664495114,0.0,0.0,0.0,0.16666666666666666,5,2,0.3608607509663208,normal,False,24,2
5027,supplier_delay,dense,1,RuleBased,1692.0,0.9283387622149837,1.0,0.5,1.0,1.0,1,0,1.0,supplier_delay,True,24,2
5027,supplier_delay,dense,1,TFIDF_LogReg_Calibrated,1692.0,0.9283387622149837,1.0,0.5,1.0,1.0,1,0,0.9503195497039694,supplier_delay,True,24,2
5027,supplier_delay,dense,3,RuleBased,1618.9354838709685,0.9227697803929809,0.6666666666666666,1.0,0.9197207891481876,1.0,3,1,0.4838709677419355,supplier_delay,True,24,2
5027,supplier_delay,dense,3,TFIDF_LogReg_Calibrated,1692.0,0.9283387622149837,0.6666666666666666,1.0,0.9197207891481876,1.0,3,1,0.9117690108955413,supplier_delay,True,24,2
5027,supplier_delay,dense,5,RuleBased,1618.9354838709685,0.9227697803929809,0.4,1.0,0.9197207891481876,1.0,5,2,0.4838709677419355,supplier_delay,True,24,2
5027,supplier_delay,dense,5,TFIDF_LogReg_Calibrated,1692.0,0.9283387622149837,0.4,1.0,0.9197207891481876,1.0,5,2,0.9522721768958293,supplier_delay,True,24,2
5027,supplier_delay,oracle,1,RuleBased,1692.0,0.9283387622149837,1.0,0.5,1.0,1.0,1,0,1.0,supplier_delay,True,24,2
5027,supplier_delay,oracle,1,TFIDF_LogReg_Calibrated,1607.8531961251822,0.9121689293974696,1.0,0.5,1.0,1.0,1,0,0.871086636274395,supplier_delay,True,24,2
5027,supplier_delay,oracle,3,RuleBased,1453.0,0.8762214983713354,0.6666666666666666,1.0,1.0,1.0,3,1,0.4285714285714285,normal,False,24,2
5027,supplier_delay,oracle,3,TFIDF_LogReg_Calibrated,1692.0,0.9283387622149837,0.6666666666666666,1.0,1.0,1.0,3,1,0.8940706221390845,supplier_delay,True,24,2
5027,supplier_delay,oracle,5,RuleBased,1436.6666666666674,0.8794788273615635,0.4,1.0,1.0,1.0,5,2,0.3333333333333333,normal,False,24,2
5027,supplier_delay,oracle,5,TFIDF_LogReg_Calibrated,1590.0,0.9022801302931596,0.4,1.0,1.0,1.0,5,2,0.8689920609212902,supplier_delay,True,24,2
5027,demand_surge,none,1,RuleBased,1886.0000000000002,0.8452631578947369,0.0,0.0,0.0,0.0,0,0,0.3,normal,False,24,2
5027,demand_surge,none,1,TFIDF_LogReg_Calibrated,1886.0000000000002,0.8452631578947369,0.0,0.0,0.0,0.0,0,0,0.3,normal,False,24,2
5027,demand_surge,none,3,RuleBased,1886.0000000000002,0.8452631578947369,0.0,0.0,0.0,0.0,0,0,0.3,normal,False,24,2
5027,demand_surge,none,3,TFIDF_LogReg_Calibrated,1886.0000000000002,0.8452631578947369,0.0,0.0,0.0,0.0,0,0,0.3,normal,False,24,2
5027,demand_surge,none,5,RuleBased,1886.0000000000002,0.8452631578947369,0.0,0.0,0.0,0.0,0,0,0.3,normal,False,24,2
5027,demand_surge,none,5,TFIDF_LogReg_Calibrated,1886.0000000000002,0.8452631578947369,0.0,0.0,0.0,0.0,0,0,0.3,normal,False,24,2
5027,demand_surge,random,1,RuleBased,2046.0,0.8763157894736842,0.0,0.0,0.0,0.1111111111111111,1,0,0.6666666666666667,demand_surge,True,24,2
5027,demand_surge,random,1,TFIDF_LogReg_Calibrated,1793.3686941182623,0.833677873303292,0.0,0.0,0.0,0.1111111111111111,1,0,0.19995540472686954,supplier_delay,False,24,2
5027,demand_surge,random,3,RuleBased,1925.3636363636365,0.8523923444976076,0.0,0.0,0.0,0.1111111111111111,3,2,0.36363636363636365,normal,False,24,2
5027,demand_surge,random,3,TFIDF_LogReg_Calibrated,1642.0,0.8052631578947368,0.0,0.0,0.0,0.1111111111111111,3,2,0.0,supplier_delay,False,24,2
5027,demand_surge,random,5,RuleBased,1925.3636363636365,0.8523923444976076,0.0,0.0,0.0,0.1111111111111111,5,2,0.36363636363636365,normal,False,24,2
5027,demand_surge,random,5,TFIDF_LogReg_Calibrated,1622.0,0.8052631578947368,0.0,0.0,0.0,0.1111111111111111,5,2,0.0,supplier_delay,False,24,2
5027,demand_surge,bm25,1,RuleBased,1886.0000000000002,0.8452631578947369,0.0,0.0,0.0,0.2,1,1,0.3,normal,False,24,2
5027,demand_surge,bm25,1,TFIDF_LogReg_Calibrated,1612.0,0.8,0.0,0.0,0.0,0.2,1,1,0.0,normal,False,24,2
5027,demand_surge,bm25,3,RuleBased,1845.5,0.8381578947368421,0.0,0.0,0.0,0.2,3,2,0.24999999999999994,normal,False,24,2
5027,demand_surge,bm25,3,TFIDF_LogReg_Calibrated,1636.0,0.8026315789473685,0.0,0.0,0.0,0.2,3,2,0.0,normal,False,24,2
5027,demand_surge,bm25,5,RuleBased,1845.5,0.8381578947368421,0.2,0.5,0.23719771276929622,0.2,5,2,0.24999999999999994,normal,False,24,2
5027,demand_surge,bm25,5,TFIDF_LogReg_Calibrated,1747.2497320824698,0.8213185440228115,0.2,0.5,0.23719771276929622,0.2,5,2,0.13150086534570873,normal,False,24,2
5027,demand_surge,tfidf,1,RuleBased,1886.0000000000002,0.8452631578947369,0.0,0.0,0.0,0.2,1,1,0.3,normal,False,24,2
5027,demand_surge,tfidf,1,TFIDF_LogReg_Calibrated,1612.0,0.8,0.0,0.0,0.0,0.2,1,1,0.0,normal,False,24,2
5027,demand_surge,tfidf,3,RuleBased,1886.0000000000002,0.8452631578947369,0.0,0.0,0.0,0.2,3,1,0.3,normal,False,24,2
5027,demand_surge,tfidf,3,TFIDF_LogReg_Calibrated,1636.0,0.8026315789473685,0.0,0.0,0.0,0.2,3,1,0.0,normal,False,24,2
5027,demand_surge,tfidf,5,RuleBased,1845.5,0.8381578947368421,0.2,0.5,0.23719771276929622,0.2,5,2,0.24999999999999994,normal,False,24,2
5027,demand_surge,tfidf,5,TFIDF_LogReg_Calibrated,1747.2497320824698,0.8213185440228115,0.2,0.5,0.23719771276929622,0.2,5,2,0.13150086534570873,normal,False,24,2
5027,demand_surge,dense,1,RuleBased,1885.4285714285718,0.8492481203007517,0.0,0.0,0.0,0.16666666666666666,1,1,0.4285714285714286,supplier_delay,False,24,2
5027,demand_surge,dense,1,TFIDF_LogReg_Calibrated,1641.0,0.8026315789473685,0.0,0.0,0.0,0.16666666666666666,1,1,0.0,supplier_delay,False,24,2
5027,demand_surge,dense,3,RuleBased,1885.4285714285718,0.8492481203007517,0.0,0.0,0.0,0.16666666666666666,3,2,0.4285714285714286,supplier_delay,False,24,2
5027,demand_surge,dense,3,TFIDF_LogReg_Calibrated,1748.687393351125,0.8252264289380482,0.0,0.0,0.0,0.16666666666666666,3,2,0.1264340499409719,supplier_delay,False,24,2
5027,demand_surge,dense,5,RuleBased,1885.4285714285718,0.8492481203007517,0.0,0.0,0.0,0.16666666666666666,5,2,0.4285714285714286,supplier_delay,False,24,2
5027,demand_surge,dense,5,TFIDF_LogReg_Calibrated,1622.0,0.8052631578947368,0.0,0.0,0.0,0.16666666666666666,5,2,0.0,supplier_delay,False,24,2
5027,demand_surge,oracle,1,RuleBased,1892.0,0.8526315789473684,1.0,0.5,1.0,1.0,1,0,0.5,supplier_delay,False,24,2
5027,demand_surge,oracle,1,TFIDF_LogReg_Calibrated,2117.2674204951236,0.8911839029485539,1.0,0.5,1.0,1.0,1,0,0.7843725650093845,demand_surge,True,24,2
5027,demand_surge,oracle,3,RuleBased,1925.3636363636365,0.8523923444976076,0.6666666666666666,1.0,1.0,1.0,3,1,0.36363636363636365,normal,False,24,2
5027,demand_surge,oracle,3,TFIDF_LogReg_Calibrated,2195.505469859491,0.9000146036086933,0.6666666666666666,1.0,1.0,1.0,3,1,0.7620368897929398,demand_surge,True,24,2
5027,demand_surge,oracle,5,RuleBased,1925.3636363636365,0.8523923444976076,0.4,1.0,1.0,1.0,5,2,0.36363636363636365,normal,False,24,2
5027,demand_surge,oracle,5,TFIDF_LogReg_Calibrated,2072.337412069782,0.8816472494068385,0.4,1.0,1.0,1.0,5,2,0.7088740578041381,demand_surge,True,24,2
5028,normal,none,1,RuleBased,1530.0,0.9204081632653062,0.0,0.0,0.0,0.0,0,0,0.35,normal,True,24,2
5028,normal,none,1,TFIDF_LogReg_Calibrated,1530.0,0.9204081632653062,0.0,0.0,0.0,0.0,0,0,0.35,normal,True,24,2
5028,normal,none,3,RuleBased,1530.0,0.9204081632653062,0.0,0.0,0.0,0.0,0,0,0.35,normal,True,24,2
5028,normal,none,3,TFIDF_LogReg_Calibrated,1530.0,0.9204081632653062,0.0,0.0,0.0,0.0,0,0,0.35,normal,True,24,2
5028,normal,none,5,RuleBased,1530.0,0.9204081632653062,0.0,0.0,0.0,0.0,0,0,0.35,normal,True,24,2
5028,normal,none,5,TFIDF_LogReg_Calibrated,1530.0,0.9204081632653062,0.0,0.0,0.0,0.0,0,0,0.35,normal,True,24,2
5028,normal,random,1,RuleBased,1382.0,0.9149659863945578,0.0,0.0,0.0,0.1111111111111111,1,1,0.0,supplier_delay,False,24,2
5028,normal,random,1,TFIDF_LogReg_Calibrated,1364.373534818441,0.8950980425593329,0.0,0.0,0.0,0.1111111111111111,1,1,0.14470468014907742,supplier_delay,False,24,2
5028,normal,random,3,RuleBased,1382.0,0.9149659863945578,0.0,0.0,0.0,0.1111111111111111,3,1,0.0,supplier_delay,False,24,2
5028,normal,random,3,TFIDF_LogReg_Calibrated,1348.0,0.8843537414965986,0.0,0.0,0.0,0.1111111111111111,3,1,0.28059816739456506,supplier_delay,False,24,2
5028,normal,random,5,RuleBased,1382.0,0.9149659863945578,0.0,0.0,0.0,0.1111111111111111,5,2,0.0,supplier_delay,False,24,2
5028,normal,random,5,TFIDF_LogReg_Calibrated,1348.0,0.8843537414965986,0.0,0.0,0.0,0.1111111111111111,5,2,0.2272086586950862,supplier_delay,False,24,2
5028,normal,bm25,1,RuleBased,1530.0,0.9204081632653062,1.0,0.5,1.0,1.0,1,0,0.4,normal,True,24,2
5028,normal,bm25,1,TFIDF_LogReg_Calibrated,1616.0,0.9183673469387755,1.0,0.5,1.0,1.0,1,0,1.0,normal,True,24,2
5028,normal,bm25,3,RuleBased,1535.0,0.9183673469387755,0.3333333333333333,0.5,0.6131471927654584,1.0,3,0,0.5,normal,True,24,2
5028,normal,bm25,3,TFIDF_LogReg_Calibrated,1520.0,0.9013605442176871,0.3333333333333333,0.5,0.6131471927654584,1.0,3,0,0.7243234411232643,normal,True,24,2
5028,normal,bm25,5,RuleBased,1524.8,0.9258503401360544,0.4,1.0,0.8503449055347546,1.0,5,1,0.4000000000000001,normal,True,24,2
5028,normal,bm25,5,TFIDF_LogReg_Calibrated,1520.0,0.9013605442176871,0.4,1.0,0.8503449055347546,1.0,5,1,0.6747072387743737,normal,True,24,2
5028,normal,tfidf,1,RuleBased,1530.0,0.9204081632653062,1.0,0.5,1.0,1.0,1,0,0.4,normal,True,24,2
5028,normal,tfidf,1,TFIDF_LogReg_Calibrated,1616.0,0.9183673469387755,1.0,0.5,1.0,1.0,1,0,1.0,normal,True,24,2
5028,normal,tfidf,3,RuleBased,1527.846153846154,0.9296180010465726,0.6666666666666666,1.0,1.0,1.0,3,0,0.30769230769230776,demand_surge,False,24,2
5028,normal,tfidf,3,TFIDF_LogReg_Calibrated,1616.0,0.9183673469387755,0.6666666666666666,1.0,1.0,1.0,3,0,1.0,normal,True,24,2
5028,normal,tfidf,5,RuleBased,1527.846153846154,0.9296180010465726,0.4,1.0,1.0,1.0,5,0,0.30769230769230776,demand_surge,False,24,2
5028,normal,tfidf,5,TFIDF_LogReg_Calibrated,1520.0,0.9013605442176871,0.4,1.0,1.0,1.0,5,0,0.7625984622639607,normal,True,24,2
5028,normal,dense,1,RuleBased,1530.0,0.9204081632653062,1.0,0.5,1.0,1.0,1,0,0.4,normal,True,24,2
5028,normal,dense,1,TFIDF_LogReg_Calibrated,1616.0,0.9183673469387755,1.0,0.5,1.0,1.0,1,0,1.0,normal,True,24,2
5028,normal,dense,3,RuleBased,1527.846153846154,0.9296180010465726,0.6666666666666666,1.0,1.0,1.0,3,0,0.30769230769230776,demand_surge,False,24,2
5028,normal,dense,3,TFIDF_LogReg_Calibrated,1616.0,0.9183673469387755,0.6666666666666666,1.0,1.0,1.0,3,0,1.0,normal,True,24,2
5028,normal,dense,5,RuleBased,1527.846153846154,0.9296180010465726,0.4,1.0,1.0,1.0,5,1,0.30769230769230776,demand_surge,False,24,2
5028,normal,dense,5,TFIDF_LogReg_Calibrated,1520.0,0.9013605442176871,0.4,1.0,1.0,1.0,5,1,0.7062649428906077,normal,True,24,2
5028,normal,oracle,1,RuleBased,1530.0,0.9204081632653062,1.0,0.5,1.0,1.0,1,0,0.4,normal,True,24,2
5028,normal,oracle,1,TFIDF_LogReg_Calibrated,1616.0,0.9183673469387755,1.0,0.5,1.0,1.0,1,0,1.0,normal,True,24,2
5028,normal,oracle,3,RuleBased,1527.846153846154,0.9296180010465726,0.6666666666666666,1.0,1.0,1.0,3,0,0.30769230769230776,demand_surge,False,24,2
5028,normal,oracle,3,TFIDF_LogReg_Calibrated,1616.0,0.9183673469387755,0.6666666666666666,1.0,1.0,1.0,3,0,0.9352486524660083,normal,True,24,2
5028,normal,oracle,5,RuleBased,1527.846153846154,0.9296180010465726,0.4,1.0,1.0,1.0,5,2,0.30769230769230776,demand_surge,False,24,2
5028,normal,oracle,5,TFIDF_LogReg_Calibrated,1520.0,0.9013605442176871,0.4,1.0,1.0,1.0,5,2,0.7222222222222222,normal,True,24,2
5028,supplier_delay,none,1,RuleBased,1252.8,0.8741496598639455,0.0,0.0,0.0,0.0,0,0,0.35,normal,False,24,2
5028,supplier_delay,none,1,TFIDF_LogReg_Calibrated,1252.8,0.8741496598639455,0.0,0.0,0.0,0.0,0,0,0.35,normal,False,24,2
5028,supplier_delay,none,3,RuleBased,1252.8,0.8741496598639455,0.0,0.0,0.0,0.0,0,0,0.35,normal,False,24,2
5028,supplier_delay,none,3,TFIDF_LogReg_Calibrated,1252.8,0.8741496598639455,0.0,0.0,0.0,0.0,0,0,0.35,normal,False,24,2
5028,supplier_delay,none,5,RuleBased,1252.8,0.8741496598639455,0.0,0.0,0.0,0.0,0,0,0.35,normal,False,24,2
5028,supplier_delay,none,5,TFIDF_LogReg_Calibrated,1252.8,0.8741496598639455,0.0,0.0,0.0,0.0,0,0,0.35,normal,False,24,2
5028,supplier_delay,random,1,RuleBased,1384.0,0.9115646258503401,0.0,0.0,0.0,0.1111111111111111,1,1,0.5,supplier_delay,True,24,2
5028,supplier_delay,random,1,TFIDF_LogReg_Calibrated,1441.5294150414795,0.9051220510486255,0.0,0.0,0.0,0.1111111111111111,1,1,0.7675501945052589,supplier_delay,True,24,2
5028,supplier_delay,random,3,RuleBased,1384.0,0.9115646258503401,0.0,0.0,0.0,0.1111111111111111,3,2,0.5,supplier_delay,True,24,2
5028,supplier_delay,random,3,TFIDF_LogReg_Calibrated,1432.0,0.8979591836734694,0.0,0.0,0.0,0.1111111111111111,3,2,0.7194018326054349,supplier_delay,True,24,2
5028,supplier_delay,random,5,RuleBased,1384.0,0.9115646258503401,0.0,0.0,0.0,0.1111111111111111,5,3,0.5,supplier_delay,True,24,2
5028,supplier_delay,random,5,TFIDF_LogReg_Calibrated,1432.0,0.8979591836734694,0.0,0.0,0.0,0.1111111111111111,5,3,0.7727913413049139,supplier_delay,True,24,2
5028,supplier_delay,bm25,1,RuleBased,1280.5,0.8818027210884354,0.0,0.0,0.0,0.1111111111111111,1,1,0.37499999999999994,supplier_delay,True,24,2
5028,supplier_delay,bm25,1,TFIDF_LogReg_Calibrated,1289.0,0.8707482993197279,0.0,0.0,0.0,0.1111111111111111,1,1,0.45325779818793444,normal,False,24,2
5028,supplier_delay,bm25,3,RuleBased,1288.6000000000001,0.8843537414965986,0.0,0.0,0.0,0.1111111111111111,3,2,0.19999999999999998,normal,False,24,2
5028,supplier_delay,bm25,3,TFIDF_LogReg_Calibrated,1289.0,0.8707482993197279,0.0,0.0,0.0,0.1111111111111111,3,2,0.41030745102724603,normal,False,24,2
5028,supplier_delay,bm25,5,RuleBased,1288.6000000000001,0.8843537414965986,0.0,0.0,0.0,0.1111111111111111,5,2,0.19999999999999998,normal,False,24,2
5028,supplier_delay,bm25,5,TFIDF_LogReg_Calibrated,1289.0,0.8707482993197279,0.0,0.0,0.0,0.1111111111111111,5,2,0.6249452114707467,supplier_delay,True,24,2
5028,supplier_delay,tfidf,1,RuleBased,1308.538461538462,0.8906331763474621,0.0,0.0,0.0,0.125,1,1,0.23076923076923078,demand_surge,False,24,2
5028,supplier_delay,tfidf,1,TFIDF_LogReg_Calibrated,1135.0,0.8435374149659864,0.0,0.0,0.0,0.125,1,1,0.13015327007015282,normal,False,24,2
5028,supplier_delay,tfidf,3,RuleBased,1308.538461538462,0.8906331763474621,0.0,0.0,0.0,0.125,3,1,0.23076923076923078,demand_surge,False,24,2
5028,supplier_delay,tfidf,3,TFIDF_LogReg_Calibrated,1432.0,0.8979591836734694,0.0,0.0,0.0,0.125,3,1,0.6921230401422139,supplier_delay,True,24,2
5028,supplier_delay,tfidf,5,RuleBased,1288.6000000000001,0.8843537414965986,0.0,0.0,0.0,0.125,5,2,0.19999999999999998,normal,False,24,2
5028,supplier_delay,tfidf,5,TFIDF_LogReg_Calibrated,1289.0,0.8707482993197279,0.0,0.0,0.0,0.125,5,2,0.6249452114707467,supplier_delay,True,24,2
5028,supplier_delay,dense,1,RuleBased,1566.0,0.9251700680272109,1.0,0.5,1.0,1.0,1,0,1.0,supplier_delay,True,24,2
5028,supplier_delay,dense,1,TFIDF_LogReg_Calibrated,1447.4882050935232,0.9095543858291504,1.0,0.5,1.0,1.0,1,0,0.8114574401023972,supplier_delay,True,24,2
5028,supplier_delay,dense,3,RuleBased,1384.0,0.9115646258503401,0.3333333333333333,0.5,0.6131471927654584,1.0,3,0,0.5,supplier_delay,True,24,2
5028,supplier_delay,dense,3,TFIDF_LogReg_Calibrated,1566.0,0.9251700680272109,0.3333333333333333,0.5,0.6131471927654584,1.0,3,0,0.9002888501554667,supplier_delay,True,24,2
5028,supplier_delay,dense,5,RuleBased,1366.5999999999995,0.9034013605442177,0.4,1.0,0.8503449055347546,1.0,5,0,0.6,supplier_delay,True,24,2
5028,supplier_delay,dense,5,TFIDF_LogReg_Calibrated,1566.0,0.9251700680272109,0.4,1.0,0.8503449055347546,1.0,5,0,0.9716784458145442,supplier_delay,True,24,2
5028,supplier_delay,oracle,1,RuleBased,1566.0,0.9251700680272109,1.0,0.5,1.0,1.0,1,0,1.0,supplier_delay,True,24,2
5028,supplier_delay,oracle,1,TFIDF_LogReg_Calibrated,1447.4882050935232,0.9095543858291504,1.0,0.5,1.0,1.0,1,0,0.8114574401023972,supplier_delay,True,24,2
5028,supplier_delay,oracle,3,RuleBased,1366.5999999999995,0.9034013605442177,0.6666666666666666,1.0,1.0,1.0,3,1,0.6,supplier_delay,True,24,2
5028,supplier_delay,oracle,3,TFIDF_LogReg_Calibrated,1432.0,0.8979591836734694,0.6666666666666666,1.0,1.0,1.0,3,1,0.8495940770499736,supplier_delay,True,24,2
5028,supplier_delay,oracle,5,RuleBased,1366.5999999999995,0.9034013605442177,0.4,1.0,1.0,1.0,5,2,0.6,supplier_delay,True,24,2
5028,supplier_delay,oracle,5,TFIDF_LogReg_Calibrated,1563.8145800635493,0.9266205834176195,0.4,1.0,1.0,1.0,5,2,0.9076442284146264,supplier_delay,True,24,2
5028,demand_surge,none,1,RuleBased,1560.0000000000002,0.8204419889502762,0.0,0.0,0.0,0.0,0,0,0.3,normal,False,24,2
5028,demand_surge,none,1,TFIDF_LogReg_Calibrated,1560.0000000000002,0.8204419889502762,0.0,0.0,0.0,0.0,0,0,0.3,normal,False,24,2
5028,demand_surge,none,3,RuleBased,1560.0000000000002,0.8204419889502762,0.0,0.0,0.0,0.0,0,0,0.3,normal,False,24,2
5028,demand_surge,none,3,TFIDF_LogReg_Calibrated,1560.0000000000002,0.8204419889502762,0.0,0.0,0.0,0.0,0,0,0.3,normal,False,24,2
5028,demand_surge,none,5,RuleBased,1560.0000000000002,0.8204419889502762,0.0,0.0,0.0,0.0,0,0,0.3,normal,False,24,2
5028,demand_surge,none,5,TFIDF_LogReg_Calibrated,1560.0000000000002,0.8204419889502762,0.0,0.0,0.0,0.0,0,0,0.3,normal,False,24,2
5028,demand_surge,random,1,RuleBased,1532.0,0.8259668508287292,0.0,0.0,0.0,0.1111111111111111,1,0,0.5,supplier_delay,False,24,2
5028,demand_surge,random,1,TFIDF_LogReg_Calibrated,1358.1264930341358,0.7907864848639221,0.0,0.0,0.0,0.1111111111111111,1,0,0.08774512534566375,supplier_delay,False,24,2
5028,demand_surge,random,3,RuleBased,1532.0,0.8259668508287292,0.0,0.0,0.0,0.1111111111111111,3,1,0.5,supplier_delay,False,24,2
5028,demand_surge,random,3,TFIDF_LogReg_Calibrated,1267.0,0.7734806629834254,0.0,0.0,0.0,0.1111111111111111,3,1,0.0,supplier_delay,False,24,2
5028,demand_surge,random,5,RuleBased,1532.0,0.8259668508287292,0.0,0.0,0.0,0.1111111111111111,5,1,0.5,supplier_delay,False,24,2
5028,demand_surge,random,5,TFIDF_LogReg_Calibrated,1267.0,0.7734806629834254,0.0,0.0,0.0,0.1111111111111111,5,1,0.0,supplier_delay,False,24,2
5028,demand_surge,bm25,1,RuleBased,1629.5,0.8328729281767956,0.0,0.0,0.0,0.16666666666666666,1,1,0.37499999999999994,supplier_delay,False,24,2
5028,demand_surge,bm25,1,TFIDF_LogReg_Calibrated,1273.0,0.7707182320441989,0.0,0.0,0.0,0.16666666666666666,1,1,0.0,normal,False,24,2
5028,demand_surge,bm25,3,RuleBased,1629.5,0.8328729281767956,0.0,0.0,0.0,0.16666666666666666,3,2,0.37499999999999994,supplier_delay,False,24,2
5028,demand_surge,bm25,3,TFIDF_LogReg_Calibrated,1267.0,0.7734806629834254,0.0,0.0,0.0,0.16666666666666666,3,2,0.0,supplier_delay,False,24,2
5028,demand_surge,bm25,5,RuleBased,1652.6000000000001,0.8370165745856354,0.0,0.0,0.0,0.16666666666666666,5,3,0.39999999999999997,normal,False,24,2
5028,demand_surge,bm25,5,TFIDF_LogReg_Calibrated,1273.0,0.7707182320441989,0.0,0.0,0.0,0.16666666666666666,5,3,0.0,supplier_delay,False,24,2
5028,demand_surge,tfidf,1,RuleBased,1708.076923076923,0.8470038249043774,0.0,0.0,0.0,0.16666666666666666,1,1,0.46153846153846156,demand_surge,True,24,2
5028,demand_surge,tfidf,1,TFIDF_LogReg_Calibrated,1278.0,0.7707182320441989,0.0,0.0,0.0,0.16666666666666666,1,1,0.0,normal,False,24,2
5028,demand_surge,tfidf,3,RuleBased,1708.076923076923,0.8470038249043774,0.0,0.0,0.0,0.16666666666666666,3,1,0.46153846153846156,demand_surge,True,24,2
5028,demand_surge,tfidf,3,TFIDF_LogReg_Calibrated,1267.0,0.7734806629834254,0.0,0.0,0.0,0.16666666666666666,3,1,0.0,supplier_delay,False,24,2
5028,demand_surge,tfidf,5,RuleBased,1652.6000000000001,0.8370165745856354,0.0,0.0,0.0,0.16666666666666666,5,3,0.39999999999999997,normal,False,24,2
5028,demand_surge,tfidf,5,TFIDF_LogReg_Calibrated,1273.0,0.7707182320441989,0.0,0.0,0.0,0.16666666666666666,5,3,0.0,supplier_delay,False,24,2
5028,demand_surge,dense,1,RuleBased,1268.0,0.7790055248618785,0.0,0.0,0.0,0.25,1,0,0.0,supplier_delay,False,24,2
5028,demand_surge,dense,1,TFIDF_LogReg_Calibrated,1273.0,0.7707182320441989,0.0,0.0,0.0,0.25,1,0,0.0,supplier_delay,False,24,2
5028,demand_surge,dense,3,RuleBased,1532.0,0.8259668508287292,0.0,0.0,0.0,0.25,3,1,0.5,supplier_delay,False,24,2
5028,demand_surge,dense,3,TFIDF_LogReg_Calibrated,1267.0,0.7734806629834254,0.0,0.0,0.0,0.25,3,1,0.0,supplier_delay,False,24,2
5028,demand_surge,dense,5,RuleBased,1541.666666666667,0.8296500920810315,0.4,1.0,0.5012658353418871,0.25,5,1,0.5555555555555556,demand_surge,True,24,2
5028,demand_surge,dense,5,TFIDF_LogReg_Calibrated,1392.6311975658039,0.7980516781907785,0.4,1.0,0.5012658353418871,0.25,5,1,0.13157845841769755,supplier_delay,False,24,2
5028,demand_surge,oracle,1,RuleBased,1532.0,0.8259668508287292,1.0,0.5,1.0,1.0,1,0,0.5,supplier_delay,False,24,2
5028,demand_surge,oracle,1,TFIDF_LogReg_Calibrated,1511.6419459250073,0.8201150489331326,1.0,0.5,1.0,1.0,1,0,0.4117353214080856,supplier_delay,False,24,2
5028,demand_surge,oracle,3,RuleBased,1541.666666666667,0.8296500920810315,0.6666666666666666,1.0,1.0,1.0,3,1,0.5555555555555556,demand_surge,True,24,2
5028,demand_surge,oracle,3,TFIDF_LogReg_Calibrated,1462.258454052937,0.8121452111896575,0.6666666666666666,1.0,1.0,1.0,3,1,0.2166094408442658,supplier_delay,False,24,2
5028,demand_surge,oracle,5,RuleBased,1541.666666666667,0.8296500920810315,0.4,1.0,1.0,1.0,5,2,0.5555555555555556,demand_surge,True,24,2
5028,demand_surge,oracle,5,TFIDF_LogReg_Calibrated,1499.9645313925027,0.8212385565936202,0.4,1.0,1.0,1.0,5,2,0.2762785828963516,supplier_delay,False,24,2
5029,normal,none,1,RuleBased,1660.0,0.8192000000000002,0.0,0.0,0.0,0.0,0,0,0.35,normal,True,24,2
5029,normal,none,1,TFIDF_LogReg_Calibrated,1660.0,0.8192000000000002,0.0,0.0,0.0,0.0,0,0,0.35,normal,True,24,2
5029,normal,none,3,RuleBased,1660.0,0.8192000000000002,0.0,0.0,0.0,0.0,0,0,0.35,normal,True,24,2
5029,normal,none,3,TFIDF_LogReg_Calibrated,1660.0,0.8192000000000002,0.0,0.0,0.0,0.0,0,0,0.35,normal,True,24,2
5029,normal,none,5,RuleBased,1660.0,0.8192000000000002,0.0,0.0,0.0,0.0,0,0,0.35,normal,True,24,2
5029,normal,none,5,TFIDF_LogReg_Calibrated,1660.0,0.8192000000000002,0.0,0.0,0.0,0.0,0,0,0.35,normal,True,24,2
5029,normal,random,1,RuleBased,1660.0,0.8192000000000002,0.0,0.0,0.0,0.5,1,0,0.4,normal,True,24,2
5029,normal,random,1,TFIDF_LogReg_Calibrated,1566.981636353411,0.7952058874431049,0.0,0.0,0.0,0.5,1,0,0.7124286185325005,normal,True,24,2
5029,normal,random,3,RuleBased,1640.333333333334,0.8133333333333334,0.3333333333333333,0.5,0.38685280723454163,0.5,3,1,0.44444444444444453,normal,True,24,2
5029,normal,random,3,TFIDF_LogReg_Calibrated,1394.0,0.7733333333333333,0.3333333333333333,0.5,0.38685280723454163,0.5,3,1,0.5880839348719169,normal,True,24,2
5029,normal,random,5,RuleBased,1640.333333333334,0.8133333333333334,0.2,0.5,0.38685280723454163,0.5,5,1,0.44444444444444453,normal,True,24,2
5029,normal,random,5,TFIDF_LogReg_Calibrated,1394.0,0.7733333333333333,0.2,0.5,0.38685280723454163,0.5,5,1,0.539976261275763,normal,True,24,2
5029,normal,bm25,1,RuleBased,1660.0,0.8192000000000002,1.0,0.5,1.0,1.0,1,0,0.4,normal,True,24,2
5029,normal,bm25,1,TFIDF_LogReg_Calibrated,1394.0,0.7733333333333333,1.0,0.5,1.0,1.0,1,0,0.6159566260122799,normal,True,24,2
5029,normal,bm25,3,RuleBased,1660.0,0.8192000000000002,0.3333333333333333,0.5,0.6131471927654584,1.0,3,0,0.4,normal,True,24,2
5029,normal,bm25,3,TFIDF_LogReg_Calibrated,1365.0,0.7786666666666666,0.3333333333333333,0.5,0.6131471927654584,1.0,3,0,0.22724101245958603,supplier_delay,False,24,2
5029,normal,bm25,5,RuleBased,1650.5,0.816,0.2,0.5,0.6131471927654584,1.0,5,0,0.5,normal,True,24,2
5029,normal,bm25,5,TFIDF_LogReg_Calibrated,1365.0,0.7786666666666666,0.2,0.5,0.6131471927654584,1.0,5,0,0.28160859112429293,supplier_delay,False,24,2
5029,normal,tfidf,1,RuleBased,1660.0,0.8192000000000002,1.0,0.5,1.0,1.0,1,0,0.4,normal,True,24,2
5029,normal,tfidf,1,TFIDF_LogReg_Calibrated,1394.0,0.7733333333333333,1.0,0.5,1.0,1.0,1,0,0.6159566260122799,normal,True,24,2
5029,normal,tfidf,3,RuleBased,1660.0,0.8192000000000002,0.3333333333333333,0.5,0.6131471927654584,1.0,3,0,0.4,normal,True,24,2
5029,normal,tfidf,3,TFIDF_LogReg_Calibrated,1365.0,0.7786666666666666,0.3333333333333333,0.5,0.6131471927654584,1.0,3,0,0.22724101245958603,supplier_delay,False,24,2
5029,normal,tfidf,5,RuleBased,1640.333333333334,0.8133333333333334,0.4,1.0,0.8772153153380493,1.0,5,0,0.44444444444444453,normal,True,24,2
5029,normal,tfidf,5,TFIDF_LogReg_Calibrated,1394.0,0.7733333333333333,0.4,1.0,0.8772153153380493,1.0,5,0,0.5553826847451017,normal,True,24,2
5029,normal,dense,1,RuleBased,1660.0,0.8192000000000002,1.0,0.5,1.0,1.0,1,0,0.4,normal,True,24,2
5029,normal,dense,1,TFIDF_LogReg_Calibrated,1394.0,0.7733333333333333,1.0,0.5,1.0,1.0,1,0,0.6159566260122799,normal,True,24,2
5029,normal,dense,3,RuleBased,1506.3846153846155,0.8038974358974359,0.6666666666666666,1.0,0.9197207891481876,1.0,3,0,0.3076923076923077,supplier_delay,False,24,2
5029,normal,dense,3,TFIDF_LogReg_Calibrated,1565.0,0.7946666666666666,0.6666666666666666,1.0,0.9197207891481876,1.0,3,0,0.6543082401201267,normal,True,24,2
5029,normal,dense,5,RuleBased,1506.3846153846155,0.8038974358974359,0.4,1.0,0.9197207891481876,1.0,5,1,0.3076923076923077,supplier_delay,False,24,2
5029,normal,dense,5,TFIDF_LogReg_Calibrated,1365.0,0.7786666666666666,0.4,1.0,0.9197207891481876,1.0,5,1,0.34519555106126937,supplier_delay,False,24,2
5029,normal,oracle,1,RuleBased,1660.0,0.8192000000000002,1.0,0.5,1.0,1.0,1,0,0.4,normal,True,24,2
5029,normal,oracle,1,TFIDF_LogReg_Calibrated,1394.0,0.7733333333333333,1.0,0.5,1.0,1.0,1,0,0.6159566260122799,normal,True,24,2
5029,normal,oracle,3,RuleBased,1640.333333333334,0.8133333333333334,0.6666666666666666,1.0,1.0,1.0,3,0,0.44444444444444453,normal,True,24,2
5029,normal,oracle,3,TFIDF_LogReg_Calibrated,1565.0,0.7946666666666666,0.6666666666666666,1.0,1.0,1.0,3,0,0.6745561747123935,normal,True,24,2
5029,normal,oracle,5,RuleBased,1663.8181818181818,0.8232727272727274,0.4,1.0,1.0,1.0,5,2,0.3636363636363637,normal,True,24,2
5029,normal,oracle,5,TFIDF_LogReg_Calibrated,1365.0,0.7786666666666666,0.4,1.0,1.0,1.0,5,2,0.3105987580292053,supplier_delay,False,24,2
5029,supplier_delay,none,1,RuleBased,1726.8000000000004,0.8346666666666667,0.0,0.0,0.0,0.0,0,0,0.35,normal,False,24,2
5029,supplier_delay,none,1,TFIDF_LogReg_Calibrated,1726.8000000000004,0.8346666666666667,0.0,0.0,0.0,0.0,0,0,0.35,normal,False,24,2
5029,supplier_delay,none,3,RuleBased,1726.8000000000004,0.8346666666666667,0.0,0.0,0.0,0.0,0,0,0.35,normal,False,24,2
5029,supplier_delay,none,3,TFIDF_LogReg_Calibrated,1726.8000000000004,0.8346666666666667,0.0,0.0,0.0,0.0,0,0,0.35,normal,False,24,2
5029,supplier_delay,none,5,RuleBased,1726.8000000000004,0.8346666666666667,0.0,0.0,0.0,0.0,0,0,0.35,normal,False,24,2
5029,supplier_delay,none,5,TFIDF_LogReg_Calibrated,1726.8000000000004,0.8346666666666667,0.0,0.0,0.0,0.0,0,0,0.35,normal,False,24,2
5029,supplier_delay,random,1,RuleBased,1726.8000000000004,0.8346666666666667,0.0,0.0,0.0,0.5,1,1,0.3,normal,False,24,2
5029,supplier_delay,random,1,TFIDF_LogReg_Calibrated,1447.5515324337266,0.7877451082195436,0.0,0.0,0.0,0.5,1,1,0.2808311217620194,normal,False,24,2
5029,supplier_delay,random,3,RuleBased,1829.8461538461538,0.844923076923077,0.3333333333333333,0.5,0.38685280723454163,0.5,3,1,0.46153846153846145,supplier_delay,True,24,2
5029,supplier_delay,random,3,TFIDF_LogReg_Calibrated,1673.0,0.8186666666666667,0.3333333333333333,0.5,0.38685280723454163,0.5,3,1,0.8761952026822909,supplier_delay,True,24,2
5029,supplier_delay,random,5,RuleBased,1801.6,0.84,0.2,0.5,0.38685280723454163,0.5,5,2,0.39999999999999997,normal,False,24,2
5029,supplier_delay,random,5,TFIDF_LogReg_Calibrated,1693.0,0.8186666666666667,0.2,0.5,0.38685280723454163,0.5,5,2,0.8473237647680807,supplier_delay,True,24,2
5029,supplier_delay,bm25,1,RuleBased,1967.0,0.872,1.0,0.5,1.0,1.0,1,0,0.5,supplier_delay,True,24,2
5029,supplier_delay,bm25,1,TFIDF_LogReg_Calibrated,1693.0,0.8186666666666667,1.0,0.5,1.0,1.0,1,0,0.8279750065136723,supplier_delay,True,24,2
5029,supplier_delay,bm25,3,RuleBased,1774.5,0.8433333333333334,0.3333333333333333,0.5,0.6131471927654584,1.0,3,1,0.37499999999999994,supplier_delay,True,24,2
5029,supplier_delay,bm25,3,TFIDF_LogReg_Calibrated,1693.0,0.8186666666666667,0.3333333333333333,0.5,0.6131471927654584,1.0,3,1,0.8182899340888669,supplier_delay,True,24,2
5029,supplier_delay,bm25,5,RuleBased,1774.5,0.8433333333333334,0.2,0.5,0.6131471927654584,1.0,5,2,0.37499999999999994,supplier_delay,True,24,2
5029,supplier_delay,bm25,5,TFIDF_LogReg_Calibrated,1673.0,0.8186666666666667,0.2,0.5,0.6131471927654584,1.0,5,2,0.8790408169028194,supplier_delay,True,24,2
5029,supplier_delay,tfidf,1,RuleBased,1967.0,0.872,1.0,0.5,1.0,1.0,1,0,0.5,supplier_delay,True,24,2
5029,supplier_delay,tfidf,1,TFIDF_LogReg_Calibrated,1693.0,0.8186666666666667,1.0,0.5,1.0,1.0,1,0,0.8279750065136723,supplier_delay,True,24,2
5029,supplier_delay,tfidf,3,RuleBased,1967.0,0.872,0.3333333333333333,0.5,0.6131471927654584,1.0,3,0,0.5,supplier_delay,True,24,2
5029,supplier_delay,tfidf,3,TFIDF_LogReg_Calibrated,1673.0,0.8186666666666667,0.3333333333333333,0.5,0.6131471927654584,1.0,3,0,0.9872038769372898,supplier_delay,True,24,2
5029,supplier_delay,tfidf,5,RuleBased,1774.5,0.8433333333333334,0.2,0.5,0.6131471927654584,1.0,5,2,0.37499999999999994,supplier_delay,True,24,2
5029,supplier_delay,tfidf,5,TFIDF_LogReg_Calibrated,1673.0,0.8186666666666667,0.2,0.5,0.6131471927654584,1.0,5,2,0.8790408169028194,supplier_delay,True,24,2
5029,supplier_delay,dense,1,RuleBased,1967.0,0.872,1.0,0.5,1.0,1.0,1,0,0.5,supplier_delay,True,24,2
5029,supplier_delay,dense,1,TFIDF_LogReg_Calibrated,1693.0,0.8186666666666667,1.0,0.5,1.0,1.0,1,0,0.8279750065136723,supplier_delay,True,24,2
5029,supplier_delay,dense,3,RuleBased,1774.5,0.8433333333333334,0.6666666666666666,1.0,0.9197207891481876,1.0,3,1,0.37499999999999994,supplier_delay,True,24,2
5029,supplier_delay,dense,3,TFIDF_LogReg_Calibrated,1673.0,0.8186666666666667,0.6666666666666666,1.0,0.9197207891481876,1.0,3,1,0.9279484373886869,supplier_delay,True,24,2
5029,supplier_delay,dense,5,RuleBased,1774.5,0.8433333333333334,0.4,1.0,0.9197207891481876,1.0,5,1,0.37499999999999994,supplier_delay,True,24,2
5029,supplier_delay,dense,5,TFIDF_LogReg_Calibrated,1673.0,0.8186666666666667,0.4,1.0,0.9197207891481876,1.0,5,1,0.9411251176938826,supplier_delay,True,24,2
5029,supplier_delay,oracle,1,RuleBased,1967.0,0.872,1.0,0.5,1.0,1.0,1,0,0.5,supplier_delay,True,24,2
5029,supplier_delay,oracle,1,TFIDF_LogReg_Calibrated,1693.0,0.8186666666666667,1.0,0.5,1.0,1.0,1,0,0.8279750065136723,supplier_delay,True,24,2
5029,supplier_delay,oracle,3,RuleBased,1784.909090909091,0.8370909090909091,0.6666666666666666,1.0,1.0,1.0,3,1,0.4545454545454546,supplier_delay,True,24,2
5029,supplier_delay,oracle,3,TFIDF_LogReg_Calibrated,1673.0,0.8186666666666667,0.6666666666666666,1.0,1.0,1.0,3,1,0.8821486388782009,supplier_delay,True,24,2
5029,supplier_delay,oracle,5,RuleBased,1892.307692307692,0.8566153846153846,0.4,1.0,1.0,1.0,5,2,0.3846153846153846,supplier_delay,True,24,2
5029,supplier_delay,oracle,5,TFIDF_LogReg_Calibrated,1673.0,0.8186666666666667,0.4,1.0,1.0,1.0,5,2,0.960248696188081,supplier_delay,True,24,2
5029,demand_surge,none,1,RuleBased,1621.7999999999997,0.7676959619952495,0.0,0.0,0.0,0.0,0,0,0.3,normal,False,24,2
5029,demand_surge,none,1,TFIDF_LogReg_Calibrated,1621.7999999999997,0.7676959619952495,0.0,0.0,0.0,0.0,0,0,0.3,normal,False,24,2
5029,demand_surge,none,3,RuleBased,1621.7999999999997,0.7676959619952495,0.0,0.0,0.0,0.0,0,0,0.3,normal,False,24,2
5029,demand_surge,none,3,TFIDF_LogReg_Calibrated,1621.7999999999997,0.7676959619952495,0.0,0.0,0.0,0.0,0,0,0.3,normal,False,24,2
5029,demand_surge,none,5,RuleBased,1621.7999999999997,0.7676959619952495,0.0,0.0,0.0,0.0,0,0,0.3,normal,False,24,2
5029,demand_surge,none,5,TFIDF_LogReg_Calibrated,1621.7999999999997,0.7676959619952495,0.0,0.0,0.0,0.0,0,0,0.3,normal,False,24,2
5029,demand_surge,random,1,RuleBased,1621.7999999999997,0.7676959619952495,0.0,0.0,0.0,0.5,1,1,0.3,normal,False,24,2
5029,demand_surge,random,1,TFIDF_LogReg_Calibrated,1372.7831428273016,0.7300806983945273,0.0,0.0,0.0,0.5,1,1,0.006740259705480035,normal,False,24,2
5029,demand_surge,random,3,RuleBased,1758.4615384615386,0.7884158596747671,0.3333333333333333,0.5,0.38685280723454163,0.5,3,2,0.46153846153846156,demand_surge,True,24,2
5029,demand_surge,random,3,TFIDF_LogReg_Calibrated,1502.6543831556253,0.7516563186288757,0.3333333333333333,0.5,0.38685280723454163,0.5,3,2,0.15745516904594412,supplier_delay,False,24,2
5029,demand_surge,random,5,RuleBased,1706.4,0.7805225653206651,0.2,0.5,0.38685280723454163,0.5,5,3,0.39999999999999997,normal,False,24,2
5029,demand_surge,random,5,TFIDF_LogReg_Calibrated,1424.5944548767911,0.7393771460063224,0.2,0.5,0.38685280723454163,0.5,5,3,0.07129630781102797,supplier_delay,False,24,2
5029,demand_surge,bm25,1,RuleBased,1349.0,0.7292161520190024,0.0,0.0,0.0,0.16666666666666666,1,0,0.0,supplier_delay,False,24,2
5029,demand_surge,bm25,1,TFIDF_LogReg_Calibrated,1498.0160536297021,0.7509266888407768,0.0,0.0,0.0,0.16666666666666666,1,0,0.15233560003278343,supplier_delay,False,24,2
5029,demand_surge,bm25,3,RuleBased,1685.25,0.7773159144893111,0.0,0.0,0.0,0.16666666666666666,3,1,0.37499999999999994,supplier_delay,False,24,2
5029,demand_surge,bm25,3,TFIDF_LogReg_Calibrated,1526.7362075737824,0.7554444963228175,0.0,0.0,0.0,0.16666666666666666,3,1,0.18403554919843543,supplier_delay,False,24,2
5029,demand_surge,bm25,5,RuleBased,1650.0,0.7719714964370546,0.0,0.0,0.0,0.16666666666666666,5,3,0.3333333333333333,normal,False,24,2
5029,demand_surge,bm25,5,TFIDF_LogReg_Calibrated,1360.0,0.7292161520190024,0.0,0.0,0.0,0.16666666666666666,5,3,0.0,supplier_delay,False,24,2
5029,demand_surge,tfidf,1,RuleBased,1349.0,0.7292161520190024,0.0,0.0,0.0,0.16666666666666666,1,0,0.0,supplier_delay,False,24,2
5029,demand_surge,tfidf,1,TFIDF_LogReg_Calibrated,1498.0160536297021,0.7509266888407768,0.0,0.0,0.0,0.16666666666666666,1,0,0.15233560003278343,supplier_delay,False,24,2
5029,demand_surge,tfidf,3,RuleBased,1685.25,0.7773159144893111,0.0,0.0,0.0,0.16666666666666666,3,1,0.37499999999999994,supplier_delay,False,24,2
5029,demand_surge,tfidf,3,TFIDF_LogReg_Calibrated,1526.7362075737824,0.7554444963228175,0.0,0.0,0.0,0.16666666666666666,3,1,0.18403554919843543,supplier_delay,False,24,2
5029,demand_surge,tfidf,5,RuleBased,1650.0,0.7719714964370546,0.0,0.0,0.0,0.16666666666666666,5,3,0.3333333333333333,normal,False,24,2
5029,demand_surge,tfidf,5,TFIDF_LogReg_Calibrated,1360.0,0.7292161520190024,0.0,0.0,0.0,0.16666666666666666,5,3,0.0,supplier_delay,False,24,2
5029,demand_surge,dense,1,RuleBased,1685.25,0.7773159144893111,0.0,0.0,0.0,0.25,1,1,0.37499999999999994,supplier_delay,False,24,2
5029,demand_surge,dense,1,TFIDF_LogReg_Calibrated,1361.9397714778781,0.7295212866681157,0.0,0.0,0.0,0.25,1,1,0.002141028121278333,supplier_delay,False,24,2
5029,demand_surge,dense,3,RuleBased,1685.25,0.7773159144893111,0.0,0.0,0.0,0.25,3,2,0.37499999999999994,supplier_delay,False,24,2
5029,demand_surge,dense,3,TFIDF_LogReg_Calibrated,1349.0,0.7292161520190024,0.0,0.0,0.0,0.25,3,2,0.0,supplier_delay,False,24,2
5029,demand_surge,dense,5,RuleBased,1685.25,0.7773159144893111,0.2,0.5,0.2640681225725909,0.25,5,2,0.37499999999999994,supplier_delay,False,24,2
5029,demand_surge,dense,5,TFIDF_LogReg_Calibrated,1551.8906106672284,0.7594013953952634,0.2,0.5,0.2640681225725909,0.25,5,2,0.21179979102343116,supplier_delay,False,24,2
5029,demand_surge,oracle,1,RuleBased,1826.0,0.8004750593824228,1.0,0.5,1.0,1.0,1,0,0.5,supplier_delay,False,24,2
5029,demand_surge,oracle,1,TFIDF_LogReg_Calibrated,1981.5318315381264,0.8239416312935994,1.0,0.5,1.0,1.0,1,0,0.7683213911376114,demand_surge,True,24,2
5029,demand_surge,oracle,3,RuleBased,1675.6363636363637,0.7758583459296049,0.6666666666666666,1.0,1.0,1.0,3,1,0.36363636363636365,normal,False,24,2
5029,demand_surge,oracle,3,TFIDF_LogReg_Calibrated,1684.551805861138,0.7786580815407254,0.6666666666666666,1.0,1.0,1.0,3,1,0.34691753881075554,supplier_delay,False,24,2
5029,demand_surge,oracle,5,RuleBased,1675.6363636363637,0.7758583459296049,0.4,1.0,1.0,1.0,5,2,0.36363636363636365,normal,False,24,2
5029,demand_surge,oracle,5,TFIDF_LogReg_Calibrated,1408.774891279011,0.7390476884813173,0.4,1.0,1.0,1.0,5,2,0.06898461417724314,supplier_delay,False,24,2
