sensor,regime,template_id,ambiguity_level,seed,true_regime,predicted_regime,is_false_positive,is_false_negative,sensor_profit,noinfo_profit,profit_loss_vs_noinfo
NoInfo,normal,normal_clear_1,clear,1000,normal,normal,False,False,1752.6,1615.0533333333333,-137.54666666666662
NoInfo,normal,normal_clear_2,clear,1000,normal,normal,False,False,1752.6,1615.0533333333333,-137.54666666666662
NoInfo,normal,normal_moderate_1,moderate,1000,normal,normal,False,False,1752.6,1615.0533333333333,-137.54666666666662
NoInfo,normal,normal_moderate_2,moderate,1000,normal,normal,False,False,1752.6,1615.0533333333333,-137.54666666666662
NoInfo,normal,normal_vague_1,vague,1000,normal,normal,False,False,1752.6,1615.0533333333333,-137.54666666666662
NoInfo,normal,normal_vague_2,vague,1000,normal,normal,False,False,1752.6,1615.0533333333333,-137.54666666666662
NoInfo,normal,normal_clear_1,clear,1001,normal,normal,False,False,1266.3999999999999,1615.0533333333333,348.6533333333334
NoInfo,normal,normal_clear_2,clear,1001,normal,normal,False,False,1266.3999999999999,1615.0533333333333,348.6533333333334
NoInfo,normal,normal_moderate_1,moderate,1001,normal,normal,False,False,1266.3999999999999,1615.0533333333333,348.6533333333334
NoInfo,normal,normal_moderate_2,moderate,1001,normal,normal,False,False,1266.3999999999999,1615.0533333333333,348.6533333333334
NoInfo,normal,normal_vague_1,vague,1001,normal,normal,False,False,1266.3999999999999,1615.0533333333333,348.6533333333334
NoInfo,normal,normal_vague_2,vague,1001,normal,normal,False,False,1266.3999999999999,1615.0533333333333,348.6533333333334
NoInfo,normal,normal_clear_1,clear,1002,normal,normal,False,False,1681.6,1615.0533333333333,-66.54666666666662
NoInfo,normal,normal_clear_2,clear,1002,normal,normal,False,False,1681.6,1615.0533333333333,-66.54666666666662
NoInfo,normal,normal_moderate_1,moderate,1002,normal,normal,False,False,1681.6,1615.0533333333333,-66.54666666666662
NoInfo,normal,normal_moderate_2,moderate,1002,normal,normal,False,False,1681.6,1615.0533333333333,-66.54666666666662
NoInfo,normal,normal_vague_1,vague,1002,normal,normal,False,False,1681.6,1615.0533333333333,-66.54666666666662
NoInfo,normal,normal_vague_2,vague,1002,normal,normal,False,False,1681.6,1615.0533333333333,-66.54666666666662
NoInfo,normal,normal_clear_1,clear,1003,normal,normal,False,False,1634.2,1615.0533333333333,-19.14666666666676
NoInfo,normal,normal_clear_2,clear,1003,normal,normal,False,False,1634.2,1615.0533333333333,-19.14666666666676
NoInfo,normal,normal_moderate_1,moderate,1003,normal,normal,False,False,1634.2,1615.0533333333333,-19.14666666666676
NoInfo,normal,normal_moderate_2,moderate,1003,normal,normal,False,False,1634.2,1615.0533333333333,-19.14666666666676
NoInfo,normal,normal_vague_1,vague,1003,normal,normal,False,False,1634.2,1615.0533333333333,-19.14666666666676
NoInfo,normal,normal_vague_2,vague,1003,normal,normal,False,False,1634.2,1615.0533333333333,-19.14666666666676
NoInfo,normal,normal_clear_1,clear,1004,normal,normal,False,False,1786.3999999999996,1615.0533333333333,-171.34666666666635
NoInfo,normal,normal_clear_2,clear,1004,normal,normal,False,False,1786.3999999999996,1615.0533333333333,-171.34666666666635
NoInfo,normal,normal_moderate_1,moderate,1004,normal,normal,False,False,1786.3999999999996,1615.0533333333333,-171.34666666666635
NoInfo,normal,normal_moderate_2,moderate,1004,normal,normal,False,False,1786.3999999999996,1615.0533333333333,-171.34666666666635
NoInfo,normal,normal_vague_1,vague,1004,normal,normal,False,False,1786.3999999999996,1615.0533333333333,-171.34666666666635
NoInfo,normal,normal_vague_2,vague,1004,normal,normal,False,False,1786.3999999999996,1615.0533333333333,-171.34666666666635
NoInfo,normal,normal_clear_1,clear,1005,normal,normal,False,False,1880.8,1615.0533333333333,-265.74666666666667
NoInfo,normal,normal_clear_2,clear,1005,normal,normal,False,False,1880.8,1615.0533333333333,-265.74666666666667
NoInfo,normal,normal_moderate_1,moderate,1005,normal,normal,False,False,1880.8,1615.0533333333333,-265.74666666666667
NoInfo,normal,normal_moderate_2,moderate,1005,normal,normal,False,False,1880.8,1615.0533333333333,-265.74666666666667
NoInfo,normal,normal_vague_1,vague,1005,normal,normal,False,False,1880.8,1615.0533333333333,-265.74666666666667
NoInfo,normal,normal_vague_2,vague,1005,normal,normal,False,False,1880.8,1615.0533333333333,-265.74666666666667
NoInfo,normal,normal_clear_1,clear,1006,normal,normal,False,False,1402.7999999999995,1615.0533333333333,212.25333333333379
NoInfo,normal,normal_clear_2,clear,1006,normal,normal,False,False,1402.7999999999995,1615.0533333333333,212.25333333333379
NoInfo,normal,normal_moderate_1,moderate,1006,normal,normal,False,False,1402.7999999999995,1615.0533333333333,212.25333333333379
NoInfo,normal,normal_moderate_2,moderate,1006,normal,normal,False,False,1402.7999999999995,1615.0533333333333,212.25333333333379
NoInfo,normal,normal_vague_1,vague,1006,normal,normal,False,False,1402.7999999999995,1615.0533333333333,212.25333333333379
NoInfo,normal,normal_vague_2,vague,1006,normal,normal,False,False,1402.7999999999995,1615.0533333333333,212.25333333333379
NoInfo,normal,normal_clear_1,clear,1007,normal,normal,False,False,1844.3999999999994,1615.0533333333333,-229.34666666666612
NoInfo,normal,normal_clear_2,clear,1007,normal,normal,False,False,1844.3999999999994,1615.0533333333333,-229.34666666666612
NoInfo,normal,normal_moderate_1,moderate,1007,normal,normal,False,False,1844.3999999999994,1615.0533333333333,-229.34666666666612
NoInfo,normal,normal_moderate_2,moderate,1007,normal,normal,False,False,1844.3999999999994,1615.0533333333333,-229.34666666666612
NoInfo,normal,normal_vague_1,vague,1007,normal,normal,False,False,1844.3999999999994,1615.0533333333333,-229.34666666666612
NoInfo,normal,normal_vague_2,vague,1007,normal,normal,False,False,1844.3999999999994,1615.0533333333333,-229.34666666666612
NoInfo,normal,normal_clear_1,clear,1008,normal,normal,False,False,1561.9999999999995,1615.0533333333333,53.05333333333374
NoInfo,normal,normal_clear_2,clear,1008,normal,normal,False,False,1561.9999999999995,1615.0533333333333,53.05333333333374
NoInfo,normal,normal_moderate_1,moderate,1008,normal,normal,False,False,1561.9999999999995,1615.0533333333333,53.05333333333374
NoInfo,normal,normal_moderate_2,moderate,1008,normal,normal,False,False,1561.9999999999995,1615.0533333333333,53.05333333333374
NoInfo,normal,normal_vague_1,vague,1008,normal,normal,False,False,1561.9999999999995,1615.0533333333333,53.05333333333374
NoInfo,normal,normal_vague_2,vague,1008,normal,normal,False,False,1561.9999999999995,1615.0533333333333,53.05333333333374
NoInfo,normal,normal_clear_1,clear,1009,normal,normal,False,False,1479.9999999999998,1615.0533333333333,135.0533333333335
NoInfo,normal,normal_clear_2,clear,1009,normal,normal,False,False,1479.9999999999998,1615.0533333333333,135.0533333333335
NoInfo,normal,normal_moderate_1,moderate,1009,normal,normal,False,False,1479.9999999999998,1615.0533333333333,135.0533333333335
NoInfo,normal,normal_moderate_2,moderate,1009,normal,normal,False,False,1479.9999999999998,1615.0533333333333,135.0533333333335
NoInfo,normal,normal_vague_1,vague,1009,normal,normal,False,False,1479.9999999999998,1615.0533333333333,135.0533333333335
NoInfo,normal,normal_vague_2,vague,1009,normal,normal,False,False,1479.9999999999998,1615.0533333333333,135.0533333333335
NoInfo,normal,normal_clear_1,clear,1010,normal,normal,False,False,1714.3999999999999,1615.0533333333333,-99.34666666666658
NoInfo,normal,normal_clear_2,clear,1010,normal,normal,False,False,1714.3999999999999,1615.0533333333333,-99.34666666666658
NoInfo,normal,normal_moderate_1,moderate,1010,normal,normal,False,False,1714.3999999999999,1615.0533333333333,-99.34666666666658
NoInfo,normal,normal_moderate_2,moderate,1010,normal,normal,False,False,1714.3999999999999,1615.0533333333333,-99.34666666666658
NoInfo,normal,normal_vague_1,vague,1010,normal,normal,False,False,1714.3999999999999,1615.0533333333333,-99.34666666666658
NoInfo,normal,normal_vague_2,vague,1010,normal,normal,False,False,1714.3999999999999,1615.0533333333333,-99.34666666666658
NoInfo,normal,normal_clear_1,clear,1011,normal,normal,False,False,1678.3999999999999,1615.0533333333333,-63.34666666666658
NoInfo,normal,normal_clear_2,clear,1011,normal,normal,False,False,1678.3999999999999,1615.0533333333333,-63.34666666666658
NoInfo,normal,normal_moderate_1,moderate,1011,normal,normal,False,False,1678.3999999999999,1615.0533333333333,-63.34666666666658
NoInfo,normal,normal_moderate_2,moderate,1011,normal,normal,False,False,1678.3999999999999,1615.0533333333333,-63.34666666666658
NoInfo,normal,normal_vague_1,vague,1011,normal,normal,False,False,1678.3999999999999,1615.0533333333333,-63.34666666666658
NoInfo,normal,normal_vague_2,vague,1011,normal,normal,False,False,1678.3999999999999,1615.0533333333333,-63.34666666666658
NoInfo,normal,normal_clear_1,clear,1012,normal,normal,False,False,1585.3999999999999,1615.0533333333333,29.65333333333342
NoInfo,normal,normal_clear_2,clear,1012,normal,normal,False,False,1585.3999999999999,1615.0533333333333,29.65333333333342
NoInfo,normal,normal_moderate_1,moderate,1012,normal,normal,False,False,1585.3999999999999,1615.0533333333333,29.65333333333342
NoInfo,normal,normal_moderate_2,moderate,1012,normal,normal,False,False,1585.3999999999999,1615.0533333333333,29.65333333333342
NoInfo,normal,normal_vague_1,vague,1012,normal,normal,False,False,1585.3999999999999,1615.0533333333333,29.65333333333342
NoInfo,normal,normal_vague_2,vague,1012,normal,normal,False,False,1585.3999999999999,1615.0533333333333,29.65333333333342
NoInfo,normal,normal_clear_1,clear,1013,normal,normal,False,False,1466.4000000000003,1615.0533333333333,148.65333333333297
NoInfo,normal,normal_clear_2,clear,1013,normal,normal,False,False,1466.4000000000003,1615.0533333333333,148.65333333333297
NoInfo,normal,normal_moderate_1,moderate,1013,normal,normal,False,False,1466.4000000000003,1615.0533333333333,148.65333333333297
NoInfo,normal,normal_moderate_2,moderate,1013,normal,normal,False,False,1466.4000000000003,1615.0533333333333,148.65333333333297
NoInfo,normal,normal_vague_1,vague,1013,normal,normal,False,False,1466.4000000000003,1615.0533333333333,148.65333333333297
NoInfo,normal,normal_vague_2,vague,1013,normal,normal,False,False,1466.4000000000003,1615.0533333333333,148.65333333333297
NoInfo,normal,normal_clear_1,clear,1014,normal,normal,False,False,1489.9999999999995,1615.0533333333333,125.05333333333374
NoInfo,normal,normal_clear_2,clear,1014,normal,normal,False,False,1489.9999999999995,1615.0533333333333,125.05333333333374
NoInfo,normal,normal_moderate_1,moderate,1014,normal,normal,False,False,1489.9999999999995,1615.0533333333333,125.05333333333374
NoInfo,normal,normal_moderate_2,moderate,1014,normal,normal,False,False,1489.9999999999995,1615.0533333333333,125.05333333333374
NoInfo,normal,normal_vague_1,vague,1014,normal,normal,False,False,1489.9999999999995,1615.0533333333333,125.05333333333374
NoInfo,normal,normal_vague_2,vague,1014,normal,normal,False,False,1489.9999999999995,1615.0533333333333,125.05333333333374
NoInfo,supplier_delay,delay_clear_1,clear,1000,supplier_delay,normal,False,True,1475.6000000000001,1550.7999999999997,75.19999999999959
NoInfo,supplier_delay,delay_clear_2,clear,1000,supplier_delay,normal,False,True,1475.6000000000001,1550.7999999999997,75.19999999999959
NoInfo,supplier_delay,delay_moderate_1,moderate,1000,supplier_delay,normal,False,True,1475.6000000000001,1550.7999999999997,75.19999999999959
NoInfo,supplier_delay,delay_moderate_2,moderate,1000,supplier_delay,normal,False,True,1475.6000000000001,1550.7999999999997,75.19999999999959
NoInfo,supplier_delay,delay_vague_1,vague,1000,supplier_delay,normal,False,True,1475.6000000000001,1550.7999999999997,75.19999999999959
NoInfo,supplier_delay,delay_vague_2,vague,1000,supplier_delay,normal,False,True,1475.6000000000001,1550.7999999999997,75.19999999999959
NoInfo,supplier_delay,delay_clear_1,clear,1001,supplier_delay,normal,False,True,1561.5999999999997,1550.7999999999997,-10.799999999999955
NoInfo,supplier_delay,delay_clear_2,clear,1001,supplier_delay,normal,False,True,1561.5999999999997,1550.7999999999997,-10.799999999999955
NoInfo,supplier_delay,delay_moderate_1,moderate,1001,supplier_delay,normal,False,True,1561.5999999999997,1550.7999999999997,-10.799999999999955
NoInfo,supplier_delay,delay_moderate_2,moderate,1001,supplier_delay,normal,False,True,1561.5999999999997,1550.7999999999997,-10.799999999999955
NoInfo,supplier_delay,delay_vague_1,vague,1001,supplier_delay,normal,False,True,1561.5999999999997,1550.7999999999997,-10.799999999999955
NoInfo,supplier_delay,delay_vague_2,vague,1001,supplier_delay,normal,False,True,1561.5999999999997,1550.7999999999997,-10.799999999999955
NoInfo,supplier_delay,delay_clear_1,clear,1002,supplier_delay,normal,False,True,1559.6000000000004,1550.7999999999997,-8.800000000000637
NoInfo,supplier_delay,delay_clear_2,clear,1002,supplier_delay,normal,False,True,1559.6000000000004,1550.7999999999997,-8.800000000000637
NoInfo,supplier_delay,delay_moderate_1,moderate,1002,supplier_delay,normal,False,True,1559.6000000000004,1550.7999999999997,-8.800000000000637
NoInfo,supplier_delay,delay_moderate_2,moderate,1002,supplier_delay,normal,False,True,1559.6000000000004,1550.7999999999997,-8.800000000000637
NoInfo,supplier_delay,delay_vague_1,vague,1002,supplier_delay,normal,False,True,1559.6000000000004,1550.7999999999997,-8.800000000000637
NoInfo,supplier_delay,delay_vague_2,vague,1002,supplier_delay,normal,False,True,1559.6000000000004,1550.7999999999997,-8.800000000000637
NoInfo,supplier_delay,delay_clear_1,clear,1003,supplier_delay,normal,False,True,1525.2000000000003,1550.7999999999997,25.599999999999454
NoInfo,supplier_delay,delay_clear_2,clear,1003,supplier_delay,normal,False,True,1525.2000000000003,1550.7999999999997,25.599999999999454
NoInfo,supplier_delay,delay_moderate_1,moderate,1003,supplier_delay,normal,False,True,1525.2000000000003,1550.7999999999997,25.599999999999454
NoInfo,supplier_delay,delay_moderate_2,moderate,1003,supplier_delay,normal,False,True,1525.2000000000003,1550.7999999999997,25.599999999999454
NoInfo,supplier_delay,delay_vague_1,vague,1003,supplier_delay,normal,False,True,1525.2000000000003,1550.7999999999997,25.599999999999454
NoInfo,supplier_delay,delay_vague_2,vague,1003,supplier_delay,normal,False,True,1525.2000000000003,1550.7999999999997,25.599999999999454
NoInfo,supplier_delay,delay_clear_1,clear,1004,supplier_delay,normal,False,True,1500.2,1550.7999999999997,50.59999999999968
NoInfo,supplier_delay,delay_clear_2,clear,1004,supplier_delay,normal,False,True,1500.2,1550.7999999999997,50.59999999999968
NoInfo,supplier_delay,delay_moderate_1,moderate,1004,supplier_delay,normal,False,True,1500.2,1550.7999999999997,50.59999999999968
NoInfo,supplier_delay,delay_moderate_2,moderate,1004,supplier_delay,normal,False,True,1500.2,1550.7999999999997,50.59999999999968
NoInfo,supplier_delay,delay_vague_1,vague,1004,supplier_delay,normal,False,True,1500.2,1550.7999999999997,50.59999999999968
NoInfo,supplier_delay,delay_vague_2,vague,1004,supplier_delay,normal,False,True,1500.2,1550.7999999999997,50.59999999999968
NoInfo,supplier_delay,delay_clear_1,clear,1005,supplier_delay,normal,False,True,1702.2000000000005,1550.7999999999997,-151.40000000000077
NoInfo,supplier_delay,delay_clear_2,clear,1005,supplier_delay,normal,False,True,1702.2000000000005,1550.7999999999997,-151.40000000000077
NoInfo,supplier_delay,delay_moderate_1,moderate,1005,supplier_delay,normal,False,True,1702.2000000000005,1550.7999999999997,-151.40000000000077
NoInfo,supplier_delay,delay_moderate_2,moderate,1005,supplier_delay,normal,False,True,1702.2000000000005,1550.7999999999997,-151.40000000000077
NoInfo,supplier_delay,delay_vague_1,vague,1005,supplier_delay,normal,False,True,1702.2000000000005,1550.7999999999997,-151.40000000000077
NoInfo,supplier_delay,delay_vague_2,vague,1005,supplier_delay,normal,False,True,1702.2000000000005,1550.7999999999997,-151.40000000000077
NoInfo,supplier_delay,delay_clear_1,clear,1006,supplier_delay,normal,False,True,1747.9999999999993,1550.7999999999997,-197.1999999999996
NoInfo,supplier_delay,delay_clear_2,clear,1006,supplier_delay,normal,False,True,1747.9999999999993,1550.7999999999997,-197.1999999999996
NoInfo,supplier_delay,delay_moderate_1,moderate,1006,supplier_delay,normal,False,True,1747.9999999999993,1550.7999999999997,-197.1999999999996
NoInfo,supplier_delay,delay_moderate_2,moderate,1006,supplier_delay,normal,False,True,1747.9999999999993,1550.7999999999997,-197.1999999999996
NoInfo,supplier_delay,delay_vague_1,vague,1006,supplier_delay,normal,False,True,1747.9999999999993,1550.7999999999997,-197.1999999999996
NoInfo,supplier_delay,delay_vague_2,vague,1006,supplier_delay,normal,False,True,1747.9999999999993,1550.7999999999997,-197.1999999999996
NoInfo,supplier_delay,delay_clear_1,clear,1007,supplier_delay,normal,False,True,1597.1999999999998,1550.7999999999997,-46.40000000000009
NoInfo,supplier_delay,delay_clear_2,clear,1007,supplier_delay,normal,False,True,1597.1999999999998,1550.7999999999997,-46.40000000000009
NoInfo,supplier_delay,delay_moderate_1,moderate,1007,supplier_delay,normal,False,True,1597.1999999999998,1550.7999999999997,-46.40000000000009
NoInfo,supplier_delay,delay_moderate_2,moderate,1007,supplier_delay,normal,False,True,1597.1999999999998,1550.7999999999997,-46.40000000000009
NoInfo,supplier_delay,delay_vague_1,vague,1007,supplier_delay,normal,False,True,1597.1999999999998,1550.7999999999997,-46.40000000000009
NoInfo,supplier_delay,delay_vague_2,vague,1007,supplier_delay,normal,False,True,1597.1999999999998,1550.7999999999997,-46.40000000000009
NoInfo,supplier_delay,delay_clear_1,clear,1008,supplier_delay,normal,False,True,1598.6000000000004,1550.7999999999997,-47.80000000000064
NoInfo,supplier_delay,delay_clear_2,clear,1008,supplier_delay,normal,False,True,1598.6000000000004,1550.7999999999997,-47.80000000000064
NoInfo,supplier_delay,delay_moderate_1,moderate,1008,supplier_delay,normal,False,True,1598.6000000000004,1550.7999999999997,-47.80000000000064
NoInfo,supplier_delay,delay_moderate_2,moderate,1008,supplier_delay,normal,False,True,1598.6000000000004,1550.7999999999997,-47.80000000000064
NoInfo,supplier_delay,delay_vague_1,vague,1008,supplier_delay,normal,False,True,1598.6000000000004,1550.7999999999997,-47.80000000000064
NoInfo,supplier_delay,delay_vague_2,vague,1008,supplier_delay,normal,False,True,1598.6000000000004,1550.7999999999997,-47.80000000000064
NoInfo,supplier_delay,delay_clear_1,clear,1009,supplier_delay,normal,False,True,1412.6,1550.7999999999997,138.19999999999982
NoInfo,supplier_delay,delay_clear_2,clear,1009,supplier_delay,normal,False,True,1412.6,1550.7999999999997,138.19999999999982
NoInfo,supplier_delay,delay_moderate_1,moderate,1009,supplier_delay,normal,False,True,1412.6,1550.7999999999997,138.19999999999982
NoInfo,supplier_delay,delay_moderate_2,moderate,1009,supplier_delay,normal,False,True,1412.6,1550.7999999999997,138.19999999999982
NoInfo,supplier_delay,delay_vague_1,vague,1009,supplier_delay,normal,False,True,1412.6,1550.7999999999997,138.19999999999982
NoInfo,supplier_delay,delay_vague_2,vague,1009,supplier_delay,normal,False,True,1412.6,1550.7999999999997,138.19999999999982
NoInfo,supplier_delay,delay_clear_1,clear,1010,supplier_delay,normal,False,True,1445.4000000000003,1550.7999999999997,105.39999999999941
NoInfo,supplier_delay,delay_clear_2,clear,1010,supplier_delay,normal,False,True,1445.4000000000003,1550.7999999999997,105.39999999999941
NoInfo,supplier_delay,delay_moderate_1,moderate,1010,supplier_delay,normal,False,True,1445.4000000000003,1550.7999999999997,105.39999999999941
NoInfo,supplier_delay,delay_moderate_2,moderate,1010,supplier_delay,normal,False,True,1445.4000000000003,1550.7999999999997,105.39999999999941
NoInfo,supplier_delay,delay_vague_1,vague,1010,supplier_delay,normal,False,True,1445.4000000000003,1550.7999999999997,105.39999999999941
NoInfo,supplier_delay,delay_vague_2,vague,1010,supplier_delay,normal,False,True,1445.4000000000003,1550.7999999999997,105.39999999999941
NoInfo,supplier_delay,delay_clear_1,clear,1011,supplier_delay,normal,False,True,1473.0,1550.7999999999997,77.79999999999973
NoInfo,supplier_delay,delay_clear_2,clear,1011,supplier_delay,normal,False,True,1473.0,1550.7999999999997,77.79999999999973
NoInfo,supplier_delay,delay_moderate_1,moderate,1011,supplier_delay,normal,False,True,1473.0,1550.7999999999997,77.79999999999973
NoInfo,supplier_delay,delay_moderate_2,moderate,1011,supplier_delay,normal,False,True,1473.0,1550.7999999999997,77.79999999999973
NoInfo,supplier_delay,delay_vague_1,vague,1011,supplier_delay,normal,False,True,1473.0,1550.7999999999997,77.79999999999973
NoInfo,supplier_delay,delay_vague_2,vague,1011,supplier_delay,normal,False,True,1473.0,1550.7999999999997,77.79999999999973
NoInfo,supplier_delay,delay_clear_1,clear,1012,supplier_delay,normal,False,True,1450.6,1550.7999999999997,100.19999999999982
NoInfo,supplier_delay,delay_clear_2,clear,1012,supplier_delay,normal,False,True,1450.6,1550.7999999999997,100.19999999999982
NoInfo,supplier_delay,delay_moderate_1,moderate,1012,supplier_delay,normal,False,True,1450.6,1550.7999999999997,100.19999999999982
NoInfo,supplier_delay,delay_moderate_2,moderate,1012,supplier_delay,normal,False,True,1450.6,1550.7999999999997,100.19999999999982
NoInfo,supplier_delay,delay_vague_1,vague,1012,supplier_delay,normal,False,True,1450.6,1550.7999999999997,100.19999999999982
NoInfo,supplier_delay,delay_vague_2,vague,1012,supplier_delay,normal,False,True,1450.6,1550.7999999999997,100.19999999999982
NoInfo,supplier_delay,delay_clear_1,clear,1013,supplier_delay,normal,False,True,1618.4000000000005,1550.7999999999997,-67.60000000000082
NoInfo,supplier_delay,delay_clear_2,clear,1013,supplier_delay,normal,False,True,1618.4000000000005,1550.7999999999997,-67.60000000000082
NoInfo,supplier_delay,delay_moderate_1,moderate,1013,supplier_delay,normal,False,True,1618.4000000000005,1550.7999999999997,-67.60000000000082
NoInfo,supplier_delay,delay_moderate_2,moderate,1013,supplier_delay,normal,False,True,1618.4000000000005,1550.7999999999997,-67.60000000000082
NoInfo,supplier_delay,delay_vague_1,vague,1013,supplier_delay,normal,False,True,1618.4000000000005,1550.7999999999997,-67.60000000000082
NoInfo,supplier_delay,delay_vague_2,vague,1013,supplier_delay,normal,False,True,1618.4000000000005,1550.7999999999997,-67.60000000000082
NoInfo,supplier_delay,delay_clear_1,clear,1014,supplier_delay,normal,False,True,1593.8,1550.7999999999997,-43.00000000000023
NoInfo,supplier_delay,delay_clear_2,clear,1014,supplier_delay,normal,False,True,1593.8,1550.7999999999997,-43.00000000000023
NoInfo,supplier_delay,delay_moderate_1,moderate,1014,supplier_delay,normal,False,True,1593.8,1550.7999999999997,-43.00000000000023
NoInfo,supplier_delay,delay_moderate_2,moderate,1014,supplier_delay,normal,False,True,1593.8,1550.7999999999997,-43.00000000000023
NoInfo,supplier_delay,delay_vague_1,vague,1014,supplier_delay,normal,False,True,1593.8,1550.7999999999997,-43.00000000000023
NoInfo,supplier_delay,delay_vague_2,vague,1014,supplier_delay,normal,False,True,1593.8,1550.7999999999997,-43.00000000000023
NoInfo,demand_surge,surge_clear_1,clear,1000,demand_surge,normal,False,True,2034.4,1868.853333333334,-165.54666666666617
NoInfo,demand_surge,surge_clear_2,clear,1000,demand_surge,normal,False,True,2034.4,1868.853333333334,-165.54666666666617
NoInfo,demand_surge,surge_moderate_1,moderate,1000,demand_surge,normal,False,True,2034.4,1868.853333333334,-165.54666666666617
NoInfo,demand_surge,surge_moderate_2,moderate,1000,demand_surge,normal,False,True,2034.4,1868.853333333334,-165.54666666666617
NoInfo,demand_surge,surge_vague_1,vague,1000,demand_surge,normal,False,True,2034.4,1868.853333333334,-165.54666666666617
NoInfo,demand_surge,surge_vague_2,vague,1000,demand_surge,normal,False,True,2034.4,1868.853333333334,-165.54666666666617
NoInfo,demand_surge,surge_clear_1,clear,1001,demand_surge,normal,False,True,1749.0000000000005,1868.853333333334,119.85333333333347
NoInfo,demand_surge,surge_clear_2,clear,1001,demand_surge,normal,False,True,1749.0000000000005,1868.853333333334,119.85333333333347
NoInfo,demand_surge,surge_moderate_1,moderate,1001,demand_surge,normal,False,True,1749.0000000000005,1868.853333333334,119.85333333333347
NoInfo,demand_surge,surge_moderate_2,moderate,1001,demand_surge,normal,False,True,1749.0000000000005,1868.853333333334,119.85333333333347
NoInfo,demand_surge,surge_vague_1,vague,1001,demand_surge,normal,False,True,1749.0000000000005,1868.853333333334,119.85333333333347
NoInfo,demand_surge,surge_vague_2,vague,1001,demand_surge,normal,False,True,1749.0000000000005,1868.853333333334,119.85333333333347
NoInfo,demand_surge,surge_clear_1,clear,1002,demand_surge,normal,False,True,1641.0000000000002,1868.853333333334,227.8533333333337
NoInfo,demand_surge,surge_clear_2,clear,1002,demand_surge,normal,False,True,1641.0000000000002,1868.853333333334,227.8533333333337
NoInfo,demand_surge,surge_moderate_1,moderate,1002,demand_surge,normal,False,True,1641.0000000000002,1868.853333333334,227.8533333333337
NoInfo,demand_surge,surge_moderate_2,moderate,1002,demand_surge,normal,False,True,1641.0000000000002,1868.853333333334,227.8533333333337
NoInfo,demand_surge,surge_vague_1,vague,1002,demand_surge,normal,False,True,1641.0000000000002,1868.853333333334,227.8533333333337
NoInfo,demand_surge,surge_vague_2,vague,1002,demand_surge,normal,False,True,1641.0000000000002,1868.853333333334,227.8533333333337
NoInfo,demand_surge,surge_clear_1,clear,1003,demand_surge,normal,False,True,1945.2000000000003,1868.853333333334,-76.34666666666635
NoInfo,demand_surge,surge_clear_2,clear,1003,demand_surge,normal,False,True,1945.2000000000003,1868.853333333334,-76.34666666666635
NoInfo,demand_surge,surge_moderate_1,moderate,1003,demand_surge,normal,False,True,1945.2000000000003,1868.853333333334,-76.34666666666635
NoInfo,demand_surge,surge_moderate_2,moderate,1003,demand_surge,normal,False,True,1945.2000000000003,1868.853333333334,-76.34666666666635
NoInfo,demand_surge,surge_vague_1,vague,1003,demand_surge,normal,False,True,1945.2000000000003,1868.853333333334,-76.34666666666635
NoInfo,demand_surge,surge_vague_2,vague,1003,demand_surge,normal,False,True,1945.2000000000003,1868.853333333334,-76.34666666666635
NoInfo,demand_surge,surge_clear_1,clear,1004,demand_surge,normal,False,True,1917.0000000000002,1868.853333333334,-48.146666666666306
NoInfo,demand_surge,surge_clear_2,clear,1004,demand_surge,normal,False,True,1917.0000000000002,1868.853333333334,-48.146666666666306
NoInfo,demand_surge,surge_moderate_1,moderate,1004,demand_surge,normal,False,True,1917.0000000000002,1868.853333333334,-48.146666666666306
NoInfo,demand_surge,surge_moderate_2,moderate,1004,demand_surge,normal,False,True,1917.0000000000002,1868.853333333334,-48.146666666666306
NoInfo,demand_surge,surge_vague_1,vague,1004,demand_surge,normal,False,True,1917.0000000000002,1868.853333333334,-48.146666666666306
NoInfo,demand_surge,surge_vague_2,vague,1004,demand_surge,normal,False,True,1917.0000000000002,1868.853333333334,-48.146666666666306
NoInfo,demand_surge,surge_clear_1,clear,1005,demand_surge,normal,False,True,2052.4000000000005,1868.853333333334,-183.54666666666662
NoInfo,demand_surge,surge_clear_2,clear,1005,demand_surge,normal,False,True,2052.4000000000005,1868.853333333334,-183.54666666666662
NoInfo,demand_surge,surge_moderate_1,moderate,1005,demand_surge,normal,False,True,2052.4000000000005,1868.853333333334,-183.54666666666662
NoInfo,demand_surge,surge_moderate_2,moderate,1005,demand_surge,normal,False,True,2052.4000000000005,1868.853333333334,-183.54666666666662
NoInfo,demand_surge,surge_vague_1,vague,1005,demand_surge,normal,False,True,2052.4000000000005,1868.853333333334,-183.54666666666662
NoInfo,demand_surge,surge_vague_2,vague,1005,demand_surge,normal,False,True,2052.4000000000005,1868.853333333334,-183.54666666666662
NoInfo,demand_surge,surge_clear_1,clear,1006,demand_surge,normal,False,True,1958.0000000000002,1868.853333333334,-89.1466666666663
NoInfo,demand_surge,surge_clear_2,clear,1006,demand_surge,normal,False,True,1958.0000000000002,1868.853333333334,-89.1466666666663
NoInfo,demand_surge,surge_moderate_1,moderate,1006,demand_surge,normal,False,True,1958.0000000000002,1868.853333333334,-89.1466666666663
NoInfo,demand_surge,surge_moderate_2,moderate,1006,demand_surge,normal,False,True,1958.0000000000002,1868.853333333334,-89.1466666666663
NoInfo,demand_surge,surge_vague_1,vague,1006,demand_surge,normal,False,True,1958.0000000000002,1868.853333333334,-89.1466666666663
NoInfo,demand_surge,surge_vague_2,vague,1006,demand_surge,normal,False,True,1958.0000000000002,1868.853333333334,-89.1466666666663
NoInfo,demand_surge,surge_clear_1,clear,1007,demand_surge,normal,False,True,1855.2,1868.853333333334,13.653333333333876
NoInfo,demand_surge,surge_clear_2,clear,1007,demand_surge,normal,False,True,1855.2,1868.853333333334,13.653333333333876
NoInfo,demand_surge,surge_moderate_1,moderate,1007,demand_surge,normal,False,True,1855.2,1868.853333333334,13.653333333333876
NoInfo,demand_surge,surge_moderate_2,moderate,1007,demand_surge,normal,False,True,1855.2,1868.853333333334,13.653333333333876
NoInfo,demand_surge,surge_vague_1,vague,1007,demand_surge,normal,False,True,1855.2,1868.853333333334,13.653333333333876
NoInfo,demand_surge,surge_vague_2,vague,1007,demand_surge,normal,False,True,1855.2,1868.853333333334,13.653333333333876
NoInfo,demand_surge,surge_clear_1,clear,1008,demand_surge,normal,False,True,1938.4,1868.853333333334,-69.54666666666617
NoInfo,demand_surge,surge_clear_2,clear,1008,demand_surge,normal,False,True,1938.4,1868.853333333334,-69.54666666666617
NoInfo,demand_surge,surge_moderate_1,moderate,1008,demand_surge,normal,False,True,1938.4,1868.853333333334,-69.54666666666617
NoInfo,demand_surge,surge_moderate_2,moderate,1008,demand_surge,normal,False,True,1938.4,1868.853333333334,-69.54666666666617
NoInfo,demand_surge,surge_vague_1,vague,1008,demand_surge,normal,False,True,1938.4,1868.853333333334,-69.54666666666617
NoInfo,demand_surge,surge_vague_2,vague,1008,demand_surge,normal,False,True,1938.4,1868.853333333334,-69.54666666666617
NoInfo,demand_surge,surge_clear_1,clear,1009,demand_surge,normal,False,True,1717.0000000000002,1868.853333333334,151.8533333333337
NoInfo,demand_surge,surge_clear_2,clear,1009,demand_surge,normal,False,True,1717.0000000000002,1868.853333333334,151.8533333333337
NoInfo,demand_surge,surge_moderate_1,moderate,1009,demand_surge,normal,False,True,1717.0000000000002,1868.853333333334,151.8533333333337
NoInfo,demand_surge,surge_moderate_2,moderate,1009,demand_surge,normal,False,True,1717.0000000000002,1868.853333333334,151.8533333333337
NoInfo,demand_surge,surge_vague_1,vague,1009,demand_surge,normal,False,True,1717.0000000000002,1868.853333333334,151.8533333333337
NoInfo,demand_surge,surge_vague_2,vague,1009,demand_surge,normal,False,True,1717.0000000000002,1868.853333333334,151.8533333333337
NoInfo,demand_surge,surge_clear_1,clear,1010,demand_surge,normal,False,True,1797.4,1868.853333333334,71.45333333333383
NoInfo,demand_surge,surge_clear_2,clear,1010,demand_surge,normal,False,True,1797.4,1868.853333333334,71.45333333333383
NoInfo,demand_surge,surge_moderate_1,moderate,1010,demand_surge,normal,False,True,1797.4,1868.853333333334,71.45333333333383
NoInfo,demand_surge,surge_moderate_2,moderate,1010,demand_surge,normal,False,True,1797.4,1868.853333333334,71.45333333333383
NoInfo,demand_surge,surge_vague_1,vague,1010,demand_surge,normal,False,True,1797.4,1868.853333333334,71.45333333333383
NoInfo,demand_surge,surge_vague_2,vague,1010,demand_surge,normal,False,True,1797.4,1868.853333333334,71.45333333333383
NoInfo,demand_surge,surge_clear_1,clear,1011,demand_surge,normal,False,True,1772.2000000000003,1868.853333333334,96.65333333333365
NoInfo,demand_surge,surge_clear_2,clear,1011,demand_surge,normal,False,True,1772.2000000000003,1868.853333333334,96.65333333333365
NoInfo,demand_surge,surge_moderate_1,moderate,1011,demand_surge,normal,False,True,1772.2000000000003,1868.853333333334,96.65333333333365
NoInfo,demand_surge,surge_moderate_2,moderate,1011,demand_surge,normal,False,True,1772.2000000000003,1868.853333333334,96.65333333333365
NoInfo,demand_surge,surge_vague_1,vague,1011,demand_surge,normal,False,True,1772.2000000000003,1868.853333333334,96.65333333333365
NoInfo,demand_surge,surge_vague_2,vague,1011,demand_surge,normal,False,True,1772.2000000000003,1868.853333333334,96.65333333333365
NoInfo,demand_surge,surge_clear_1,clear,1012,demand_surge,normal,False,True,1965.2000000000003,1868.853333333334,-96.34666666666635
NoInfo,demand_surge,surge_clear_2,clear,1012,demand_surge,normal,False,True,1965.2000000000003,1868.853333333334,-96.34666666666635
NoInfo,demand_surge,surge_moderate_1,moderate,1012,demand_surge,normal,False,True,1965.2000000000003,1868.853333333334,-96.34666666666635
NoInfo,demand_surge,surge_moderate_2,moderate,1012,demand_surge,normal,False,True,1965.2000000000003,1868.853333333334,-96.34666666666635
NoInfo,demand_surge,surge_vague_1,vague,1012,demand_surge,normal,False,True,1965.2000000000003,1868.853333333334,-96.34666666666635
NoInfo,demand_surge,surge_vague_2,vague,1012,demand_surge,normal,False,True,1965.2000000000003,1868.853333333334,-96.34666666666635
NoInfo,demand_surge,surge_clear_1,clear,1013,demand_surge,normal,False,True,1804.2000000000003,1868.853333333334,64.65333333333365
NoInfo,demand_surge,surge_clear_2,clear,1013,demand_surge,normal,False,True,1804.2000000000003,1868.853333333334,64.65333333333365
NoInfo,demand_surge,surge_moderate_1,moderate,1013,demand_surge,normal,False,True,1804.2000000000003,1868.853333333334,64.65333333333365
NoInfo,demand_surge,surge_moderate_2,moderate,1013,demand_surge,normal,False,True,1804.2000000000003,1868.853333333334,64.65333333333365
NoInfo,demand_surge,surge_vague_1,vague,1013,demand_surge,normal,False,True,1804.2000000000003,1868.853333333334,64.65333333333365
NoInfo,demand_surge,surge_vague_2,vague,1013,demand_surge,normal,False,True,1804.2000000000003,1868.853333333334,64.65333333333365
NoInfo,demand_surge,surge_clear_1,clear,1014,demand_surge,normal,False,True,1886.2,1868.853333333334,-17.346666666666124
NoInfo,demand_surge,surge_clear_2,clear,1014,demand_surge,normal,False,True,1886.2,1868.853333333334,-17.346666666666124
NoInfo,demand_surge,surge_moderate_1,moderate,1014,demand_surge,normal,False,True,1886.2,1868.853333333334,-17.346666666666124
NoInfo,demand_surge,surge_moderate_2,moderate,1014,demand_surge,normal,False,True,1886.2,1868.853333333334,-17.346666666666124
NoInfo,demand_surge,surge_vague_1,vague,1014,demand_surge,normal,False,True,1886.2,1868.853333333334,-17.346666666666124
NoInfo,demand_surge,surge_vague_2,vague,1014,demand_surge,normal,False,True,1886.2,1868.853333333334,-17.346666666666124
RuleBased,normal,normal_clear_1,clear,1000,normal,normal,False,False,1752.6,1615.0533333333333,-137.54666666666662
RuleBased,normal,normal_clear_2,clear,1000,normal,normal,False,False,1789.5,1615.0533333333333,-174.44666666666672
RuleBased,normal,normal_moderate_1,moderate,1000,normal,normal,False,False,1765.0,1615.0533333333333,-149.94666666666672
RuleBased,normal,normal_moderate_2,moderate,1000,normal,normal,False,False,1904.0,1615.0533333333333,-288.9466666666667
RuleBased,normal,normal_vague_1,vague,1000,normal,normal,False,False,1690.0000000000002,1615.0533333333333,-74.94666666666694
RuleBased,normal,normal_vague_2,vague,1000,normal,normal,False,False,1765.0,1615.0533333333333,-149.94666666666672
RuleBased,normal,normal_clear_1,clear,1001,normal,normal,False,False,1266.3999999999999,1615.0533333333333,348.6533333333334
RuleBased,normal,normal_clear_2,clear,1001,normal,normal,False,False,1286.5,1615.0533333333333,328.5533333333333
RuleBased,normal,normal_moderate_1,moderate,1001,normal,normal,False,False,1323.0,1615.0533333333333,292.0533333333333
RuleBased,normal,normal_moderate_2,moderate,1001,normal,normal,False,False,1383.0,1615.0533333333333,232.05333333333328
RuleBased,normal,normal_vague_1,vague,1001,normal,normal,False,False,1282.8571428571427,1615.0533333333333,332.1961904761906
RuleBased,normal,normal_vague_2,vague,1001,normal,normal,False,False,1333.0,1615.0533333333333,282.0533333333333
RuleBased,normal,normal_clear_1,clear,1002,normal,normal,False,False,1681.6,1615.0533333333333,-66.54666666666662
RuleBased,normal,normal_clear_2,clear,1002,normal,normal,False,False,1671.5,1615.0533333333333,-56.446666666666715
RuleBased,normal,normal_moderate_1,moderate,1002,normal,normal,False,False,1544.0,1615.0533333333333,71.05333333333328
RuleBased,normal,normal_moderate_2,moderate,1002,normal,normal,False,False,1614.0,1615.0533333333333,1.0533333333332848
RuleBased,normal,normal_vague_1,vague,1002,normal,normal,False,False,1730.8571428571427,1615.0533333333333,-115.80380952380938
RuleBased,normal,normal_vague_2,vague,1002,normal,normal,False,False,1734.0,1615.0533333333333,-118.94666666666672
RuleBased,normal,normal_clear_1,clear,1003,normal,normal,False,False,1634.2,1615.0533333333333,-19.14666666666676
RuleBased,normal,normal_clear_2,clear,1003,normal,normal,False,False,1654.0,1615.0533333333333,-38.946666666666715
RuleBased,normal,normal_moderate_1,moderate,1003,normal,normal,False,False,1639.0,1615.0533333333333,-23.946666666666715
RuleBased,normal,normal_moderate_2,moderate,1003,normal,normal,False,False,1819.0,1615.0533333333333,-203.94666666666672
RuleBased,normal,normal_vague_1,vague,1003,normal,normal,False,False,1639.2857142857142,1615.0533333333333,-24.232380952380936
RuleBased,normal,normal_vague_2,vague,1003,normal,normal,False,False,1729.0,1615.0533333333333,-113.94666666666672
RuleBased,normal,normal_clear_1,clear,1004,normal,normal,False,False,1786.3999999999996,1615.0533333333333,-171.34666666666635
RuleBased,normal,normal_clear_2,clear,1004,normal,normal,False,False,1811.0,1615.0533333333333,-195.94666666666672
RuleBased,normal,normal_moderate_1,moderate,1004,normal,normal,False,False,1797.0,1615.0533333333333,-181.94666666666672
RuleBased,normal,normal_moderate_2,moderate,1004,normal,normal,False,False,1933.0,1615.0533333333333,-317.9466666666667
RuleBased,normal,normal_vague_1,vague,1004,normal,normal,False,False,1849.4285714285716,1615.0533333333333,-234.37523809523827
RuleBased,normal,normal_vague_2,vague,1004,normal,normal,False,False,1865.0,1615.0533333333333,-249.94666666666672
RuleBased,normal,normal_clear_1,clear,1005,normal,normal,False,False,1880.8,1615.0533333333333,-265.74666666666667
RuleBased,normal,normal_clear_2,clear,1005,normal,normal,False,False,1921.0,1615.0533333333333,-305.9466666666667
RuleBased,normal,normal_moderate_1,moderate,1005,normal,normal,False,False,1809.0,1615.0533333333333,-193.94666666666672
RuleBased,normal,normal_moderate_2,moderate,1005,normal,normal,False,False,1977.0,1615.0533333333333,-361.9466666666667
RuleBased,normal,normal_vague_1,vague,1005,normal,normal,False,False,1979.2857142857144,1615.0533333333333,-364.23238095238116
RuleBased,normal,normal_vague_2,vague,1005,normal,normal,False,False,2054.0,1615.0533333333333,-438.9466666666667
RuleBased,normal,normal_clear_1,clear,1006,normal,normal,False,False,1402.7999999999995,1615.0533333333333,212.25333333333379
RuleBased,normal,normal_clear_2,clear,1006,normal,normal,False,False,1425.0,1615.0533333333333,190.05333333333328
RuleBased,normal,normal_moderate_1,moderate,1006,normal,normal,False,False,1509.0,1615.0533333333333,106.05333333333328
RuleBased,normal,normal_moderate_2,moderate,1006,normal,normal,False,False,1551.0,1615.0533333333333,64.05333333333328
RuleBased,normal,normal_vague_1,vague,1006,normal,normal,False,False,1471.0,1615.0533333333333,144.05333333333328
RuleBased,normal,normal_vague_2,vague,1006,normal,normal,False,False,1526.0,1615.0533333333333,89.05333333333328
RuleBased,normal,normal_clear_1,clear,1007,normal,normal,False,False,1844.3999999999994,1615.0533333333333,-229.34666666666612
RuleBased,normal,normal_clear_2,clear,1007,normal,normal,False,False,1872.0,1615.0533333333333,-256.9466666666667
RuleBased,normal,normal_moderate_1,moderate,1007,normal,normal,False,False,1807.0,1615.0533333333333,-191.94666666666672
RuleBased,normal,normal_moderate_2,moderate,1007,normal,normal,False,False,1962.0,1615.0533333333333,-346.9466666666667
RuleBased,normal,normal_vague_1,vague,1007,normal,normal,False,False,1822.4285714285716,1615.0533333333333,-207.37523809523827
RuleBased,normal,normal_vague_2,vague,1007,normal,normal,False,False,1868.0,1615.0533333333333,-252.94666666666672
RuleBased,normal,normal_clear_1,clear,1008,normal,normal,False,False,1561.9999999999995,1615.0533333333333,53.05333333333374
RuleBased,normal,normal_clear_2,clear,1008,normal,normal,False,False,1580.0,1615.0533333333333,35.053333333333285
RuleBased,normal,normal_moderate_1,moderate,1008,normal,normal,False,False,1571.0,1615.0533333333333,44.053333333333285
RuleBased,normal,normal_moderate_2,moderate,1008,normal,normal,False,False,1682.0,1615.0533333333333,-66.94666666666672
RuleBased,normal,normal_vague_1,vague,1008,normal,normal,False,False,1551.2857142857142,1615.0533333333333,63.767619047619064
RuleBased,normal,normal_vague_2,vague,1008,normal,normal,False,False,1567.0,1615.0533333333333,48.053333333333285
RuleBased,normal,normal_clear_1,clear,1009,normal,normal,False,False,1479.9999999999998,1615.0533333333333,135.0533333333335
RuleBased,normal,normal_clear_2,clear,1009,normal,normal,False,False,1508.5,1615.0533333333333,106.55333333333328
RuleBased,normal,normal_moderate_1,moderate,1009,normal,normal,False,False,1547.0,1615.0533333333333,68.05333333333328
RuleBased,normal,normal_moderate_2,moderate,1009,normal,normal,False,False,1657.0,1615.0533333333333,-41.946666666666715
RuleBased,normal,normal_vague_1,vague,1009,normal,normal,False,False,1502.5714285714287,1615.0533333333333,112.48190476190462
RuleBased,normal,normal_vague_2,vague,1009,normal,normal,False,False,1542.0,1615.0533333333333,73.05333333333328
RuleBased,normal,normal_clear_1,clear,1010,normal,normal,False,False,1714.3999999999999,1615.0533333333333,-99.34666666666658
RuleBased,normal,normal_clear_2,clear,1010,normal,normal,False,False,1734.5,1615.0533333333333,-119.44666666666672
RuleBased,normal,normal_moderate_1,moderate,1010,normal,normal,False,False,1619.0,1615.0533333333333,-3.946666666666715
RuleBased,normal,normal_moderate_2,moderate,1010,normal,normal,False,False,1776.0,1615.0533333333333,-160.94666666666672
RuleBased,normal,normal_vague_1,vague,1010,normal,normal,False,False,1719.5714285714287,1615.0533333333333,-104.51809523809538
RuleBased,normal,normal_vague_2,vague,1010,normal,normal,False,False,1767.0,1615.0533333333333,-151.94666666666672
RuleBased,normal,normal_clear_1,clear,1011,normal,normal,False,False,1678.3999999999999,1615.0533333333333,-63.34666666666658
RuleBased,normal,normal_clear_2,clear,1011,normal,normal,False,False,1698.5,1615.0533333333333,-83.44666666666672
RuleBased,normal,normal_moderate_1,moderate,1011,normal,normal,False,False,1742.0,1615.0533333333333,-126.94666666666672
RuleBased,normal,normal_moderate_2,moderate,1011,normal,normal,False,False,1781.0,1615.0533333333333,-165.94666666666672
RuleBased,normal,normal_vague_1,vague,1011,normal,normal,False,False,1682.7142857142856,1615.0533333333333,-67.66095238095227
RuleBased,normal,normal_vague_2,vague,1011,normal,normal,False,False,1743.0,1615.0533333333333,-127.94666666666672
RuleBased,normal,normal_clear_1,clear,1012,normal,normal,False,False,1585.3999999999999,1615.0533333333333,29.65333333333342
RuleBased,normal,normal_clear_2,clear,1012,normal,normal,False,False,1610.0,1615.0533333333333,5.053333333333285
RuleBased,normal,normal_moderate_1,moderate,1012,normal,normal,False,False,1665.0,1615.0533333333333,-49.946666666666715
RuleBased,normal,normal_moderate_2,moderate,1012,normal,normal,False,False,1744.0,1615.0533333333333,-128.94666666666672
RuleBased,normal,normal_vague_1,vague,1012,normal,normal,False,False,1683.857142857143,1615.0533333333333,-68.8038095238096
RuleBased,normal,normal_vague_2,vague,1012,normal,normal,False,False,1743.0,1615.0533333333333,-127.94666666666672
RuleBased,normal,normal_clear_1,clear,1013,normal,normal,False,False,1466.4000000000003,1615.0533333333333,148.65333333333297
RuleBased,normal,normal_clear_2,clear,1013,normal,normal,False,False,1487.5,1615.0533333333333,127.55333333333328
RuleBased,normal,normal_moderate_1,moderate,1013,normal,normal,False,False,1533.0,1615.0533333333333,82.05333333333328
RuleBased,normal,normal_moderate_2,moderate,1013,normal,normal,False,False,1605.0,1615.0533333333333,10.053333333333285
RuleBased,normal,normal_vague_1,vague,1013,normal,normal,False,False,1547.428571428571,1615.0533333333333,67.62476190476218
RuleBased,normal,normal_vague_2,vague,1013,normal,normal,False,False,1582.0,1615.0533333333333,33.053333333333285
RuleBased,normal,normal_clear_1,clear,1014,normal,normal,False,False,1489.9999999999995,1615.0533333333333,125.05333333333374
RuleBased,normal,normal_clear_2,clear,1014,normal,normal,False,False,1514.0,1615.0533333333333,101.05333333333328
RuleBased,normal,normal_moderate_1,moderate,1014,normal,normal,False,False,1558.0,1615.0533333333333,57.053333333333285
RuleBased,normal,normal_moderate_2,moderate,1014,normal,normal,False,False,1630.0,1615.0533333333333,-14.946666666666715
RuleBased,normal,normal_vague_1,vague,1014,normal,normal,False,False,1461.1428571428573,1615.0533333333333,153.91047619047595
RuleBased,normal,normal_vague_2,vague,1014,normal,normal,False,False,1491.0,1615.0533333333333,124.05333333333328
RuleBased,supplier_delay,delay_clear_1,clear,1000,supplier_delay,supplier_delay,False,False,1837.0,1550.7999999999997,-286.2000000000003
RuleBased,supplier_delay,delay_clear_2,clear,1000,supplier_delay,supplier_delay,False,False,1725.4615384615383,1550.7999999999997,-174.6615384615386
RuleBased,supplier_delay,delay_moderate_1,moderate,1000,supplier_delay,supplier_delay,False,False,1828.0,1550.7999999999997,-277.2000000000003
RuleBased,supplier_delay,delay_moderate_2,moderate,1000,supplier_delay,supplier_delay,False,False,1828.0,1550.7999999999997,-277.2000000000003
RuleBased,supplier_delay,delay_vague_1,vague,1000,supplier_delay,supplier_delay,False,False,1853.2857142857144,1550.7999999999997,-302.4857142857147
RuleBased,supplier_delay,delay_vague_2,vague,1000,supplier_delay,supplier_delay,False,False,1828.0,1550.7999999999997,-277.2000000000003
RuleBased,supplier_delay,delay_clear_1,clear,1001,supplier_delay,supplier_delay,False,False,1222.0,1550.7999999999997,328.7999999999997
RuleBased,supplier_delay,delay_clear_2,clear,1001,supplier_delay,supplier_delay,False,False,1396.307692307692,1550.7999999999997,154.4923076923078
RuleBased,supplier_delay,delay_moderate_1,moderate,1001,supplier_delay,supplier_delay,False,False,1282.0,1550.7999999999997,268.7999999999997
RuleBased,supplier_delay,delay_moderate_2,moderate,1001,supplier_delay,supplier_delay,False,False,1282.0,1550.7999999999997,268.7999999999997
RuleBased,supplier_delay,delay_vague_1,vague,1001,supplier_delay,supplier_delay,False,False,1229.5714285714282,1550.7999999999997,321.2285714285715
RuleBased,supplier_delay,delay_vague_2,vague,1001,supplier_delay,supplier_delay,False,False,1282.0,1550.7999999999997,268.7999999999997
RuleBased,supplier_delay,delay_clear_1,clear,1002,supplier_delay,supplier_delay,False,False,1526.0,1550.7999999999997,24.799999999999727
RuleBased,supplier_delay,delay_clear_2,clear,1002,supplier_delay,supplier_delay,False,False,1504.6923076923074,1550.7999999999997,46.10769230769233
RuleBased,supplier_delay,delay_moderate_1,moderate,1002,supplier_delay,supplier_delay,False,False,1508.0,1550.7999999999997,42.79999999999973
RuleBased,supplier_delay,delay_moderate_2,moderate,1002,supplier_delay,supplier_delay,False,False,1508.0,1550.7999999999997,42.79999999999973
RuleBased,supplier_delay,delay_vague_1,vague,1002,supplier_delay,supplier_delay,False,False,1520.7142857142853,1550.7999999999997,30.085714285714403
RuleBased,supplier_delay,delay_vague_2,vague,1002,supplier_delay,supplier_delay,False,False,1508.0,1550.7999999999997,42.79999999999973
RuleBased,supplier_delay,delay_clear_1,clear,1003,supplier_delay,supplier_delay,False,False,1631.0,1550.7999999999997,-80.20000000000027
RuleBased,supplier_delay,delay_clear_2,clear,1003,supplier_delay,supplier_delay,False,False,1621.4615384615379,1550.7999999999997,-70.66153846153816
RuleBased,supplier_delay,delay_moderate_1,moderate,1003,supplier_delay,supplier_delay,False,False,1703.0,1550.7999999999997,-152.20000000000027
RuleBased,supplier_delay,delay_moderate_2,moderate,1003,supplier_delay,supplier_delay,False,False,1703.0,1550.7999999999997,-152.20000000000027
RuleBased,supplier_delay,delay_vague_1,vague,1003,supplier_delay,supplier_delay,False,False,1625.5714285714284,1550.7999999999997,-74.77142857142871
RuleBased,supplier_delay,delay_vague_2,vague,1003,supplier_delay,supplier_delay,False,False,1703.0,1550.7999999999997,-152.20000000000027
RuleBased,supplier_delay,delay_clear_1,clear,1004,supplier_delay,supplier_delay,False,False,1743.0,1550.7999999999997,-192.20000000000027
RuleBased,supplier_delay,delay_clear_2,clear,1004,supplier_delay,supplier_delay,False,False,1631.5384615384605,1550.7999999999997,-80.7384615384608
RuleBased,supplier_delay,delay_moderate_1,moderate,1004,supplier_delay,supplier_delay,False,False,1738.0,1550.7999999999997,-187.20000000000027
RuleBased,supplier_delay,delay_moderate_2,moderate,1004,supplier_delay,supplier_delay,False,False,1738.0,1550.7999999999997,-187.20000000000027
RuleBased,supplier_delay,delay_vague_1,vague,1004,supplier_delay,supplier_delay,False,False,1726.285714285714,1550.7999999999997,-175.48571428571427
RuleBased,supplier_delay,delay_vague_2,vague,1004,supplier_delay,supplier_delay,False,False,1738.0,1550.7999999999997,-187.20000000000027
RuleBased,supplier_delay,delay_clear_1,clear,1005,supplier_delay,supplier_delay,False,False,1794.0,1550.7999999999997,-243.20000000000027
RuleBased,supplier_delay,delay_clear_2,clear,1005,supplier_delay,supplier_delay,False,False,1710.6923076923074,1550.7999999999997,-159.89230769230767
RuleBased,supplier_delay,delay_moderate_1,moderate,1005,supplier_delay,supplier_delay,False,False,1749.0,1550.7999999999997,-198.20000000000027
RuleBased,supplier_delay,delay_moderate_2,moderate,1005,supplier_delay,supplier_delay,False,False,1749.0,1550.7999999999997,-198.20000000000027
RuleBased,supplier_delay,delay_vague_1,vague,1005,supplier_delay,supplier_delay,False,False,1793.7142857142853,1550.7999999999997,-242.9142857142856
RuleBased,supplier_delay,delay_vague_2,vague,1005,supplier_delay,supplier_delay,False,False,1749.0,1550.7999999999997,-198.20000000000027
RuleBased,supplier_delay,delay_clear_1,clear,1006,supplier_delay,supplier_delay,False,False,1449.0,1550.7999999999997,101.79999999999973
RuleBased,supplier_delay,delay_clear_2,clear,1006,supplier_delay,supplier_delay,False,False,1555.153846153846,1550.7999999999997,-4.353846153846234
RuleBased,supplier_delay,delay_moderate_1,moderate,1006,supplier_delay,supplier_delay,False,False,1580.0,1550.7999999999997,-29.200000000000273
RuleBased,supplier_delay,delay_moderate_2,moderate,1006,supplier_delay,supplier_delay,False,False,1580.0,1550.7999999999997,-29.200000000000273
RuleBased,supplier_delay,delay_vague_1,vague,1006,supplier_delay,supplier_delay,False,False,1444.7142857142856,1550.7999999999997,106.08571428571418
RuleBased,supplier_delay,delay_vague_2,vague,1006,supplier_delay,supplier_delay,False,False,1580.0,1550.7999999999997,-29.200000000000273
RuleBased,supplier_delay,delay_clear_1,clear,1007,supplier_delay,supplier_delay,False,False,1772.0,1550.7999999999997,-221.20000000000027
RuleBased,supplier_delay,delay_clear_2,clear,1007,supplier_delay,supplier_delay,False,False,1639.7692307692298,1550.7999999999997,-88.96923076923008
RuleBased,supplier_delay,delay_moderate_1,moderate,1007,supplier_delay,supplier_delay,False,False,1721.0,1550.7999999999997,-170.20000000000027
RuleBased,supplier_delay,delay_moderate_2,moderate,1007,supplier_delay,supplier_delay,False,False,1721.0,1550.7999999999997,-170.20000000000027
RuleBased,supplier_delay,delay_vague_1,vague,1007,supplier_delay,supplier_delay,False,False,1766.2857142857142,1550.7999999999997,-215.4857142857145
RuleBased,supplier_delay,delay_vague_2,vague,1007,supplier_delay,supplier_delay,False,False,1721.0,1550.7999999999997,-170.20000000000027
RuleBased,supplier_delay,delay_clear_1,clear,1008,supplier_delay,supplier_delay,False,False,1517.0,1550.7999999999997,33.79999999999973
RuleBased,supplier_delay,delay_clear_2,clear,1008,supplier_delay,supplier_delay,False,False,1696.7692307692307,1550.7999999999997,-145.969230769231
RuleBased,supplier_delay,delay_moderate_1,moderate,1008,supplier_delay,supplier_delay,False,False,1651.0,1550.7999999999997,-100.20000000000027
RuleBased,supplier_delay,delay_moderate_2,moderate,1008,supplier_delay,supplier_delay,False,False,1651.0,1550.7999999999997,-100.20000000000027
RuleBased,supplier_delay,delay_vague_1,vague,1008,supplier_delay,supplier_delay,False,False,1542.2857142857147,1550.7999999999997,8.514285714285052
RuleBased,supplier_delay,delay_vague_2,vague,1008,supplier_delay,supplier_delay,False,False,1651.0,1550.7999999999997,-100.20000000000027
RuleBased,supplier_delay,delay_clear_1,clear,1009,supplier_delay,supplier_delay,False,False,1563.0,1550.7999999999997,-12.200000000000273
RuleBased,supplier_delay,delay_clear_2,clear,1009,supplier_delay,supplier_delay,False,False,1640.3846153846148,1550.7999999999997,-89.58461538461506
RuleBased,supplier_delay,delay_moderate_1,moderate,1009,supplier_delay,supplier_delay,False,False,1654.0,1550.7999999999997,-103.20000000000027
RuleBased,supplier_delay,delay_moderate_2,moderate,1009,supplier_delay,supplier_delay,False,False,1654.0,1550.7999999999997,-103.20000000000027
RuleBased,supplier_delay,delay_vague_1,vague,1009,supplier_delay,supplier_delay,False,False,1593.7142857142858,1550.7999999999997,-42.91428571428605
RuleBased,supplier_delay,delay_vague_2,vague,1009,supplier_delay,supplier_delay,False,False,1654.0,1550.7999999999997,-103.20000000000027
RuleBased,supplier_delay,delay_clear_1,clear,1010,supplier_delay,supplier_delay,False,False,1738.0,1550.7999999999997,-187.20000000000027
RuleBased,supplier_delay,delay_clear_2,clear,1010,supplier_delay,supplier_delay,False,False,1517.9999999999989,1550.7999999999997,32.800000000000864
RuleBased,supplier_delay,delay_moderate_1,moderate,1010,supplier_delay,supplier_delay,False,False,1602.0,1550.7999999999997,-51.20000000000027
RuleBased,supplier_delay,delay_moderate_2,moderate,1010,supplier_delay,supplier_delay,False,False,1602.0,1550.7999999999997,-51.20000000000027
RuleBased,supplier_delay,delay_vague_1,vague,1010,supplier_delay,supplier_delay,False,False,1702.8571428571422,1550.7999999999997,-152.05714285714248
RuleBased,supplier_delay,delay_vague_2,vague,1010,supplier_delay,supplier_delay,False,False,1602.0,1550.7999999999997,-51.20000000000027
RuleBased,supplier_delay,delay_clear_1,clear,1011,supplier_delay,supplier_delay,False,False,1612.0,1550.7999999999997,-61.20000000000027
RuleBased,supplier_delay,delay_clear_2,clear,1011,supplier_delay,supplier_delay,False,False,1516.9999999999995,1550.7999999999997,33.80000000000018
RuleBased,supplier_delay,delay_moderate_1,moderate,1011,supplier_delay,supplier_delay,False,False,1610.0,1550.7999999999997,-59.20000000000027
RuleBased,supplier_delay,delay_moderate_2,moderate,1011,supplier_delay,supplier_delay,False,False,1610.0,1550.7999999999997,-59.20000000000027
RuleBased,supplier_delay,delay_vague_1,vague,1011,supplier_delay,supplier_delay,False,False,1608.428571428571,1550.7999999999997,-57.62857142857138
RuleBased,supplier_delay,delay_vague_2,vague,1011,supplier_delay,supplier_delay,False,False,1610.0,1550.7999999999997,-59.20000000000027
RuleBased,supplier_delay,delay_clear_1,clear,1012,supplier_delay,supplier_delay,False,False,1697.0,1550.7999999999997,-146.20000000000027
RuleBased,supplier_delay,delay_clear_2,clear,1012,supplier_delay,supplier_delay,False,False,1718.692307692307,1550.7999999999997,-167.8923076923072
RuleBased,supplier_delay,delay_moderate_1,moderate,1012,supplier_delay,supplier_delay,False,False,1741.0,1550.7999999999997,-190.20000000000027
RuleBased,supplier_delay,delay_moderate_2,moderate,1012,supplier_delay,supplier_delay,False,False,1741.0,1550.7999999999997,-190.20000000000027
RuleBased,supplier_delay,delay_vague_1,vague,1012,supplier_delay,supplier_delay,False,False,1716.5714285714284,1550.7999999999997,-165.77142857142871
RuleBased,supplier_delay,delay_vague_2,vague,1012,supplier_delay,supplier_delay,False,False,1741.0,1550.7999999999997,-190.20000000000027
RuleBased,supplier_delay,delay_clear_1,clear,1013,supplier_delay,supplier_delay,False,False,1527.0,1550.7999999999997,23.799999999999727
RuleBased,supplier_delay,delay_clear_2,clear,1013,supplier_delay,supplier_delay,False,False,1646.7692307692305,1550.7999999999997,-95.96923076923076
RuleBased,supplier_delay,delay_moderate_1,moderate,1013,supplier_delay,supplier_delay,False,False,1575.0,1550.7999999999997,-24.200000000000273
RuleBased,supplier_delay,delay_moderate_2,moderate,1013,supplier_delay,supplier_delay,False,False,1575.0,1550.7999999999997,-24.200000000000273
RuleBased,supplier_delay,delay_vague_1,vague,1013,supplier_delay,supplier_delay,False,False,1520.1428571428573,1550.7999999999997,30.65714285714239
RuleBased,supplier_delay,delay_vague_2,vague,1013,supplier_delay,supplier_delay,False,False,1575.0,1550.7999999999997,-24.200000000000273
RuleBased,supplier_delay,delay_clear_1,clear,1014,supplier_delay,supplier_delay,False,False,1514.0,1550.7999999999997,36.79999999999973
RuleBased,supplier_delay,delay_clear_2,clear,1014,supplier_delay,supplier_delay,False,False,1550.4615384615383,1550.7999999999997,0.33846153846138805
RuleBased,supplier_delay,delay_moderate_1,moderate,1014,supplier_delay,supplier_delay,False,False,1411.0,1550.7999999999997,139.79999999999973
RuleBased,supplier_delay,delay_moderate_2,moderate,1014,supplier_delay,supplier_delay,False,False,1411.0,1550.7999999999997,139.79999999999973
RuleBased,supplier_delay,delay_vague_1,vague,1014,supplier_delay,supplier_delay,False,False,1499.857142857143,1550.7999999999997,50.94285714285684
RuleBased,supplier_delay,delay_vague_2,vague,1014,supplier_delay,supplier_delay,False,False,1411.0,1550.7999999999997,139.79999999999973
RuleBased,demand_surge,surge_clear_1,clear,1000,demand_surge,demand_surge,False,False,2186.0,1868.853333333334,-317.1466666666661
RuleBased,demand_surge,surge_clear_2,clear,1000,demand_surge,demand_surge,False,False,2375.0,1868.853333333334,-506.1466666666661
RuleBased,demand_surge,surge_moderate_1,moderate,1000,demand_surge,demand_surge,False,False,2174.8,1868.853333333334,-305.94666666666626
RuleBased,demand_surge,surge_moderate_2,moderate,1000,demand_surge,demand_surge,False,False,2186.0,1868.853333333334,-317.1466666666661
RuleBased,demand_surge,surge_vague_1,vague,1000,demand_surge,demand_surge,False,False,2197.0,1868.853333333334,-328.1466666666661
RuleBased,demand_surge,surge_vague_2,vague,1000,demand_surge,demand_surge,False,False,2197.0,1868.853333333334,-328.1466666666661
RuleBased,demand_surge,surge_clear_1,clear,1001,demand_surge,demand_surge,False,False,1874.230769230769,1868.853333333334,-5.377435897435134
RuleBased,demand_surge,surge_clear_2,clear,1001,demand_surge,demand_surge,False,False,2028.0,1868.853333333334,-159.14666666666608
RuleBased,demand_surge,surge_moderate_1,moderate,1001,demand_surge,demand_surge,False,False,2038.5999999999997,1868.853333333334,-169.74666666666576
RuleBased,demand_surge,surge_moderate_2,moderate,1001,demand_surge,demand_surge,False,False,1874.230769230769,1868.853333333334,-5.377435897435134
RuleBased,demand_surge,surge_vague_1,vague,1001,demand_surge,demand_surge,False,False,2277.0,1868.853333333334,-408.1466666666661
RuleBased,demand_surge,surge_vague_2,vague,1001,demand_surge,demand_surge,False,False,2277.0,1868.853333333334,-408.1466666666661
RuleBased,demand_surge,surge_clear_1,clear,1002,demand_surge,demand_surge,False,False,1768.9999999999998,1868.853333333334,99.85333333333415
RuleBased,demand_surge,surge_clear_2,clear,1002,demand_surge,demand_surge,False,False,1918.0,1868.853333333334,-49.14666666666608
RuleBased,demand_surge,surge_moderate_1,moderate,1002,demand_surge,demand_surge,False,False,1958.4,1868.853333333334,-89.54666666666617
RuleBased,demand_surge,surge_moderate_2,moderate,1002,demand_surge,demand_surge,False,False,1768.9999999999998,1868.853333333334,99.85333333333415
RuleBased,demand_surge,surge_vague_1,vague,1002,demand_surge,demand_surge,False,False,2289.0,1868.853333333334,-420.1466666666661
RuleBased,demand_surge,surge_vague_2,vague,1002,demand_surge,demand_surge,False,False,2289.0,1868.853333333334,-420.1466666666661
RuleBased,demand_surge,surge_clear_1,clear,1003,demand_surge,demand_surge,False,False,2049.6923076923076,1868.853333333334,-180.8389743589737
RuleBased,demand_surge,surge_clear_2,clear,1003,demand_surge,demand_surge,False,False,2171.0,1868.853333333334,-302.1466666666661
RuleBased,demand_surge,surge_moderate_1,moderate,1003,demand_surge,demand_surge,False,False,2114.0,1868.853333333334,-245.14666666666608
RuleBased,demand_surge,surge_moderate_2,moderate,1003,demand_surge,demand_surge,False,False,2049.6923076923076,1868.853333333334,-180.8389743589737
RuleBased,demand_surge,surge_vague_1,vague,1003,demand_surge,demand_surge,False,False,2317.0,1868.853333333334,-448.1466666666661
RuleBased,demand_surge,surge_vague_2,vague,1003,demand_surge,demand_surge,False,False,2317.0,1868.853333333334,-448.1466666666661
RuleBased,demand_surge,surge_clear_1,clear,1004,demand_surge,demand_surge,False,False,2069.7692307692305,1868.853333333334,-200.91589743589657
RuleBased,demand_surge,surge_clear_2,clear,1004,demand_surge,demand_surge,False,False,2259.0,1868.853333333334,-390.1466666666661
RuleBased,demand_surge,surge_moderate_1,moderate,1004,demand_surge,demand_surge,False,False,2070.8,1868.853333333334,-201.94666666666626
RuleBased,demand_surge,surge_moderate_2,moderate,1004,demand_surge,demand_surge,False,False,2069.7692307692305,1868.853333333334,-200.91589743589657
RuleBased,demand_surge,surge_vague_1,vague,1004,demand_surge,demand_surge,False,False,2197.0,1868.853333333334,-328.1466666666661
RuleBased,demand_surge,surge_vague_2,vague,1004,demand_surge,demand_surge,False,False,2197.0,1868.853333333334,-328.1466666666661
RuleBased,demand_surge,surge_clear_1,clear,1005,demand_surge,demand_surge,False,False,2147.3076923076924,1868.853333333334,-278.45435897435846
RuleBased,demand_surge,surge_clear_2,clear,1005,demand_surge,demand_surge,False,False,2239.0,1868.853333333334,-370.1466666666661
RuleBased,demand_surge,surge_moderate_1,moderate,1005,demand_surge,demand_surge,False,False,2254.4,1868.853333333334,-385.54666666666617
RuleBased,demand_surge,surge_moderate_2,moderate,1005,demand_surge,demand_surge,False,False,2147.3076923076924,1868.853333333334,-278.45435897435846
RuleBased,demand_surge,surge_vague_1,vague,1005,demand_surge,demand_surge,False,False,2337.0,1868.853333333334,-468.1466666666661
RuleBased,demand_surge,surge_vague_2,vague,1005,demand_surge,demand_surge,False,False,2337.0,1868.853333333334,-468.1466666666661
RuleBased,demand_surge,surge_clear_1,clear,1006,demand_surge,demand_surge,False,False,2040.3846153846152,1868.853333333334,-171.53128205128132
RuleBased,demand_surge,surge_clear_2,clear,1006,demand_surge,demand_surge,False,False,2139.0,1868.853333333334,-270.1466666666661
RuleBased,demand_surge,surge_moderate_1,moderate,1006,demand_surge,demand_surge,False,False,2305.2,1868.853333333334,-436.3466666666659
RuleBased,demand_surge,surge_moderate_2,moderate,1006,demand_surge,demand_surge,False,False,2040.3846153846152,1868.853333333334,-171.53128205128132
RuleBased,demand_surge,surge_vague_1,vague,1006,demand_surge,demand_surge,False,False,2256.0,1868.853333333334,-387.1466666666661
RuleBased,demand_surge,surge_vague_2,vague,1006,demand_surge,demand_surge,False,False,2256.0,1868.853333333334,-387.1466666666661
RuleBased,demand_surge,surge_clear_1,clear,1007,demand_surge,demand_surge,False,False,1992.8461538461538,1868.853333333334,-123.99282051281989
RuleBased,demand_surge,surge_clear_2,clear,1007,demand_surge,demand_surge,False,False,2158.0,1868.853333333334,-289.1466666666661
RuleBased,demand_surge,surge_moderate_1,moderate,1007,demand_surge,demand_surge,False,False,2013.0000000000002,1868.853333333334,-144.1466666666663
RuleBased,demand_surge,surge_moderate_2,moderate,1007,demand_surge,demand_surge,False,False,1992.8461538461538,1868.853333333334,-123.99282051281989
RuleBased,demand_surge,surge_vague_1,vague,1007,demand_surge,demand_surge,False,False,2343.0,1868.853333333334,-474.1466666666661
RuleBased,demand_surge,surge_vague_2,vague,1007,demand_surge,demand_surge,False,False,2343.0,1868.853333333334,-474.1466666666661
RuleBased,demand_surge,surge_clear_1,clear,1008,demand_surge,demand_surge,False,False,2038.6923076923076,1868.853333333334,-169.8389743589737
RuleBased,demand_surge,surge_clear_2,clear,1008,demand_surge,demand_surge,False,False,2162.0,1868.853333333334,-293.1466666666661
RuleBased,demand_surge,surge_moderate_1,moderate,1008,demand_surge,demand_surge,False,False,2203.0,1868.853333333334,-334.1466666666661
RuleBased,demand_surge,surge_moderate_2,moderate,1008,demand_surge,demand_surge,False,False,2038.6923076923076,1868.853333333334,-169.8389743589737
RuleBased,demand_surge,surge_vague_1,vague,1008,demand_surge,demand_surge,False,False,2165.0,1868.853333333334,-296.1466666666661
RuleBased,demand_surge,surge_vague_2,vague,1008,demand_surge,demand_surge,False,False,2165.0,1868.853333333334,-296.1466666666661
RuleBased,demand_surge,surge_clear_1,clear,1009,demand_surge,demand_surge,False,False,1865.8461538461543,1868.853333333334,3.0071794871796556
RuleBased,demand_surge,surge_clear_2,clear,1009,demand_surge,demand_surge,False,False,2036.0,1868.853333333334,-167.14666666666608
RuleBased,demand_surge,surge_moderate_1,moderate,1009,demand_surge,demand_surge,False,False,1831.9999999999998,1868.853333333334,36.85333333333415
RuleBased,demand_surge,surge_moderate_2,moderate,1009,demand_surge,demand_surge,False,False,1865.8461538461543,1868.853333333334,3.0071794871796556
RuleBased,demand_surge,surge_vague_1,vague,1009,demand_surge,demand_surge,False,False,2209.0,1868.853333333334,-340.1466666666661
RuleBased,demand_surge,surge_vague_2,vague,1009,demand_surge,demand_surge,False,False,2209.0,1868.853333333334,-340.1466666666661
RuleBased,demand_surge,surge_clear_1,clear,1010,demand_surge,demand_surge,False,False,1889.1538461538462,1868.853333333334,-20.300512820512267
RuleBased,demand_surge,surge_clear_2,clear,1010,demand_surge,demand_surge,False,False,1890.0,1868.853333333334,-21.14666666666608
RuleBased,demand_surge,surge_moderate_1,moderate,1010,demand_surge,demand_surge,False,False,1994.0,1868.853333333334,-125.14666666666608
RuleBased,demand_surge,surge_moderate_2,moderate,1010,demand_surge,demand_surge,False,False,1889.1538461538462,1868.853333333334,-20.300512820512267
RuleBased,demand_surge,surge_vague_1,vague,1010,demand_surge,demand_surge,False,False,2039.0,1868.853333333334,-170.14666666666608
RuleBased,demand_surge,surge_vague_2,vague,1010,demand_surge,demand_surge,False,False,2039.0,1868.853333333334,-170.14666666666608
RuleBased,demand_surge,surge_clear_1,clear,1011,demand_surge,demand_surge,False,False,1890.0,1868.853333333334,-21.14666666666608
RuleBased,demand_surge,surge_clear_2,clear,1011,demand_surge,demand_surge,False,False,1990.0,1868.853333333334,-121.14666666666608
RuleBased,demand_surge,surge_moderate_1,moderate,1011,demand_surge,demand_surge,False,False,2120.4,1868.853333333334,-251.54666666666617
RuleBased,demand_surge,surge_moderate_2,moderate,1011,demand_surge,demand_surge,False,False,1890.0,1868.853333333334,-21.14666666666608
RuleBased,demand_surge,surge_vague_1,vague,1011,demand_surge,demand_surge,False,False,2381.0,1868.853333333334,-512.1466666666661
RuleBased,demand_surge,surge_vague_2,vague,1011,demand_surge,demand_surge,False,False,2381.0,1868.853333333334,-512.1466666666661
RuleBased,demand_surge,surge_clear_1,clear,1012,demand_surge,demand_surge,False,False,2117.0,1868.853333333334,-248.14666666666608
RuleBased,demand_surge,surge_clear_2,clear,1012,demand_surge,demand_surge,False,False,2304.0,1868.853333333334,-435.1466666666661
RuleBased,demand_surge,surge_moderate_1,moderate,1012,demand_surge,demand_surge,False,False,2043.9999999999998,1868.853333333334,-175.14666666666585
RuleBased,demand_surge,surge_moderate_2,moderate,1012,demand_surge,demand_surge,False,False,2117.0,1868.853333333334,-248.14666666666608
RuleBased,demand_surge,surge_vague_1,vague,1012,demand_surge,demand_surge,False,False,2284.0,1868.853333333334,-415.1466666666661
RuleBased,demand_surge,surge_vague_2,vague,1012,demand_surge,demand_surge,False,False,2284.0,1868.853333333334,-415.1466666666661
RuleBased,demand_surge,surge_clear_1,clear,1013,demand_surge,demand_surge,False,False,1935.8461538461536,1868.853333333334,-66.99282051281966
RuleBased,demand_surge,surge_clear_2,clear,1013,demand_surge,demand_surge,False,False,2094.0,1868.853333333334,-225.14666666666608
RuleBased,demand_surge,surge_moderate_1,moderate,1013,demand_surge,demand_surge,False,False,2070.2,1868.853333333334,-201.3466666666659
RuleBased,demand_surge,surge_moderate_2,moderate,1013,demand_surge,demand_surge,False,False,1935.8461538461536,1868.853333333334,-66.99282051281966
RuleBased,demand_surge,surge_vague_1,vague,1013,demand_surge,demand_surge,False,False,2442.0,1868.853333333334,-573.1466666666661
RuleBased,demand_surge,surge_vague_2,vague,1013,demand_surge,demand_surge,False,False,2442.0,1868.853333333334,-573.1466666666661
RuleBased,demand_surge,surge_clear_1,clear,1014,demand_surge,demand_surge,False,False,1920.6153846153843,1868.853333333334,-51.76205128205038
RuleBased,demand_surge,surge_clear_2,clear,1014,demand_surge,demand_surge,False,False,1892.0,1868.853333333334,-23.14666666666608
RuleBased,demand_surge,surge_moderate_1,moderate,1014,demand_surge,demand_surge,False,False,2175.0000000000005,1868.853333333334,-306.14666666666653
RuleBased,demand_surge,surge_moderate_2,moderate,1014,demand_surge,demand_surge,False,False,1920.6153846153843,1868.853333333334,-51.76205128205038
RuleBased,demand_surge,surge_vague_1,vague,1014,demand_surge,demand_surge,False,False,1902.0,1868.853333333334,-33.14666666666608
RuleBased,demand_surge,surge_vague_2,vague,1014,demand_surge,demand_surge,False,False,1902.0,1868.853333333334,-33.14666666666608
PerfectSemantic,normal,normal_clear_1,clear,1000,normal,normal,False,False,1945.0,1615.0533333333333,-329.9466666666667
PerfectSemantic,normal,normal_clear_2,clear,1000,normal,normal,False,False,1945.0,1615.0533333333333,-329.9466666666667
PerfectSemantic,normal,normal_moderate_1,moderate,1000,normal,normal,False,False,1945.0,1615.0533333333333,-329.9466666666667
PerfectSemantic,normal,normal_moderate_2,moderate,1000,normal,normal,False,False,1945.0,1615.0533333333333,-329.9466666666667
PerfectSemantic,normal,normal_vague_1,vague,1000,normal,normal,False,False,1945.0,1615.0533333333333,-329.9466666666667
PerfectSemantic,normal,normal_vague_2,vague,1000,normal,normal,False,False,1945.0,1615.0533333333333,-329.9466666666667
PerfectSemantic,normal,normal_clear_1,clear,1001,normal,normal,False,False,1519.0,1615.0533333333333,96.05333333333328
PerfectSemantic,normal,normal_clear_2,clear,1001,normal,normal,False,False,1519.0,1615.0533333333333,96.05333333333328
PerfectSemantic,normal,normal_moderate_1,moderate,1001,normal,normal,False,False,1519.0,1615.0533333333333,96.05333333333328
PerfectSemantic,normal,normal_moderate_2,moderate,1001,normal,normal,False,False,1519.0,1615.0533333333333,96.05333333333328
PerfectSemantic,normal,normal_vague_1,vague,1001,normal,normal,False,False,1519.0,1615.0533333333333,96.05333333333328
PerfectSemantic,normal,normal_vague_2,vague,1001,normal,normal,False,False,1519.0,1615.0533333333333,96.05333333333328
PerfectSemantic,normal,normal_clear_1,clear,1002,normal,normal,False,False,1641.0,1615.0533333333333,-25.946666666666715
PerfectSemantic,normal,normal_clear_2,clear,1002,normal,normal,False,False,1641.0,1615.0533333333333,-25.946666666666715
PerfectSemantic,normal,normal_moderate_1,moderate,1002,normal,normal,False,False,1641.0,1615.0533333333333,-25.946666666666715
PerfectSemantic,normal,normal_moderate_2,moderate,1002,normal,normal,False,False,1641.0,1615.0533333333333,-25.946666666666715
PerfectSemantic,normal,normal_vague_1,vague,1002,normal,normal,False,False,1641.0,1615.0533333333333,-25.946666666666715
PerfectSemantic,normal,normal_vague_2,vague,1002,normal,normal,False,False,1641.0,1615.0533333333333,-25.946666666666715
PerfectSemantic,normal,normal_clear_1,clear,1003,normal,normal,False,False,1929.0,1615.0533333333333,-313.9466666666667
PerfectSemantic,normal,normal_clear_2,clear,1003,normal,normal,False,False,1929.0,1615.0533333333333,-313.9466666666667
PerfectSemantic,normal,normal_moderate_1,moderate,1003,normal,normal,False,False,1929.0,1615.0533333333333,-313.9466666666667
PerfectSemantic,normal,normal_moderate_2,moderate,1003,normal,normal,False,False,1929.0,1615.0533333333333,-313.9466666666667
PerfectSemantic,normal,normal_vague_1,vague,1003,normal,normal,False,False,1929.0,1615.0533333333333,-313.9466666666667
PerfectSemantic,normal,normal_vague_2,vague,1003,normal,normal,False,False,1929.0,1615.0533333333333,-313.9466666666667
PerfectSemantic,normal,normal_clear_1,clear,1004,normal,normal,False,False,1905.0,1615.0533333333333,-289.9466666666667
PerfectSemantic,normal,normal_clear_2,clear,1004,normal,normal,False,False,1905.0,1615.0533333333333,-289.9466666666667
PerfectSemantic,normal,normal_moderate_1,moderate,1004,normal,normal,False,False,1905.0,1615.0533333333333,-289.9466666666667
PerfectSemantic,normal,normal_moderate_2,moderate,1004,normal,normal,False,False,1905.0,1615.0533333333333,-289.9466666666667
PerfectSemantic,normal,normal_vague_1,vague,1004,normal,normal,False,False,1905.0,1615.0533333333333,-289.9466666666667
PerfectSemantic,normal,normal_vague_2,vague,1004,normal,normal,False,False,1905.0,1615.0533333333333,-289.9466666666667
PerfectSemantic,normal,normal_clear_1,clear,1005,normal,normal,False,False,2009.0,1615.0533333333333,-393.9466666666667
PerfectSemantic,normal,normal_clear_2,clear,1005,normal,normal,False,False,2009.0,1615.0533333333333,-393.9466666666667
PerfectSemantic,normal,normal_moderate_1,moderate,1005,normal,normal,False,False,2009.0,1615.0533333333333,-393.9466666666667
PerfectSemantic,normal,normal_moderate_2,moderate,1005,normal,normal,False,False,2009.0,1615.0533333333333,-393.9466666666667
PerfectSemantic,normal,normal_vague_1,vague,1005,normal,normal,False,False,2009.0,1615.0533333333333,-393.9466666666667
PerfectSemantic,normal,normal_vague_2,vague,1005,normal,normal,False,False,2009.0,1615.0533333333333,-393.9466666666667
PerfectSemantic,normal,normal_clear_1,clear,1006,normal,normal,False,False,1659.0,1615.0533333333333,-43.946666666666715
PerfectSemantic,normal,normal_clear_2,clear,1006,normal,normal,False,False,1659.0,1615.0533333333333,-43.946666666666715
PerfectSemantic,normal,normal_moderate_1,moderate,1006,normal,normal,False,False,1659.0,1615.0533333333333,-43.946666666666715
PerfectSemantic,normal,normal_moderate_2,moderate,1006,normal,normal,False,False,1659.0,1615.0533333333333,-43.946666666666715
PerfectSemantic,normal,normal_vague_1,vague,1006,normal,normal,False,False,1659.0,1615.0533333333333,-43.946666666666715
PerfectSemantic,normal,normal_vague_2,vague,1006,normal,normal,False,False,1659.0,1615.0533333333333,-43.946666666666715
PerfectSemantic,normal,normal_clear_1,clear,1007,normal,normal,False,False,1902.0,1615.0533333333333,-286.9466666666667
PerfectSemantic,normal,normal_clear_2,clear,1007,normal,normal,False,False,1902.0,1615.0533333333333,-286.9466666666667
PerfectSemantic,normal,normal_moderate_1,moderate,1007,normal,normal,False,False,1902.0,1615.0533333333333,-286.9466666666667
PerfectSemantic,normal,normal_moderate_2,moderate,1007,normal,normal,False,False,1902.0,1615.0533333333333,-286.9466666666667
PerfectSemantic,normal,normal_vague_1,vague,1007,normal,normal,False,False,1902.0,1615.0533333333333,-286.9466666666667
PerfectSemantic,normal,normal_vague_2,vague,1007,normal,normal,False,False,1902.0,1615.0533333333333,-286.9466666666667
PerfectSemantic,normal,normal_clear_1,clear,1008,normal,normal,False,False,1651.0,1615.0533333333333,-35.946666666666715
PerfectSemantic,normal,normal_clear_2,clear,1008,normal,normal,False,False,1651.0,1615.0533333333333,-35.946666666666715
PerfectSemantic,normal,normal_moderate_1,moderate,1008,normal,normal,False,False,1651.0,1615.0533333333333,-35.946666666666715
PerfectSemantic,normal,normal_moderate_2,moderate,1008,normal,normal,False,False,1651.0,1615.0533333333333,-35.946666666666715
PerfectSemantic,normal,normal_vague_1,vague,1008,normal,normal,False,False,1651.0,1615.0533333333333,-35.946666666666715
PerfectSemantic,normal,normal_vague_2,vague,1008,normal,normal,False,False,1651.0,1615.0533333333333,-35.946666666666715
PerfectSemantic,normal,normal_clear_1,clear,1009,normal,normal,False,False,1660.0,1615.0533333333333,-44.946666666666715
PerfectSemantic,normal,normal_clear_2,clear,1009,normal,normal,False,False,1660.0,1615.0533333333333,-44.946666666666715
PerfectSemantic,normal,normal_moderate_1,moderate,1009,normal,normal,False,False,1660.0,1615.0533333333333,-44.946666666666715
PerfectSemantic,normal,normal_moderate_2,moderate,1009,normal,normal,False,False,1660.0,1615.0533333333333,-44.946666666666715
PerfectSemantic,normal,normal_vague_1,vague,1009,normal,normal,False,False,1660.0,1615.0533333333333,-44.946666666666715
PerfectSemantic,normal,normal_vague_2,vague,1009,normal,normal,False,False,1660.0,1615.0533333333333,-44.946666666666715
PerfectSemantic,normal,normal_clear_1,clear,1010,normal,normal,False,False,1778.0,1615.0533333333333,-162.94666666666672
PerfectSemantic,normal,normal_clear_2,clear,1010,normal,normal,False,False,1778.0,1615.0533333333333,-162.94666666666672
PerfectSemantic,normal,normal_moderate_1,moderate,1010,normal,normal,False,False,1778.0,1615.0533333333333,-162.94666666666672
PerfectSemantic,normal,normal_moderate_2,moderate,1010,normal,normal,False,False,1778.0,1615.0533333333333,-162.94666666666672
PerfectSemantic,normal,normal_vague_1,vague,1010,normal,normal,False,False,1778.0,1615.0533333333333,-162.94666666666672
PerfectSemantic,normal,normal_vague_2,vague,1010,normal,normal,False,False,1778.0,1615.0533333333333,-162.94666666666672
PerfectSemantic,normal,normal_clear_1,clear,1011,normal,normal,False,False,1841.0,1615.0533333333333,-225.94666666666672
PerfectSemantic,normal,normal_clear_2,clear,1011,normal,normal,False,False,1841.0,1615.0533333333333,-225.94666666666672
PerfectSemantic,normal,normal_moderate_1,moderate,1011,normal,normal,False,False,1841.0,1615.0533333333333,-225.94666666666672
PerfectSemantic,normal,normal_moderate_2,moderate,1011,normal,normal,False,False,1841.0,1615.0533333333333,-225.94666666666672
PerfectSemantic,normal,normal_vague_1,vague,1011,normal,normal,False,False,1841.0,1615.0533333333333,-225.94666666666672
PerfectSemantic,normal,normal_vague_2,vague,1011,normal,normal,False,False,1841.0,1615.0533333333333,-225.94666666666672
PerfectSemantic,normal,normal_clear_1,clear,1012,normal,normal,False,False,1876.0,1615.0533333333333,-260.9466666666667
PerfectSemantic,normal,normal_clear_2,clear,1012,normal,normal,False,False,1876.0,1615.0533333333333,-260.9466666666667
PerfectSemantic,normal,normal_moderate_1,moderate,1012,normal,normal,False,False,1876.0,1615.0533333333333,-260.9466666666667
PerfectSemantic,normal,normal_moderate_2,moderate,1012,normal,normal,False,False,1876.0,1615.0533333333333,-260.9466666666667
PerfectSemantic,normal,normal_vague_1,vague,1012,normal,normal,False,False,1876.0,1615.0533333333333,-260.9466666666667
PerfectSemantic,normal,normal_vague_2,vague,1012,normal,normal,False,False,1876.0,1615.0533333333333,-260.9466666666667
PerfectSemantic,normal,normal_clear_1,clear,1013,normal,normal,False,False,1837.0,1615.0533333333333,-221.94666666666672
PerfectSemantic,normal,normal_clear_2,clear,1013,normal,normal,False,False,1837.0,1615.0533333333333,-221.94666666666672
PerfectSemantic,normal,normal_moderate_1,moderate,1013,normal,normal,False,False,1837.0,1615.0533333333333,-221.94666666666672
PerfectSemantic,normal,normal_moderate_2,moderate,1013,normal,normal,False,False,1837.0,1615.0533333333333,-221.94666666666672
PerfectSemantic,normal,normal_vague_1,vague,1013,normal,normal,False,False,1837.0,1615.0533333333333,-221.94666666666672
PerfectSemantic,normal,normal_vague_2,vague,1013,normal,normal,False,False,1837.0,1615.0533333333333,-221.94666666666672
PerfectSemantic,normal,normal_clear_1,clear,1014,normal,normal,False,False,1623.0,1615.0533333333333,-7.946666666666715
PerfectSemantic,normal,normal_clear_2,clear,1014,normal,normal,False,False,1623.0,1615.0533333333333,-7.946666666666715
PerfectSemantic,normal,normal_moderate_1,moderate,1014,normal,normal,False,False,1623.0,1615.0533333333333,-7.946666666666715
PerfectSemantic,normal,normal_moderate_2,moderate,1014,normal,normal,False,False,1623.0,1615.0533333333333,-7.946666666666715
PerfectSemantic,normal,normal_vague_1,vague,1014,normal,normal,False,False,1623.0,1615.0533333333333,-7.946666666666715
PerfectSemantic,normal,normal_vague_2,vague,1014,normal,normal,False,False,1623.0,1615.0533333333333,-7.946666666666715
PerfectSemantic,supplier_delay,delay_clear_1,clear,1000,supplier_delay,supplier_delay,False,False,1828.0,1550.7999999999997,-277.2000000000003
PerfectSemantic,supplier_delay,delay_clear_2,clear,1000,supplier_delay,supplier_delay,False,False,1828.0,1550.7999999999997,-277.2000000000003
PerfectSemantic,supplier_delay,delay_moderate_1,moderate,1000,supplier_delay,supplier_delay,False,False,1828.0,1550.7999999999997,-277.2000000000003
PerfectSemantic,supplier_delay,delay_moderate_2,moderate,1000,supplier_delay,supplier_delay,False,False,1828.0,1550.7999999999997,-277.2000000000003
PerfectSemantic,supplier_delay,delay_vague_1,vague,1000,supplier_delay,supplier_delay,False,False,1828.0,1550.7999999999997,-277.2000000000003
PerfectSemantic,supplier_delay,delay_vague_2,vague,1000,supplier_delay,supplier_delay,False,False,1828.0,1550.7999999999997,-277.2000000000003
PerfectSemantic,supplier_delay,delay_clear_1,clear,1001,supplier_delay,supplier_delay,False,False,1282.0,1550.7999999999997,268.7999999999997
PerfectSemantic,supplier_delay,delay_clear_2,clear,1001,supplier_delay,supplier_delay,False,False,1282.0,1550.7999999999997,268.7999999999997
PerfectSemantic,supplier_delay,delay_moderate_1,moderate,1001,supplier_delay,supplier_delay,False,False,1282.0,1550.7999999999997,268.7999999999997
PerfectSemantic,supplier_delay,delay_moderate_2,moderate,1001,supplier_delay,supplier_delay,False,False,1282.0,1550.7999999999997,268.7999999999997
PerfectSemantic,supplier_delay,delay_vague_1,vague,1001,supplier_delay,supplier_delay,False,False,1282.0,1550.7999999999997,268.7999999999997
PerfectSemantic,supplier_delay,delay_vague_2,vague,1001,supplier_delay,supplier_delay,False,False,1282.0,1550.7999999999997,268.7999999999997
PerfectSemantic,supplier_delay,delay_clear_1,clear,1002,supplier_delay,supplier_delay,False,False,1508.0,1550.7999999999997,42.79999999999973
PerfectSemantic,supplier_delay,delay_clear_2,clear,1002,supplier_delay,supplier_delay,False,False,1508.0,1550.7999999999997,42.79999999999973
PerfectSemantic,supplier_delay,delay_moderate_1,moderate,1002,supplier_delay,supplier_delay,False,False,1508.0,1550.7999999999997,42.79999999999973
PerfectSemantic,supplier_delay,delay_moderate_2,moderate,1002,supplier_delay,supplier_delay,False,False,1508.0,1550.7999999999997,42.79999999999973
PerfectSemantic,supplier_delay,delay_vague_1,vague,1002,supplier_delay,supplier_delay,False,False,1508.0,1550.7999999999997,42.79999999999973
PerfectSemantic,supplier_delay,delay_vague_2,vague,1002,supplier_delay,supplier_delay,False,False,1508.0,1550.7999999999997,42.79999999999973
PerfectSemantic,supplier_delay,delay_clear_1,clear,1003,supplier_delay,supplier_delay,False,False,1703.0,1550.7999999999997,-152.20000000000027
PerfectSemantic,supplier_delay,delay_clear_2,clear,1003,supplier_delay,supplier_delay,False,False,1703.0,1550.7999999999997,-152.20000000000027
PerfectSemantic,supplier_delay,delay_moderate_1,moderate,1003,supplier_delay,supplier_delay,False,False,1703.0,1550.7999999999997,-152.20000000000027
PerfectSemantic,supplier_delay,delay_moderate_2,moderate,1003,supplier_delay,supplier_delay,False,False,1703.0,1550.7999999999997,-152.20000000000027
PerfectSemantic,supplier_delay,delay_vague_1,vague,1003,supplier_delay,supplier_delay,False,False,1703.0,1550.7999999999997,-152.20000000000027
PerfectSemantic,supplier_delay,delay_vague_2,vague,1003,supplier_delay,supplier_delay,False,False,1703.0,1550.7999999999997,-152.20000000000027
PerfectSemantic,supplier_delay,delay_clear_1,clear,1004,supplier_delay,supplier_delay,False,False,1738.0,1550.7999999999997,-187.20000000000027
PerfectSemantic,supplier_delay,delay_clear_2,clear,1004,supplier_delay,supplier_delay,False,False,1738.0,1550.7999999999997,-187.20000000000027
PerfectSemantic,supplier_delay,delay_moderate_1,moderate,1004,supplier_delay,supplier_delay,False,False,1738.0,1550.7999999999997,-187.20000000000027
PerfectSemantic,supplier_delay,delay_moderate_2,moderate,1004,supplier_delay,supplier_delay,False,False,1738.0,1550.7999999999997,-187.20000000000027
PerfectSemantic,supplier_delay,delay_vague_1,vague,1004,supplier_delay,supplier_delay,False,False,1738.0,1550.7999999999997,-187.20000000000027
PerfectSemantic,supplier_delay,delay_vague_2,vague,1004,supplier_delay,supplier_delay,False,False,1738.0,1550.7999999999997,-187.20000000000027
PerfectSemantic,supplier_delay,delay_clear_1,clear,1005,supplier_delay,supplier_delay,False,False,1749.0,1550.7999999999997,-198.20000000000027
PerfectSemantic,supplier_delay,delay_clear_2,clear,1005,supplier_delay,supplier_delay,False,False,1749.0,1550.7999999999997,-198.20000000000027
PerfectSemantic,supplier_delay,delay_moderate_1,moderate,1005,supplier_delay,supplier_delay,False,False,1749.0,1550.7999999999997,-198.20000000000027
PerfectSemantic,supplier_delay,delay_moderate_2,moderate,1005,supplier_delay,supplier_delay,False,False,1749.0,1550.7999999999997,-198.20000000000027
PerfectSemantic,supplier_delay,delay_vague_1,vague,1005,supplier_delay,supplier_delay,False,False,1749.0,1550.7999999999997,-198.20000000000027
PerfectSemantic,supplier_delay,delay_vague_2,vague,1005,supplier_delay,supplier_delay,False,False,1749.0,1550.7999999999997,-198.20000000000027
PerfectSemantic,supplier_delay,delay_clear_1,clear,1006,supplier_delay,supplier_delay,False,False,1580.0,1550.7999999999997,-29.200000000000273
PerfectSemantic,supplier_delay,delay_clear_2,clear,1006,supplier_delay,supplier_delay,False,False,1580.0,1550.7999999999997,-29.200000000000273
PerfectSemantic,supplier_delay,delay_moderate_1,moderate,1006,supplier_delay,supplier_delay,False,False,1580.0,1550.7999999999997,-29.200000000000273
PerfectSemantic,supplier_delay,delay_moderate_2,moderate,1006,supplier_delay,supplier_delay,False,False,1580.0,1550.7999999999997,-29.200000000000273
PerfectSemantic,supplier_delay,delay_vague_1,vague,1006,supplier_delay,supplier_delay,False,False,1580.0,1550.7999999999997,-29.200000000000273
PerfectSemantic,supplier_delay,delay_vague_2,vague,1006,supplier_delay,supplier_delay,False,False,1580.0,1550.7999999999997,-29.200000000000273
PerfectSemantic,supplier_delay,delay_clear_1,clear,1007,supplier_delay,supplier_delay,False,False,1721.0,1550.7999999999997,-170.20000000000027
PerfectSemantic,supplier_delay,delay_clear_2,clear,1007,supplier_delay,supplier_delay,False,False,1721.0,1550.7999999999997,-170.20000000000027
PerfectSemantic,supplier_delay,delay_moderate_1,moderate,1007,supplier_delay,supplier_delay,False,False,1721.0,1550.7999999999997,-170.20000000000027
PerfectSemantic,supplier_delay,delay_moderate_2,moderate,1007,supplier_delay,supplier_delay,False,False,1721.0,1550.7999999999997,-170.20000000000027
PerfectSemantic,supplier_delay,delay_vague_1,vague,1007,supplier_delay,supplier_delay,False,False,1721.0,1550.7999999999997,-170.20000000000027
PerfectSemantic,supplier_delay,delay_vague_2,vague,1007,supplier_delay,supplier_delay,False,False,1721.0,1550.7999999999997,-170.20000000000027
PerfectSemantic,supplier_delay,delay_clear_1,clear,1008,supplier_delay,supplier_delay,False,False,1651.0,1550.7999999999997,-100.20000000000027
PerfectSemantic,supplier_delay,delay_clear_2,clear,1008,supplier_delay,supplier_delay,False,False,1651.0,1550.7999999999997,-100.20000000000027
PerfectSemantic,supplier_delay,delay_moderate_1,moderate,1008,supplier_delay,supplier_delay,False,False,1651.0,1550.7999999999997,-100.20000000000027
PerfectSemantic,supplier_delay,delay_moderate_2,moderate,1008,supplier_delay,supplier_delay,False,False,1651.0,1550.7999999999997,-100.20000000000027
PerfectSemantic,supplier_delay,delay_vague_1,vague,1008,supplier_delay,supplier_delay,False,False,1651.0,1550.7999999999997,-100.20000000000027
PerfectSemantic,supplier_delay,delay_vague_2,vague,1008,supplier_delay,supplier_delay,False,False,1651.0,1550.7999999999997,-100.20000000000027
PerfectSemantic,supplier_delay,delay_clear_1,clear,1009,supplier_delay,supplier_delay,False,False,1654.0,1550.7999999999997,-103.20000000000027
PerfectSemantic,supplier_delay,delay_clear_2,clear,1009,supplier_delay,supplier_delay,False,False,1654.0,1550.7999999999997,-103.20000000000027
PerfectSemantic,supplier_delay,delay_moderate_1,moderate,1009,supplier_delay,supplier_delay,False,False,1654.0,1550.7999999999997,-103.20000000000027
PerfectSemantic,supplier_delay,delay_moderate_2,moderate,1009,supplier_delay,supplier_delay,False,False,1654.0,1550.7999999999997,-103.20000000000027
PerfectSemantic,supplier_delay,delay_vague_1,vague,1009,supplier_delay,supplier_delay,False,False,1654.0,1550.7999999999997,-103.20000000000027
PerfectSemantic,supplier_delay,delay_vague_2,vague,1009,supplier_delay,supplier_delay,False,False,1654.0,1550.7999999999997,-103.20000000000027
PerfectSemantic,supplier_delay,delay_clear_1,clear,1010,supplier_delay,supplier_delay,False,False,1602.0,1550.7999999999997,-51.20000000000027
PerfectSemantic,supplier_delay,delay_clear_2,clear,1010,supplier_delay,supplier_delay,False,False,1602.0,1550.7999999999997,-51.20000000000027
PerfectSemantic,supplier_delay,delay_moderate_1,moderate,1010,supplier_delay,supplier_delay,False,False,1602.0,1550.7999999999997,-51.20000000000027
PerfectSemantic,supplier_delay,delay_moderate_2,moderate,1010,supplier_delay,supplier_delay,False,False,1602.0,1550.7999999999997,-51.20000000000027
PerfectSemantic,supplier_delay,delay_vague_1,vague,1010,supplier_delay,supplier_delay,False,False,1602.0,1550.7999999999997,-51.20000000000027
PerfectSemantic,supplier_delay,delay_vague_2,vague,1010,supplier_delay,supplier_delay,False,False,1602.0,1550.7999999999997,-51.20000000000027
PerfectSemantic,supplier_delay,delay_clear_1,clear,1011,supplier_delay,supplier_delay,False,False,1610.0,1550.7999999999997,-59.20000000000027
PerfectSemantic,supplier_delay,delay_clear_2,clear,1011,supplier_delay,supplier_delay,False,False,1610.0,1550.7999999999997,-59.20000000000027
PerfectSemantic,supplier_delay,delay_moderate_1,moderate,1011,supplier_delay,supplier_delay,False,False,1610.0,1550.7999999999997,-59.20000000000027
PerfectSemantic,supplier_delay,delay_moderate_2,moderate,1011,supplier_delay,supplier_delay,False,False,1610.0,1550.7999999999997,-59.20000000000027
PerfectSemantic,supplier_delay,delay_vague_1,vague,1011,supplier_delay,supplier_delay,False,False,1610.0,1550.7999999999997,-59.20000000000027
PerfectSemantic,supplier_delay,delay_vague_2,vague,1011,supplier_delay,supplier_delay,False,False,1610.0,1550.7999999999997,-59.20000000000027
PerfectSemantic,supplier_delay,delay_clear_1,clear,1012,supplier_delay,supplier_delay,False,False,1741.0,1550.7999999999997,-190.20000000000027
PerfectSemantic,supplier_delay,delay_clear_2,clear,1012,supplier_delay,supplier_delay,False,False,1741.0,1550.7999999999997,-190.20000000000027
PerfectSemantic,supplier_delay,delay_moderate_1,moderate,1012,supplier_delay,supplier_delay,False,False,1741.0,1550.7999999999997,-190.20000000000027
PerfectSemantic,supplier_delay,delay_moderate_2,moderate,1012,supplier_delay,supplier_delay,False,False,1741.0,1550.7999999999997,-190.20000000000027
PerfectSemantic,supplier_delay,delay_vague_1,vague,1012,supplier_delay,supplier_delay,False,False,1741.0,1550.7999999999997,-190.20000000000027
PerfectSemantic,supplier_delay,delay_vague_2,vague,1012,supplier_delay,supplier_delay,False,False,1741.0,1550.7999999999997,-190.20000000000027
PerfectSemantic,supplier_delay,delay_clear_1,clear,1013,supplier_delay,supplier_delay,False,False,1575.0,1550.7999999999997,-24.200000000000273
PerfectSemantic,supplier_delay,delay_clear_2,clear,1013,supplier_delay,supplier_delay,False,False,1575.0,1550.7999999999997,-24.200000000000273
PerfectSemantic,supplier_delay,delay_moderate_1,moderate,1013,supplier_delay,supplier_delay,False,False,1575.0,1550.7999999999997,-24.200000000000273
PerfectSemantic,supplier_delay,delay_moderate_2,moderate,1013,supplier_delay,supplier_delay,False,False,1575.0,1550.7999999999997,-24.200000000000273
PerfectSemantic,supplier_delay,delay_vague_1,vague,1013,supplier_delay,supplier_delay,False,False,1575.0,1550.7999999999997,-24.200000000000273
PerfectSemantic,supplier_delay,delay_vague_2,vague,1013,supplier_delay,supplier_delay,False,False,1575.0,1550.7999999999997,-24.200000000000273
PerfectSemantic,supplier_delay,delay_clear_1,clear,1014,supplier_delay,supplier_delay,False,False,1411.0,1550.7999999999997,139.79999999999973
PerfectSemantic,supplier_delay,delay_clear_2,clear,1014,supplier_delay,supplier_delay,False,False,1411.0,1550.7999999999997,139.79999999999973
PerfectSemantic,supplier_delay,delay_moderate_1,moderate,1014,supplier_delay,supplier_delay,False,False,1411.0,1550.7999999999997,139.79999999999973
PerfectSemantic,supplier_delay,delay_moderate_2,moderate,1014,supplier_delay,supplier_delay,False,False,1411.0,1550.7999999999997,139.79999999999973
PerfectSemantic,supplier_delay,delay_vague_1,vague,1014,supplier_delay,supplier_delay,False,False,1411.0,1550.7999999999997,139.79999999999973
PerfectSemantic,supplier_delay,delay_vague_2,vague,1014,supplier_delay,supplier_delay,False,False,1411.0,1550.7999999999997,139.79999999999973
PerfectSemantic,demand_surge,surge_clear_1,clear,1000,demand_surge,demand_surge,False,False,2197.0,1868.853333333334,-328.1466666666661
PerfectSemantic,demand_surge,surge_clear_2,clear,1000,demand_surge,demand_surge,False,False,2197.0,1868.853333333334,-328.1466666666661
PerfectSemantic,demand_surge,surge_moderate_1,moderate,1000,demand_surge,demand_surge,False,False,2197.0,1868.853333333334,-328.1466666666661
PerfectSemantic,demand_surge,surge_moderate_2,moderate,1000,demand_surge,demand_surge,False,False,2197.0,1868.853333333334,-328.1466666666661
PerfectSemantic,demand_surge,surge_vague_1,vague,1000,demand_surge,demand_surge,False,False,2197.0,1868.853333333334,-328.1466666666661
PerfectSemantic,demand_surge,surge_vague_2,vague,1000,demand_surge,demand_surge,False,False,2197.0,1868.853333333334,-328.1466666666661
PerfectSemantic,demand_surge,surge_clear_1,clear,1001,demand_surge,demand_surge,False,False,2277.0,1868.853333333334,-408.1466666666661
PerfectSemantic,demand_surge,surge_clear_2,clear,1001,demand_surge,demand_surge,False,False,2277.0,1868.853333333334,-408.1466666666661
PerfectSemantic,demand_surge,surge_moderate_1,moderate,1001,demand_surge,demand_surge,False,False,2277.0,1868.853333333334,-408.1466666666661
PerfectSemantic,demand_surge,surge_moderate_2,moderate,1001,demand_surge,demand_surge,False,False,2277.0,1868.853333333334,-408.1466666666661
PerfectSemantic,demand_surge,surge_vague_1,vague,1001,demand_surge,demand_surge,False,False,2277.0,1868.853333333334,-408.1466666666661
PerfectSemantic,demand_surge,surge_vague_2,vague,1001,demand_surge,demand_surge,False,False,2277.0,1868.853333333334,-408.1466666666661
PerfectSemantic,demand_surge,surge_clear_1,clear,1002,demand_surge,demand_surge,False,False,2289.0,1868.853333333334,-420.1466666666661
PerfectSemantic,demand_surge,surge_clear_2,clear,1002,demand_surge,demand_surge,False,False,2289.0,1868.853333333334,-420.1466666666661
PerfectSemantic,demand_surge,surge_moderate_1,moderate,1002,demand_surge,demand_surge,False,False,2289.0,1868.853333333334,-420.1466666666661
PerfectSemantic,demand_surge,surge_moderate_2,moderate,1002,demand_surge,demand_surge,False,False,2289.0,1868.853333333334,-420.1466666666661
PerfectSemantic,demand_surge,surge_vague_1,vague,1002,demand_surge,demand_surge,False,False,2289.0,1868.853333333334,-420.1466666666661
PerfectSemantic,demand_surge,surge_vague_2,vague,1002,demand_surge,demand_surge,False,False,2289.0,1868.853333333334,-420.1466666666661
PerfectSemantic,demand_surge,surge_clear_1,clear,1003,demand_surge,demand_surge,False,False,2317.0,1868.853333333334,-448.1466666666661
PerfectSemantic,demand_surge,surge_clear_2,clear,1003,demand_surge,demand_surge,False,False,2317.0,1868.853333333334,-448.1466666666661
PerfectSemantic,demand_surge,surge_moderate_1,moderate,1003,demand_surge,demand_surge,False,False,2317.0,1868.853333333334,-448.1466666666661
PerfectSemantic,demand_surge,surge_moderate_2,moderate,1003,demand_surge,demand_surge,False,False,2317.0,1868.853333333334,-448.1466666666661
PerfectSemantic,demand_surge,surge_vague_1,vague,1003,demand_surge,demand_surge,False,False,2317.0,1868.853333333334,-448.1466666666661
PerfectSemantic,demand_surge,surge_vague_2,vague,1003,demand_surge,demand_surge,False,False,2317.0,1868.853333333334,-448.1466666666661
PerfectSemantic,demand_surge,surge_clear_1,clear,1004,demand_surge,demand_surge,False,False,2197.0,1868.853333333334,-328.1466666666661
PerfectSemantic,demand_surge,surge_clear_2,clear,1004,demand_surge,demand_surge,False,False,2197.0,1868.853333333334,-328.1466666666661
PerfectSemantic,demand_surge,surge_moderate_1,moderate,1004,demand_surge,demand_surge,False,False,2197.0,1868.853333333334,-328.1466666666661
PerfectSemantic,demand_surge,surge_moderate_2,moderate,1004,demand_surge,demand_surge,False,False,2197.0,1868.853333333334,-328.1466666666661
PerfectSemantic,demand_surge,surge_vague_1,vague,1004,demand_surge,demand_surge,False,False,2197.0,1868.853333333334,-328.1466666666661
PerfectSemantic,demand_surge,surge_vague_2,vague,1004,demand_surge,demand_surge,False,False,2197.0,1868.853333333334,-328.1466666666661
PerfectSemantic,demand_surge,surge_clear_1,clear,1005,demand_surge,demand_surge,False,False,2337.0,1868.853333333334,-468.1466666666661
PerfectSemantic,demand_surge,surge_clear_2,clear,1005,demand_surge,demand_surge,False,False,2337.0,1868.853333333334,-468.1466666666661
PerfectSemantic,demand_surge,surge_moderate_1,moderate,1005,demand_surge,demand_surge,False,False,2337.0,1868.853333333334,-468.1466666666661
PerfectSemantic,demand_surge,surge_moderate_2,moderate,1005,demand_surge,demand_surge,False,False,2337.0,1868.853333333334,-468.1466666666661
PerfectSemantic,demand_surge,surge_vague_1,vague,1005,demand_surge,demand_surge,False,False,2337.0,1868.853333333334,-468.1466666666661
PerfectSemantic,demand_surge,surge_vague_2,vague,1005,demand_surge,demand_surge,False,False,2337.0,1868.853333333334,-468.1466666666661
PerfectSemantic,demand_surge,surge_clear_1,clear,1006,demand_surge,demand_surge,False,False,2256.0,1868.853333333334,-387.1466666666661
PerfectSemantic,demand_surge,surge_clear_2,clear,1006,demand_surge,demand_surge,False,False,2256.0,1868.853333333334,-387.1466666666661
PerfectSemantic,demand_surge,surge_moderate_1,moderate,1006,demand_surge,demand_surge,False,False,2256.0,1868.853333333334,-387.1466666666661
PerfectSemantic,demand_surge,surge_moderate_2,moderate,1006,demand_surge,demand_surge,False,False,2256.0,1868.853333333334,-387.1466666666661
PerfectSemantic,demand_surge,surge_vague_1,vague,1006,demand_surge,demand_surge,False,False,2256.0,1868.853333333334,-387.1466666666661
PerfectSemantic,demand_surge,surge_vague_2,vague,1006,demand_surge,demand_surge,False,False,2256.0,1868.853333333334,-387.1466666666661
PerfectSemantic,demand_surge,surge_clear_1,clear,1007,demand_surge,demand_surge,False,False,2343.0,1868.853333333334,-474.1466666666661
PerfectSemantic,demand_surge,surge_clear_2,clear,1007,demand_surge,demand_surge,False,False,2343.0,1868.853333333334,-474.1466666666661
PerfectSemantic,demand_surge,surge_moderate_1,moderate,1007,demand_surge,demand_surge,False,False,2343.0,1868.853333333334,-474.1466666666661
PerfectSemantic,demand_surge,surge_moderate_2,moderate,1007,demand_surge,demand_surge,False,False,2343.0,1868.853333333334,-474.1466666666661
PerfectSemantic,demand_surge,surge_vague_1,vague,1007,demand_surge,demand_surge,False,False,2343.0,1868.853333333334,-474.1466666666661
PerfectSemantic,demand_surge,surge_vague_2,vague,1007,demand_surge,demand_surge,False,False,2343.0,1868.853333333334,-474.1466666666661
PerfectSemantic,demand_surge,surge_clear_1,clear,1008,demand_surge,demand_surge,False,False,2165.0,1868.853333333334,-296.1466666666661
PerfectSemantic,demand_surge,surge_clear_2,clear,1008,demand_surge,demand_surge,False,False,2165.0,1868.853333333334,-296.1466666666661
PerfectSemantic,demand_surge,surge_moderate_1,moderate,1008,demand_surge,demand_surge,False,False,2165.0,1868.853333333334,-296.1466666666661
PerfectSemantic,demand_surge,surge_moderate_2,moderate,1008,demand_surge,demand_surge,False,False,2165.0,1868.853333333334,-296.1466666666661
PerfectSemantic,demand_surge,surge_vague_1,vague,1008,demand_surge,demand_surge,False,False,2165.0,1868.853333333334,-296.1466666666661
PerfectSemantic,demand_surge,surge_vague_2,vague,1008,demand_surge,demand_surge,False,False,2165.0,1868.853333333334,-296.1466666666661
PerfectSemantic,demand_surge,surge_clear_1,clear,1009,demand_surge,demand_surge,False,False,2209.0,1868.853333333334,-340.1466666666661
PerfectSemantic,demand_surge,surge_clear_2,clear,1009,demand_surge,demand_surge,False,False,2209.0,1868.853333333334,-340.1466666666661
PerfectSemantic,demand_surge,surge_moderate_1,moderate,1009,demand_surge,demand_surge,False,False,2209.0,1868.853333333334,-340.1466666666661
PerfectSemantic,demand_surge,surge_moderate_2,moderate,1009,demand_surge,demand_surge,False,False,2209.0,1868.853333333334,-340.1466666666661
PerfectSemantic,demand_surge,surge_vague_1,vague,1009,demand_surge,demand_surge,False,False,2209.0,1868.853333333334,-340.1466666666661
PerfectSemantic,demand_surge,surge_vague_2,vague,1009,demand_surge,demand_surge,False,False,2209.0,1868.853333333334,-340.1466666666661
PerfectSemantic,demand_surge,surge_clear_1,clear,1010,demand_surge,demand_surge,False,False,2039.0,1868.853333333334,-170.14666666666608
PerfectSemantic,demand_surge,surge_clear_2,clear,1010,demand_surge,demand_surge,False,False,2039.0,1868.853333333334,-170.14666666666608
PerfectSemantic,demand_surge,surge_moderate_1,moderate,1010,demand_surge,demand_surge,False,False,2039.0,1868.853333333334,-170.14666666666608
PerfectSemantic,demand_surge,surge_moderate_2,moderate,1010,demand_surge,demand_surge,False,False,2039.0,1868.853333333334,-170.14666666666608
PerfectSemantic,demand_surge,surge_vague_1,vague,1010,demand_surge,demand_surge,False,False,2039.0,1868.853333333334,-170.14666666666608
PerfectSemantic,demand_surge,surge_vague_2,vague,1010,demand_surge,demand_surge,False,False,2039.0,1868.853333333334,-170.14666666666608
PerfectSemantic,demand_surge,surge_clear_1,clear,1011,demand_surge,demand_surge,False,False,2381.0,1868.853333333334,-512.1466666666661
PerfectSemantic,demand_surge,surge_clear_2,clear,1011,demand_surge,demand_surge,False,False,2381.0,1868.853333333334,-512.1466666666661
PerfectSemantic,demand_surge,surge_moderate_1,moderate,1011,demand_surge,demand_surge,False,False,2381.0,1868.853333333334,-512.1466666666661
PerfectSemantic,demand_surge,surge_moderate_2,moderate,1011,demand_surge,demand_surge,False,False,2381.0,1868.853333333334,-512.1466666666661
PerfectSemantic,demand_surge,surge_vague_1,vague,1011,demand_surge,demand_surge,False,False,2381.0,1868.853333333334,-512.1466666666661
PerfectSemantic,demand_surge,surge_vague_2,vague,1011,demand_surge,demand_surge,False,False,2381.0,1868.853333333334,-512.1466666666661
PerfectSemantic,demand_surge,surge_clear_1,clear,1012,demand_surge,demand_surge,False,False,2284.0,1868.853333333334,-415.1466666666661
PerfectSemantic,demand_surge,surge_clear_2,clear,1012,demand_surge,demand_surge,False,False,2284.0,1868.853333333334,-415.1466666666661
PerfectSemantic,demand_surge,surge_moderate_1,moderate,1012,demand_surge,demand_surge,False,False,2284.0,1868.853333333334,-415.1466666666661
PerfectSemantic,demand_surge,surge_moderate_2,moderate,1012,demand_surge,demand_surge,False,False,2284.0,1868.853333333334,-415.1466666666661
PerfectSemantic,demand_surge,surge_vague_1,vague,1012,demand_surge,demand_surge,False,False,2284.0,1868.853333333334,-415.1466666666661
PerfectSemantic,demand_surge,surge_vague_2,vague,1012,demand_surge,demand_surge,False,False,2284.0,1868.853333333334,-415.1466666666661
PerfectSemantic,demand_surge,surge_clear_1,clear,1013,demand_surge,demand_surge,False,False,2442.0,1868.853333333334,-573.1466666666661
PerfectSemantic,demand_surge,surge_clear_2,clear,1013,demand_surge,demand_surge,False,False,2442.0,1868.853333333334,-573.1466666666661
PerfectSemantic,demand_surge,surge_moderate_1,moderate,1013,demand_surge,demand_surge,False,False,2442.0,1868.853333333334,-573.1466666666661
PerfectSemantic,demand_surge,surge_moderate_2,moderate,1013,demand_surge,demand_surge,False,False,2442.0,1868.853333333334,-573.1466666666661
PerfectSemantic,demand_surge,surge_vague_1,vague,1013,demand_surge,demand_surge,False,False,2442.0,1868.853333333334,-573.1466666666661
PerfectSemantic,demand_surge,surge_vague_2,vague,1013,demand_surge,demand_surge,False,False,2442.0,1868.853333333334,-573.1466666666661
PerfectSemantic,demand_surge,surge_clear_1,clear,1014,demand_surge,demand_surge,False,False,1902.0,1868.853333333334,-33.14666666666608
PerfectSemantic,demand_surge,surge_clear_2,clear,1014,demand_surge,demand_surge,False,False,1902.0,1868.853333333334,-33.14666666666608
PerfectSemantic,demand_surge,surge_moderate_1,moderate,1014,demand_surge,demand_surge,False,False,1902.0,1868.853333333334,-33.14666666666608
PerfectSemantic,demand_surge,surge_moderate_2,moderate,1014,demand_surge,demand_surge,False,False,1902.0,1868.853333333334,-33.14666666666608
PerfectSemantic,demand_surge,surge_vague_1,vague,1014,demand_surge,demand_surge,False,False,1902.0,1868.853333333334,-33.14666666666608
PerfectSemantic,demand_surge,surge_vague_2,vague,1014,demand_surge,demand_surge,False,False,1902.0,1868.853333333334,-33.14666666666608
LLM:gpt-4o-mini,normal,normal_clear_1,clear,1000,normal,normal,False,False,1873.9999999999998,1615.0533333333333,-258.9466666666665
LLM:gpt-4o-mini,normal,normal_clear_2,clear,1000,normal,normal,False,False,1904.5,1615.0533333333333,-289.4466666666667
LLM:gpt-4o-mini,normal,normal_moderate_1,moderate,1000,normal,normal,False,False,1904.5,1615.0533333333333,-289.4466666666667
LLM:gpt-4o-mini,normal,normal_moderate_2,moderate,1000,normal,normal,False,False,1904.5,1615.0533333333333,-289.4466666666667
LLM:gpt-4o-mini,normal,normal_vague_1,vague,1000,normal,normal,False,False,1873.9999999999998,1615.0533333333333,-258.9466666666665
LLM:gpt-4o-mini,normal,normal_vague_2,vague,1000,normal,normal,False,False,1904.5,1615.0533333333333,-289.4466666666667
LLM:gpt-4o-mini,normal,normal_clear_1,clear,1001,normal,normal,False,False,1454.9999999999998,1615.0533333333333,160.0533333333335
LLM:gpt-4o-mini,normal,normal_clear_2,clear,1001,normal,normal,False,False,1473.6999999999998,1615.0533333333333,141.35333333333347
LLM:gpt-4o-mini,normal,normal_moderate_1,moderate,1001,normal,normal,False,False,1473.7000000000003,1615.0533333333333,141.353333333333
LLM:gpt-4o-mini,normal,normal_moderate_2,moderate,1001,normal,normal,False,False,1473.7000000000003,1615.0533333333333,141.353333333333
LLM:gpt-4o-mini,normal,normal_vague_1,vague,1001,normal,normal,False,False,1454.9999999999998,1615.0533333333333,160.0533333333335
LLM:gpt-4o-mini,normal,normal_vague_2,vague,1001,normal,normal,False,False,1473.6999999999998,1615.0533333333333,141.35333333333347
LLM:gpt-4o-mini,normal,normal_clear_1,clear,1002,normal,normal,False,False,1661.9999999999995,1615.0533333333333,-46.94666666666626
LLM:gpt-4o-mini,normal,normal_clear_2,clear,1002,normal,normal,False,False,1651.5000000000005,1615.0533333333333,-36.44666666666717
LLM:gpt-4o-mini,normal,normal_moderate_1,moderate,1002,normal,normal,False,False,1651.4999999999998,1615.0533333333333,-36.44666666666649
LLM:gpt-4o-mini,normal,normal_moderate_2,moderate,1002,normal,normal,False,False,1651.4999999999998,1615.0533333333333,-36.44666666666649
LLM:gpt-4o-mini,normal,normal_vague_1,vague,1002,normal,normal,False,False,1661.9999999999995,1615.0533333333333,-46.94666666666626
LLM:gpt-4o-mini,normal,normal_vague_2,vague,1002,normal,normal,False,False,1651.5000000000005,1615.0533333333333,-36.44666666666717
LLM:gpt-4o-mini,normal,normal_clear_1,clear,1003,normal,normal,False,False,1861.4,1615.0533333333333,-246.3466666666668
LLM:gpt-4o-mini,normal,normal_clear_2,clear,1003,normal,normal,False,False,1892.3000000000004,1615.0533333333333,-277.2466666666671
LLM:gpt-4o-mini,normal,normal_moderate_1,moderate,1003,normal,normal,False,False,1892.3000000000006,1615.0533333333333,-277.24666666666735
LLM:gpt-4o-mini,normal,normal_moderate_2,moderate,1003,normal,normal,False,False,1892.3000000000006,1615.0533333333333,-277.24666666666735
LLM:gpt-4o-mini,normal,normal_vague_1,vague,1003,normal,normal,False,False,1861.4,1615.0533333333333,-246.3466666666668
LLM:gpt-4o-mini,normal,normal_vague_2,vague,1003,normal,normal,False,False,1892.3000000000004,1615.0533333333333,-277.2466666666671
LLM:gpt-4o-mini,normal,normal_clear_1,clear,1004,normal,normal,False,False,1938.799999999999,1615.0533333333333,-323.74666666666576
LLM:gpt-4o-mini,normal,normal_clear_2,clear,1004,normal,normal,False,False,1944.5,1615.0533333333333,-329.4466666666667
LLM:gpt-4o-mini,normal,normal_moderate_1,moderate,1004,normal,normal,False,False,1944.4999999999998,1615.0533333333333,-329.4466666666665
LLM:gpt-4o-mini,normal,normal_moderate_2,moderate,1004,normal,normal,False,False,1944.4999999999998,1615.0533333333333,-329.4466666666665
LLM:gpt-4o-mini,normal,normal_vague_1,vague,1004,normal,normal,False,False,1938.799999999999,1615.0533333333333,-323.74666666666576
LLM:gpt-4o-mini,normal,normal_vague_2,vague,1004,normal,normal,False,False,1944.5,1615.0533333333333,-329.4466666666667
LLM:gpt-4o-mini,normal,normal_clear_1,clear,1005,normal,normal,False,False,2095.6000000000004,1615.0533333333333,-480.5466666666671
LLM:gpt-4o-mini,normal,normal_clear_2,clear,1005,normal,normal,False,False,2053.1000000000004,1615.0533333333333,-438.0466666666671
LLM:gpt-4o-mini,normal,normal_moderate_1,moderate,1005,normal,normal,False,False,2053.1,1615.0533333333333,-438.0466666666666
LLM:gpt-4o-mini,normal,normal_moderate_2,moderate,1005,normal,normal,False,False,2053.1,1615.0533333333333,-438.0466666666666
LLM:gpt-4o-mini,normal,normal_vague_1,vague,1005,normal,normal,False,False,2095.6000000000004,1615.0533333333333,-480.5466666666671
LLM:gpt-4o-mini,normal,normal_vague_2,vague,1005,normal,normal,False,False,2053.1000000000004,1615.0533333333333,-438.0466666666671
LLM:gpt-4o-mini,normal,normal_clear_1,clear,1006,normal,normal,False,False,1612.6,1615.0533333333333,2.4533333333333758
LLM:gpt-4o-mini,normal,normal_clear_2,clear,1006,normal,normal,False,False,1634.9999999999995,1615.0533333333333,-19.94666666666626
LLM:gpt-4o-mini,normal,normal_moderate_1,moderate,1006,normal,normal,False,False,1634.9999999999998,1615.0533333333333,-19.946666666666488
LLM:gpt-4o-mini,normal,normal_moderate_2,moderate,1006,normal,normal,False,False,1634.9999999999998,1615.0533333333333,-19.946666666666488
LLM:gpt-4o-mini,normal,normal_vague_1,vague,1006,normal,normal,False,False,1612.6,1615.0533333333333,2.4533333333333758
LLM:gpt-4o-mini,normal,normal_vague_2,vague,1006,normal,normal,False,False,1634.9999999999995,1615.0533333333333,-19.94666666666626
LLM:gpt-4o-mini,normal,normal_clear_1,clear,1007,normal,normal,False,False,1979.9999999999998,1615.0533333333333,-364.9466666666665
LLM:gpt-4o-mini,normal,normal_clear_2,clear,1007,normal,normal,False,False,1942.8000000000004,1615.0533333333333,-327.7466666666671
LLM:gpt-4o-mini,normal,normal_moderate_1,moderate,1007,normal,normal,False,False,1942.8000000000002,1615.0533333333333,-327.7466666666669
LLM:gpt-4o-mini,normal,normal_moderate_2,moderate,1007,normal,normal,False,False,1942.8000000000002,1615.0533333333333,-327.7466666666669
LLM:gpt-4o-mini,normal,normal_vague_1,vague,1007,normal,normal,False,False,1979.9999999999998,1615.0533333333333,-364.9466666666665
LLM:gpt-4o-mini,normal,normal_vague_2,vague,1007,normal,normal,False,False,1942.8000000000004,1615.0533333333333,-327.7466666666671
LLM:gpt-4o-mini,normal,normal_clear_1,clear,1008,normal,normal,False,False,1621.6,1615.0533333333333,-6.546666666666624
LLM:gpt-4o-mini,normal,normal_clear_2,clear,1008,normal,normal,False,False,1634.8000000000004,1615.0533333333333,-19.746666666667124
LLM:gpt-4o-mini,normal,normal_moderate_1,moderate,1008,normal,normal,False,False,1634.8000000000004,1615.0533333333333,-19.746666666667124
LLM:gpt-4o-mini,normal,normal_moderate_2,moderate,1008,normal,normal,False,False,1634.8000000000004,1615.0533333333333,-19.746666666667124
LLM:gpt-4o-mini,normal,normal_vague_1,vague,1008,normal,normal,False,False,1621.6,1615.0533333333333,-6.546666666666624
LLM:gpt-4o-mini,normal,normal_vague_2,vague,1008,normal,normal,False,False,1634.8000000000004,1615.0533333333333,-19.746666666667124
LLM:gpt-4o-mini,normal,normal_clear_1,clear,1009,normal,normal,False,False,1641.0000000000002,1615.0533333333333,-25.946666666666943
LLM:gpt-4o-mini,normal,normal_clear_2,clear,1009,normal,normal,False,False,1646.7999999999995,1615.0533333333333,-31.746666666666215
LLM:gpt-4o-mini,normal,normal_moderate_1,moderate,1009,normal,normal,False,False,1646.7999999999995,1615.0533333333333,-31.746666666666215
LLM:gpt-4o-mini,normal,normal_moderate_2,moderate,1009,normal,normal,False,False,1646.7999999999995,1615.0533333333333,-31.746666666666215
LLM:gpt-4o-mini,normal,normal_vague_1,vague,1009,normal,normal,False,False,1641.0000000000002,1615.0533333333333,-25.946666666666943
LLM:gpt-4o-mini,normal,normal_vague_2,vague,1009,normal,normal,False,False,1646.7999999999995,1615.0533333333333,-31.746666666666215
LLM:gpt-4o-mini,normal,normal_clear_1,clear,1010,normal,normal,False,False,1838.6000000000001,1615.0533333333333,-223.54666666666685
LLM:gpt-4o-mini,normal,normal_clear_2,clear,1010,normal,normal,False,False,1819.1000000000001,1615.0533333333333,-204.04666666666685
LLM:gpt-4o-mini,normal,normal_moderate_1,moderate,1010,normal,normal,False,False,1819.1,1615.0533333333333,-204.04666666666662
LLM:gpt-4o-mini,normal,normal_moderate_2,moderate,1010,normal,normal,False,False,1819.1,1615.0533333333333,-204.04666666666662
LLM:gpt-4o-mini,normal,normal_vague_1,vague,1010,normal,normal,False,False,1838.6000000000001,1615.0533333333333,-223.54666666666685
LLM:gpt-4o-mini,normal,normal_vague_2,vague,1010,normal,normal,False,False,1819.1000000000001,1615.0533333333333,-204.04666666666685
LLM:gpt-4o-mini,normal,normal_clear_1,clear,1011,normal,normal,False,False,1895.8,1615.0533333333333,-280.74666666666667
LLM:gpt-4o-mini,normal,normal_clear_2,clear,1011,normal,normal,False,False,1868.9,1615.0533333333333,-253.8466666666668
LLM:gpt-4o-mini,normal,normal_moderate_1,moderate,1011,normal,normal,False,False,1868.8999999999996,1615.0533333333333,-253.84666666666635
LLM:gpt-4o-mini,normal,normal_moderate_2,moderate,1011,normal,normal,False,False,1868.8999999999996,1615.0533333333333,-253.84666666666635
LLM:gpt-4o-mini,normal,normal_vague_1,vague,1011,normal,normal,False,False,1895.8,1615.0533333333333,-280.74666666666667
LLM:gpt-4o-mini,normal,normal_vague_2,vague,1011,normal,normal,False,False,1868.9,1615.0533333333333,-253.8466666666668
LLM:gpt-4o-mini,normal,normal_clear_1,clear,1012,normal,normal,False,False,1841.9999999999998,1615.0533333333333,-226.9466666666665
LLM:gpt-4o-mini,normal,normal_clear_2,clear,1012,normal,normal,False,False,1857.0000000000002,1615.0533333333333,-241.94666666666694
LLM:gpt-4o-mini,normal,normal_moderate_1,moderate,1012,normal,normal,False,False,1857.0,1615.0533333333333,-241.94666666666672
LLM:gpt-4o-mini,normal,normal_moderate_2,moderate,1012,normal,normal,False,False,1857.0,1615.0533333333333,-241.94666666666672
LLM:gpt-4o-mini,normal,normal_vague_1,vague,1012,normal,normal,False,False,1841.9999999999998,1615.0533333333333,-226.9466666666665
LLM:gpt-4o-mini,normal,normal_vague_2,vague,1012,normal,normal,False,False,1857.0000000000002,1615.0533333333333,-241.94666666666694
LLM:gpt-4o-mini,normal,normal_clear_1,clear,1013,normal,normal,False,False,1756.7999999999997,1615.0533333333333,-141.74666666666644
LLM:gpt-4o-mini,normal,normal_clear_2,clear,1013,normal,normal,False,False,1805.3999999999996,1615.0533333333333,-190.34666666666635
LLM:gpt-4o-mini,normal,normal_moderate_1,moderate,1013,normal,normal,False,False,1805.3999999999996,1615.0533333333333,-190.34666666666635
LLM:gpt-4o-mini,normal,normal_moderate_2,moderate,1013,normal,normal,False,False,1805.3999999999996,1615.0533333333333,-190.34666666666635
LLM:gpt-4o-mini,normal,normal_vague_1,vague,1013,normal,normal,False,False,1756.7999999999997,1615.0533333333333,-141.74666666666644
LLM:gpt-4o-mini,normal,normal_vague_2,vague,1013,normal,normal,False,False,1805.3999999999996,1615.0533333333333,-190.34666666666635
LLM:gpt-4o-mini,normal,normal_clear_1,clear,1014,normal,normal,False,False,1601.9999999999995,1615.0533333333333,13.05333333333374
LLM:gpt-4o-mini,normal,normal_clear_2,clear,1014,normal,normal,False,False,1615.1999999999994,1615.0533333333333,-0.14666666666607853
LLM:gpt-4o-mini,normal,normal_moderate_1,moderate,1014,normal,normal,False,False,1615.1999999999994,1615.0533333333333,-0.14666666666607853
LLM:gpt-4o-mini,normal,normal_moderate_2,moderate,1014,normal,normal,False,False,1615.1999999999994,1615.0533333333333,-0.14666666666607853
LLM:gpt-4o-mini,normal,normal_vague_1,vague,1014,normal,normal,False,False,1601.9999999999995,1615.0533333333333,13.05333333333374
LLM:gpt-4o-mini,normal,normal_vague_2,vague,1014,normal,normal,False,False,1615.1999999999994,1615.0533333333333,-0.14666666666607853
LLM:gpt-4o-mini,supplier_delay,delay_clear_1,clear,1000,supplier_delay,supplier_delay,False,False,1773.8,1550.7999999999997,-223.00000000000023
LLM:gpt-4o-mini,supplier_delay,delay_clear_2,clear,1000,supplier_delay,supplier_delay,False,False,1773.8,1550.7999999999997,-223.00000000000023
LLM:gpt-4o-mini,supplier_delay,delay_moderate_1,moderate,1000,supplier_delay,normal,False,True,1495.6,1550.7999999999997,55.19999999999982
LLM:gpt-4o-mini,supplier_delay,delay_moderate_2,moderate,1000,supplier_delay,normal,False,True,1495.6,1550.7999999999997,55.19999999999982
LLM:gpt-4o-mini,supplier_delay,delay_vague_1,vague,1000,supplier_delay,normal,False,True,1495.6,1550.7999999999997,55.19999999999982
LLM:gpt-4o-mini,supplier_delay,delay_vague_2,vague,1000,supplier_delay,normal,False,True,1495.6,1550.7999999999997,55.19999999999982
LLM:gpt-4o-mini,supplier_delay,delay_clear_1,clear,1001,supplier_delay,supplier_delay,False,False,1281.7999999999997,1550.7999999999997,269.0
LLM:gpt-4o-mini,supplier_delay,delay_clear_2,clear,1001,supplier_delay,supplier_delay,False,False,1281.8,1550.7999999999997,268.9999999999998
LLM:gpt-4o-mini,supplier_delay,delay_moderate_1,moderate,1001,supplier_delay,normal,False,True,1540.5999999999995,1550.7999999999997,10.200000000000273
LLM:gpt-4o-mini,supplier_delay,delay_moderate_2,moderate,1001,supplier_delay,normal,False,True,1540.5999999999995,1550.7999999999997,10.200000000000273
LLM:gpt-4o-mini,supplier_delay,delay_vague_1,vague,1001,supplier_delay,normal,False,True,1540.5999999999995,1550.7999999999997,10.200000000000273
LLM:gpt-4o-mini,supplier_delay,delay_vague_2,vague,1001,supplier_delay,normal,False,True,1540.5999999999995,1550.7999999999997,10.200000000000273
LLM:gpt-4o-mini,supplier_delay,delay_clear_1,clear,1002,supplier_delay,supplier_delay,False,False,1506.4,1550.7999999999997,44.399999999999636
LLM:gpt-4o-mini,supplier_delay,delay_clear_2,clear,1002,supplier_delay,supplier_delay,False,False,1506.4,1550.7999999999997,44.399999999999636
LLM:gpt-4o-mini,supplier_delay,delay_moderate_1,moderate,1002,supplier_delay,normal,False,True,1423.1999999999996,1550.7999999999997,127.60000000000014
LLM:gpt-4o-mini,supplier_delay,delay_moderate_2,moderate,1002,supplier_delay,normal,False,True,1423.1999999999996,1550.7999999999997,127.60000000000014
LLM:gpt-4o-mini,supplier_delay,delay_vague_1,vague,1002,supplier_delay,normal,False,True,1423.1999999999996,1550.7999999999997,127.60000000000014
LLM:gpt-4o-mini,supplier_delay,delay_vague_2,vague,1002,supplier_delay,normal,False,True,1423.1999999999996,1550.7999999999997,127.60000000000014
LLM:gpt-4o-mini,supplier_delay,delay_clear_1,clear,1003,supplier_delay,supplier_delay,False,False,1633.5999999999995,1550.7999999999997,-82.79999999999973
LLM:gpt-4o-mini,supplier_delay,delay_clear_2,clear,1003,supplier_delay,supplier_delay,False,False,1633.6,1550.7999999999997,-82.80000000000018
LLM:gpt-4o-mini,supplier_delay,delay_moderate_1,moderate,1003,supplier_delay,normal,False,True,1507.1999999999994,1550.7999999999997,43.600000000000364
LLM:gpt-4o-mini,supplier_delay,delay_moderate_2,moderate,1003,supplier_delay,normal,False,True,1507.1999999999994,1550.7999999999997,43.600000000000364
LLM:gpt-4o-mini,supplier_delay,delay_vague_1,vague,1003,supplier_delay,normal,False,True,1507.1999999999994,1550.7999999999997,43.600000000000364
LLM:gpt-4o-mini,supplier_delay,delay_vague_2,vague,1003,supplier_delay,normal,False,True,1507.1999999999994,1550.7999999999997,43.600000000000364
LLM:gpt-4o-mini,supplier_delay,delay_clear_1,clear,1004,supplier_delay,supplier_delay,False,False,1672.7999999999995,1550.7999999999997,-121.99999999999977
LLM:gpt-4o-mini,supplier_delay,delay_clear_2,clear,1004,supplier_delay,supplier_delay,False,False,1672.7999999999997,1550.7999999999997,-122.0
LLM:gpt-4o-mini,supplier_delay,delay_moderate_1,moderate,1004,supplier_delay,normal,False,True,1528.9999999999993,1550.7999999999997,21.80000000000041
LLM:gpt-4o-mini,supplier_delay,delay_moderate_2,moderate,1004,supplier_delay,normal,False,True,1528.9999999999993,1550.7999999999997,21.80000000000041
LLM:gpt-4o-mini,supplier_delay,delay_vague_1,vague,1004,supplier_delay,normal,False,True,1528.9999999999993,1550.7999999999997,21.80000000000041
LLM:gpt-4o-mini,supplier_delay,delay_vague_2,vague,1004,supplier_delay,normal,False,True,1528.9999999999993,1550.7999999999997,21.80000000000041
LLM:gpt-4o-mini,supplier_delay,delay_clear_1,clear,1005,supplier_delay,supplier_delay,False,False,1726.1999999999998,1550.7999999999997,-175.4000000000001
LLM:gpt-4o-mini,supplier_delay,delay_clear_2,clear,1005,supplier_delay,supplier_delay,False,False,1726.1999999999998,1550.7999999999997,-175.4000000000001
LLM:gpt-4o-mini,supplier_delay,delay_moderate_1,moderate,1005,supplier_delay,normal,False,True,1600.9999999999995,1550.7999999999997,-50.19999999999982
LLM:gpt-4o-mini,supplier_delay,delay_moderate_2,moderate,1005,supplier_delay,normal,False,True,1600.9999999999995,1550.7999999999997,-50.19999999999982
LLM:gpt-4o-mini,supplier_delay,delay_vague_1,vague,1005,supplier_delay,normal,False,True,1600.9999999999995,1550.7999999999997,-50.19999999999982
LLM:gpt-4o-mini,supplier_delay,delay_vague_2,vague,1005,supplier_delay,normal,False,True,1600.9999999999995,1550.7999999999997,-50.19999999999982
LLM:gpt-4o-mini,supplier_delay,delay_clear_1,clear,1006,supplier_delay,supplier_delay,False,False,1486.9999999999998,1550.7999999999997,63.799999999999955
LLM:gpt-4o-mini,supplier_delay,delay_clear_2,clear,1006,supplier_delay,supplier_delay,False,False,1486.9999999999995,1550.7999999999997,63.80000000000018
LLM:gpt-4o-mini,supplier_delay,delay_moderate_1,moderate,1006,supplier_delay,normal,False,True,1729.5999999999995,1550.7999999999997,-178.79999999999973
LLM:gpt-4o-mini,supplier_delay,delay_moderate_2,moderate,1006,supplier_delay,normal,False,True,1729.5999999999995,1550.7999999999997,-178.79999999999973
LLM:gpt-4o-mini,supplier_delay,delay_vague_1,vague,1006,supplier_delay,normal,False,True,1729.5999999999995,1550.7999999999997,-178.79999999999973
LLM:gpt-4o-mini,supplier_delay,delay_vague_2,vague,1006,supplier_delay,normal,False,True,1729.5999999999995,1550.7999999999997,-178.79999999999973
LLM:gpt-4o-mini,supplier_delay,delay_clear_1,clear,1007,supplier_delay,supplier_delay,False,False,1662.7999999999997,1550.7999999999997,-112.0
LLM:gpt-4o-mini,supplier_delay,delay_clear_2,clear,1007,supplier_delay,supplier_delay,False,False,1662.7999999999997,1550.7999999999997,-112.0
LLM:gpt-4o-mini,supplier_delay,delay_moderate_1,moderate,1007,supplier_delay,normal,False,True,1502.7999999999993,1550.7999999999997,48.000000000000455
LLM:gpt-4o-mini,supplier_delay,delay_moderate_2,moderate,1007,supplier_delay,normal,False,True,1502.7999999999993,1550.7999999999997,48.000000000000455
LLM:gpt-4o-mini,supplier_delay,delay_vague_1,vague,1007,supplier_delay,normal,False,True,1502.7999999999993,1550.7999999999997,48.000000000000455
LLM:gpt-4o-mini,supplier_delay,delay_vague_2,vague,1007,supplier_delay,normal,False,True,1502.7999999999993,1550.7999999999997,48.000000000000455
LLM:gpt-4o-mini,supplier_delay,delay_clear_1,clear,1008,supplier_delay,supplier_delay,False,False,1648.1999999999998,1550.7999999999997,-97.40000000000009
LLM:gpt-4o-mini,supplier_delay,delay_clear_2,clear,1008,supplier_delay,supplier_delay,False,False,1648.1999999999998,1550.7999999999997,-97.40000000000009
LLM:gpt-4o-mini,supplier_delay,delay_moderate_1,moderate,1008,supplier_delay,normal,False,True,1530.5999999999997,1550.7999999999997,20.200000000000045
LLM:gpt-4o-mini,supplier_delay,delay_moderate_2,moderate,1008,supplier_delay,normal,False,True,1530.5999999999997,1550.7999999999997,20.200000000000045
LLM:gpt-4o-mini,supplier_delay,delay_vague_1,vague,1008,supplier_delay,normal,False,True,1530.5999999999997,1550.7999999999997,20.200000000000045
LLM:gpt-4o-mini,supplier_delay,delay_vague_2,vague,1008,supplier_delay,normal,False,True,1530.5999999999997,1550.7999999999997,20.200000000000045
LLM:gpt-4o-mini,supplier_delay,delay_clear_1,clear,1009,supplier_delay,supplier_delay,False,False,1709.1999999999991,1550.7999999999997,-158.3999999999994
LLM:gpt-4o-mini,supplier_delay,delay_clear_2,clear,1009,supplier_delay,supplier_delay,False,False,1709.1999999999994,1550.7999999999997,-158.39999999999964
LLM:gpt-4o-mini,supplier_delay,delay_moderate_1,moderate,1009,supplier_delay,normal,False,True,1470.5999999999995,1550.7999999999997,80.20000000000027
LLM:gpt-4o-mini,supplier_delay,delay_moderate_2,moderate,1009,supplier_delay,normal,False,True,1470.5999999999995,1550.7999999999997,80.20000000000027
LLM:gpt-4o-mini,supplier_delay,delay_vague_1,vague,1009,supplier_delay,normal,False,True,1470.5999999999995,1550.7999999999997,80.20000000000027
LLM:gpt-4o-mini,supplier_delay,delay_vague_2,vague,1009,supplier_delay,normal,False,True,1470.5999999999995,1550.7999999999997,80.20000000000027
LLM:gpt-4o-mini,supplier_delay,delay_clear_1,clear,1010,supplier_delay,supplier_delay,False,False,1561.9999999999993,1550.7999999999997,-11.19999999999959
LLM:gpt-4o-mini,supplier_delay,delay_clear_2,clear,1010,supplier_delay,supplier_delay,False,False,1561.9999999999998,1550.7999999999997,-11.200000000000045
LLM:gpt-4o-mini,supplier_delay,delay_moderate_1,moderate,1010,supplier_delay,normal,False,True,1338.9999999999993,1550.7999999999997,211.8000000000004
LLM:gpt-4o-mini,supplier_delay,delay_moderate_2,moderate,1010,supplier_delay,normal,False,True,1338.9999999999993,1550.7999999999997,211.8000000000004
LLM:gpt-4o-mini,supplier_delay,delay_vague_1,vague,1010,supplier_delay,normal,False,True,1338.9999999999993,1550.7999999999997,211.8000000000004
LLM:gpt-4o-mini,supplier_delay,delay_vague_2,vague,1010,supplier_delay,normal,False,True,1338.9999999999993,1550.7999999999997,211.8000000000004
LLM:gpt-4o-mini,supplier_delay,delay_clear_1,clear,1011,supplier_delay,supplier_delay,False,False,1573.5999999999995,1550.7999999999997,-22.799999999999727
LLM:gpt-4o-mini,supplier_delay,delay_clear_2,clear,1011,supplier_delay,supplier_delay,False,False,1573.6,1550.7999999999997,-22.800000000000182
LLM:gpt-4o-mini,supplier_delay,delay_moderate_1,moderate,1011,supplier_delay,normal,False,True,1448.5999999999995,1550.7999999999997,102.20000000000027
LLM:gpt-4o-mini,supplier_delay,delay_moderate_2,moderate,1011,supplier_delay,normal,False,True,1448.5999999999995,1550.7999999999997,102.20000000000027
LLM:gpt-4o-mini,supplier_delay,delay_vague_1,vague,1011,supplier_delay,normal,False,True,1448.5999999999995,1550.7999999999997,102.20000000000027
LLM:gpt-4o-mini,supplier_delay,delay_vague_2,vague,1011,supplier_delay,normal,False,True,1448.5999999999995,1550.7999999999997,102.20000000000027
LLM:gpt-4o-mini,supplier_delay,delay_clear_1,clear,1012,supplier_delay,supplier_delay,False,False,1689.5999999999995,1550.7999999999997,-138.79999999999973
LLM:gpt-4o-mini,supplier_delay,delay_clear_2,clear,1012,supplier_delay,supplier_delay,False,False,1689.5999999999997,1550.7999999999997,-138.79999999999995
LLM:gpt-4o-mini,supplier_delay,delay_moderate_1,moderate,1012,supplier_delay,normal,False,True,1498.7999999999993,1550.7999999999997,52.000000000000455
LLM:gpt-4o-mini,supplier_delay,delay_moderate_2,moderate,1012,supplier_delay,normal,False,True,1498.7999999999993,1550.7999999999997,52.000000000000455
LLM:gpt-4o-mini,supplier_delay,delay_vague_1,vague,1012,supplier_delay,normal,False,True,1498.7999999999993,1550.7999999999997,52.000000000000455
LLM:gpt-4o-mini,supplier_delay,delay_vague_2,vague,1012,supplier_delay,normal,False,True,1498.7999999999993,1550.7999999999997,52.000000000000455
LLM:gpt-4o-mini,supplier_delay,delay_clear_1,clear,1013,supplier_delay,supplier_delay,False,False,1534.9999999999995,1550.7999999999997,15.800000000000182
LLM:gpt-4o-mini,supplier_delay,delay_clear_2,clear,1013,supplier_delay,supplier_delay,False,False,1534.9999999999998,1550.7999999999997,15.799999999999955
LLM:gpt-4o-mini,supplier_delay,delay_moderate_1,moderate,1013,supplier_delay,normal,False,True,1533.3999999999994,1550.7999999999997,17.40000000000032
LLM:gpt-4o-mini,supplier_delay,delay_moderate_2,moderate,1013,supplier_delay,normal,False,True,1533.3999999999994,1550.7999999999997,17.40000000000032
LLM:gpt-4o-mini,supplier_delay,delay_vague_1,vague,1013,supplier_delay,normal,False,True,1533.3999999999994,1550.7999999999997,17.40000000000032
LLM:gpt-4o-mini,supplier_delay,delay_vague_2,vague,1013,supplier_delay,normal,False,True,1533.3999999999994,1550.7999999999997,17.40000000000032
LLM:gpt-4o-mini,supplier_delay,delay_clear_1,clear,1014,supplier_delay,supplier_delay,False,False,1449.7999999999995,1550.7999999999997,101.00000000000023
LLM:gpt-4o-mini,supplier_delay,delay_clear_2,clear,1014,supplier_delay,supplier_delay,False,False,1449.8,1550.7999999999997,100.99999999999977
LLM:gpt-4o-mini,supplier_delay,delay_moderate_1,moderate,1014,supplier_delay,normal,False,True,1458.7999999999995,1550.7999999999997,92.00000000000023
LLM:gpt-4o-mini,supplier_delay,delay_moderate_2,moderate,1014,supplier_delay,normal,False,True,1458.7999999999995,1550.7999999999997,92.00000000000023
LLM:gpt-4o-mini,supplier_delay,delay_vague_1,vague,1014,supplier_delay,normal,False,True,1458.7999999999995,1550.7999999999997,92.00000000000023
LLM:gpt-4o-mini,supplier_delay,delay_vague_2,vague,1014,supplier_delay,normal,False,True,1458.7999999999995,1550.7999999999997,92.00000000000023
LLM:gpt-4o-mini,demand_surge,surge_clear_1,clear,1000,demand_surge,demand_surge,False,False,2239.999999999999,1868.853333333334,-371.14666666666517
LLM:gpt-4o-mini,demand_surge,surge_clear_2,clear,1000,demand_surge,demand_surge,False,False,2239.999999999999,1868.853333333334,-371.14666666666517
LLM:gpt-4o-mini,demand_surge,surge_moderate_1,moderate,1000,demand_surge,demand_surge,False,False,2239.999999999999,1868.853333333334,-371.14666666666517
LLM:gpt-4o-mini,demand_surge,surge_moderate_2,moderate,1000,demand_surge,demand_surge,False,False,2239.999999999999,1868.853333333334,-371.14666666666517
LLM:gpt-4o-mini,demand_surge,surge_vague_1,vague,1000,demand_surge,normal,False,True,1891.4000000000003,1868.853333333334,-22.546666666666397
LLM:gpt-4o-mini,demand_surge,surge_vague_2,vague,1000,demand_surge,demand_surge,False,False,2081.0,1868.853333333334,-212.14666666666608
LLM:gpt-4o-mini,demand_surge,surge_clear_1,clear,1001,demand_surge,demand_surge,False,False,2159.2000000000007,1868.853333333334,-290.3466666666668
LLM:gpt-4o-mini,demand_surge,surge_clear_2,clear,1001,demand_surge,demand_surge,False,False,2159.2000000000007,1868.853333333334,-290.3466666666668
LLM:gpt-4o-mini,demand_surge,surge_moderate_1,moderate,1001,demand_surge,demand_surge,False,False,2159.2000000000007,1868.853333333334,-290.3466666666668
LLM:gpt-4o-mini,demand_surge,surge_moderate_2,moderate,1001,demand_surge,demand_surge,False,False,2159.2000000000007,1868.853333333334,-290.3466666666668
LLM:gpt-4o-mini,demand_surge,surge_vague_1,vague,1001,demand_surge,normal,False,True,1770.4,1868.853333333334,98.45333333333383
LLM:gpt-4o-mini,demand_surge,surge_vague_2,vague,1001,demand_surge,demand_surge,False,False,1977.0,1868.853333333334,-108.14666666666608
LLM:gpt-4o-mini,demand_surge,surge_clear_1,clear,1002,demand_surge,demand_surge,False,False,2137.0000000000005,1868.853333333334,-268.14666666666653
LLM:gpt-4o-mini,demand_surge,surge_clear_2,clear,1002,demand_surge,demand_surge,False,False,2137.0000000000005,1868.853333333334,-268.14666666666653
LLM:gpt-4o-mini,demand_surge,surge_moderate_1,moderate,1002,demand_surge,demand_surge,False,False,2137.0000000000005,1868.853333333334,-268.14666666666653
LLM:gpt-4o-mini,demand_surge,surge_moderate_2,moderate,1002,demand_surge,demand_surge,False,False,2137.0000000000005,1868.853333333334,-268.14666666666653
LLM:gpt-4o-mini,demand_surge,surge_vague_1,vague,1002,demand_surge,normal,False,True,1687.2000000000005,1868.853333333334,181.65333333333342
LLM:gpt-4o-mini,demand_surge,surge_vague_2,vague,1002,demand_surge,demand_surge,False,False,1869.0,1868.853333333334,-0.14666666666607853
LLM:gpt-4o-mini,demand_surge,surge_clear_1,clear,1003,demand_surge,demand_surge,False,False,2286.4000000000005,1868.853333333334,-417.5466666666666
LLM:gpt-4o-mini,demand_surge,surge_clear_2,clear,1003,demand_surge,demand_surge,False,False,2286.4000000000005,1868.853333333334,-417.5466666666666
LLM:gpt-4o-mini,demand_surge,surge_moderate_1,moderate,1003,demand_surge,demand_surge,False,False,2286.4000000000005,1868.853333333334,-417.5466666666666
LLM:gpt-4o-mini,demand_surge,surge_moderate_2,moderate,1003,demand_surge,demand_surge,False,False,2286.4000000000005,1868.853333333334,-417.5466666666666
LLM:gpt-4o-mini,demand_surge,surge_vague_1,vague,1003,demand_surge,normal,False,True,1836.2000000000003,1868.853333333334,32.65333333333365
LLM:gpt-4o-mini,demand_surge,surge_vague_2,vague,1003,demand_surge,demand_surge,False,False,2023.0,1868.853333333334,-154.14666666666608
LLM:gpt-4o-mini,demand_surge,surge_clear_1,clear,1004,demand_surge,demand_surge,False,False,2160.7999999999997,1868.853333333334,-291.9466666666658
LLM:gpt-4o-mini,demand_surge,surge_clear_2,clear,1004,demand_surge,demand_surge,False,False,2160.7999999999997,1868.853333333334,-291.9466666666658
LLM:gpt-4o-mini,demand_surge,surge_moderate_1,moderate,1004,demand_surge,demand_surge,False,False,2160.7999999999997,1868.853333333334,-291.9466666666658
LLM:gpt-4o-mini,demand_surge,surge_moderate_2,moderate,1004,demand_surge,demand_surge,False,False,2160.7999999999997,1868.853333333334,-291.9466666666658
LLM:gpt-4o-mini,demand_surge,surge_vague_1,vague,1004,demand_surge,normal,False,True,1788.2,1868.853333333334,80.65333333333388
LLM:gpt-4o-mini,demand_surge,surge_vague_2,vague,1004,demand_surge,demand_surge,False,False,1978.0,1868.853333333334,-109.14666666666608
LLM:gpt-4o-mini,demand_surge,surge_clear_1,clear,1005,demand_surge,demand_surge,False,False,2397.0,1868.853333333334,-528.1466666666661
LLM:gpt-4o-mini,demand_surge,surge_clear_2,clear,1005,demand_surge,demand_surge,False,False,2397.0,1868.853333333334,-528.1466666666661
LLM:gpt-4o-mini,demand_surge,surge_moderate_1,moderate,1005,demand_surge,demand_surge,False,False,2397.0,1868.853333333334,-528.1466666666661
LLM:gpt-4o-mini,demand_surge,surge_moderate_2,moderate,1005,demand_surge,demand_surge,False,False,2397.0,1868.853333333334,-528.1466666666661
LLM:gpt-4o-mini,demand_surge,surge_vague_1,vague,1005,demand_surge,normal,False,True,1981.2000000000003,1868.853333333334,-112.34666666666635
LLM:gpt-4o-mini,demand_surge,surge_vague_2,vague,1005,demand_surge,demand_surge,False,False,2166.0,1868.853333333334,-297.1466666666661
LLM:gpt-4o-mini,demand_surge,surge_clear_1,clear,1006,demand_surge,demand_surge,False,False,2389.1999999999994,1868.853333333334,-520.3466666666654
LLM:gpt-4o-mini,demand_surge,surge_clear_2,clear,1006,demand_surge,demand_surge,False,False,2389.1999999999994,1868.853333333334,-520.3466666666654
LLM:gpt-4o-mini,demand_surge,surge_moderate_1,moderate,1006,demand_surge,demand_surge,False,False,2389.1999999999994,1868.853333333334,-520.3466666666654
LLM:gpt-4o-mini,demand_surge,surge_moderate_2,moderate,1006,demand_surge,demand_surge,False,False,2389.1999999999994,1868.853333333334,-520.3466666666654
LLM:gpt-4o-mini,demand_surge,surge_vague_1,vague,1006,demand_surge,normal,False,True,2102.0000000000005,1868.853333333334,-233.14666666666653
LLM:gpt-4o-mini,demand_surge,surge_vague_2,vague,1006,demand_surge,demand_surge,False,False,2246.0,1868.853333333334,-377.1466666666661
LLM:gpt-4o-mini,demand_surge,surge_clear_1,clear,1007,demand_surge,demand_surge,False,False,2197.6,1868.853333333334,-328.746666666666
LLM:gpt-4o-mini,demand_surge,surge_clear_2,clear,1007,demand_surge,demand_surge,False,False,2197.6,1868.853333333334,-328.746666666666
LLM:gpt-4o-mini,demand_surge,surge_moderate_1,moderate,1007,demand_surge,demand_surge,False,False,2197.6,1868.853333333334,-328.746666666666
LLM:gpt-4o-mini,demand_surge,surge_moderate_2,moderate,1007,demand_surge,demand_surge,False,False,2197.6,1868.853333333334,-328.746666666666
LLM:gpt-4o-mini,demand_surge,surge_vague_1,vague,1007,demand_surge,normal,False,True,1729.1999999999998,1868.853333333334,139.6533333333341
LLM:gpt-4o-mini,demand_surge,surge_vague_2,vague,1007,demand_surge,demand_surge,False,False,1919.0,1868.853333333334,-50.14666666666608
LLM:gpt-4o-mini,demand_surge,surge_clear_1,clear,1008,demand_surge,demand_surge,False,False,2241.2,1868.853333333334,-372.3466666666659
LLM:gpt-4o-mini,demand_surge,surge_clear_2,clear,1008,demand_surge,demand_surge,False,False,2241.2,1868.853333333334,-372.3466666666659
LLM:gpt-4o-mini,demand_surge,surge_moderate_1,moderate,1008,demand_surge,demand_surge,False,False,2241.2,1868.853333333334,-372.3466666666659
LLM:gpt-4o-mini,demand_surge,surge_moderate_2,moderate,1008,demand_surge,demand_surge,False,False,2241.2,1868.853333333334,-372.3466666666659
LLM:gpt-4o-mini,demand_surge,surge_vague_1,vague,1008,demand_surge,normal,False,True,1974.0000000000005,1868.853333333334,-105.14666666666653
LLM:gpt-4o-mini,demand_surge,surge_vague_2,vague,1008,demand_surge,demand_surge,False,False,2147.0,1868.853333333334,-278.1466666666661
LLM:gpt-4o-mini,demand_surge,surge_clear_1,clear,1009,demand_surge,demand_surge,False,False,2009.0000000000002,1868.853333333334,-140.1466666666663
LLM:gpt-4o-mini,demand_surge,surge_clear_2,clear,1009,demand_surge,demand_surge,False,False,2009.0000000000002,1868.853333333334,-140.1466666666663
LLM:gpt-4o-mini,demand_surge,surge_moderate_1,moderate,1009,demand_surge,demand_surge,False,False,2009.0000000000002,1868.853333333334,-140.1466666666663
LLM:gpt-4o-mini,demand_surge,surge_moderate_2,moderate,1009,demand_surge,demand_surge,False,False,2009.0000000000002,1868.853333333334,-140.1466666666663
LLM:gpt-4o-mini,demand_surge,surge_vague_1,vague,1009,demand_surge,normal,False,True,1551.6000000000001,1868.853333333334,317.2533333333338
LLM:gpt-4o-mini,demand_surge,surge_vague_2,vague,1009,demand_surge,demand_surge,False,False,1739.0,1868.853333333334,129.85333333333392
LLM:gpt-4o-mini,demand_surge,surge_clear_1,clear,1010,demand_surge,demand_surge,False,False,2090.8,1868.853333333334,-221.94666666666626
LLM:gpt-4o-mini,demand_surge,surge_clear_2,clear,1010,demand_surge,demand_surge,False,False,2090.8,1868.853333333334,-221.94666666666626
LLM:gpt-4o-mini,demand_surge,surge_moderate_1,moderate,1010,demand_surge,demand_surge,False,False,2090.8,1868.853333333334,-221.94666666666626
LLM:gpt-4o-mini,demand_surge,surge_moderate_2,moderate,1010,demand_surge,demand_surge,False,False,2090.8,1868.853333333334,-221.94666666666626
LLM:gpt-4o-mini,demand_surge,surge_vague_1,vague,1010,demand_surge,normal,False,True,1723.4000000000003,1868.853333333334,145.4533333333336
LLM:gpt-4o-mini,demand_surge,surge_vague_2,vague,1010,demand_surge,demand_surge,False,False,1907.0,1868.853333333334,-38.14666666666608
LLM:gpt-4o-mini,demand_surge,surge_clear_1,clear,1011,demand_surge,demand_surge,False,False,2280.2000000000003,1868.853333333334,-411.34666666666635
LLM:gpt-4o-mini,demand_surge,surge_clear_2,clear,1011,demand_surge,demand_surge,False,False,2280.2000000000003,1868.853333333334,-411.34666666666635
LLM:gpt-4o-mini,demand_surge,surge_moderate_1,moderate,1011,demand_surge,demand_surge,False,False,2280.2000000000003,1868.853333333334,-411.34666666666635
LLM:gpt-4o-mini,demand_surge,surge_moderate_2,moderate,1011,demand_surge,demand_surge,False,False,2280.2000000000003,1868.853333333334,-411.34666666666635
LLM:gpt-4o-mini,demand_surge,surge_vague_1,vague,1011,demand_surge,normal,False,True,1851.4,1868.853333333334,17.45333333333383
LLM:gpt-4o-mini,demand_surge,surge_vague_2,vague,1011,demand_surge,demand_surge,False,False,2031.0,1868.853333333334,-162.14666666666608
LLM:gpt-4o-mini,demand_surge,surge_clear_1,clear,1012,demand_surge,demand_surge,False,False,2164.000000000001,1868.853333333334,-295.146666666667
LLM:gpt-4o-mini,demand_surge,surge_clear_2,clear,1012,demand_surge,demand_surge,False,False,2164.000000000001,1868.853333333334,-295.146666666667
LLM:gpt-4o-mini,demand_surge,surge_moderate_1,moderate,1012,demand_surge,demand_surge,False,False,2164.000000000001,1868.853333333334,-295.146666666667
LLM:gpt-4o-mini,demand_surge,surge_moderate_2,moderate,1012,demand_surge,demand_surge,False,False,2164.000000000001,1868.853333333334,-295.146666666667
LLM:gpt-4o-mini,demand_surge,surge_vague_1,vague,1012,demand_surge,normal,False,True,1824.2,1868.853333333334,44.653333333333876
LLM:gpt-4o-mini,demand_surge,surge_vague_2,vague,1012,demand_surge,demand_surge,False,False,1984.0,1868.853333333334,-115.14666666666608
LLM:gpt-4o-mini,demand_surge,surge_clear_1,clear,1013,demand_surge,demand_surge,False,False,2257.8,1868.853333333334,-388.94666666666626
LLM:gpt-4o-mini,demand_surge,surge_clear_2,clear,1013,demand_surge,demand_surge,False,False,2257.8,1868.853333333334,-388.94666666666626
LLM:gpt-4o-mini,demand_surge,surge_moderate_1,moderate,1013,demand_surge,demand_surge,False,False,2257.8,1868.853333333334,-388.94666666666626
LLM:gpt-4o-mini,demand_surge,surge_moderate_2,moderate,1013,demand_surge,demand_surge,False,False,2257.8,1868.853333333334,-388.94666666666626
LLM:gpt-4o-mini,demand_surge,surge_vague_1,vague,1013,demand_surge,normal,False,True,1787.2,1868.853333333334,81.65333333333388
LLM:gpt-4o-mini,demand_surge,surge_vague_2,vague,1013,demand_surge,demand_surge,False,False,1976.0,1868.853333333334,-107.14666666666608
LLM:gpt-4o-mini,demand_surge,surge_clear_1,clear,1014,demand_surge,demand_surge,False,False,2031.1999999999996,1868.853333333334,-162.34666666666567
LLM:gpt-4o-mini,demand_surge,surge_clear_2,clear,1014,demand_surge,demand_surge,False,False,2031.1999999999996,1868.853333333334,-162.34666666666567
LLM:gpt-4o-mini,demand_surge,surge_moderate_1,moderate,1014,demand_surge,demand_surge,False,False,2031.1999999999996,1868.853333333334,-162.34666666666567
LLM:gpt-4o-mini,demand_surge,surge_moderate_2,moderate,1014,demand_surge,demand_surge,False,False,2031.1999999999996,1868.853333333334,-162.34666666666567
LLM:gpt-4o-mini,demand_surge,surge_vague_1,vague,1014,demand_surge,normal,False,True,2001.4000000000005,1868.853333333334,-132.54666666666662
LLM:gpt-4o-mini,demand_surge,surge_vague_2,vague,1014,demand_surge,demand_surge,False,False,2139.0,1868.853333333334,-270.1466666666661
LLM:gpt-4o,normal,normal_clear_1,clear,1000,normal,normal,False,False,1945.0,1615.0533333333333,-329.9466666666667
LLM:gpt-4o,normal,normal_clear_2,clear,1000,normal,normal,False,False,1945.0,1615.0533333333333,-329.9466666666667
LLM:gpt-4o,normal,normal_moderate_1,moderate,1000,normal,normal,False,False,1928.7999999999997,1615.0533333333333,-313.74666666666644
LLM:gpt-4o,normal,normal_moderate_2,moderate,1000,normal,normal,False,False,1928.7999999999997,1615.0533333333333,-313.74666666666644
LLM:gpt-4o,normal,normal_vague_1,vague,1000,normal,normal,False,False,1920.7000000000005,1615.0533333333333,-305.6466666666672
LLM:gpt-4o,normal,normal_vague_2,vague,1000,normal,normal,False,False,1945.0,1615.0533333333333,-329.9466666666667
LLM:gpt-4o,normal,normal_clear_1,clear,1001,normal,normal,False,False,1519.0,1615.0533333333333,96.05333333333328
LLM:gpt-4o,normal,normal_clear_2,clear,1001,normal,normal,False,False,1519.0,1615.0533333333333,96.05333333333328
LLM:gpt-4o,normal,normal_moderate_1,moderate,1001,normal,normal,False,False,1500.8799999999999,1615.0533333333333,114.1733333333334
LLM:gpt-4o,normal,normal_moderate_2,moderate,1001,normal,normal,False,False,1500.8799999999999,1615.0533333333333,114.1733333333334
LLM:gpt-4o,normal,normal_vague_1,vague,1001,normal,normal,False,False,1491.8199999999997,1615.0533333333333,123.23333333333358
LLM:gpt-4o,normal,normal_vague_2,vague,1001,normal,normal,False,False,1519.0,1615.0533333333333,96.05333333333328
LLM:gpt-4o,normal,normal_clear_1,clear,1002,normal,normal,False,False,1641.0,1615.0533333333333,-25.946666666666715
LLM:gpt-4o,normal,normal_clear_2,clear,1002,normal,normal,False,False,1641.0,1615.0533333333333,-25.946666666666715
LLM:gpt-4o,normal,normal_moderate_1,moderate,1002,normal,normal,False,False,1645.2,1615.0533333333333,-30.14666666666676
LLM:gpt-4o,normal,normal_moderate_2,moderate,1002,normal,normal,False,False,1645.2,1615.0533333333333,-30.14666666666676
LLM:gpt-4o,normal,normal_vague_1,vague,1002,normal,normal,False,False,1647.3,1615.0533333333333,-32.24666666666667
LLM:gpt-4o,normal,normal_vague_2,vague,1002,normal,normal,False,False,1641.0,1615.0533333333333,-25.946666666666715
LLM:gpt-4o,normal,normal_clear_1,clear,1003,normal,normal,False,False,1929.0,1615.0533333333333,-313.9466666666667
LLM:gpt-4o,normal,normal_clear_2,clear,1003,normal,normal,False,False,1929.0,1615.0533333333333,-313.9466666666667
LLM:gpt-4o,normal,normal_moderate_1,moderate,1003,normal,normal,False,False,1913.8800000000003,1615.0533333333333,-298.82666666666705
LLM:gpt-4o,normal,normal_moderate_2,moderate,1003,normal,normal,False,False,1913.8800000000003,1615.0533333333333,-298.82666666666705
LLM:gpt-4o,normal,normal_vague_1,vague,1003,normal,normal,False,False,1906.5800000000002,1615.0533333333333,-291.52666666666687
LLM:gpt-4o,normal,normal_vague_2,vague,1003,normal,normal,False,False,1929.0,1615.0533333333333,-313.9466666666667
LLM:gpt-4o,normal,normal_clear_1,clear,1004,normal,normal,False,False,1905.0,1615.0533333333333,-289.9466666666667
LLM:gpt-4o,normal,normal_clear_2,clear,1004,normal,normal,False,False,1905.0,1615.0533333333333,-289.9466666666667
LLM:gpt-4o,normal,normal_moderate_1,moderate,1004,normal,normal,False,False,1921.8,1615.0533333333333,-306.74666666666667
LLM:gpt-4o,normal,normal_moderate_2,moderate,1004,normal,normal,False,False,1921.8,1615.0533333333333,-306.74666666666667
LLM:gpt-4o,normal,normal_vague_1,vague,1004,normal,normal,False,False,1930.2,1615.0533333333333,-315.14666666666676
LLM:gpt-4o,normal,normal_vague_2,vague,1004,normal,normal,False,False,1905.0,1615.0533333333333,-289.9466666666667
LLM:gpt-4o,normal,normal_clear_1,clear,1005,normal,normal,False,False,2009.0,1615.0533333333333,-393.9466666666667
LLM:gpt-4o,normal,normal_clear_2,clear,1005,normal,normal,False,False,2009.0,1615.0533333333333,-393.9466666666667
LLM:gpt-4o,normal,normal_moderate_1,moderate,1005,normal,normal,False,False,2026.6400000000003,1615.0533333333333,-411.58666666666704
LLM:gpt-4o,normal,normal_moderate_2,moderate,1005,normal,normal,False,False,2026.6400000000003,1615.0533333333333,-411.58666666666704
LLM:gpt-4o,normal,normal_vague_1,vague,1005,normal,normal,False,False,2035.4599999999998,1615.0533333333333,-420.4066666666665
LLM:gpt-4o,normal,normal_vague_2,vague,1005,normal,normal,False,False,2009.0,1615.0533333333333,-393.9466666666667
LLM:gpt-4o,normal,normal_clear_1,clear,1006,normal,normal,False,False,1659.0,1615.0533333333333,-43.946666666666715
LLM:gpt-4o,normal,normal_clear_2,clear,1006,normal,normal,False,False,1659.0,1615.0533333333333,-43.946666666666715
LLM:gpt-4o,normal,normal_moderate_1,moderate,1006,normal,normal,False,False,1649.4,1615.0533333333333,-34.346666666666806
LLM:gpt-4o,normal,normal_moderate_2,moderate,1006,normal,normal,False,False,1649.4,1615.0533333333333,-34.346666666666806
LLM:gpt-4o,normal,normal_vague_1,vague,1006,normal,normal,False,False,1644.6,1615.0533333333333,-29.546666666666624
LLM:gpt-4o,normal,normal_vague_2,vague,1006,normal,normal,False,False,1659.0,1615.0533333333333,-43.946666666666715
LLM:gpt-4o,normal,normal_clear_1,clear,1007,normal,normal,False,False,1902.0,1615.0533333333333,-286.9466666666667
LLM:gpt-4o,normal,normal_clear_2,clear,1007,normal,normal,False,False,1902.0,1615.0533333333333,-286.9466666666667
LLM:gpt-4o,normal,normal_moderate_1,moderate,1007,normal,normal,False,False,1918.32,1615.0533333333333,-303.26666666666665
LLM:gpt-4o,normal,normal_moderate_2,moderate,1007,normal,normal,False,False,1918.32,1615.0533333333333,-303.26666666666665
LLM:gpt-4o,normal,normal_vague_1,vague,1007,normal,normal,False,False,1926.48,1615.0533333333333,-311.42666666666673
LLM:gpt-4o,normal,normal_vague_2,vague,1007,normal,normal,False,False,1902.0,1615.0533333333333,-286.9466666666667
LLM:gpt-4o,normal,normal_clear_1,clear,1008,normal,normal,False,False,1651.0,1615.0533333333333,-35.946666666666715
LLM:gpt-4o,normal,normal_clear_2,clear,1008,normal,normal,False,False,1651.0,1615.0533333333333,-35.946666666666715
LLM:gpt-4o,normal,normal_moderate_1,moderate,1008,normal,normal,False,False,1644.2799999999997,1615.0533333333333,-29.22666666666646
LLM:gpt-4o,normal,normal_moderate_2,moderate,1008,normal,normal,False,False,1644.2799999999997,1615.0533333333333,-29.22666666666646
LLM:gpt-4o,normal,normal_vague_1,vague,1008,normal,normal,False,False,1640.9199999999996,1615.0533333333333,-25.866666666666333
LLM:gpt-4o,normal,normal_vague_2,vague,1008,normal,normal,False,False,1651.0,1615.0533333333333,-35.946666666666715
LLM:gpt-4o,normal,normal_clear_1,clear,1009,normal,normal,False,False,1660.0,1615.0533333333333,-44.946666666666715
LLM:gpt-4o,normal,normal_clear_2,clear,1009,normal,normal,False,False,1660.0,1615.0533333333333,-44.946666666666715
LLM:gpt-4o,normal,normal_moderate_1,moderate,1009,normal,normal,False,False,1654.72,1615.0533333333333,-39.66666666666674
LLM:gpt-4o,normal,normal_moderate_2,moderate,1009,normal,normal,False,False,1654.72,1615.0533333333333,-39.66666666666674
LLM:gpt-4o,normal,normal_vague_1,vague,1009,normal,normal,False,False,1652.0799999999995,1615.0533333333333,-37.02666666666619
LLM:gpt-4o,normal,normal_vague_2,vague,1009,normal,normal,False,False,1660.0,1615.0533333333333,-44.946666666666715
LLM:gpt-4o,normal,normal_clear_1,clear,1010,normal,normal,False,False,1778.0,1615.0533333333333,-162.94666666666672
LLM:gpt-4o,normal,normal_clear_2,clear,1010,normal,normal,False,False,1778.0,1615.0533333333333,-162.94666666666672
LLM:gpt-4o,normal,normal_moderate_1,moderate,1010,normal,normal,False,False,1794.4399999999998,1615.0533333333333,-179.38666666666654
LLM:gpt-4o,normal,normal_moderate_2,moderate,1010,normal,normal,False,False,1794.4399999999998,1615.0533333333333,-179.38666666666654
LLM:gpt-4o,normal,normal_vague_1,vague,1010,normal,normal,False,False,1802.66,1615.0533333333333,-187.6066666666668
LLM:gpt-4o,normal,normal_vague_2,vague,1010,normal,normal,False,False,1778.0,1615.0533333333333,-162.94666666666672
LLM:gpt-4o,normal,normal_clear_1,clear,1011,normal,normal,False,False,1841.0,1615.0533333333333,-225.94666666666672
LLM:gpt-4o,normal,normal_clear_2,clear,1011,normal,normal,False,False,1841.0,1615.0533333333333,-225.94666666666672
LLM:gpt-4o,normal,normal_moderate_1,moderate,1011,normal,normal,False,False,1852.1600000000003,1615.0533333333333,-237.10666666666702
LLM:gpt-4o,normal,normal_moderate_2,moderate,1011,normal,normal,False,False,1852.1600000000003,1615.0533333333333,-237.10666666666702
LLM:gpt-4o,normal,normal_vague_1,vague,1011,normal,normal,False,False,1857.7399999999998,1615.0533333333333,-242.6866666666665
LLM:gpt-4o,normal,normal_vague_2,vague,1011,normal,normal,False,False,1841.0,1615.0533333333333,-225.94666666666672
LLM:gpt-4o,normal,normal_clear_1,clear,1012,normal,normal,False,False,1876.0,1615.0533333333333,-260.9466666666667
LLM:gpt-4o,normal,normal_clear_2,clear,1012,normal,normal,False,False,1876.0,1615.0533333333333,-260.9466666666667
LLM:gpt-4o,normal,normal_moderate_1,moderate,1012,normal,normal,False,False,1868.0800000000004,1615.0533333333333,-253.0266666666671
LLM:gpt-4o,normal,normal_moderate_2,moderate,1012,normal,normal,False,False,1868.0800000000004,1615.0533333333333,-253.0266666666671
LLM:gpt-4o,normal,normal_vague_1,vague,1012,normal,normal,False,False,1864.2,1615.0533333333333,-249.14666666666676
LLM:gpt-4o,normal,normal_vague_2,vague,1012,normal,normal,False,False,1876.0,1615.0533333333333,-260.9466666666667
LLM:gpt-4o,normal,normal_clear_1,clear,1013,normal,normal,False,False,1837.0,1615.0533333333333,-221.94666666666672
LLM:gpt-4o,normal,normal_clear_2,clear,1013,normal,normal,False,False,1837.0,1615.0533333333333,-221.94666666666672
LLM:gpt-4o,normal,normal_moderate_1,moderate,1013,normal,normal,False,False,1829.8000000000002,1615.0533333333333,-214.7466666666669
LLM:gpt-4o,normal,normal_moderate_2,moderate,1013,normal,normal,False,False,1829.8000000000002,1615.0533333333333,-214.7466666666669
LLM:gpt-4o,normal,normal_vague_1,vague,1013,normal,normal,False,False,1824.84,1615.0533333333333,-209.78666666666663
LLM:gpt-4o,normal,normal_vague_2,vague,1013,normal,normal,False,False,1837.0,1615.0533333333333,-221.94666666666672
LLM:gpt-4o,normal,normal_clear_1,clear,1014,normal,normal,False,False,1623.0,1615.0533333333333,-7.946666666666715
LLM:gpt-4o,normal,normal_clear_2,clear,1014,normal,normal,False,False,1623.0,1615.0533333333333,-7.946666666666715
LLM:gpt-4o,normal,normal_moderate_1,moderate,1014,normal,normal,False,False,1619.8799999999999,1615.0533333333333,-4.826666666666597
LLM:gpt-4o,normal,normal_moderate_2,moderate,1014,normal,normal,False,False,1619.8799999999999,1615.0533333333333,-4.826666666666597
LLM:gpt-4o,normal,normal_vague_1,vague,1014,normal,normal,False,False,1618.3199999999995,1615.0533333333333,-3.2666666666661968
LLM:gpt-4o,normal,normal_vague_2,vague,1014,normal,normal,False,False,1623.0,1615.0533333333333,-7.946666666666715
LLM:gpt-4o,supplier_delay,delay_clear_1,clear,1000,supplier_delay,supplier_delay,False,False,1828.0,1550.7999999999997,-277.2000000000003
LLM:gpt-4o,supplier_delay,delay_clear_2,clear,1000,supplier_delay,supplier_delay,False,False,1828.0,1550.7999999999997,-277.2000000000003
LLM:gpt-4o,supplier_delay,delay_moderate_1,moderate,1000,supplier_delay,supplier_delay,False,False,1773.8,1550.7999999999997,-223.00000000000023
LLM:gpt-4o,supplier_delay,delay_moderate_2,moderate,1000,supplier_delay,supplier_delay,False,False,1773.8,1550.7999999999997,-223.00000000000023
LLM:gpt-4o,supplier_delay,delay_vague_1,vague,1000,supplier_delay,normal,False,True,1495.6,1550.7999999999997,55.19999999999982
LLM:gpt-4o,supplier_delay,delay_vague_2,vague,1000,supplier_delay,supplier_delay,False,False,1773.8,1550.7999999999997,-223.00000000000023
LLM:gpt-4o,supplier_delay,delay_clear_1,clear,1001,supplier_delay,supplier_delay,False,False,1282.0,1550.7999999999997,268.7999999999997
LLM:gpt-4o,supplier_delay,delay_clear_2,clear,1001,supplier_delay,supplier_delay,False,False,1282.0,1550.7999999999997,268.7999999999997
LLM:gpt-4o,supplier_delay,delay_moderate_1,moderate,1001,supplier_delay,supplier_delay,False,False,1281.8,1550.7999999999997,268.9999999999998
LLM:gpt-4o,supplier_delay,delay_moderate_2,moderate,1001,supplier_delay,supplier_delay,False,False,1281.8,1550.7999999999997,268.9999999999998
LLM:gpt-4o,supplier_delay,delay_vague_1,vague,1001,supplier_delay,normal,False,True,1540.5999999999995,1550.7999999999997,10.200000000000273
LLM:gpt-4o,supplier_delay,delay_vague_2,vague,1001,supplier_delay,supplier_delay,False,False,1281.7999999999997,1550.7999999999997,269.0
LLM:gpt-4o,supplier_delay,delay_clear_1,clear,1002,supplier_delay,supplier_delay,False,False,1508.0,1550.7999999999997,42.79999999999973
LLM:gpt-4o,supplier_delay,delay_clear_2,clear,1002,supplier_delay,supplier_delay,False,False,1508.0,1550.7999999999997,42.79999999999973
LLM:gpt-4o,supplier_delay,delay_moderate_1,moderate,1002,supplier_delay,supplier_delay,False,False,1506.4,1550.7999999999997,44.399999999999636
LLM:gpt-4o,supplier_delay,delay_moderate_2,moderate,1002,supplier_delay,supplier_delay,False,False,1506.4,1550.7999999999997,44.399999999999636
LLM:gpt-4o,supplier_delay,delay_vague_1,vague,1002,supplier_delay,normal,False,True,1423.1999999999996,1550.7999999999997,127.60000000000014
LLM:gpt-4o,supplier_delay,delay_vague_2,vague,1002,supplier_delay,supplier_delay,False,False,1506.4,1550.7999999999997,44.399999999999636
LLM:gpt-4o,supplier_delay,delay_clear_1,clear,1003,supplier_delay,supplier_delay,False,False,1703.0,1550.7999999999997,-152.20000000000027
LLM:gpt-4o,supplier_delay,delay_clear_2,clear,1003,supplier_delay,supplier_delay,False,False,1703.0,1550.7999999999997,-152.20000000000027
LLM:gpt-4o,supplier_delay,delay_moderate_1,moderate,1003,supplier_delay,supplier_delay,False,False,1633.6,1550.7999999999997,-82.80000000000018
LLM:gpt-4o,supplier_delay,delay_moderate_2,moderate,1003,supplier_delay,supplier_delay,False,False,1633.6,1550.7999999999997,-82.80000000000018
LLM:gpt-4o,supplier_delay,delay_vague_1,vague,1003,supplier_delay,normal,False,True,1507.1999999999994,1550.7999999999997,43.600000000000364
LLM:gpt-4o,supplier_delay,delay_vague_2,vague,1003,supplier_delay,supplier_delay,False,False,1633.5999999999995,1550.7999999999997,-82.79999999999973
LLM:gpt-4o,supplier_delay,delay_clear_1,clear,1004,supplier_delay,supplier_delay,False,False,1738.0,1550.7999999999997,-187.20000000000027
LLM:gpt-4o,supplier_delay,delay_clear_2,clear,1004,supplier_delay,supplier_delay,False,False,1738.0,1550.7999999999997,-187.20000000000027
LLM:gpt-4o,supplier_delay,delay_moderate_1,moderate,1004,supplier_delay,supplier_delay,False,False,1672.7999999999997,1550.7999999999997,-122.0
LLM:gpt-4o,supplier_delay,delay_moderate_2,moderate,1004,supplier_delay,supplier_delay,False,False,1672.7999999999997,1550.7999999999997,-122.0
LLM:gpt-4o,supplier_delay,delay_vague_1,vague,1004,supplier_delay,normal,False,True,1528.9999999999993,1550.7999999999997,21.80000000000041
LLM:gpt-4o,supplier_delay,delay_vague_2,vague,1004,supplier_delay,supplier_delay,False,False,1672.7999999999995,1550.7999999999997,-121.99999999999977
LLM:gpt-4o,supplier_delay,delay_clear_1,clear,1005,supplier_delay,supplier_delay,False,False,1749.0,1550.7999999999997,-198.20000000000027
LLM:gpt-4o,supplier_delay,delay_clear_2,clear,1005,supplier_delay,supplier_delay,False,False,1749.0,1550.7999999999997,-198.20000000000027
LLM:gpt-4o,supplier_delay,delay_moderate_1,moderate,1005,supplier_delay,supplier_delay,False,False,1726.1999999999998,1550.7999999999997,-175.4000000000001
LLM:gpt-4o,supplier_delay,delay_moderate_2,moderate,1005,supplier_delay,supplier_delay,False,False,1726.1999999999998,1550.7999999999997,-175.4000000000001
LLM:gpt-4o,supplier_delay,delay_vague_1,vague,1005,supplier_delay,normal,False,True,1600.9999999999995,1550.7999999999997,-50.19999999999982
LLM:gpt-4o,supplier_delay,delay_vague_2,vague,1005,supplier_delay,supplier_delay,False,False,1726.1999999999998,1550.7999999999997,-175.4000000000001
LLM:gpt-4o,supplier_delay,delay_clear_1,clear,1006,supplier_delay,supplier_delay,False,False,1580.0,1550.7999999999997,-29.200000000000273
LLM:gpt-4o,supplier_delay,delay_clear_2,clear,1006,supplier_delay,supplier_delay,False,False,1580.0,1550.7999999999997,-29.200000000000273
LLM:gpt-4o,supplier_delay,delay_moderate_1,moderate,1006,supplier_delay,supplier_delay,False,False,1486.9999999999995,1550.7999999999997,63.80000000000018
LLM:gpt-4o,supplier_delay,delay_moderate_2,moderate,1006,supplier_delay,supplier_delay,False,False,1486.9999999999995,1550.7999999999997,63.80000000000018
LLM:gpt-4o,supplier_delay,delay_vague_1,vague,1006,supplier_delay,normal,False,True,1729.5999999999995,1550.7999999999997,-178.79999999999973
LLM:gpt-4o,supplier_delay,delay_vague_2,vague,1006,supplier_delay,supplier_delay,False,False,1486.9999999999998,1550.7999999999997,63.799999999999955
LLM:gpt-4o,supplier_delay,delay_clear_1,clear,1007,supplier_delay,supplier_delay,False,False,1721.0,1550.7999999999997,-170.20000000000027
LLM:gpt-4o,supplier_delay,delay_clear_2,clear,1007,supplier_delay,supplier_delay,False,False,1721.0,1550.7999999999997,-170.20000000000027
LLM:gpt-4o,supplier_delay,delay_moderate_1,moderate,1007,supplier_delay,supplier_delay,False,False,1662.7999999999997,1550.7999999999997,-112.0
LLM:gpt-4o,supplier_delay,delay_moderate_2,moderate,1007,supplier_delay,supplier_delay,False,False,1662.7999999999997,1550.7999999999997,-112.0
LLM:gpt-4o,supplier_delay,delay_vague_1,vague,1007,supplier_delay,normal,False,True,1502.7999999999993,1550.7999999999997,48.000000000000455
LLM:gpt-4o,supplier_delay,delay_vague_2,vague,1007,supplier_delay,supplier_delay,False,False,1662.7999999999997,1550.7999999999997,-112.0
LLM:gpt-4o,supplier_delay,delay_clear_1,clear,1008,supplier_delay,supplier_delay,False,False,1651.0,1550.7999999999997,-100.20000000000027
LLM:gpt-4o,supplier_delay,delay_clear_2,clear,1008,supplier_delay,supplier_delay,False,False,1651.0,1550.7999999999997,-100.20000000000027
LLM:gpt-4o,supplier_delay,delay_moderate_1,moderate,1008,supplier_delay,supplier_delay,False,False,1648.1999999999998,1550.7999999999997,-97.40000000000009
LLM:gpt-4o,supplier_delay,delay_moderate_2,moderate,1008,supplier_delay,supplier_delay,False,False,1648.1999999999998,1550.7999999999997,-97.40000000000009
LLM:gpt-4o,supplier_delay,delay_vague_1,vague,1008,supplier_delay,normal,False,True,1530.5999999999997,1550.7999999999997,20.200000000000045
LLM:gpt-4o,supplier_delay,delay_vague_2,vague,1008,supplier_delay,supplier_delay,False,False,1648.1999999999998,1550.7999999999997,-97.40000000000009
LLM:gpt-4o,supplier_delay,delay_clear_1,clear,1009,supplier_delay,supplier_delay,False,False,1654.0,1550.7999999999997,-103.20000000000027
LLM:gpt-4o,supplier_delay,delay_clear_2,clear,1009,supplier_delay,supplier_delay,False,False,1654.0,1550.7999999999997,-103.20000000000027
LLM:gpt-4o,supplier_delay,delay_moderate_1,moderate,1009,supplier_delay,supplier_delay,False,False,1709.1999999999994,1550.7999999999997,-158.39999999999964
LLM:gpt-4o,supplier_delay,delay_moderate_2,moderate,1009,supplier_delay,supplier_delay,False,False,1709.1999999999994,1550.7999999999997,-158.39999999999964
LLM:gpt-4o,supplier_delay,delay_vague_1,vague,1009,supplier_delay,normal,False,True,1470.5999999999995,1550.7999999999997,80.20000000000027
LLM:gpt-4o,supplier_delay,delay_vague_2,vague,1009,supplier_delay,supplier_delay,False,False,1709.1999999999991,1550.7999999999997,-158.3999999999994
LLM:gpt-4o,supplier_delay,delay_clear_1,clear,1010,supplier_delay,supplier_delay,False,False,1602.0,1550.7999999999997,-51.20000000000027
LLM:gpt-4o,supplier_delay,delay_clear_2,clear,1010,supplier_delay,supplier_delay,False,False,1602.0,1550.7999999999997,-51.20000000000027
LLM:gpt-4o,supplier_delay,delay_moderate_1,moderate,1010,supplier_delay,supplier_delay,False,False,1561.9999999999998,1550.7999999999997,-11.200000000000045
LLM:gpt-4o,supplier_delay,delay_moderate_2,moderate,1010,supplier_delay,supplier_delay,False,False,1561.9999999999998,1550.7999999999997,-11.200000000000045
LLM:gpt-4o,supplier_delay,delay_vague_1,vague,1010,supplier_delay,normal,False,True,1338.9999999999993,1550.7999999999997,211.8000000000004
LLM:gpt-4o,supplier_delay,delay_vague_2,vague,1010,supplier_delay,supplier_delay,False,False,1561.9999999999993,1550.7999999999997,-11.19999999999959
LLM:gpt-4o,supplier_delay,delay_clear_1,clear,1011,supplier_delay,supplier_delay,False,False,1610.0,1550.7999999999997,-59.20000000000027
LLM:gpt-4o,supplier_delay,delay_clear_2,clear,1011,supplier_delay,supplier_delay,False,False,1610.0,1550.7999999999997,-59.20000000000027
LLM:gpt-4o,supplier_delay,delay_moderate_1,moderate,1011,supplier_delay,supplier_delay,False,False,1573.6,1550.7999999999997,-22.800000000000182
LLM:gpt-4o,supplier_delay,delay_moderate_2,moderate,1011,supplier_delay,supplier_delay,False,False,1573.6,1550.7999999999997,-22.800000000000182
LLM:gpt-4o,supplier_delay,delay_vague_1,vague,1011,supplier_delay,normal,False,True,1448.5999999999995,1550.7999999999997,102.20000000000027
LLM:gpt-4o,supplier_delay,delay_vague_2,vague,1011,supplier_delay,supplier_delay,False,False,1573.5999999999995,1550.7999999999997,-22.799999999999727
LLM:gpt-4o,supplier_delay,delay_clear_1,clear,1012,supplier_delay,supplier_delay,False,False,1741.0,1550.7999999999997,-190.20000000000027
LLM:gpt-4o,supplier_delay,delay_clear_2,clear,1012,supplier_delay,supplier_delay,False,False,1741.0,1550.7999999999997,-190.20000000000027
LLM:gpt-4o,supplier_delay,delay_moderate_1,moderate,1012,supplier_delay,supplier_delay,False,False,1689.5999999999997,1550.7999999999997,-138.79999999999995
LLM:gpt-4o,supplier_delay,delay_moderate_2,moderate,1012,supplier_delay,supplier_delay,False,False,1689.5999999999997,1550.7999999999997,-138.79999999999995
LLM:gpt-4o,supplier_delay,delay_vague_1,vague,1012,supplier_delay,normal,False,True,1498.7999999999993,1550.7999999999997,52.000000000000455
LLM:gpt-4o,supplier_delay,delay_vague_2,vague,1012,supplier_delay,supplier_delay,False,False,1689.5999999999995,1550.7999999999997,-138.79999999999973
LLM:gpt-4o,supplier_delay,delay_clear_1,clear,1013,supplier_delay,supplier_delay,False,False,1575.0,1550.7999999999997,-24.200000000000273
LLM:gpt-4o,supplier_delay,delay_clear_2,clear,1013,supplier_delay,supplier_delay,False,False,1575.0,1550.7999999999997,-24.200000000000273
LLM:gpt-4o,supplier_delay,delay_moderate_1,moderate,1013,supplier_delay,supplier_delay,False,False,1534.9999999999998,1550.7999999999997,15.799999999999955
LLM:gpt-4o,supplier_delay,delay_moderate_2,moderate,1013,supplier_delay,supplier_delay,False,False,1534.9999999999998,1550.7999999999997,15.799999999999955
LLM:gpt-4o,supplier_delay,delay_vague_1,vague,1013,supplier_delay,normal,False,True,1533.3999999999994,1550.7999999999997,17.40000000000032
LLM:gpt-4o,supplier_delay,delay_vague_2,vague,1013,supplier_delay,supplier_delay,False,False,1534.9999999999995,1550.7999999999997,15.800000000000182
LLM:gpt-4o,supplier_delay,delay_clear_1,clear,1014,supplier_delay,supplier_delay,False,False,1411.0,1550.7999999999997,139.79999999999973
LLM:gpt-4o,supplier_delay,delay_clear_2,clear,1014,supplier_delay,supplier_delay,False,False,1411.0,1550.7999999999997,139.79999999999973
LLM:gpt-4o,supplier_delay,delay_moderate_1,moderate,1014,supplier_delay,supplier_delay,False,False,1449.8,1550.7999999999997,100.99999999999977
LLM:gpt-4o,supplier_delay,delay_moderate_2,moderate,1014,supplier_delay,supplier_delay,False,False,1449.8,1550.7999999999997,100.99999999999977
LLM:gpt-4o,supplier_delay,delay_vague_1,vague,1014,supplier_delay,normal,False,True,1458.7999999999995,1550.7999999999997,92.00000000000023
LLM:gpt-4o,supplier_delay,delay_vague_2,vague,1014,supplier_delay,supplier_delay,False,False,1449.7999999999995,1550.7999999999997,101.00000000000023
LLM:gpt-4o,demand_surge,surge_clear_1,clear,1000,demand_surge,demand_surge,False,False,2197.0,1868.853333333334,-328.1466666666661
LLM:gpt-4o,demand_surge,surge_clear_2,clear,1000,demand_surge,demand_surge,False,False,2206.4,1868.853333333334,-337.54666666666617
LLM:gpt-4o,demand_surge,surge_moderate_1,moderate,1000,demand_surge,demand_surge,False,False,2206.4,1868.853333333334,-337.54666666666617
LLM:gpt-4o,demand_surge,surge_moderate_2,moderate,1000,demand_surge,demand_surge,False,False,2206.4,1868.853333333334,-337.54666666666617
LLM:gpt-4o,demand_surge,surge_vague_1,vague,1000,demand_surge,demand_surge,False,False,2174.8,1868.853333333334,-305.94666666666626
LLM:gpt-4o,demand_surge,surge_vague_2,vague,1000,demand_surge,demand_surge,False,False,2262.3999999999996,1868.853333333334,-393.5466666666657
LLM:gpt-4o,demand_surge,surge_clear_1,clear,1001,demand_surge,demand_surge,False,False,2277.0,1868.853333333334,-408.1466666666661
LLM:gpt-4o,demand_surge,surge_clear_2,clear,1001,demand_surge,demand_surge,False,False,2219.0,1868.853333333334,-350.1466666666661
LLM:gpt-4o,demand_surge,surge_moderate_1,moderate,1001,demand_surge,demand_surge,False,False,2219.0,1868.853333333334,-350.1466666666661
LLM:gpt-4o,demand_surge,surge_moderate_2,moderate,1001,demand_surge,demand_surge,False,False,2219.0,1868.853333333334,-350.1466666666661
LLM:gpt-4o,demand_surge,surge_vague_1,vague,1001,demand_surge,demand_surge,False,False,2038.5999999999997,1868.853333333334,-169.74666666666576
LLM:gpt-4o,demand_surge,surge_vague_2,vague,1001,demand_surge,demand_surge,False,False,2099.5999999999995,1868.853333333334,-230.74666666666553
LLM:gpt-4o,demand_surge,surge_clear_1,clear,1002,demand_surge,demand_surge,False,False,2289.0,1868.853333333334,-420.1466666666661
LLM:gpt-4o,demand_surge,surge_clear_2,clear,1002,demand_surge,demand_surge,False,False,2217.6000000000004,1868.853333333334,-348.74666666666644
LLM:gpt-4o,demand_surge,surge_moderate_1,moderate,1002,demand_surge,demand_surge,False,False,2217.6000000000004,1868.853333333334,-348.74666666666644
LLM:gpt-4o,demand_surge,surge_moderate_2,moderate,1002,demand_surge,demand_surge,False,False,2217.6000000000004,1868.853333333334,-348.74666666666644
LLM:gpt-4o,demand_surge,surge_vague_1,vague,1002,demand_surge,demand_surge,False,False,1958.4,1868.853333333334,-89.54666666666617
LLM:gpt-4o,demand_surge,surge_vague_2,vague,1002,demand_surge,demand_surge,False,False,2047.7999999999997,1868.853333333334,-178.9466666666658
LLM:gpt-4o,demand_surge,surge_clear_1,clear,1003,demand_surge,demand_surge,False,False,2317.0,1868.853333333334,-448.1466666666661
LLM:gpt-4o,demand_surge,surge_clear_2,clear,1003,demand_surge,demand_surge,False,False,2360.0,1868.853333333334,-491.1466666666661
LLM:gpt-4o,demand_surge,surge_moderate_1,moderate,1003,demand_surge,demand_surge,False,False,2360.0,1868.853333333334,-491.1466666666661
LLM:gpt-4o,demand_surge,surge_moderate_2,moderate,1003,demand_surge,demand_surge,False,False,2360.0,1868.853333333334,-491.1466666666661
LLM:gpt-4o,demand_surge,surge_vague_1,vague,1003,demand_surge,demand_surge,False,False,2114.0,1868.853333333334,-245.14666666666608
LLM:gpt-4o,demand_surge,surge_vague_2,vague,1003,demand_surge,demand_surge,False,False,2201.7999999999997,1868.853333333334,-332.9466666666658
LLM:gpt-4o,demand_surge,surge_clear_1,clear,1004,demand_surge,demand_surge,False,False,2197.0,1868.853333333334,-328.1466666666661
LLM:gpt-4o,demand_surge,surge_clear_2,clear,1004,demand_surge,demand_surge,False,False,2177.0,1868.853333333334,-308.1466666666661
LLM:gpt-4o,demand_surge,surge_moderate_1,moderate,1004,demand_surge,demand_surge,False,False,2177.0,1868.853333333334,-308.1466666666661
LLM:gpt-4o,demand_surge,surge_moderate_2,moderate,1004,demand_surge,demand_surge,False,False,2177.0,1868.853333333334,-308.1466666666661
LLM:gpt-4o,demand_surge,surge_vague_1,vague,1004,demand_surge,demand_surge,False,False,2070.8,1868.853333333334,-201.94666666666626
LLM:gpt-4o,demand_surge,surge_vague_2,vague,1004,demand_surge,demand_surge,False,False,2157.4,1868.853333333334,-288.54666666666617
LLM:gpt-4o,demand_surge,surge_clear_1,clear,1005,demand_surge,demand_surge,False,False,2337.0,1868.853333333334,-468.1466666666661
LLM:gpt-4o,demand_surge,surge_clear_2,clear,1005,demand_surge,demand_surge,False,False,2388.6000000000004,1868.853333333334,-519.7466666666664
LLM:gpt-4o,demand_surge,surge_moderate_1,moderate,1005,demand_surge,demand_surge,False,False,2388.6000000000004,1868.853333333334,-519.7466666666664
LLM:gpt-4o,demand_surge,surge_moderate_2,moderate,1005,demand_surge,demand_surge,False,False,2388.6000000000004,1868.853333333334,-519.7466666666664
LLM:gpt-4o,demand_surge,surge_vague_1,vague,1005,demand_surge,demand_surge,False,False,2254.4,1868.853333333334,-385.54666666666617
LLM:gpt-4o,demand_surge,surge_vague_2,vague,1005,demand_surge,demand_surge,False,False,2333.5999999999995,1868.853333333334,-464.74666666666553
LLM:gpt-4o,demand_surge,surge_clear_1,clear,1006,demand_surge,demand_surge,False,False,2256.0,1868.853333333334,-387.1466666666661
LLM:gpt-4o,demand_surge,surge_clear_2,clear,1006,demand_surge,demand_surge,False,False,2336.6000000000004,1868.853333333334,-467.74666666666644
LLM:gpt-4o,demand_surge,surge_moderate_1,moderate,1006,demand_surge,demand_surge,False,False,2336.6000000000004,1868.853333333334,-467.74666666666644
LLM:gpt-4o,demand_surge,surge_moderate_2,moderate,1006,demand_surge,demand_surge,False,False,2336.6000000000004,1868.853333333334,-467.74666666666644
LLM:gpt-4o,demand_surge,surge_vague_1,vague,1006,demand_surge,demand_surge,False,False,2305.2,1868.853333333334,-436.3466666666659
LLM:gpt-4o,demand_surge,surge_vague_2,vague,1006,demand_surge,demand_surge,False,False,2359.2,1868.853333333334,-490.3466666666659
LLM:gpt-4o,demand_surge,surge_clear_1,clear,1007,demand_surge,demand_surge,False,False,2343.0,1868.853333333334,-474.1466666666661
LLM:gpt-4o,demand_surge,surge_clear_2,clear,1007,demand_surge,demand_surge,False,False,2278.6,1868.853333333334,-409.746666666666
LLM:gpt-4o,demand_surge,surge_moderate_1,moderate,1007,demand_surge,demand_surge,False,False,2278.6,1868.853333333334,-409.746666666666
LLM:gpt-4o,demand_surge,surge_moderate_2,moderate,1007,demand_surge,demand_surge,False,False,2278.6,1868.853333333334,-409.746666666666
LLM:gpt-4o,demand_surge,surge_vague_1,vague,1007,demand_surge,demand_surge,False,False,2013.0000000000002,1868.853333333334,-144.1466666666663
LLM:gpt-4o,demand_surge,surge_vague_2,vague,1007,demand_surge,demand_surge,False,False,2106.0,1868.853333333334,-237.14666666666608
LLM:gpt-4o,demand_surge,surge_clear_1,clear,1008,demand_surge,demand_surge,False,False,2165.0,1868.853333333334,-296.1466666666661
LLM:gpt-4o,demand_surge,surge_clear_2,clear,1008,demand_surge,demand_surge,False,False,2194.6000000000004,1868.853333333334,-325.74666666666644
LLM:gpt-4o,demand_surge,surge_moderate_1,moderate,1008,demand_surge,demand_surge,False,False,2194.6000000000004,1868.853333333334,-325.74666666666644
LLM:gpt-4o,demand_surge,surge_moderate_2,moderate,1008,demand_surge,demand_surge,False,False,2194.6000000000004,1868.853333333334,-325.74666666666644
LLM:gpt-4o,demand_surge,surge_vague_1,vague,1008,demand_surge,demand_surge,False,False,2203.0,1868.853333333334,-334.1466666666661
LLM:gpt-4o,demand_surge,surge_vague_2,vague,1008,demand_surge,demand_surge,False,False,2238.7999999999993,1868.853333333334,-369.94666666666535
LLM:gpt-4o,demand_surge,surge_clear_1,clear,1009,demand_surge,demand_surge,False,False,2209.0,1868.853333333334,-340.1466666666661
LLM:gpt-4o,demand_surge,surge_clear_2,clear,1009,demand_surge,demand_surge,False,False,2105.8000000000006,1868.853333333334,-236.94666666666672
LLM:gpt-4o,demand_surge,surge_moderate_1,moderate,1009,demand_surge,demand_surge,False,False,2105.8000000000006,1868.853333333334,-236.94666666666672
LLM:gpt-4o,demand_surge,surge_moderate_2,moderate,1009,demand_surge,demand_surge,False,False,2105.8000000000006,1868.853333333334,-236.94666666666672
LLM:gpt-4o,demand_surge,surge_vague_1,vague,1009,demand_surge,demand_surge,False,False,1831.9999999999998,1868.853333333334,36.85333333333415
LLM:gpt-4o,demand_surge,surge_vague_2,vague,1009,demand_surge,demand_surge,False,False,1921.9999999999998,1868.853333333334,-53.14666666666585
LLM:gpt-4o,demand_surge,surge_clear_1,clear,1010,demand_surge,demand_surge,False,False,2039.0,1868.853333333334,-170.14666666666608
LLM:gpt-4o,demand_surge,surge_clear_2,clear,1010,demand_surge,demand_surge,False,False,2052.8,1868.853333333334,-183.94666666666626
LLM:gpt-4o,demand_surge,surge_moderate_1,moderate,1010,demand_surge,demand_surge,False,False,2052.8,1868.853333333334,-183.94666666666626
LLM:gpt-4o,demand_surge,surge_moderate_2,moderate,1010,demand_surge,demand_surge,False,False,2052.8,1868.853333333334,-183.94666666666626
LLM:gpt-4o,demand_surge,surge_vague_1,vague,1010,demand_surge,demand_surge,False,False,1994.0,1868.853333333334,-125.14666666666608
LLM:gpt-4o,demand_surge,surge_vague_2,vague,1010,demand_surge,demand_surge,False,False,2072.0,1868.853333333334,-203.14666666666608
LLM:gpt-4o,demand_surge,surge_clear_1,clear,1011,demand_surge,demand_surge,False,False,2381.0,1868.853333333334,-512.1466666666661
LLM:gpt-4o,demand_surge,surge_clear_2,clear,1011,demand_surge,demand_surge,False,False,2350.8,1868.853333333334,-481.94666666666626
LLM:gpt-4o,demand_surge,surge_moderate_1,moderate,1011,demand_surge,demand_surge,False,False,2350.8,1868.853333333334,-481.94666666666626
LLM:gpt-4o,demand_surge,surge_moderate_2,moderate,1011,demand_surge,demand_surge,False,False,2350.8,1868.853333333334,-481.94666666666626
LLM:gpt-4o,demand_surge,surge_vague_1,vague,1011,demand_surge,demand_surge,False,False,2120.4,1868.853333333334,-251.54666666666617
LLM:gpt-4o,demand_surge,surge_vague_2,vague,1011,demand_surge,demand_surge,False,False,2205.7999999999997,1868.853333333334,-336.9466666666658
LLM:gpt-4o,demand_surge,surge_clear_1,clear,1012,demand_surge,demand_surge,False,False,2284.0,1868.853333333334,-415.1466666666661
LLM:gpt-4o,demand_surge,surge_clear_2,clear,1012,demand_surge,demand_surge,False,False,2224.0,1868.853333333334,-355.1466666666661
LLM:gpt-4o,demand_surge,surge_moderate_1,moderate,1012,demand_surge,demand_surge,False,False,2224.0,1868.853333333334,-355.1466666666661
LLM:gpt-4o,demand_surge,surge_moderate_2,moderate,1012,demand_surge,demand_surge,False,False,2224.0,1868.853333333334,-355.1466666666661
LLM:gpt-4o,demand_surge,surge_vague_1,vague,1012,demand_surge,demand_surge,False,False,2043.9999999999998,1868.853333333334,-175.14666666666585
LLM:gpt-4o,demand_surge,surge_vague_2,vague,1012,demand_surge,demand_surge,False,False,2103.999999999999,1868.853333333334,-235.14666666666517
LLM:gpt-4o,demand_surge,surge_clear_1,clear,1013,demand_surge,demand_surge,False,False,2442.0,1868.853333333334,-573.1466666666661
LLM:gpt-4o,demand_surge,surge_clear_2,clear,1013,demand_surge,demand_surge,False,False,2350.8,1868.853333333334,-481.94666666666626
LLM:gpt-4o,demand_surge,surge_moderate_1,moderate,1013,demand_surge,demand_surge,False,False,2350.8,1868.853333333334,-481.94666666666626
LLM:gpt-4o,demand_surge,surge_moderate_2,moderate,1013,demand_surge,demand_surge,False,False,2350.8,1868.853333333334,-481.94666666666626
LLM:gpt-4o,demand_surge,surge_vague_1,vague,1013,demand_surge,demand_surge,False,False,2070.2,1868.853333333334,-201.3466666666659
LLM:gpt-4o,demand_surge,surge_vague_2,vague,1013,demand_surge,demand_surge,False,False,2164.2,1868.853333333334,-295.3466666666659
LLM:gpt-4o,demand_surge,surge_clear_1,clear,1014,demand_surge,demand_surge,False,False,1902.0,1868.853333333334,-33.14666666666608
LLM:gpt-4o,demand_surge,surge_clear_2,clear,1014,demand_surge,demand_surge,False,False,1958.7999999999997,1868.853333333334,-89.9466666666658
LLM:gpt-4o,demand_surge,surge_moderate_1,moderate,1014,demand_surge,demand_surge,False,False,1958.7999999999997,1868.853333333334,-89.9466666666658
LLM:gpt-4o,demand_surge,surge_moderate_2,moderate,1014,demand_surge,demand_surge,False,False,1958.7999999999997,1868.853333333334,-89.9466666666658
LLM:gpt-4o,demand_surge,surge_vague_1,vague,1014,demand_surge,demand_surge,False,False,2175.0000000000005,1868.853333333334,-306.14666666666653
LLM:gpt-4o,demand_surge,surge_vague_2,vague,1014,demand_surge,demand_surge,False,False,2130.0,1868.853333333334,-261.1466666666661
LLM:gpt-3.5-turbo,normal,normal_clear_1,clear,1000,normal,normal,False,False,1945.0,1615.0533333333333,-329.9466666666667
LLM:gpt-3.5-turbo,normal,normal_clear_2,clear,1000,normal,normal,False,False,1945.0,1615.0533333333333,-329.9466666666667
LLM:gpt-3.5-turbo,normal,normal_moderate_1,moderate,1000,normal,normal,False,False,1945.0,1615.0533333333333,-329.9466666666667
LLM:gpt-3.5-turbo,normal,normal_moderate_2,moderate,1000,normal,normal,False,False,1945.0,1615.0533333333333,-329.9466666666667
LLM:gpt-3.5-turbo,normal,normal_vague_1,vague,1000,normal,normal,False,False,1904.5,1615.0533333333333,-289.4466666666667
LLM:gpt-3.5-turbo,normal,normal_vague_2,vague,1000,normal,normal,False,False,1945.0,1615.0533333333333,-329.9466666666667
LLM:gpt-3.5-turbo,normal,normal_clear_1,clear,1001,normal,normal,False,False,1519.0,1615.0533333333333,96.05333333333328
LLM:gpt-3.5-turbo,normal,normal_clear_2,clear,1001,normal,normal,False,False,1519.0,1615.0533333333333,96.05333333333328
LLM:gpt-3.5-turbo,normal,normal_moderate_1,moderate,1001,normal,normal,False,False,1519.0,1615.0533333333333,96.05333333333328
LLM:gpt-3.5-turbo,normal,normal_moderate_2,moderate,1001,normal,normal,False,False,1519.0,1615.0533333333333,96.05333333333328
LLM:gpt-3.5-turbo,normal,normal_vague_1,vague,1001,normal,normal,False,False,1473.6999999999998,1615.0533333333333,141.35333333333347
LLM:gpt-3.5-turbo,normal,normal_vague_2,vague,1001,normal,normal,False,False,1519.0,1615.0533333333333,96.05333333333328
LLM:gpt-3.5-turbo,normal,normal_clear_1,clear,1002,normal,normal,False,False,1641.0,1615.0533333333333,-25.946666666666715
LLM:gpt-3.5-turbo,normal,normal_clear_2,clear,1002,normal,normal,False,False,1641.0,1615.0533333333333,-25.946666666666715
LLM:gpt-3.5-turbo,normal,normal_moderate_1,moderate,1002,normal,normal,False,False,1641.0,1615.0533333333333,-25.946666666666715
LLM:gpt-3.5-turbo,normal,normal_moderate_2,moderate,1002,normal,normal,False,False,1641.0,1615.0533333333333,-25.946666666666715
LLM:gpt-3.5-turbo,normal,normal_vague_1,vague,1002,normal,normal,False,False,1651.5000000000005,1615.0533333333333,-36.44666666666717
LLM:gpt-3.5-turbo,normal,normal_vague_2,vague,1002,normal,normal,False,False,1641.0,1615.0533333333333,-25.946666666666715
LLM:gpt-3.5-turbo,normal,normal_clear_1,clear,1003,normal,normal,False,False,1929.0,1615.0533333333333,-313.9466666666667
LLM:gpt-3.5-turbo,normal,normal_clear_2,clear,1003,normal,normal,False,False,1929.0,1615.0533333333333,-313.9466666666667
LLM:gpt-3.5-turbo,normal,normal_moderate_1,moderate,1003,normal,normal,False,False,1929.0,1615.0533333333333,-313.9466666666667
LLM:gpt-3.5-turbo,normal,normal_moderate_2,moderate,1003,normal,normal,False,False,1929.0,1615.0533333333333,-313.9466666666667
LLM:gpt-3.5-turbo,normal,normal_vague_1,vague,1003,normal,normal,False,False,1892.3000000000004,1615.0533333333333,-277.2466666666671
LLM:gpt-3.5-turbo,normal,normal_vague_2,vague,1003,normal,normal,False,False,1929.0,1615.0533333333333,-313.9466666666667
LLM:gpt-3.5-turbo,normal,normal_clear_1,clear,1004,normal,normal,False,False,1905.0,1615.0533333333333,-289.9466666666667
LLM:gpt-3.5-turbo,normal,normal_clear_2,clear,1004,normal,normal,False,False,1905.0,1615.0533333333333,-289.9466666666667
LLM:gpt-3.5-turbo,normal,normal_moderate_1,moderate,1004,normal,normal,False,False,1905.0,1615.0533333333333,-289.9466666666667
LLM:gpt-3.5-turbo,normal,normal_moderate_2,moderate,1004,normal,normal,False,False,1905.0,1615.0533333333333,-289.9466666666667
LLM:gpt-3.5-turbo,normal,normal_vague_1,vague,1004,normal,normal,False,False,1944.5,1615.0533333333333,-329.4466666666667
LLM:gpt-3.5-turbo,normal,normal_vague_2,vague,1004,normal,normal,False,False,1905.0,1615.0533333333333,-289.9466666666667
LLM:gpt-3.5-turbo,normal,normal_clear_1,clear,1005,normal,normal,False,False,2009.0,1615.0533333333333,-393.9466666666667
LLM:gpt-3.5-turbo,normal,normal_clear_2,clear,1005,normal,normal,False,False,2009.0,1615.0533333333333,-393.9466666666667
LLM:gpt-3.5-turbo,normal,normal_moderate_1,moderate,1005,normal,normal,False,False,2009.0,1615.0533333333333,-393.9466666666667
LLM:gpt-3.5-turbo,normal,normal_moderate_2,moderate,1005,normal,normal,False,False,2009.0,1615.0533333333333,-393.9466666666667
LLM:gpt-3.5-turbo,normal,normal_vague_1,vague,1005,normal,normal,False,False,2053.1000000000004,1615.0533333333333,-438.0466666666671
LLM:gpt-3.5-turbo,normal,normal_vague_2,vague,1005,normal,normal,False,False,2009.0,1615.0533333333333,-393.9466666666667
LLM:gpt-3.5-turbo,normal,normal_clear_1,clear,1006,normal,normal,False,False,1659.0,1615.0533333333333,-43.946666666666715
LLM:gpt-3.5-turbo,normal,normal_clear_2,clear,1006,normal,normal,False,False,1659.0,1615.0533333333333,-43.946666666666715
LLM:gpt-3.5-turbo,normal,normal_moderate_1,moderate,1006,normal,normal,False,False,1659.0,1615.0533333333333,-43.946666666666715
LLM:gpt-3.5-turbo,normal,normal_moderate_2,moderate,1006,normal,normal,False,False,1659.0,1615.0533333333333,-43.946666666666715
LLM:gpt-3.5-turbo,normal,normal_vague_1,vague,1006,normal,normal,False,False,1634.9999999999995,1615.0533333333333,-19.94666666666626
LLM:gpt-3.5-turbo,normal,normal_vague_2,vague,1006,normal,normal,False,False,1659.0,1615.0533333333333,-43.946666666666715
LLM:gpt-3.5-turbo,normal,normal_clear_1,clear,1007,normal,normal,False,False,1902.0,1615.0533333333333,-286.9466666666667
LLM:gpt-3.5-turbo,normal,normal_clear_2,clear,1007,normal,normal,False,False,1902.0,1615.0533333333333,-286.9466666666667
LLM:gpt-3.5-turbo,normal,normal_moderate_1,moderate,1007,normal,normal,False,False,1902.0,1615.0533333333333,-286.9466666666667
LLM:gpt-3.5-turbo,normal,normal_moderate_2,moderate,1007,normal,normal,False,False,1902.0,1615.0533333333333,-286.9466666666667
LLM:gpt-3.5-turbo,normal,normal_vague_1,vague,1007,normal,normal,False,False,1942.8000000000004,1615.0533333333333,-327.7466666666671
LLM:gpt-3.5-turbo,normal,normal_vague_2,vague,1007,normal,normal,False,False,1902.0,1615.0533333333333,-286.9466666666667
LLM:gpt-3.5-turbo,normal,normal_clear_1,clear,1008,normal,normal,False,False,1651.0,1615.0533333333333,-35.946666666666715
LLM:gpt-3.5-turbo,normal,normal_clear_2,clear,1008,normal,normal,False,False,1651.0,1615.0533333333333,-35.946666666666715
LLM:gpt-3.5-turbo,normal,normal_moderate_1,moderate,1008,normal,normal,False,False,1651.0,1615.0533333333333,-35.946666666666715
LLM:gpt-3.5-turbo,normal,normal_moderate_2,moderate,1008,normal,normal,False,False,1651.0,1615.0533333333333,-35.946666666666715
LLM:gpt-3.5-turbo,normal,normal_vague_1,vague,1008,normal,normal,False,False,1634.8000000000004,1615.0533333333333,-19.746666666667124
LLM:gpt-3.5-turbo,normal,normal_vague_2,vague,1008,normal,normal,False,False,1651.0,1615.0533333333333,-35.946666666666715
LLM:gpt-3.5-turbo,normal,normal_clear_1,clear,1009,normal,normal,False,False,1660.0,1615.0533333333333,-44.946666666666715
LLM:gpt-3.5-turbo,normal,normal_clear_2,clear,1009,normal,normal,False,False,1660.0,1615.0533333333333,-44.946666666666715
LLM:gpt-3.5-turbo,normal,normal_moderate_1,moderate,1009,normal,normal,False,False,1660.0,1615.0533333333333,-44.946666666666715
LLM:gpt-3.5-turbo,normal,normal_moderate_2,moderate,1009,normal,normal,False,False,1660.0,1615.0533333333333,-44.946666666666715
LLM:gpt-3.5-turbo,normal,normal_vague_1,vague,1009,normal,normal,False,False,1646.7999999999995,1615.0533333333333,-31.746666666666215
LLM:gpt-3.5-turbo,normal,normal_vague_2,vague,1009,normal,normal,False,False,1660.0,1615.0533333333333,-44.946666666666715
LLM:gpt-3.5-turbo,normal,normal_clear_1,clear,1010,normal,normal,False,False,1778.0,1615.0533333333333,-162.94666666666672
LLM:gpt-3.5-turbo,normal,normal_clear_2,clear,1010,normal,normal,False,False,1778.0,1615.0533333333333,-162.94666666666672
LLM:gpt-3.5-turbo,normal,normal_moderate_1,moderate,1010,normal,normal,False,False,1778.0,1615.0533333333333,-162.94666666666672
LLM:gpt-3.5-turbo,normal,normal_moderate_2,moderate,1010,normal,normal,False,False,1778.0,1615.0533333333333,-162.94666666666672
LLM:gpt-3.5-turbo,normal,normal_vague_1,vague,1010,normal,normal,False,False,1819.1000000000001,1615.0533333333333,-204.04666666666685
LLM:gpt-3.5-turbo,normal,normal_vague_2,vague,1010,normal,normal,False,False,1778.0,1615.0533333333333,-162.94666666666672
LLM:gpt-3.5-turbo,normal,normal_clear_1,clear,1011,normal,normal,False,False,1841.0,1615.0533333333333,-225.94666666666672
LLM:gpt-3.5-turbo,normal,normal_clear_2,clear,1011,normal,normal,False,False,1841.0,1615.0533333333333,-225.94666666666672
LLM:gpt-3.5-turbo,normal,normal_moderate_1,moderate,1011,normal,normal,False,False,1841.0,1615.0533333333333,-225.94666666666672
LLM:gpt-3.5-turbo,normal,normal_moderate_2,moderate,1011,normal,normal,False,False,1841.0,1615.0533333333333,-225.94666666666672
LLM:gpt-3.5-turbo,normal,normal_vague_1,vague,1011,normal,normal,False,False,1868.9,1615.0533333333333,-253.8466666666668
LLM:gpt-3.5-turbo,normal,normal_vague_2,vague,1011,normal,normal,False,False,1841.0,1615.0533333333333,-225.94666666666672
LLM:gpt-3.5-turbo,normal,normal_clear_1,clear,1012,normal,normal,False,False,1876.0,1615.0533333333333,-260.9466666666667
LLM:gpt-3.5-turbo,normal,normal_clear_2,clear,1012,normal,normal,False,False,1876.0,1615.0533333333333,-260.9466666666667
LLM:gpt-3.5-turbo,normal,normal_moderate_1,moderate,1012,normal,normal,False,False,1876.0,1615.0533333333333,-260.9466666666667
LLM:gpt-3.5-turbo,normal,normal_moderate_2,moderate,1012,normal,normal,False,False,1876.0,1615.0533333333333,-260.9466666666667
LLM:gpt-3.5-turbo,normal,normal_vague_1,vague,1012,normal,normal,False,False,1857.0000000000002,1615.0533333333333,-241.94666666666694
LLM:gpt-3.5-turbo,normal,normal_vague_2,vague,1012,normal,normal,False,False,1876.0,1615.0533333333333,-260.9466666666667
LLM:gpt-3.5-turbo,normal,normal_clear_1,clear,1013,normal,normal,False,False,1837.0,1615.0533333333333,-221.94666666666672
LLM:gpt-3.5-turbo,normal,normal_clear_2,clear,1013,normal,normal,False,False,1837.0,1615.0533333333333,-221.94666666666672
LLM:gpt-3.5-turbo,normal,normal_moderate_1,moderate,1013,normal,normal,False,False,1837.0,1615.0533333333333,-221.94666666666672
LLM:gpt-3.5-turbo,normal,normal_moderate_2,moderate,1013,normal,normal,False,False,1837.0,1615.0533333333333,-221.94666666666672
LLM:gpt-3.5-turbo,normal,normal_vague_1,vague,1013,normal,normal,False,False,1805.3999999999996,1615.0533333333333,-190.34666666666635
LLM:gpt-3.5-turbo,normal,normal_vague_2,vague,1013,normal,normal,False,False,1837.0,1615.0533333333333,-221.94666666666672
LLM:gpt-3.5-turbo,normal,normal_clear_1,clear,1014,normal,normal,False,False,1623.0,1615.0533333333333,-7.946666666666715
LLM:gpt-3.5-turbo,normal,normal_clear_2,clear,1014,normal,normal,False,False,1623.0,1615.0533333333333,-7.946666666666715
LLM:gpt-3.5-turbo,normal,normal_moderate_1,moderate,1014,normal,normal,False,False,1623.0,1615.0533333333333,-7.946666666666715
LLM:gpt-3.5-turbo,normal,normal_moderate_2,moderate,1014,normal,normal,False,False,1623.0,1615.0533333333333,-7.946666666666715
LLM:gpt-3.5-turbo,normal,normal_vague_1,vague,1014,normal,normal,False,False,1615.1999999999994,1615.0533333333333,-0.14666666666607853
LLM:gpt-3.5-turbo,normal,normal_vague_2,vague,1014,normal,normal,False,False,1623.0,1615.0533333333333,-7.946666666666715
LLM:gpt-3.5-turbo,supplier_delay,delay_clear_1,clear,1000,supplier_delay,supplier_delay,False,False,1773.8,1550.7999999999997,-223.00000000000023
LLM:gpt-3.5-turbo,supplier_delay,delay_clear_2,clear,1000,supplier_delay,normal,False,True,1643.0,1550.7999999999997,-92.20000000000027
LLM:gpt-3.5-turbo,supplier_delay,delay_moderate_1,moderate,1000,supplier_delay,normal,False,True,1643.0,1550.7999999999997,-92.20000000000027
LLM:gpt-3.5-turbo,supplier_delay,delay_moderate_2,moderate,1000,supplier_delay,normal,False,True,1507.0,1550.7999999999997,43.79999999999973
LLM:gpt-3.5-turbo,supplier_delay,delay_vague_1,vague,1000,supplier_delay,normal,False,True,1507.0,1550.7999999999997,43.79999999999973
LLM:gpt-3.5-turbo,supplier_delay,delay_vague_2,vague,1000,supplier_delay,normal,False,True,1643.0,1550.7999999999997,-92.20000000000027
LLM:gpt-3.5-turbo,supplier_delay,delay_clear_1,clear,1001,supplier_delay,supplier_delay,False,False,1281.8,1550.7999999999997,268.9999999999998
LLM:gpt-3.5-turbo,supplier_delay,delay_clear_2,clear,1001,supplier_delay,normal,False,True,1459.0,1550.7999999999997,91.79999999999973
LLM:gpt-3.5-turbo,supplier_delay,delay_moderate_1,moderate,1001,supplier_delay,normal,False,True,1459.0,1550.7999999999997,91.79999999999973
LLM:gpt-3.5-turbo,supplier_delay,delay_moderate_2,moderate,1001,supplier_delay,normal,False,True,1500.0,1550.7999999999997,50.79999999999973
LLM:gpt-3.5-turbo,supplier_delay,delay_vague_1,vague,1001,supplier_delay,normal,False,True,1500.0,1550.7999999999997,50.79999999999973
LLM:gpt-3.5-turbo,supplier_delay,delay_vague_2,vague,1001,supplier_delay,normal,False,True,1459.0,1550.7999999999997,91.79999999999973
LLM:gpt-3.5-turbo,supplier_delay,delay_clear_1,clear,1002,supplier_delay,supplier_delay,False,False,1506.4,1550.7999999999997,44.399999999999636
LLM:gpt-3.5-turbo,supplier_delay,delay_clear_2,clear,1002,supplier_delay,normal,False,True,1384.0,1550.7999999999997,166.79999999999973
LLM:gpt-3.5-turbo,supplier_delay,delay_moderate_1,moderate,1002,supplier_delay,normal,False,True,1384.0,1550.7999999999997,166.79999999999973
LLM:gpt-3.5-turbo,supplier_delay,delay_moderate_2,moderate,1002,supplier_delay,normal,False,True,1353.0,1550.7999999999997,197.79999999999973
LLM:gpt-3.5-turbo,supplier_delay,delay_vague_1,vague,1002,supplier_delay,normal,False,True,1353.0,1550.7999999999997,197.79999999999973
LLM:gpt-3.5-turbo,supplier_delay,delay_vague_2,vague,1002,supplier_delay,normal,False,True,1384.0,1550.7999999999997,166.79999999999973
LLM:gpt-3.5-turbo,supplier_delay,delay_clear_1,clear,1003,supplier_delay,supplier_delay,False,False,1633.6,1550.7999999999997,-82.80000000000018
LLM:gpt-3.5-turbo,supplier_delay,delay_clear_2,clear,1003,supplier_delay,normal,False,True,1602.0,1550.7999999999997,-51.20000000000027
LLM:gpt-3.5-turbo,supplier_delay,delay_moderate_1,moderate,1003,supplier_delay,normal,False,True,1602.0,1550.7999999999997,-51.20000000000027
LLM:gpt-3.5-turbo,supplier_delay,delay_moderate_2,moderate,1003,supplier_delay,normal,False,True,1512.0,1550.7999999999997,38.79999999999973
LLM:gpt-3.5-turbo,supplier_delay,delay_vague_1,vague,1003,supplier_delay,normal,False,True,1512.0,1550.7999999999997,38.79999999999973
LLM:gpt-3.5-turbo,supplier_delay,delay_vague_2,vague,1003,supplier_delay,normal,False,True,1602.0,1550.7999999999997,-51.20000000000027
LLM:gpt-3.5-turbo,supplier_delay,delay_clear_1,clear,1004,supplier_delay,supplier_delay,False,False,1672.7999999999997,1550.7999999999997,-122.0
LLM:gpt-3.5-turbo,supplier_delay,delay_clear_2,clear,1004,supplier_delay,normal,False,True,1504.0,1550.7999999999997,46.79999999999973
LLM:gpt-3.5-turbo,supplier_delay,delay_moderate_1,moderate,1004,supplier_delay,normal,False,True,1504.0,1550.7999999999997,46.79999999999973
LLM:gpt-3.5-turbo,supplier_delay,delay_moderate_2,moderate,1004,supplier_delay,normal,False,True,1466.0,1550.7999999999997,84.79999999999973
LLM:gpt-3.5-turbo,supplier_delay,delay_vague_1,vague,1004,supplier_delay,normal,False,True,1466.0,1550.7999999999997,84.79999999999973
LLM:gpt-3.5-turbo,supplier_delay,delay_vague_2,vague,1004,supplier_delay,normal,False,True,1504.0,1550.7999999999997,46.79999999999973
LLM:gpt-3.5-turbo,supplier_delay,delay_clear_1,clear,1005,supplier_delay,supplier_delay,False,False,1726.1999999999998,1550.7999999999997,-175.4000000000001
LLM:gpt-3.5-turbo,supplier_delay,delay_clear_2,clear,1005,supplier_delay,normal,False,True,1553.0,1550.7999999999997,-2.200000000000273
LLM:gpt-3.5-turbo,supplier_delay,delay_moderate_1,moderate,1005,supplier_delay,normal,False,True,1553.0,1550.7999999999997,-2.200000000000273
LLM:gpt-3.5-turbo,supplier_delay,delay_moderate_2,moderate,1005,supplier_delay,normal,False,True,1531.0,1550.7999999999997,19.799999999999727
LLM:gpt-3.5-turbo,supplier_delay,delay_vague_1,vague,1005,supplier_delay,normal,False,True,1531.0,1550.7999999999997,19.799999999999727
LLM:gpt-3.5-turbo,supplier_delay,delay_vague_2,vague,1005,supplier_delay,normal,False,True,1553.0,1550.7999999999997,-2.200000000000273
LLM:gpt-3.5-turbo,supplier_delay,delay_clear_1,clear,1006,supplier_delay,supplier_delay,False,False,1486.9999999999995,1550.7999999999997,63.80000000000018
LLM:gpt-3.5-turbo,supplier_delay,delay_clear_2,clear,1006,supplier_delay,normal,False,True,1646.0,1550.7999999999997,-95.20000000000027
LLM:gpt-3.5-turbo,supplier_delay,delay_moderate_1,moderate,1006,supplier_delay,normal,False,True,1646.0,1550.7999999999997,-95.20000000000027
LLM:gpt-3.5-turbo,supplier_delay,delay_moderate_2,moderate,1006,supplier_delay,normal,False,True,1653.0,1550.7999999999997,-102.20000000000027
LLM:gpt-3.5-turbo,supplier_delay,delay_vague_1,vague,1006,supplier_delay,normal,False,True,1653.0,1550.7999999999997,-102.20000000000027
LLM:gpt-3.5-turbo,supplier_delay,delay_vague_2,vague,1006,supplier_delay,normal,False,True,1646.0,1550.7999999999997,-95.20000000000027
LLM:gpt-3.5-turbo,supplier_delay,delay_clear_1,clear,1007,supplier_delay,supplier_delay,False,False,1662.7999999999997,1550.7999999999997,-112.0
LLM:gpt-3.5-turbo,supplier_delay,delay_clear_2,clear,1007,supplier_delay,normal,False,True,1492.0,1550.7999999999997,58.79999999999973
LLM:gpt-3.5-turbo,supplier_delay,delay_moderate_1,moderate,1007,supplier_delay,normal,False,True,1492.0,1550.7999999999997,58.79999999999973
LLM:gpt-3.5-turbo,supplier_delay,delay_moderate_2,moderate,1007,supplier_delay,normal,False,True,1450.0,1550.7999999999997,100.79999999999973
LLM:gpt-3.5-turbo,supplier_delay,delay_vague_1,vague,1007,supplier_delay,normal,False,True,1450.0,1550.7999999999997,100.79999999999973
LLM:gpt-3.5-turbo,supplier_delay,delay_vague_2,vague,1007,supplier_delay,normal,False,True,1492.0,1550.7999999999997,58.79999999999973
LLM:gpt-3.5-turbo,supplier_delay,delay_clear_1,clear,1008,supplier_delay,supplier_delay,False,False,1648.1999999999998,1550.7999999999997,-97.40000000000009
LLM:gpt-3.5-turbo,supplier_delay,delay_clear_2,clear,1008,supplier_delay,normal,False,True,1558.0,1550.7999999999997,-7.200000000000273
LLM:gpt-3.5-turbo,supplier_delay,delay_moderate_1,moderate,1008,supplier_delay,normal,False,True,1558.0,1550.7999999999997,-7.200000000000273
LLM:gpt-3.5-turbo,supplier_delay,delay_moderate_2,moderate,1008,supplier_delay,normal,False,True,1482.0,1550.7999999999997,68.79999999999973
LLM:gpt-3.5-turbo,supplier_delay,delay_vague_1,vague,1008,supplier_delay,normal,False,True,1482.0,1550.7999999999997,68.79999999999973
LLM:gpt-3.5-turbo,supplier_delay,delay_vague_2,vague,1008,supplier_delay,normal,False,True,1558.0,1550.7999999999997,-7.200000000000273
LLM:gpt-3.5-turbo,supplier_delay,delay_clear_1,clear,1009,supplier_delay,supplier_delay,False,False,1709.1999999999994,1550.7999999999997,-158.39999999999964
LLM:gpt-3.5-turbo,supplier_delay,delay_clear_2,clear,1009,supplier_delay,normal,False,True,1606.0,1550.7999999999997,-55.20000000000027
LLM:gpt-3.5-turbo,supplier_delay,delay_moderate_1,moderate,1009,supplier_delay,normal,False,True,1606.0,1550.7999999999997,-55.20000000000027
LLM:gpt-3.5-turbo,supplier_delay,delay_moderate_2,moderate,1009,supplier_delay,normal,False,True,1500.0,1550.7999999999997,50.79999999999973
LLM:gpt-3.5-turbo,supplier_delay,delay_vague_1,vague,1009,supplier_delay,normal,False,True,1500.0,1550.7999999999997,50.79999999999973
LLM:gpt-3.5-turbo,supplier_delay,delay_vague_2,vague,1009,supplier_delay,normal,False,True,1606.0,1550.7999999999997,-55.20000000000027
LLM:gpt-3.5-turbo,supplier_delay,delay_clear_1,clear,1010,supplier_delay,supplier_delay,False,False,1561.9999999999998,1550.7999999999997,-11.200000000000045
LLM:gpt-3.5-turbo,supplier_delay,delay_clear_2,clear,1010,supplier_delay,normal,False,True,1370.0,1550.7999999999997,180.79999999999973
LLM:gpt-3.5-turbo,supplier_delay,delay_moderate_1,moderate,1010,supplier_delay,normal,False,True,1370.0,1550.7999999999997,180.79999999999973
LLM:gpt-3.5-turbo,supplier_delay,delay_moderate_2,moderate,1010,supplier_delay,normal,False,True,1284.0,1550.7999999999997,266.7999999999997
LLM:gpt-3.5-turbo,supplier_delay,delay_vague_1,vague,1010,supplier_delay,normal,False,True,1284.0,1550.7999999999997,266.7999999999997
LLM:gpt-3.5-turbo,supplier_delay,delay_vague_2,vague,1010,supplier_delay,normal,False,True,1370.0,1550.7999999999997,180.79999999999973
LLM:gpt-3.5-turbo,supplier_delay,delay_clear_1,clear,1011,supplier_delay,supplier_delay,False,False,1573.6,1550.7999999999997,-22.800000000000182
LLM:gpt-3.5-turbo,supplier_delay,delay_clear_2,clear,1011,supplier_delay,normal,False,True,1444.0,1550.7999999999997,106.79999999999973
LLM:gpt-3.5-turbo,supplier_delay,delay_moderate_1,moderate,1011,supplier_delay,normal,False,True,1444.0,1550.7999999999997,106.79999999999973
LLM:gpt-3.5-turbo,supplier_delay,delay_moderate_2,moderate,1011,supplier_delay,normal,False,True,1410.0,1550.7999999999997,140.79999999999973
LLM:gpt-3.5-turbo,supplier_delay,delay_vague_1,vague,1011,supplier_delay,normal,False,True,1410.0,1550.7999999999997,140.79999999999973
LLM:gpt-3.5-turbo,supplier_delay,delay_vague_2,vague,1011,supplier_delay,normal,False,True,1444.0,1550.7999999999997,106.79999999999973
LLM:gpt-3.5-turbo,supplier_delay,delay_clear_1,clear,1012,supplier_delay,supplier_delay,False,False,1689.5999999999997,1550.7999999999997,-138.79999999999995
LLM:gpt-3.5-turbo,supplier_delay,delay_clear_2,clear,1012,supplier_delay,normal,False,True,1568.0,1550.7999999999997,-17.200000000000273
LLM:gpt-3.5-turbo,supplier_delay,delay_moderate_1,moderate,1012,supplier_delay,normal,False,True,1568.0,1550.7999999999997,-17.200000000000273
LLM:gpt-3.5-turbo,supplier_delay,delay_moderate_2,moderate,1012,supplier_delay,normal,False,True,1515.0,1550.7999999999997,35.79999999999973
LLM:gpt-3.5-turbo,supplier_delay,delay_vague_1,vague,1012,supplier_delay,normal,False,True,1515.0,1550.7999999999997,35.79999999999973
LLM:gpt-3.5-turbo,supplier_delay,delay_vague_2,vague,1012,supplier_delay,normal,False,True,1568.0,1550.7999999999997,-17.200000000000273
LLM:gpt-3.5-turbo,supplier_delay,delay_clear_1,clear,1013,supplier_delay,supplier_delay,False,False,1534.9999999999998,1550.7999999999997,15.799999999999955
LLM:gpt-3.5-turbo,supplier_delay,delay_clear_2,clear,1013,supplier_delay,normal,False,True,1564.0,1550.7999999999997,-13.200000000000273
LLM:gpt-3.5-turbo,supplier_delay,delay_moderate_1,moderate,1013,supplier_delay,normal,False,True,1564.0,1550.7999999999997,-13.200000000000273
LLM:gpt-3.5-turbo,supplier_delay,delay_moderate_2,moderate,1013,supplier_delay,normal,False,True,1474.0,1550.7999999999997,76.79999999999973
LLM:gpt-3.5-turbo,supplier_delay,delay_vague_1,vague,1013,supplier_delay,normal,False,True,1474.0,1550.7999999999997,76.79999999999973
LLM:gpt-3.5-turbo,supplier_delay,delay_vague_2,vague,1013,supplier_delay,normal,False,True,1564.0,1550.7999999999997,-13.200000000000273
LLM:gpt-3.5-turbo,supplier_delay,delay_clear_1,clear,1014,supplier_delay,supplier_delay,False,False,1449.8,1550.7999999999997,100.99999999999977
LLM:gpt-3.5-turbo,supplier_delay,delay_clear_2,clear,1014,supplier_delay,normal,False,True,1432.0,1550.7999999999997,118.79999999999973
LLM:gpt-3.5-turbo,supplier_delay,delay_moderate_1,moderate,1014,supplier_delay,normal,False,True,1432.0,1550.7999999999997,118.79999999999973
LLM:gpt-3.5-turbo,supplier_delay,delay_moderate_2,moderate,1014,supplier_delay,normal,False,True,1380.0,1550.7999999999997,170.79999999999973
LLM:gpt-3.5-turbo,supplier_delay,delay_vague_1,vague,1014,supplier_delay,normal,False,True,1380.0,1550.7999999999997,170.79999999999973
LLM:gpt-3.5-turbo,supplier_delay,delay_vague_2,vague,1014,supplier_delay,normal,False,True,1432.0,1550.7999999999997,118.79999999999973
LLM:gpt-3.5-turbo,demand_surge,surge_clear_1,clear,1000,demand_surge,normal,False,True,1796.5999999999997,1868.853333333334,72.25333333333424
LLM:gpt-3.5-turbo,demand_surge,surge_clear_2,clear,1000,demand_surge,normal,False,True,1796.5999999999997,1868.853333333334,72.25333333333424
LLM:gpt-3.5-turbo,demand_surge,surge_moderate_1,moderate,1000,demand_surge,normal,False,True,1891.4000000000003,1868.853333333334,-22.546666666666397
LLM:gpt-3.5-turbo,demand_surge,surge_moderate_2,moderate,1000,demand_surge,normal,False,True,1891.4000000000003,1868.853333333334,-22.546666666666397
LLM:gpt-3.5-turbo,demand_surge,surge_vague_1,vague,1000,demand_surge,normal,False,True,1796.5999999999997,1868.853333333334,72.25333333333424
LLM:gpt-3.5-turbo,demand_surge,surge_vague_2,vague,1000,demand_surge,normal,False,True,1891.4000000000003,1868.853333333334,-22.546666666666397
LLM:gpt-3.5-turbo,demand_surge,surge_clear_1,clear,1001,demand_surge,normal,False,True,1666.6,1868.853333333334,202.253333333334
LLM:gpt-3.5-turbo,demand_surge,surge_clear_2,clear,1001,demand_surge,normal,False,True,1666.6,1868.853333333334,202.253333333334
LLM:gpt-3.5-turbo,demand_surge,surge_moderate_1,moderate,1001,demand_surge,normal,False,True,1770.4,1868.853333333334,98.45333333333383
LLM:gpt-3.5-turbo,demand_surge,surge_moderate_2,moderate,1001,demand_surge,normal,False,True,1770.4,1868.853333333334,98.45333333333383
LLM:gpt-3.5-turbo,demand_surge,surge_vague_1,vague,1001,demand_surge,normal,False,True,1666.6,1868.853333333334,202.253333333334
LLM:gpt-3.5-turbo,demand_surge,surge_vague_2,vague,1001,demand_surge,normal,False,True,1770.4,1868.853333333334,98.45333333333383
LLM:gpt-3.5-turbo,demand_surge,surge_clear_1,clear,1002,demand_surge,normal,False,True,1594.8,1868.853333333334,274.05333333333397
LLM:gpt-3.5-turbo,demand_surge,surge_clear_2,clear,1002,demand_surge,normal,False,True,1594.8,1868.853333333334,274.05333333333397
LLM:gpt-3.5-turbo,demand_surge,surge_moderate_1,moderate,1002,demand_surge,normal,False,True,1687.2000000000005,1868.853333333334,181.65333333333342
LLM:gpt-3.5-turbo,demand_surge,surge_moderate_2,moderate,1002,demand_surge,normal,False,True,1687.2000000000005,1868.853333333334,181.65333333333342
LLM:gpt-3.5-turbo,demand_surge,surge_vague_1,vague,1002,demand_surge,normal,False,True,1594.8,1868.853333333334,274.05333333333397
LLM:gpt-3.5-turbo,demand_surge,surge_vague_2,vague,1002,demand_surge,normal,False,True,1687.2000000000005,1868.853333333334,181.65333333333342
LLM:gpt-3.5-turbo,demand_surge,surge_clear_1,clear,1003,demand_surge,normal,False,True,1740.7999999999997,1868.853333333334,128.0533333333342
LLM:gpt-3.5-turbo,demand_surge,surge_clear_2,clear,1003,demand_surge,normal,False,True,1740.7999999999997,1868.853333333334,128.0533333333342
LLM:gpt-3.5-turbo,demand_surge,surge_moderate_1,moderate,1003,demand_surge,normal,False,True,1836.2000000000003,1868.853333333334,32.65333333333365
LLM:gpt-3.5-turbo,demand_surge,surge_moderate_2,moderate,1003,demand_surge,normal,False,True,1836.2000000000003,1868.853333333334,32.65333333333365
LLM:gpt-3.5-turbo,demand_surge,surge_vague_1,vague,1003,demand_surge,normal,False,True,1740.7999999999997,1868.853333333334,128.0533333333342
LLM:gpt-3.5-turbo,demand_surge,surge_vague_2,vague,1003,demand_surge,normal,False,True,1836.2000000000003,1868.853333333334,32.65333333333365
LLM:gpt-3.5-turbo,demand_surge,surge_clear_1,clear,1004,demand_surge,normal,False,True,1692.8000000000002,1868.853333333334,176.05333333333374
LLM:gpt-3.5-turbo,demand_surge,surge_clear_2,clear,1004,demand_surge,normal,False,True,1692.8000000000002,1868.853333333334,176.05333333333374
LLM:gpt-3.5-turbo,demand_surge,surge_moderate_1,moderate,1004,demand_surge,normal,False,True,1788.2,1868.853333333334,80.65333333333388
LLM:gpt-3.5-turbo,demand_surge,surge_moderate_2,moderate,1004,demand_surge,normal,False,True,1788.2,1868.853333333334,80.65333333333388
LLM:gpt-3.5-turbo,demand_surge,surge_vague_1,vague,1004,demand_surge,normal,False,True,1692.8000000000002,1868.853333333334,176.05333333333374
LLM:gpt-3.5-turbo,demand_surge,surge_vague_2,vague,1004,demand_surge,normal,False,True,1788.2,1868.853333333334,80.65333333333388
LLM:gpt-3.5-turbo,demand_surge,surge_clear_1,clear,1005,demand_surge,normal,False,True,1885.7999999999997,1868.853333333334,-16.946666666665806
LLM:gpt-3.5-turbo,demand_surge,surge_clear_2,clear,1005,demand_surge,normal,False,True,1885.7999999999997,1868.853333333334,-16.946666666665806
LLM:gpt-3.5-turbo,demand_surge,surge_moderate_1,moderate,1005,demand_surge,normal,False,True,1981.2000000000003,1868.853333333334,-112.34666666666635
LLM:gpt-3.5-turbo,demand_surge,surge_moderate_2,moderate,1005,demand_surge,normal,False,True,1981.2000000000003,1868.853333333334,-112.34666666666635
LLM:gpt-3.5-turbo,demand_surge,surge_vague_1,vague,1005,demand_surge,normal,False,True,1885.7999999999997,1868.853333333334,-16.946666666665806
LLM:gpt-3.5-turbo,demand_surge,surge_vague_2,vague,1005,demand_surge,normal,False,True,1981.2000000000003,1868.853333333334,-112.34666666666635
LLM:gpt-3.5-turbo,demand_surge,surge_clear_1,clear,1006,demand_surge,normal,False,True,2011.9999999999995,1868.853333333334,-143.14666666666562
LLM:gpt-3.5-turbo,demand_surge,surge_clear_2,clear,1006,demand_surge,normal,False,True,2011.9999999999995,1868.853333333334,-143.14666666666562
LLM:gpt-3.5-turbo,demand_surge,surge_moderate_1,moderate,1006,demand_surge,normal,False,True,2102.0000000000005,1868.853333333334,-233.14666666666653
LLM:gpt-3.5-turbo,demand_surge,surge_moderate_2,moderate,1006,demand_surge,normal,False,True,2102.0000000000005,1868.853333333334,-233.14666666666653
LLM:gpt-3.5-turbo,demand_surge,surge_vague_1,vague,1006,demand_surge,normal,False,True,2011.9999999999995,1868.853333333334,-143.14666666666562
LLM:gpt-3.5-turbo,demand_surge,surge_vague_2,vague,1006,demand_surge,normal,False,True,2102.0000000000005,1868.853333333334,-233.14666666666653
LLM:gpt-3.5-turbo,demand_surge,surge_clear_1,clear,1007,demand_surge,normal,False,True,1633.8,1868.853333333334,235.05333333333397
LLM:gpt-3.5-turbo,demand_surge,surge_clear_2,clear,1007,demand_surge,normal,False,True,1633.8,1868.853333333334,235.05333333333397
LLM:gpt-3.5-turbo,demand_surge,surge_moderate_1,moderate,1007,demand_surge,normal,False,True,1729.1999999999998,1868.853333333334,139.6533333333341
LLM:gpt-3.5-turbo,demand_surge,surge_moderate_2,moderate,1007,demand_surge,normal,False,True,1729.1999999999998,1868.853333333334,139.6533333333341
LLM:gpt-3.5-turbo,demand_surge,surge_vague_1,vague,1007,demand_surge,normal,False,True,1633.8,1868.853333333334,235.05333333333397
LLM:gpt-3.5-turbo,demand_surge,surge_vague_2,vague,1007,demand_surge,normal,False,True,1729.1999999999998,1868.853333333334,139.6533333333341
LLM:gpt-3.5-turbo,demand_surge,surge_clear_1,clear,1008,demand_surge,normal,False,True,1882.7999999999997,1868.853333333334,-13.946666666665806
LLM:gpt-3.5-turbo,demand_surge,surge_clear_2,clear,1008,demand_surge,normal,False,True,1882.7999999999997,1868.853333333334,-13.946666666665806
LLM:gpt-3.5-turbo,demand_surge,surge_moderate_1,moderate,1008,demand_surge,normal,False,True,1974.0000000000005,1868.853333333334,-105.14666666666653
LLM:gpt-3.5-turbo,demand_surge,surge_moderate_2,moderate,1008,demand_surge,normal,False,True,1974.0000000000005,1868.853333333334,-105.14666666666653
LLM:gpt-3.5-turbo,demand_surge,surge_vague_1,vague,1008,demand_surge,normal,False,True,1882.7999999999997,1868.853333333334,-13.946666666665806
LLM:gpt-3.5-turbo,demand_surge,surge_vague_2,vague,1008,demand_surge,normal,False,True,1974.0000000000005,1868.853333333334,-105.14666666666653
LLM:gpt-3.5-turbo,demand_surge,surge_clear_1,clear,1009,demand_surge,normal,False,True,1457.3999999999999,1868.853333333334,411.45333333333406
LLM:gpt-3.5-turbo,demand_surge,surge_clear_2,clear,1009,demand_surge,normal,False,True,1457.3999999999999,1868.853333333334,411.45333333333406
LLM:gpt-3.5-turbo,demand_surge,surge_moderate_1,moderate,1009,demand_surge,normal,False,True,1551.6000000000001,1868.853333333334,317.2533333333338
LLM:gpt-3.5-turbo,demand_surge,surge_moderate_2,moderate,1009,demand_surge,normal,False,True,1551.6000000000001,1868.853333333334,317.2533333333338
LLM:gpt-3.5-turbo,demand_surge,surge_vague_1,vague,1009,demand_surge,normal,False,True,1457.3999999999999,1868.853333333334,411.45333333333406
LLM:gpt-3.5-turbo,demand_surge,surge_vague_2,vague,1009,demand_surge,normal,False,True,1551.6000000000001,1868.853333333334,317.2533333333338
LLM:gpt-3.5-turbo,demand_surge,surge_clear_1,clear,1010,demand_surge,normal,False,True,1628.6,1868.853333333334,240.253333333334
LLM:gpt-3.5-turbo,demand_surge,surge_clear_2,clear,1010,demand_surge,normal,False,True,1628.6,1868.853333333334,240.253333333334
LLM:gpt-3.5-turbo,demand_surge,surge_moderate_1,moderate,1010,demand_surge,normal,False,True,1723.4000000000003,1868.853333333334,145.4533333333336
LLM:gpt-3.5-turbo,demand_surge,surge_moderate_2,moderate,1010,demand_surge,normal,False,True,1723.4000000000003,1868.853333333334,145.4533333333336
LLM:gpt-3.5-turbo,demand_surge,surge_vague_1,vague,1010,demand_surge,normal,False,True,1628.6,1868.853333333334,240.253333333334
LLM:gpt-3.5-turbo,demand_surge,surge_vague_2,vague,1010,demand_surge,normal,False,True,1723.4000000000003,1868.853333333334,145.4533333333336
LLM:gpt-3.5-turbo,demand_surge,surge_clear_1,clear,1011,demand_surge,normal,False,True,1758.1999999999998,1868.853333333334,110.6533333333341
LLM:gpt-3.5-turbo,demand_surge,surge_clear_2,clear,1011,demand_surge,normal,False,True,1758.1999999999998,1868.853333333334,110.6533333333341
LLM:gpt-3.5-turbo,demand_surge,surge_moderate_1,moderate,1011,demand_surge,normal,False,True,1851.4,1868.853333333334,17.45333333333383
LLM:gpt-3.5-turbo,demand_surge,surge_moderate_2,moderate,1011,demand_surge,normal,False,True,1851.4,1868.853333333334,17.45333333333383
LLM:gpt-3.5-turbo,demand_surge,surge_vague_1,vague,1011,demand_surge,normal,False,True,1758.1999999999998,1868.853333333334,110.6533333333341
LLM:gpt-3.5-turbo,demand_surge,surge_vague_2,vague,1011,demand_surge,normal,False,True,1851.4,1868.853333333334,17.45333333333383
LLM:gpt-3.5-turbo,demand_surge,surge_clear_1,clear,1012,demand_surge,normal,False,True,1728.8000000000004,1868.853333333334,140.0533333333335
LLM:gpt-3.5-turbo,demand_surge,surge_clear_2,clear,1012,demand_surge,normal,False,True,1728.8000000000004,1868.853333333334,140.0533333333335
LLM:gpt-3.5-turbo,demand_surge,surge_moderate_1,moderate,1012,demand_surge,normal,False,True,1824.2,1868.853333333334,44.653333333333876
LLM:gpt-3.5-turbo,demand_surge,surge_moderate_2,moderate,1012,demand_surge,normal,False,True,1824.2,1868.853333333334,44.653333333333876
LLM:gpt-3.5-turbo,demand_surge,surge_vague_1,vague,1012,demand_surge,normal,False,True,1728.8000000000004,1868.853333333334,140.0533333333335
LLM:gpt-3.5-turbo,demand_surge,surge_vague_2,vague,1012,demand_surge,normal,False,True,1824.2,1868.853333333334,44.653333333333876
LLM:gpt-3.5-turbo,demand_surge,surge_clear_1,clear,1013,demand_surge,normal,False,True,1691.8000000000002,1868.853333333334,177.05333333333374
LLM:gpt-3.5-turbo,demand_surge,surge_clear_2,clear,1013,demand_surge,normal,False,True,1691.8000000000002,1868.853333333334,177.05333333333374
LLM:gpt-3.5-turbo,demand_surge,surge_moderate_1,moderate,1013,demand_surge,normal,False,True,1787.2,1868.853333333334,81.65333333333388
LLM:gpt-3.5-turbo,demand_surge,surge_moderate_2,moderate,1013,demand_surge,normal,False,True,1787.2,1868.853333333334,81.65333333333388
LLM:gpt-3.5-turbo,demand_surge,surge_vague_1,vague,1013,demand_surge,normal,False,True,1691.8000000000002,1868.853333333334,177.05333333333374
LLM:gpt-3.5-turbo,demand_surge,surge_vague_2,vague,1013,demand_surge,normal,False,True,1787.2,1868.853333333334,81.65333333333388
LLM:gpt-3.5-turbo,demand_surge,surge_clear_1,clear,1014,demand_surge,normal,False,True,1906.5999999999995,1868.853333333334,-37.74666666666553
LLM:gpt-3.5-turbo,demand_surge,surge_clear_2,clear,1014,demand_surge,normal,False,True,1906.5999999999995,1868.853333333334,-37.74666666666553
LLM:gpt-3.5-turbo,demand_surge,surge_moderate_1,moderate,1014,demand_surge,normal,False,True,2001.4000000000005,1868.853333333334,-132.54666666666662
LLM:gpt-3.5-turbo,demand_surge,surge_moderate_2,moderate,1014,demand_surge,normal,False,True,2001.4000000000005,1868.853333333334,-132.54666666666662
LLM:gpt-3.5-turbo,demand_surge,surge_vague_1,vague,1014,demand_surge,normal,False,True,1906.5999999999995,1868.853333333334,-37.74666666666553
LLM:gpt-3.5-turbo,demand_surge,surge_vague_2,vague,1014,demand_surge,normal,False,True,2001.4000000000005,1868.853333333334,-132.54666666666662
