sensor,regime,template_id,ambiguity_level,seed,belief_normal,belief_delay,belief_surge,most_likely,correct,confidence,true_regime,brier,log_loss
NoInfo,normal,cn_clear_1,clear,2000,0.35,0.35,0.3,normal,True,0.35,normal,0.635,1.0498221244986778
RuleBased,normal,cn_clear_1,clear,2000,0.4,0.3,0.3,normal,True,0.4,normal,0.5399999999999999,0.916290731874155
TFIDF_LogReg,normal,cn_clear_1,clear,2000,0.3323343040870316,0.3524629406593451,0.3152027552536233,supplier_delay,False,0.3524629406593451,normal,0.669360382956657,1.1016138766685073
TFIDF_LogReg_Calibrated,normal,cn_clear_1,clear,2000,0.3549200303140416,0.5681700667326745,0.07690990295328393,supplier_delay,False,0.5681700667326745,normal,0.7448605251933322,1.0358627816040895
PerfectSemantic,normal,cn_clear_1,clear,2000,1.0,0.0,0.0,normal,True,1.0,normal,0.0,-0.0
NoInfo,normal,cn_clear_2,clear,2000,0.35,0.35,0.3,normal,True,0.35,normal,0.635,1.0498221244986778
RuleBased,normal,cn_clear_2,clear,2000,0.14285714285714288,0.4285714285714286,0.4285714285714286,supplier_delay,False,0.4285714285714286,normal,1.1020408163265305,1.9459101490553132
TFIDF_LogReg,normal,cn_clear_2,clear,2000,0.3781043422886062,0.34016609015996696,0.2817295675514269,normal,True,0.3781043422886062,normal,0.58183872720772,0.972585083653428
TFIDF_LogReg_Calibrated,normal,cn_clear_2,clear,2000,0.5013039514204657,0.49869604857953426,0.0,normal,True,0.5013039514204657,normal,0.49739549773768243,0.6905426723969152
PerfectSemantic,normal,cn_clear_2,clear,2000,1.0,0.0,0.0,normal,True,1.0,normal,0.0,-0.0
NoInfo,normal,cn_clear_3,clear,2000,0.35,0.35,0.3,normal,True,0.35,normal,0.635,1.0498221244986778
RuleBased,normal,cn_clear_3,clear,2000,0.25,0.37499999999999994,0.37499999999999994,supplier_delay,False,0.37499999999999994,normal,0.84375,1.3862943611198906
TFIDF_LogReg,normal,cn_clear_3,clear,2000,0.334759855595164,0.3424233534180738,0.32281679098676214,supplier_delay,False,0.3424233534180738,normal,0.6640088832368369,1.0943418531858087
TFIDF_LogReg_Calibrated,normal,cn_clear_3,clear,2000,0.3333333333333333,0.5733057904921544,0.09336087617451229,supplier_delay,False,0.5733057904921544,normal,0.7818402270563511,1.0986122886681098
PerfectSemantic,normal,cn_clear_3,clear,2000,1.0,0.0,0.0,normal,True,1.0,normal,0.0,-0.0
NoInfo,normal,cn_clear_4,clear,2000,0.35,0.35,0.3,normal,True,0.35,normal,0.635,1.0498221244986778
RuleBased,normal,cn_clear_4,clear,2000,0.4,0.3,0.3,normal,True,0.4,normal,0.5399999999999999,0.916290731874155
TFIDF_LogReg,normal,cn_clear_4,clear,2000,0.41635589992062505,0.3224886019453371,0.26115549813403793,normal,True,0.41635589992062505,normal,0.512841528147759,0.8762148558215702
TFIDF_LogReg_Calibrated,normal,cn_clear_4,clear,2000,0.8152522945874024,0.18474770541259752,0.0,normal,True,0.8152522945874024,normal,0.06826342931043984,0.2042576497353724
PerfectSemantic,normal,cn_clear_4,clear,2000,1.0,0.0,0.0,normal,True,1.0,normal,0.0,-0.0
NoInfo,normal,cn_moderate_1,moderate,2000,0.35,0.35,0.3,normal,True,0.35,normal,0.635,1.0498221244986778
RuleBased,normal,cn_moderate_1,moderate,2000,0.4,0.3,0.3,normal,True,0.4,normal,0.5399999999999999,0.916290731874155
TFIDF_LogReg,normal,cn_moderate_1,moderate,2000,0.43192448890766283,0.30087268657152244,0.2672028245208148,normal,True,0.43192448890766283,normal,0.48463150925948706,0.8395045002115374
TFIDF_LogReg_Calibrated,normal,cn_moderate_1,moderate,2000,1.0,0.0,0.0,normal,True,1.0,normal,0.0,-0.0
PerfectSemantic,normal,cn_moderate_1,moderate,2000,1.0,0.0,0.0,normal,True,1.0,normal,0.0,-0.0
NoInfo,normal,cn_moderate_2,moderate,2000,0.35,0.35,0.3,normal,True,0.35,normal,0.635,1.0498221244986778
RuleBased,normal,cn_moderate_2,moderate,2000,0.5714285714285715,0.4285714285714285,0.0,normal,True,0.5714285714285715,normal,0.36734693877551006,0.5596157879354225
TFIDF_LogReg,normal,cn_moderate_2,moderate,2000,0.4126177081662408,0.31618836773832154,0.27119392409543763,normal,True,0.4126177081662408,normal,0.5185391851191856,0.8852337607825816
TFIDF_LogReg_Calibrated,normal,cn_moderate_2,moderate,2000,0.8333333333333334,0.16666666666666666,0.0,normal,True,0.8333333333333334,normal,0.05555555555555554,0.1823215567939546
PerfectSemantic,normal,cn_moderate_2,moderate,2000,1.0,0.0,0.0,normal,True,1.0,normal,0.0,-0.0
NoInfo,normal,cn_moderate_3,moderate,2000,0.35,0.35,0.3,normal,True,0.35,normal,0.635,1.0498221244986778
RuleBased,normal,cn_moderate_3,moderate,2000,0.25,0.37499999999999994,0.37499999999999994,supplier_delay,False,0.37499999999999994,normal,0.84375,1.3862943611198906
TFIDF_LogReg,normal,cn_moderate_3,moderate,2000,0.3709692066833674,0.3385540718771397,0.2904767214394928,normal,True,0.3709692066833674,normal,0.5946753242233803,0.9916362206729205
TFIDF_LogReg_Calibrated,normal,cn_moderate_3,moderate,2000,0.6191542664225136,0.3808457335774864,0.0,normal,True,0.6191542664225136,normal,0.2900869455683475,0.4794008185711075
PerfectSemantic,normal,cn_moderate_3,moderate,2000,1.0,0.0,0.0,normal,True,1.0,normal,0.0,-0.0
NoInfo,normal,cn_moderate_4,moderate,2000,0.35,0.35,0.3,normal,True,0.35,normal,0.635,1.0498221244986778
RuleBased,normal,cn_moderate_4,moderate,2000,0.5714285714285715,0.0,0.4285714285714286,normal,True,0.5714285714285715,normal,0.36734693877551017,0.5596157879354225
TFIDF_LogReg,normal,cn_moderate_4,moderate,2000,0.49287152849181515,0.25134454143974627,0.25578393006843864,normal,True,0.49287152849181515,normal,0.3857787840070401,0.7075067301937508
TFIDF_LogReg_Calibrated,normal,cn_moderate_4,moderate,2000,0.928691645299736,0.0,0.07130835470026405,normal,True,0.928691645299736,normal,0.01016976290011733,0.07397851636453767
PerfectSemantic,normal,cn_moderate_4,moderate,2000,1.0,0.0,0.0,normal,True,1.0,normal,0.0,-0.0
NoInfo,normal,cn_vague_1,vague,2000,0.35,0.35,0.3,normal,True,0.35,normal,0.635,1.0498221244986778
RuleBased,normal,cn_vague_1,vague,2000,0.3333333333333333,0.3333333333333333,0.3333333333333333,normal,True,0.3333333333333333,normal,0.6666666666666667,1.0986122886681098
TFIDF_LogReg,normal,cn_vague_1,vague,2000,0.37801577405271997,0.3389159245994559,0.2830683013478241,normal,True,0.37801577405271997,normal,0.5818560445022838,0.972819353935033
TFIDF_LogReg_Calibrated,normal,cn_vague_1,vague,2000,0.6810946901721556,0.3189053098278444,0.0,normal,True,0.6810946901721556,normal,0.20340119327278683,0.38405393672450183
PerfectSemantic,normal,cn_vague_1,vague,2000,1.0,0.0,0.0,normal,True,1.0,normal,0.0,-0.0
NoInfo,normal,cn_vague_2,vague,2000,0.35,0.35,0.3,normal,True,0.35,normal,0.635,1.0498221244986778
RuleBased,normal,cn_vague_2,vague,2000,0.4,0.0,0.6,demand_surge,False,0.6,normal,0.72,0.916290731874155
TFIDF_LogReg,normal,cn_vague_2,vague,2000,0.41142597132376424,0.2827931455324748,0.30578088314376106,normal,True,0.41142597132376424,normal,0.5198932988885043,0.8881261746266123
TFIDF_LogReg_Calibrated,normal,cn_vague_2,vague,2000,0.8986105439460563,0.0,0.10138945605394371,normal,True,0.8986105439460563,normal,0.020559643597829157,0.10690554866680214
PerfectSemantic,normal,cn_vague_2,vague,2000,1.0,0.0,0.0,normal,True,1.0,normal,0.0,-0.0
NoInfo,normal,cn_vague_3,vague,2000,0.35,0.35,0.3,normal,True,0.35,normal,0.635,1.0498221244986778
RuleBased,normal,cn_vague_3,vague,2000,0.0,0.5,0.5,supplier_delay,False,0.5,normal,1.5,23.025850929940457
TFIDF_LogReg,normal,cn_vague_3,vague,2000,0.3771261334553238,0.3226942125589093,0.30017965398576696,normal,True,0.3771261334553238,normal,0.5822112331103444,0.9751755759911571
TFIDF_LogReg_Calibrated,normal,cn_vague_3,vague,2000,0.5910294823221457,0.3333333333333333,0.0756371843445209,normal,True,0.5910294823221457,normal,0.2840889790963703,0.5258893773344142
PerfectSemantic,normal,cn_vague_3,vague,2000,1.0,0.0,0.0,normal,True,1.0,normal,0.0,-0.0
NoInfo,normal,cn_vague_4,vague,2000,0.35,0.35,0.3,normal,True,0.35,normal,0.635,1.0498221244986778
RuleBased,normal,cn_vague_4,vague,2000,0.3333333333333333,0.3333333333333333,0.3333333333333333,normal,True,0.3333333333333333,normal,0.6666666666666667,1.0986122886681098
TFIDF_LogReg,normal,cn_vague_4,vague,2000,0.4241393062500869,0.2828361100259718,0.2930245837239413,normal,True,0.4241393062500869,normal,0.497475210407344,0.8576933252351051
TFIDF_LogReg_Calibrated,normal,cn_vague_4,vague,2000,1.0,0.0,0.0,normal,True,1.0,normal,0.0,-0.0
PerfectSemantic,normal,cn_vague_4,vague,2000,1.0,0.0,0.0,normal,True,1.0,normal,0.0,-0.0
NoInfo,normal,cn_clear_1,clear,2001,0.35,0.35,0.3,normal,True,0.35,normal,0.635,1.0498221244986778
RuleBased,normal,cn_clear_1,clear,2001,0.4,0.3,0.3,normal,True,0.4,normal,0.5399999999999999,0.916290731874155
TFIDF_LogReg,normal,cn_clear_1,clear,2001,0.3323343040870316,0.3524629406593451,0.3152027552536233,supplier_delay,False,0.3524629406593451,normal,0.669360382956657,1.1016138766685073
TFIDF_LogReg_Calibrated,normal,cn_clear_1,clear,2001,0.3549200303140416,0.5681700667326745,0.07690990295328393,supplier_delay,False,0.5681700667326745,normal,0.7448605251933322,1.0358627816040895
PerfectSemantic,normal,cn_clear_1,clear,2001,1.0,0.0,0.0,normal,True,1.0,normal,0.0,-0.0
NoInfo,normal,cn_clear_2,clear,2001,0.35,0.35,0.3,normal,True,0.35,normal,0.635,1.0498221244986778
RuleBased,normal,cn_clear_2,clear,2001,0.14285714285714288,0.4285714285714286,0.4285714285714286,supplier_delay,False,0.4285714285714286,normal,1.1020408163265305,1.9459101490553132
TFIDF_LogReg,normal,cn_clear_2,clear,2001,0.3781043422886062,0.34016609015996696,0.2817295675514269,normal,True,0.3781043422886062,normal,0.58183872720772,0.972585083653428
TFIDF_LogReg_Calibrated,normal,cn_clear_2,clear,2001,0.5013039514204657,0.49869604857953426,0.0,normal,True,0.5013039514204657,normal,0.49739549773768243,0.6905426723969152
PerfectSemantic,normal,cn_clear_2,clear,2001,1.0,0.0,0.0,normal,True,1.0,normal,0.0,-0.0
NoInfo,normal,cn_clear_3,clear,2001,0.35,0.35,0.3,normal,True,0.35,normal,0.635,1.0498221244986778
RuleBased,normal,cn_clear_3,clear,2001,0.25,0.37499999999999994,0.37499999999999994,supplier_delay,False,0.37499999999999994,normal,0.84375,1.3862943611198906
TFIDF_LogReg,normal,cn_clear_3,clear,2001,0.334759855595164,0.3424233534180738,0.32281679098676214,supplier_delay,False,0.3424233534180738,normal,0.6640088832368369,1.0943418531858087
TFIDF_LogReg_Calibrated,normal,cn_clear_3,clear,2001,0.3333333333333333,0.5733057904921544,0.09336087617451229,supplier_delay,False,0.5733057904921544,normal,0.7818402270563511,1.0986122886681098
PerfectSemantic,normal,cn_clear_3,clear,2001,1.0,0.0,0.0,normal,True,1.0,normal,0.0,-0.0
NoInfo,normal,cn_clear_4,clear,2001,0.35,0.35,0.3,normal,True,0.35,normal,0.635,1.0498221244986778
RuleBased,normal,cn_clear_4,clear,2001,0.4,0.3,0.3,normal,True,0.4,normal,0.5399999999999999,0.916290731874155
TFIDF_LogReg,normal,cn_clear_4,clear,2001,0.41635589992062505,0.3224886019453371,0.26115549813403793,normal,True,0.41635589992062505,normal,0.512841528147759,0.8762148558215702
TFIDF_LogReg_Calibrated,normal,cn_clear_4,clear,2001,0.8152522945874024,0.18474770541259752,0.0,normal,True,0.8152522945874024,normal,0.06826342931043984,0.2042576497353724
PerfectSemantic,normal,cn_clear_4,clear,2001,1.0,0.0,0.0,normal,True,1.0,normal,0.0,-0.0
NoInfo,normal,cn_moderate_1,moderate,2001,0.35,0.35,0.3,normal,True,0.35,normal,0.635,1.0498221244986778
RuleBased,normal,cn_moderate_1,moderate,2001,0.4,0.3,0.3,normal,True,0.4,normal,0.5399999999999999,0.916290731874155
TFIDF_LogReg,normal,cn_moderate_1,moderate,2001,0.43192448890766283,0.30087268657152244,0.2672028245208148,normal,True,0.43192448890766283,normal,0.48463150925948706,0.8395045002115374
TFIDF_LogReg_Calibrated,normal,cn_moderate_1,moderate,2001,1.0,0.0,0.0,normal,True,1.0,normal,0.0,-0.0
PerfectSemantic,normal,cn_moderate_1,moderate,2001,1.0,0.0,0.0,normal,True,1.0,normal,0.0,-0.0
NoInfo,normal,cn_moderate_2,moderate,2001,0.35,0.35,0.3,normal,True,0.35,normal,0.635,1.0498221244986778
RuleBased,normal,cn_moderate_2,moderate,2001,0.5714285714285715,0.4285714285714285,0.0,normal,True,0.5714285714285715,normal,0.36734693877551006,0.5596157879354225
TFIDF_LogReg,normal,cn_moderate_2,moderate,2001,0.4126177081662408,0.31618836773832154,0.27119392409543763,normal,True,0.4126177081662408,normal,0.5185391851191856,0.8852337607825816
TFIDF_LogReg_Calibrated,normal,cn_moderate_2,moderate,2001,0.8333333333333334,0.16666666666666666,0.0,normal,True,0.8333333333333334,normal,0.05555555555555554,0.1823215567939546
PerfectSemantic,normal,cn_moderate_2,moderate,2001,1.0,0.0,0.0,normal,True,1.0,normal,0.0,-0.0
NoInfo,normal,cn_moderate_3,moderate,2001,0.35,0.35,0.3,normal,True,0.35,normal,0.635,1.0498221244986778
RuleBased,normal,cn_moderate_3,moderate,2001,0.25,0.37499999999999994,0.37499999999999994,supplier_delay,False,0.37499999999999994,normal,0.84375,1.3862943611198906
TFIDF_LogReg,normal,cn_moderate_3,moderate,2001,0.3709692066833674,0.3385540718771397,0.2904767214394928,normal,True,0.3709692066833674,normal,0.5946753242233803,0.9916362206729205
TFIDF_LogReg_Calibrated,normal,cn_moderate_3,moderate,2001,0.6191542664225136,0.3808457335774864,0.0,normal,True,0.6191542664225136,normal,0.2900869455683475,0.4794008185711075
PerfectSemantic,normal,cn_moderate_3,moderate,2001,1.0,0.0,0.0,normal,True,1.0,normal,0.0,-0.0
NoInfo,normal,cn_moderate_4,moderate,2001,0.35,0.35,0.3,normal,True,0.35,normal,0.635,1.0498221244986778
RuleBased,normal,cn_moderate_4,moderate,2001,0.5714285714285715,0.0,0.4285714285714286,normal,True,0.5714285714285715,normal,0.36734693877551017,0.5596157879354225
TFIDF_LogReg,normal,cn_moderate_4,moderate,2001,0.49287152849181515,0.25134454143974627,0.25578393006843864,normal,True,0.49287152849181515,normal,0.3857787840070401,0.7075067301937508
TFIDF_LogReg_Calibrated,normal,cn_moderate_4,moderate,2001,0.928691645299736,0.0,0.07130835470026405,normal,True,0.928691645299736,normal,0.01016976290011733,0.07397851636453767
PerfectSemantic,normal,cn_moderate_4,moderate,2001,1.0,0.0,0.0,normal,True,1.0,normal,0.0,-0.0
NoInfo,normal,cn_vague_1,vague,2001,0.35,0.35,0.3,normal,True,0.35,normal,0.635,1.0498221244986778
RuleBased,normal,cn_vague_1,vague,2001,0.3333333333333333,0.3333333333333333,0.3333333333333333,normal,True,0.3333333333333333,normal,0.6666666666666667,1.0986122886681098
TFIDF_LogReg,normal,cn_vague_1,vague,2001,0.37801577405271997,0.3389159245994559,0.2830683013478241,normal,True,0.37801577405271997,normal,0.5818560445022838,0.972819353935033
TFIDF_LogReg_Calibrated,normal,cn_vague_1,vague,2001,0.6810946901721556,0.3189053098278444,0.0,normal,True,0.6810946901721556,normal,0.20340119327278683,0.38405393672450183
PerfectSemantic,normal,cn_vague_1,vague,2001,1.0,0.0,0.0,normal,True,1.0,normal,0.0,-0.0
NoInfo,normal,cn_vague_2,vague,2001,0.35,0.35,0.3,normal,True,0.35,normal,0.635,1.0498221244986778
RuleBased,normal,cn_vague_2,vague,2001,0.4,0.0,0.6,demand_surge,False,0.6,normal,0.72,0.916290731874155
TFIDF_LogReg,normal,cn_vague_2,vague,2001,0.41142597132376424,0.2827931455324748,0.30578088314376106,normal,True,0.41142597132376424,normal,0.5198932988885043,0.8881261746266123
TFIDF_LogReg_Calibrated,normal,cn_vague_2,vague,2001,0.8986105439460563,0.0,0.10138945605394371,normal,True,0.8986105439460563,normal,0.020559643597829157,0.10690554866680214
PerfectSemantic,normal,cn_vague_2,vague,2001,1.0,0.0,0.0,normal,True,1.0,normal,0.0,-0.0
NoInfo,normal,cn_vague_3,vague,2001,0.35,0.35,0.3,normal,True,0.35,normal,0.635,1.0498221244986778
RuleBased,normal,cn_vague_3,vague,2001,0.0,0.5,0.5,supplier_delay,False,0.5,normal,1.5,23.025850929940457
TFIDF_LogReg,normal,cn_vague_3,vague,2001,0.3771261334553238,0.3226942125589093,0.30017965398576696,normal,True,0.3771261334553238,normal,0.5822112331103444,0.9751755759911571
TFIDF_LogReg_Calibrated,normal,cn_vague_3,vague,2001,0.5910294823221457,0.3333333333333333,0.0756371843445209,normal,True,0.5910294823221457,normal,0.2840889790963703,0.5258893773344142
PerfectSemantic,normal,cn_vague_3,vague,2001,1.0,0.0,0.0,normal,True,1.0,normal,0.0,-0.0
NoInfo,normal,cn_vague_4,vague,2001,0.35,0.35,0.3,normal,True,0.35,normal,0.635,1.0498221244986778
RuleBased,normal,cn_vague_4,vague,2001,0.3333333333333333,0.3333333333333333,0.3333333333333333,normal,True,0.3333333333333333,normal,0.6666666666666667,1.0986122886681098
TFIDF_LogReg,normal,cn_vague_4,vague,2001,0.4241393062500869,0.2828361100259718,0.2930245837239413,normal,True,0.4241393062500869,normal,0.497475210407344,0.8576933252351051
TFIDF_LogReg_Calibrated,normal,cn_vague_4,vague,2001,1.0,0.0,0.0,normal,True,1.0,normal,0.0,-0.0
PerfectSemantic,normal,cn_vague_4,vague,2001,1.0,0.0,0.0,normal,True,1.0,normal,0.0,-0.0
NoInfo,normal,cn_clear_1,clear,2002,0.35,0.35,0.3,normal,True,0.35,normal,0.635,1.0498221244986778
RuleBased,normal,cn_clear_1,clear,2002,0.4,0.3,0.3,normal,True,0.4,normal,0.5399999999999999,0.916290731874155
TFIDF_LogReg,normal,cn_clear_1,clear,2002,0.3323343040870316,0.3524629406593451,0.3152027552536233,supplier_delay,False,0.3524629406593451,normal,0.669360382956657,1.1016138766685073
TFIDF_LogReg_Calibrated,normal,cn_clear_1,clear,2002,0.3549200303140416,0.5681700667326745,0.07690990295328393,supplier_delay,False,0.5681700667326745,normal,0.7448605251933322,1.0358627816040895
PerfectSemantic,normal,cn_clear_1,clear,2002,1.0,0.0,0.0,normal,True,1.0,normal,0.0,-0.0
NoInfo,normal,cn_clear_2,clear,2002,0.35,0.35,0.3,normal,True,0.35,normal,0.635,1.0498221244986778
RuleBased,normal,cn_clear_2,clear,2002,0.14285714285714288,0.4285714285714286,0.4285714285714286,supplier_delay,False,0.4285714285714286,normal,1.1020408163265305,1.9459101490553132
TFIDF_LogReg,normal,cn_clear_2,clear,2002,0.3781043422886062,0.34016609015996696,0.2817295675514269,normal,True,0.3781043422886062,normal,0.58183872720772,0.972585083653428
TFIDF_LogReg_Calibrated,normal,cn_clear_2,clear,2002,0.5013039514204657,0.49869604857953426,0.0,normal,True,0.5013039514204657,normal,0.49739549773768243,0.6905426723969152
PerfectSemantic,normal,cn_clear_2,clear,2002,1.0,0.0,0.0,normal,True,1.0,normal,0.0,-0.0
NoInfo,normal,cn_clear_3,clear,2002,0.35,0.35,0.3,normal,True,0.35,normal,0.635,1.0498221244986778
RuleBased,normal,cn_clear_3,clear,2002,0.25,0.37499999999999994,0.37499999999999994,supplier_delay,False,0.37499999999999994,normal,0.84375,1.3862943611198906
TFIDF_LogReg,normal,cn_clear_3,clear,2002,0.334759855595164,0.3424233534180738,0.32281679098676214,supplier_delay,False,0.3424233534180738,normal,0.6640088832368369,1.0943418531858087
TFIDF_LogReg_Calibrated,normal,cn_clear_3,clear,2002,0.3333333333333333,0.5733057904921544,0.09336087617451229,supplier_delay,False,0.5733057904921544,normal,0.7818402270563511,1.0986122886681098
PerfectSemantic,normal,cn_clear_3,clear,2002,1.0,0.0,0.0,normal,True,1.0,normal,0.0,-0.0
NoInfo,normal,cn_clear_4,clear,2002,0.35,0.35,0.3,normal,True,0.35,normal,0.635,1.0498221244986778
RuleBased,normal,cn_clear_4,clear,2002,0.4,0.3,0.3,normal,True,0.4,normal,0.5399999999999999,0.916290731874155
TFIDF_LogReg,normal,cn_clear_4,clear,2002,0.41635589992062505,0.3224886019453371,0.26115549813403793,normal,True,0.41635589992062505,normal,0.512841528147759,0.8762148558215702
TFIDF_LogReg_Calibrated,normal,cn_clear_4,clear,2002,0.8152522945874024,0.18474770541259752,0.0,normal,True,0.8152522945874024,normal,0.06826342931043984,0.2042576497353724
PerfectSemantic,normal,cn_clear_4,clear,2002,1.0,0.0,0.0,normal,True,1.0,normal,0.0,-0.0
NoInfo,normal,cn_moderate_1,moderate,2002,0.35,0.35,0.3,normal,True,0.35,normal,0.635,1.0498221244986778
RuleBased,normal,cn_moderate_1,moderate,2002,0.4,0.3,0.3,normal,True,0.4,normal,0.5399999999999999,0.916290731874155
TFIDF_LogReg,normal,cn_moderate_1,moderate,2002,0.43192448890766283,0.30087268657152244,0.2672028245208148,normal,True,0.43192448890766283,normal,0.48463150925948706,0.8395045002115374
TFIDF_LogReg_Calibrated,normal,cn_moderate_1,moderate,2002,1.0,0.0,0.0,normal,True,1.0,normal,0.0,-0.0
PerfectSemantic,normal,cn_moderate_1,moderate,2002,1.0,0.0,0.0,normal,True,1.0,normal,0.0,-0.0
NoInfo,normal,cn_moderate_2,moderate,2002,0.35,0.35,0.3,normal,True,0.35,normal,0.635,1.0498221244986778
RuleBased,normal,cn_moderate_2,moderate,2002,0.5714285714285715,0.4285714285714285,0.0,normal,True,0.5714285714285715,normal,0.36734693877551006,0.5596157879354225
TFIDF_LogReg,normal,cn_moderate_2,moderate,2002,0.4126177081662408,0.31618836773832154,0.27119392409543763,normal,True,0.4126177081662408,normal,0.5185391851191856,0.8852337607825816
TFIDF_LogReg_Calibrated,normal,cn_moderate_2,moderate,2002,0.8333333333333334,0.16666666666666666,0.0,normal,True,0.8333333333333334,normal,0.05555555555555554,0.1823215567939546
PerfectSemantic,normal,cn_moderate_2,moderate,2002,1.0,0.0,0.0,normal,True,1.0,normal,0.0,-0.0
NoInfo,normal,cn_moderate_3,moderate,2002,0.35,0.35,0.3,normal,True,0.35,normal,0.635,1.0498221244986778
RuleBased,normal,cn_moderate_3,moderate,2002,0.25,0.37499999999999994,0.37499999999999994,supplier_delay,False,0.37499999999999994,normal,0.84375,1.3862943611198906
TFIDF_LogReg,normal,cn_moderate_3,moderate,2002,0.3709692066833674,0.3385540718771397,0.2904767214394928,normal,True,0.3709692066833674,normal,0.5946753242233803,0.9916362206729205
TFIDF_LogReg_Calibrated,normal,cn_moderate_3,moderate,2002,0.6191542664225136,0.3808457335774864,0.0,normal,True,0.6191542664225136,normal,0.2900869455683475,0.4794008185711075
PerfectSemantic,normal,cn_moderate_3,moderate,2002,1.0,0.0,0.0,normal,True,1.0,normal,0.0,-0.0
NoInfo,normal,cn_moderate_4,moderate,2002,0.35,0.35,0.3,normal,True,0.35,normal,0.635,1.0498221244986778
RuleBased,normal,cn_moderate_4,moderate,2002,0.5714285714285715,0.0,0.4285714285714286,normal,True,0.5714285714285715,normal,0.36734693877551017,0.5596157879354225
TFIDF_LogReg,normal,cn_moderate_4,moderate,2002,0.49287152849181515,0.25134454143974627,0.25578393006843864,normal,True,0.49287152849181515,normal,0.3857787840070401,0.7075067301937508
TFIDF_LogReg_Calibrated,normal,cn_moderate_4,moderate,2002,0.928691645299736,0.0,0.07130835470026405,normal,True,0.928691645299736,normal,0.01016976290011733,0.07397851636453767
PerfectSemantic,normal,cn_moderate_4,moderate,2002,1.0,0.0,0.0,normal,True,1.0,normal,0.0,-0.0
NoInfo,normal,cn_vague_1,vague,2002,0.35,0.35,0.3,normal,True,0.35,normal,0.635,1.0498221244986778
RuleBased,normal,cn_vague_1,vague,2002,0.3333333333333333,0.3333333333333333,0.3333333333333333,normal,True,0.3333333333333333,normal,0.6666666666666667,1.0986122886681098
TFIDF_LogReg,normal,cn_vague_1,vague,2002,0.37801577405271997,0.3389159245994559,0.2830683013478241,normal,True,0.37801577405271997,normal,0.5818560445022838,0.972819353935033
TFIDF_LogReg_Calibrated,normal,cn_vague_1,vague,2002,0.6810946901721556,0.3189053098278444,0.0,normal,True,0.6810946901721556,normal,0.20340119327278683,0.38405393672450183
PerfectSemantic,normal,cn_vague_1,vague,2002,1.0,0.0,0.0,normal,True,1.0,normal,0.0,-0.0
NoInfo,normal,cn_vague_2,vague,2002,0.35,0.35,0.3,normal,True,0.35,normal,0.635,1.0498221244986778
RuleBased,normal,cn_vague_2,vague,2002,0.4,0.0,0.6,demand_surge,False,0.6,normal,0.72,0.916290731874155
TFIDF_LogReg,normal,cn_vague_2,vague,2002,0.41142597132376424,0.2827931455324748,0.30578088314376106,normal,True,0.41142597132376424,normal,0.5198932988885043,0.8881261746266123
TFIDF_LogReg_Calibrated,normal,cn_vague_2,vague,2002,0.8986105439460563,0.0,0.10138945605394371,normal,True,0.8986105439460563,normal,0.020559643597829157,0.10690554866680214
PerfectSemantic,normal,cn_vague_2,vague,2002,1.0,0.0,0.0,normal,True,1.0,normal,0.0,-0.0
NoInfo,normal,cn_vague_3,vague,2002,0.35,0.35,0.3,normal,True,0.35,normal,0.635,1.0498221244986778
RuleBased,normal,cn_vague_3,vague,2002,0.0,0.5,0.5,supplier_delay,False,0.5,normal,1.5,23.025850929940457
TFIDF_LogReg,normal,cn_vague_3,vague,2002,0.3771261334553238,0.3226942125589093,0.30017965398576696,normal,True,0.3771261334553238,normal,0.5822112331103444,0.9751755759911571
TFIDF_LogReg_Calibrated,normal,cn_vague_3,vague,2002,0.5910294823221457,0.3333333333333333,0.0756371843445209,normal,True,0.5910294823221457,normal,0.2840889790963703,0.5258893773344142
PerfectSemantic,normal,cn_vague_3,vague,2002,1.0,0.0,0.0,normal,True,1.0,normal,0.0,-0.0
NoInfo,normal,cn_vague_4,vague,2002,0.35,0.35,0.3,normal,True,0.35,normal,0.635,1.0498221244986778
RuleBased,normal,cn_vague_4,vague,2002,0.3333333333333333,0.3333333333333333,0.3333333333333333,normal,True,0.3333333333333333,normal,0.6666666666666667,1.0986122886681098
TFIDF_LogReg,normal,cn_vague_4,vague,2002,0.4241393062500869,0.2828361100259718,0.2930245837239413,normal,True,0.4241393062500869,normal,0.497475210407344,0.8576933252351051
TFIDF_LogReg_Calibrated,normal,cn_vague_4,vague,2002,1.0,0.0,0.0,normal,True,1.0,normal,0.0,-0.0
PerfectSemantic,normal,cn_vague_4,vague,2002,1.0,0.0,0.0,normal,True,1.0,normal,0.0,-0.0
NoInfo,normal,cn_clear_1,clear,2003,0.35,0.35,0.3,normal,True,0.35,normal,0.635,1.0498221244986778
RuleBased,normal,cn_clear_1,clear,2003,0.4,0.3,0.3,normal,True,0.4,normal,0.5399999999999999,0.916290731874155
TFIDF_LogReg,normal,cn_clear_1,clear,2003,0.3323343040870316,0.3524629406593451,0.3152027552536233,supplier_delay,False,0.3524629406593451,normal,0.669360382956657,1.1016138766685073
TFIDF_LogReg_Calibrated,normal,cn_clear_1,clear,2003,0.3549200303140416,0.5681700667326745,0.07690990295328393,supplier_delay,False,0.5681700667326745,normal,0.7448605251933322,1.0358627816040895
PerfectSemantic,normal,cn_clear_1,clear,2003,1.0,0.0,0.0,normal,True,1.0,normal,0.0,-0.0
NoInfo,normal,cn_clear_2,clear,2003,0.35,0.35,0.3,normal,True,0.35,normal,0.635,1.0498221244986778
RuleBased,normal,cn_clear_2,clear,2003,0.14285714285714288,0.4285714285714286,0.4285714285714286,supplier_delay,False,0.4285714285714286,normal,1.1020408163265305,1.9459101490553132
TFIDF_LogReg,normal,cn_clear_2,clear,2003,0.3781043422886062,0.34016609015996696,0.2817295675514269,normal,True,0.3781043422886062,normal,0.58183872720772,0.972585083653428
TFIDF_LogReg_Calibrated,normal,cn_clear_2,clear,2003,0.5013039514204657,0.49869604857953426,0.0,normal,True,0.5013039514204657,normal,0.49739549773768243,0.6905426723969152
PerfectSemantic,normal,cn_clear_2,clear,2003,1.0,0.0,0.0,normal,True,1.0,normal,0.0,-0.0
NoInfo,normal,cn_clear_3,clear,2003,0.35,0.35,0.3,normal,True,0.35,normal,0.635,1.0498221244986778
RuleBased,normal,cn_clear_3,clear,2003,0.25,0.37499999999999994,0.37499999999999994,supplier_delay,False,0.37499999999999994,normal,0.84375,1.3862943611198906
TFIDF_LogReg,normal,cn_clear_3,clear,2003,0.334759855595164,0.3424233534180738,0.32281679098676214,supplier_delay,False,0.3424233534180738,normal,0.6640088832368369,1.0943418531858087
TFIDF_LogReg_Calibrated,normal,cn_clear_3,clear,2003,0.3333333333333333,0.5733057904921544,0.09336087617451229,supplier_delay,False,0.5733057904921544,normal,0.7818402270563511,1.0986122886681098
PerfectSemantic,normal,cn_clear_3,clear,2003,1.0,0.0,0.0,normal,True,1.0,normal,0.0,-0.0
NoInfo,normal,cn_clear_4,clear,2003,0.35,0.35,0.3,normal,True,0.35,normal,0.635,1.0498221244986778
RuleBased,normal,cn_clear_4,clear,2003,0.4,0.3,0.3,normal,True,0.4,normal,0.5399999999999999,0.916290731874155
TFIDF_LogReg,normal,cn_clear_4,clear,2003,0.41635589992062505,0.3224886019453371,0.26115549813403793,normal,True,0.41635589992062505,normal,0.512841528147759,0.8762148558215702
TFIDF_LogReg_Calibrated,normal,cn_clear_4,clear,2003,0.8152522945874024,0.18474770541259752,0.0,normal,True,0.8152522945874024,normal,0.06826342931043984,0.2042576497353724
PerfectSemantic,normal,cn_clear_4,clear,2003,1.0,0.0,0.0,normal,True,1.0,normal,0.0,-0.0
NoInfo,normal,cn_moderate_1,moderate,2003,0.35,0.35,0.3,normal,True,0.35,normal,0.635,1.0498221244986778
RuleBased,normal,cn_moderate_1,moderate,2003,0.4,0.3,0.3,normal,True,0.4,normal,0.5399999999999999,0.916290731874155
TFIDF_LogReg,normal,cn_moderate_1,moderate,2003,0.43192448890766283,0.30087268657152244,0.2672028245208148,normal,True,0.43192448890766283,normal,0.48463150925948706,0.8395045002115374
TFIDF_LogReg_Calibrated,normal,cn_moderate_1,moderate,2003,1.0,0.0,0.0,normal,True,1.0,normal,0.0,-0.0
PerfectSemantic,normal,cn_moderate_1,moderate,2003,1.0,0.0,0.0,normal,True,1.0,normal,0.0,-0.0
NoInfo,normal,cn_moderate_2,moderate,2003,0.35,0.35,0.3,normal,True,0.35,normal,0.635,1.0498221244986778
RuleBased,normal,cn_moderate_2,moderate,2003,0.5714285714285715,0.4285714285714285,0.0,normal,True,0.5714285714285715,normal,0.36734693877551006,0.5596157879354225
TFIDF_LogReg,normal,cn_moderate_2,moderate,2003,0.4126177081662408,0.31618836773832154,0.27119392409543763,normal,True,0.4126177081662408,normal,0.5185391851191856,0.8852337607825816
TFIDF_LogReg_Calibrated,normal,cn_moderate_2,moderate,2003,0.8333333333333334,0.16666666666666666,0.0,normal,True,0.8333333333333334,normal,0.05555555555555554,0.1823215567939546
PerfectSemantic,normal,cn_moderate_2,moderate,2003,1.0,0.0,0.0,normal,True,1.0,normal,0.0,-0.0
NoInfo,normal,cn_moderate_3,moderate,2003,0.35,0.35,0.3,normal,True,0.35,normal,0.635,1.0498221244986778
RuleBased,normal,cn_moderate_3,moderate,2003,0.25,0.37499999999999994,0.37499999999999994,supplier_delay,False,0.37499999999999994,normal,0.84375,1.3862943611198906
TFIDF_LogReg,normal,cn_moderate_3,moderate,2003,0.3709692066833674,0.3385540718771397,0.2904767214394928,normal,True,0.3709692066833674,normal,0.5946753242233803,0.9916362206729205
TFIDF_LogReg_Calibrated,normal,cn_moderate_3,moderate,2003,0.6191542664225136,0.3808457335774864,0.0,normal,True,0.6191542664225136,normal,0.2900869455683475,0.4794008185711075
PerfectSemantic,normal,cn_moderate_3,moderate,2003,1.0,0.0,0.0,normal,True,1.0,normal,0.0,-0.0
NoInfo,normal,cn_moderate_4,moderate,2003,0.35,0.35,0.3,normal,True,0.35,normal,0.635,1.0498221244986778
RuleBased,normal,cn_moderate_4,moderate,2003,0.5714285714285715,0.0,0.4285714285714286,normal,True,0.5714285714285715,normal,0.36734693877551017,0.5596157879354225
TFIDF_LogReg,normal,cn_moderate_4,moderate,2003,0.49287152849181515,0.25134454143974627,0.25578393006843864,normal,True,0.49287152849181515,normal,0.3857787840070401,0.7075067301937508
TFIDF_LogReg_Calibrated,normal,cn_moderate_4,moderate,2003,0.928691645299736,0.0,0.07130835470026405,normal,True,0.928691645299736,normal,0.01016976290011733,0.07397851636453767
PerfectSemantic,normal,cn_moderate_4,moderate,2003,1.0,0.0,0.0,normal,True,1.0,normal,0.0,-0.0
NoInfo,normal,cn_vague_1,vague,2003,0.35,0.35,0.3,normal,True,0.35,normal,0.635,1.0498221244986778
RuleBased,normal,cn_vague_1,vague,2003,0.3333333333333333,0.3333333333333333,0.3333333333333333,normal,True,0.3333333333333333,normal,0.6666666666666667,1.0986122886681098
TFIDF_LogReg,normal,cn_vague_1,vague,2003,0.37801577405271997,0.3389159245994559,0.2830683013478241,normal,True,0.37801577405271997,normal,0.5818560445022838,0.972819353935033
TFIDF_LogReg_Calibrated,normal,cn_vague_1,vague,2003,0.6810946901721556,0.3189053098278444,0.0,normal,True,0.6810946901721556,normal,0.20340119327278683,0.38405393672450183
PerfectSemantic,normal,cn_vague_1,vague,2003,1.0,0.0,0.0,normal,True,1.0,normal,0.0,-0.0
NoInfo,normal,cn_vague_2,vague,2003,0.35,0.35,0.3,normal,True,0.35,normal,0.635,1.0498221244986778
RuleBased,normal,cn_vague_2,vague,2003,0.4,0.0,0.6,demand_surge,False,0.6,normal,0.72,0.916290731874155
TFIDF_LogReg,normal,cn_vague_2,vague,2003,0.41142597132376424,0.2827931455324748,0.30578088314376106,normal,True,0.41142597132376424,normal,0.5198932988885043,0.8881261746266123
TFIDF_LogReg_Calibrated,normal,cn_vague_2,vague,2003,0.8986105439460563,0.0,0.10138945605394371,normal,True,0.8986105439460563,normal,0.020559643597829157,0.10690554866680214
PerfectSemantic,normal,cn_vague_2,vague,2003,1.0,0.0,0.0,normal,True,1.0,normal,0.0,-0.0
NoInfo,normal,cn_vague_3,vague,2003,0.35,0.35,0.3,normal,True,0.35,normal,0.635,1.0498221244986778
RuleBased,normal,cn_vague_3,vague,2003,0.0,0.5,0.5,supplier_delay,False,0.5,normal,1.5,23.025850929940457
TFIDF_LogReg,normal,cn_vague_3,vague,2003,0.3771261334553238,0.3226942125589093,0.30017965398576696,normal,True,0.3771261334553238,normal,0.5822112331103444,0.9751755759911571
TFIDF_LogReg_Calibrated,normal,cn_vague_3,vague,2003,0.5910294823221457,0.3333333333333333,0.0756371843445209,normal,True,0.5910294823221457,normal,0.2840889790963703,0.5258893773344142
PerfectSemantic,normal,cn_vague_3,vague,2003,1.0,0.0,0.0,normal,True,1.0,normal,0.0,-0.0
NoInfo,normal,cn_vague_4,vague,2003,0.35,0.35,0.3,normal,True,0.35,normal,0.635,1.0498221244986778
RuleBased,normal,cn_vague_4,vague,2003,0.3333333333333333,0.3333333333333333,0.3333333333333333,normal,True,0.3333333333333333,normal,0.6666666666666667,1.0986122886681098
TFIDF_LogReg,normal,cn_vague_4,vague,2003,0.4241393062500869,0.2828361100259718,0.2930245837239413,normal,True,0.4241393062500869,normal,0.497475210407344,0.8576933252351051
TFIDF_LogReg_Calibrated,normal,cn_vague_4,vague,2003,1.0,0.0,0.0,normal,True,1.0,normal,0.0,-0.0
PerfectSemantic,normal,cn_vague_4,vague,2003,1.0,0.0,0.0,normal,True,1.0,normal,0.0,-0.0
NoInfo,normal,cn_clear_1,clear,2004,0.35,0.35,0.3,normal,True,0.35,normal,0.635,1.0498221244986778
RuleBased,normal,cn_clear_1,clear,2004,0.4,0.3,0.3,normal,True,0.4,normal,0.5399999999999999,0.916290731874155
TFIDF_LogReg,normal,cn_clear_1,clear,2004,0.3323343040870316,0.3524629406593451,0.3152027552536233,supplier_delay,False,0.3524629406593451,normal,0.669360382956657,1.1016138766685073
TFIDF_LogReg_Calibrated,normal,cn_clear_1,clear,2004,0.3549200303140416,0.5681700667326745,0.07690990295328393,supplier_delay,False,0.5681700667326745,normal,0.7448605251933322,1.0358627816040895
PerfectSemantic,normal,cn_clear_1,clear,2004,1.0,0.0,0.0,normal,True,1.0,normal,0.0,-0.0
NoInfo,normal,cn_clear_2,clear,2004,0.35,0.35,0.3,normal,True,0.35,normal,0.635,1.0498221244986778
RuleBased,normal,cn_clear_2,clear,2004,0.14285714285714288,0.4285714285714286,0.4285714285714286,supplier_delay,False,0.4285714285714286,normal,1.1020408163265305,1.9459101490553132
TFIDF_LogReg,normal,cn_clear_2,clear,2004,0.3781043422886062,0.34016609015996696,0.2817295675514269,normal,True,0.3781043422886062,normal,0.58183872720772,0.972585083653428
TFIDF_LogReg_Calibrated,normal,cn_clear_2,clear,2004,0.5013039514204657,0.49869604857953426,0.0,normal,True,0.5013039514204657,normal,0.49739549773768243,0.6905426723969152
PerfectSemantic,normal,cn_clear_2,clear,2004,1.0,0.0,0.0,normal,True,1.0,normal,0.0,-0.0
NoInfo,normal,cn_clear_3,clear,2004,0.35,0.35,0.3,normal,True,0.35,normal,0.635,1.0498221244986778
RuleBased,normal,cn_clear_3,clear,2004,0.25,0.37499999999999994,0.37499999999999994,supplier_delay,False,0.37499999999999994,normal,0.84375,1.3862943611198906
TFIDF_LogReg,normal,cn_clear_3,clear,2004,0.334759855595164,0.3424233534180738,0.32281679098676214,supplier_delay,False,0.3424233534180738,normal,0.6640088832368369,1.0943418531858087
TFIDF_LogReg_Calibrated,normal,cn_clear_3,clear,2004,0.3333333333333333,0.5733057904921544,0.09336087617451229,supplier_delay,False,0.5733057904921544,normal,0.7818402270563511,1.0986122886681098
PerfectSemantic,normal,cn_clear_3,clear,2004,1.0,0.0,0.0,normal,True,1.0,normal,0.0,-0.0
NoInfo,normal,cn_clear_4,clear,2004,0.35,0.35,0.3,normal,True,0.35,normal,0.635,1.0498221244986778
RuleBased,normal,cn_clear_4,clear,2004,0.4,0.3,0.3,normal,True,0.4,normal,0.5399999999999999,0.916290731874155
TFIDF_LogReg,normal,cn_clear_4,clear,2004,0.41635589992062505,0.3224886019453371,0.26115549813403793,normal,True,0.41635589992062505,normal,0.512841528147759,0.8762148558215702
TFIDF_LogReg_Calibrated,normal,cn_clear_4,clear,2004,0.8152522945874024,0.18474770541259752,0.0,normal,True,0.8152522945874024,normal,0.06826342931043984,0.2042576497353724
PerfectSemantic,normal,cn_clear_4,clear,2004,1.0,0.0,0.0,normal,True,1.0,normal,0.0,-0.0
NoInfo,normal,cn_moderate_1,moderate,2004,0.35,0.35,0.3,normal,True,0.35,normal,0.635,1.0498221244986778
RuleBased,normal,cn_moderate_1,moderate,2004,0.4,0.3,0.3,normal,True,0.4,normal,0.5399999999999999,0.916290731874155
TFIDF_LogReg,normal,cn_moderate_1,moderate,2004,0.43192448890766283,0.30087268657152244,0.2672028245208148,normal,True,0.43192448890766283,normal,0.48463150925948706,0.8395045002115374
TFIDF_LogReg_Calibrated,normal,cn_moderate_1,moderate,2004,1.0,0.0,0.0,normal,True,1.0,normal,0.0,-0.0
PerfectSemantic,normal,cn_moderate_1,moderate,2004,1.0,0.0,0.0,normal,True,1.0,normal,0.0,-0.0
NoInfo,normal,cn_moderate_2,moderate,2004,0.35,0.35,0.3,normal,True,0.35,normal,0.635,1.0498221244986778
RuleBased,normal,cn_moderate_2,moderate,2004,0.5714285714285715,0.4285714285714285,0.0,normal,True,0.5714285714285715,normal,0.36734693877551006,0.5596157879354225
TFIDF_LogReg,normal,cn_moderate_2,moderate,2004,0.4126177081662408,0.31618836773832154,0.27119392409543763,normal,True,0.4126177081662408,normal,0.5185391851191856,0.8852337607825816
TFIDF_LogReg_Calibrated,normal,cn_moderate_2,moderate,2004,0.8333333333333334,0.16666666666666666,0.0,normal,True,0.8333333333333334,normal,0.05555555555555554,0.1823215567939546
PerfectSemantic,normal,cn_moderate_2,moderate,2004,1.0,0.0,0.0,normal,True,1.0,normal,0.0,-0.0
NoInfo,normal,cn_moderate_3,moderate,2004,0.35,0.35,0.3,normal,True,0.35,normal,0.635,1.0498221244986778
RuleBased,normal,cn_moderate_3,moderate,2004,0.25,0.37499999999999994,0.37499999999999994,supplier_delay,False,0.37499999999999994,normal,0.84375,1.3862943611198906
TFIDF_LogReg,normal,cn_moderate_3,moderate,2004,0.3709692066833674,0.3385540718771397,0.2904767214394928,normal,True,0.3709692066833674,normal,0.5946753242233803,0.9916362206729205
TFIDF_LogReg_Calibrated,normal,cn_moderate_3,moderate,2004,0.6191542664225136,0.3808457335774864,0.0,normal,True,0.6191542664225136,normal,0.2900869455683475,0.4794008185711075
PerfectSemantic,normal,cn_moderate_3,moderate,2004,1.0,0.0,0.0,normal,True,1.0,normal,0.0,-0.0
NoInfo,normal,cn_moderate_4,moderate,2004,0.35,0.35,0.3,normal,True,0.35,normal,0.635,1.0498221244986778
RuleBased,normal,cn_moderate_4,moderate,2004,0.5714285714285715,0.0,0.4285714285714286,normal,True,0.5714285714285715,normal,0.36734693877551017,0.5596157879354225
TFIDF_LogReg,normal,cn_moderate_4,moderate,2004,0.49287152849181515,0.25134454143974627,0.25578393006843864,normal,True,0.49287152849181515,normal,0.3857787840070401,0.7075067301937508
TFIDF_LogReg_Calibrated,normal,cn_moderate_4,moderate,2004,0.928691645299736,0.0,0.07130835470026405,normal,True,0.928691645299736,normal,0.01016976290011733,0.07397851636453767
PerfectSemantic,normal,cn_moderate_4,moderate,2004,1.0,0.0,0.0,normal,True,1.0,normal,0.0,-0.0
NoInfo,normal,cn_vague_1,vague,2004,0.35,0.35,0.3,normal,True,0.35,normal,0.635,1.0498221244986778
RuleBased,normal,cn_vague_1,vague,2004,0.3333333333333333,0.3333333333333333,0.3333333333333333,normal,True,0.3333333333333333,normal,0.6666666666666667,1.0986122886681098
TFIDF_LogReg,normal,cn_vague_1,vague,2004,0.37801577405271997,0.3389159245994559,0.2830683013478241,normal,True,0.37801577405271997,normal,0.5818560445022838,0.972819353935033
TFIDF_LogReg_Calibrated,normal,cn_vague_1,vague,2004,0.6810946901721556,0.3189053098278444,0.0,normal,True,0.6810946901721556,normal,0.20340119327278683,0.38405393672450183
PerfectSemantic,normal,cn_vague_1,vague,2004,1.0,0.0,0.0,normal,True,1.0,normal,0.0,-0.0
NoInfo,normal,cn_vague_2,vague,2004,0.35,0.35,0.3,normal,True,0.35,normal,0.635,1.0498221244986778
RuleBased,normal,cn_vague_2,vague,2004,0.4,0.0,0.6,demand_surge,False,0.6,normal,0.72,0.916290731874155
TFIDF_LogReg,normal,cn_vague_2,vague,2004,0.41142597132376424,0.2827931455324748,0.30578088314376106,normal,True,0.41142597132376424,normal,0.5198932988885043,0.8881261746266123
TFIDF_LogReg_Calibrated,normal,cn_vague_2,vague,2004,0.8986105439460563,0.0,0.10138945605394371,normal,True,0.8986105439460563,normal,0.020559643597829157,0.10690554866680214
PerfectSemantic,normal,cn_vague_2,vague,2004,1.0,0.0,0.0,normal,True,1.0,normal,0.0,-0.0
NoInfo,normal,cn_vague_3,vague,2004,0.35,0.35,0.3,normal,True,0.35,normal,0.635,1.0498221244986778
RuleBased,normal,cn_vague_3,vague,2004,0.0,0.5,0.5,supplier_delay,False,0.5,normal,1.5,23.025850929940457
TFIDF_LogReg,normal,cn_vague_3,vague,2004,0.3771261334553238,0.3226942125589093,0.30017965398576696,normal,True,0.3771261334553238,normal,0.5822112331103444,0.9751755759911571
TFIDF_LogReg_Calibrated,normal,cn_vague_3,vague,2004,0.5910294823221457,0.3333333333333333,0.0756371843445209,normal,True,0.5910294823221457,normal,0.2840889790963703,0.5258893773344142
PerfectSemantic,normal,cn_vague_3,vague,2004,1.0,0.0,0.0,normal,True,1.0,normal,0.0,-0.0
NoInfo,normal,cn_vague_4,vague,2004,0.35,0.35,0.3,normal,True,0.35,normal,0.635,1.0498221244986778
RuleBased,normal,cn_vague_4,vague,2004,0.3333333333333333,0.3333333333333333,0.3333333333333333,normal,True,0.3333333333333333,normal,0.6666666666666667,1.0986122886681098
TFIDF_LogReg,normal,cn_vague_4,vague,2004,0.4241393062500869,0.2828361100259718,0.2930245837239413,normal,True,0.4241393062500869,normal,0.497475210407344,0.8576933252351051
TFIDF_LogReg_Calibrated,normal,cn_vague_4,vague,2004,1.0,0.0,0.0,normal,True,1.0,normal,0.0,-0.0
PerfectSemantic,normal,cn_vague_4,vague,2004,1.0,0.0,0.0,normal,True,1.0,normal,0.0,-0.0
NoInfo,normal,cn_clear_1,clear,2005,0.35,0.35,0.3,normal,True,0.35,normal,0.635,1.0498221244986778
RuleBased,normal,cn_clear_1,clear,2005,0.4,0.3,0.3,normal,True,0.4,normal,0.5399999999999999,0.916290731874155
TFIDF_LogReg,normal,cn_clear_1,clear,2005,0.3323343040870316,0.3524629406593451,0.3152027552536233,supplier_delay,False,0.3524629406593451,normal,0.669360382956657,1.1016138766685073
TFIDF_LogReg_Calibrated,normal,cn_clear_1,clear,2005,0.3549200303140416,0.5681700667326745,0.07690990295328393,supplier_delay,False,0.5681700667326745,normal,0.7448605251933322,1.0358627816040895
PerfectSemantic,normal,cn_clear_1,clear,2005,1.0,0.0,0.0,normal,True,1.0,normal,0.0,-0.0
NoInfo,normal,cn_clear_2,clear,2005,0.35,0.35,0.3,normal,True,0.35,normal,0.635,1.0498221244986778
RuleBased,normal,cn_clear_2,clear,2005,0.14285714285714288,0.4285714285714286,0.4285714285714286,supplier_delay,False,0.4285714285714286,normal,1.1020408163265305,1.9459101490553132
TFIDF_LogReg,normal,cn_clear_2,clear,2005,0.3781043422886062,0.34016609015996696,0.2817295675514269,normal,True,0.3781043422886062,normal,0.58183872720772,0.972585083653428
TFIDF_LogReg_Calibrated,normal,cn_clear_2,clear,2005,0.5013039514204657,0.49869604857953426,0.0,normal,True,0.5013039514204657,normal,0.49739549773768243,0.6905426723969152
PerfectSemantic,normal,cn_clear_2,clear,2005,1.0,0.0,0.0,normal,True,1.0,normal,0.0,-0.0
NoInfo,normal,cn_clear_3,clear,2005,0.35,0.35,0.3,normal,True,0.35,normal,0.635,1.0498221244986778
RuleBased,normal,cn_clear_3,clear,2005,0.25,0.37499999999999994,0.37499999999999994,supplier_delay,False,0.37499999999999994,normal,0.84375,1.3862943611198906
TFIDF_LogReg,normal,cn_clear_3,clear,2005,0.334759855595164,0.3424233534180738,0.32281679098676214,supplier_delay,False,0.3424233534180738,normal,0.6640088832368369,1.0943418531858087
TFIDF_LogReg_Calibrated,normal,cn_clear_3,clear,2005,0.3333333333333333,0.5733057904921544,0.09336087617451229,supplier_delay,False,0.5733057904921544,normal,0.7818402270563511,1.0986122886681098
PerfectSemantic,normal,cn_clear_3,clear,2005,1.0,0.0,0.0,normal,True,1.0,normal,0.0,-0.0
NoInfo,normal,cn_clear_4,clear,2005,0.35,0.35,0.3,normal,True,0.35,normal,0.635,1.0498221244986778
RuleBased,normal,cn_clear_4,clear,2005,0.4,0.3,0.3,normal,True,0.4,normal,0.5399999999999999,0.916290731874155
TFIDF_LogReg,normal,cn_clear_4,clear,2005,0.41635589992062505,0.3224886019453371,0.26115549813403793,normal,True,0.41635589992062505,normal,0.512841528147759,0.8762148558215702
TFIDF_LogReg_Calibrated,normal,cn_clear_4,clear,2005,0.8152522945874024,0.18474770541259752,0.0,normal,True,0.8152522945874024,normal,0.06826342931043984,0.2042576497353724
PerfectSemantic,normal,cn_clear_4,clear,2005,1.0,0.0,0.0,normal,True,1.0,normal,0.0,-0.0
NoInfo,normal,cn_moderate_1,moderate,2005,0.35,0.35,0.3,normal,True,0.35,normal,0.635,1.0498221244986778
RuleBased,normal,cn_moderate_1,moderate,2005,0.4,0.3,0.3,normal,True,0.4,normal,0.5399999999999999,0.916290731874155
TFIDF_LogReg,normal,cn_moderate_1,moderate,2005,0.43192448890766283,0.30087268657152244,0.2672028245208148,normal,True,0.43192448890766283,normal,0.48463150925948706,0.8395045002115374
TFIDF_LogReg_Calibrated,normal,cn_moderate_1,moderate,2005,1.0,0.0,0.0,normal,True,1.0,normal,0.0,-0.0
PerfectSemantic,normal,cn_moderate_1,moderate,2005,1.0,0.0,0.0,normal,True,1.0,normal,0.0,-0.0
NoInfo,normal,cn_moderate_2,moderate,2005,0.35,0.35,0.3,normal,True,0.35,normal,0.635,1.0498221244986778
RuleBased,normal,cn_moderate_2,moderate,2005,0.5714285714285715,0.4285714285714285,0.0,normal,True,0.5714285714285715,normal,0.36734693877551006,0.5596157879354225
TFIDF_LogReg,normal,cn_moderate_2,moderate,2005,0.4126177081662408,0.31618836773832154,0.27119392409543763,normal,True,0.4126177081662408,normal,0.5185391851191856,0.8852337607825816
TFIDF_LogReg_Calibrated,normal,cn_moderate_2,moderate,2005,0.8333333333333334,0.16666666666666666,0.0,normal,True,0.8333333333333334,normal,0.05555555555555554,0.1823215567939546
PerfectSemantic,normal,cn_moderate_2,moderate,2005,1.0,0.0,0.0,normal,True,1.0,normal,0.0,-0.0
NoInfo,normal,cn_moderate_3,moderate,2005,0.35,0.35,0.3,normal,True,0.35,normal,0.635,1.0498221244986778
RuleBased,normal,cn_moderate_3,moderate,2005,0.25,0.37499999999999994,0.37499999999999994,supplier_delay,False,0.37499999999999994,normal,0.84375,1.3862943611198906
TFIDF_LogReg,normal,cn_moderate_3,moderate,2005,0.3709692066833674,0.3385540718771397,0.2904767214394928,normal,True,0.3709692066833674,normal,0.5946753242233803,0.9916362206729205
TFIDF_LogReg_Calibrated,normal,cn_moderate_3,moderate,2005,0.6191542664225136,0.3808457335774864,0.0,normal,True,0.6191542664225136,normal,0.2900869455683475,0.4794008185711075
PerfectSemantic,normal,cn_moderate_3,moderate,2005,1.0,0.0,0.0,normal,True,1.0,normal,0.0,-0.0
NoInfo,normal,cn_moderate_4,moderate,2005,0.35,0.35,0.3,normal,True,0.35,normal,0.635,1.0498221244986778
RuleBased,normal,cn_moderate_4,moderate,2005,0.5714285714285715,0.0,0.4285714285714286,normal,True,0.5714285714285715,normal,0.36734693877551017,0.5596157879354225
TFIDF_LogReg,normal,cn_moderate_4,moderate,2005,0.49287152849181515,0.25134454143974627,0.25578393006843864,normal,True,0.49287152849181515,normal,0.3857787840070401,0.7075067301937508
TFIDF_LogReg_Calibrated,normal,cn_moderate_4,moderate,2005,0.928691645299736,0.0,0.07130835470026405,normal,True,0.928691645299736,normal,0.01016976290011733,0.07397851636453767
PerfectSemantic,normal,cn_moderate_4,moderate,2005,1.0,0.0,0.0,normal,True,1.0,normal,0.0,-0.0
NoInfo,normal,cn_vague_1,vague,2005,0.35,0.35,0.3,normal,True,0.35,normal,0.635,1.0498221244986778
RuleBased,normal,cn_vague_1,vague,2005,0.3333333333333333,0.3333333333333333,0.3333333333333333,normal,True,0.3333333333333333,normal,0.6666666666666667,1.0986122886681098
TFIDF_LogReg,normal,cn_vague_1,vague,2005,0.37801577405271997,0.3389159245994559,0.2830683013478241,normal,True,0.37801577405271997,normal,0.5818560445022838,0.972819353935033
TFIDF_LogReg_Calibrated,normal,cn_vague_1,vague,2005,0.6810946901721556,0.3189053098278444,0.0,normal,True,0.6810946901721556,normal,0.20340119327278683,0.38405393672450183
PerfectSemantic,normal,cn_vague_1,vague,2005,1.0,0.0,0.0,normal,True,1.0,normal,0.0,-0.0
NoInfo,normal,cn_vague_2,vague,2005,0.35,0.35,0.3,normal,True,0.35,normal,0.635,1.0498221244986778
RuleBased,normal,cn_vague_2,vague,2005,0.4,0.0,0.6,demand_surge,False,0.6,normal,0.72,0.916290731874155
TFIDF_LogReg,normal,cn_vague_2,vague,2005,0.41142597132376424,0.2827931455324748,0.30578088314376106,normal,True,0.41142597132376424,normal,0.5198932988885043,0.8881261746266123
TFIDF_LogReg_Calibrated,normal,cn_vague_2,vague,2005,0.8986105439460563,0.0,0.10138945605394371,normal,True,0.8986105439460563,normal,0.020559643597829157,0.10690554866680214
PerfectSemantic,normal,cn_vague_2,vague,2005,1.0,0.0,0.0,normal,True,1.0,normal,0.0,-0.0
NoInfo,normal,cn_vague_3,vague,2005,0.35,0.35,0.3,normal,True,0.35,normal,0.635,1.0498221244986778
RuleBased,normal,cn_vague_3,vague,2005,0.0,0.5,0.5,supplier_delay,False,0.5,normal,1.5,23.025850929940457
TFIDF_LogReg,normal,cn_vague_3,vague,2005,0.3771261334553238,0.3226942125589093,0.30017965398576696,normal,True,0.3771261334553238,normal,0.5822112331103444,0.9751755759911571
TFIDF_LogReg_Calibrated,normal,cn_vague_3,vague,2005,0.5910294823221457,0.3333333333333333,0.0756371843445209,normal,True,0.5910294823221457,normal,0.2840889790963703,0.5258893773344142
PerfectSemantic,normal,cn_vague_3,vague,2005,1.0,0.0,0.0,normal,True,1.0,normal,0.0,-0.0
NoInfo,normal,cn_vague_4,vague,2005,0.35,0.35,0.3,normal,True,0.35,normal,0.635,1.0498221244986778
RuleBased,normal,cn_vague_4,vague,2005,0.3333333333333333,0.3333333333333333,0.3333333333333333,normal,True,0.3333333333333333,normal,0.6666666666666667,1.0986122886681098
TFIDF_LogReg,normal,cn_vague_4,vague,2005,0.4241393062500869,0.2828361100259718,0.2930245837239413,normal,True,0.4241393062500869,normal,0.497475210407344,0.8576933252351051
TFIDF_LogReg_Calibrated,normal,cn_vague_4,vague,2005,1.0,0.0,0.0,normal,True,1.0,normal,0.0,-0.0
PerfectSemantic,normal,cn_vague_4,vague,2005,1.0,0.0,0.0,normal,True,1.0,normal,0.0,-0.0
NoInfo,normal,cn_clear_1,clear,2006,0.35,0.35,0.3,normal,True,0.35,normal,0.635,1.0498221244986778
RuleBased,normal,cn_clear_1,clear,2006,0.4,0.3,0.3,normal,True,0.4,normal,0.5399999999999999,0.916290731874155
TFIDF_LogReg,normal,cn_clear_1,clear,2006,0.3323343040870316,0.3524629406593451,0.3152027552536233,supplier_delay,False,0.3524629406593451,normal,0.669360382956657,1.1016138766685073
TFIDF_LogReg_Calibrated,normal,cn_clear_1,clear,2006,0.3549200303140416,0.5681700667326745,0.07690990295328393,supplier_delay,False,0.5681700667326745,normal,0.7448605251933322,1.0358627816040895
PerfectSemantic,normal,cn_clear_1,clear,2006,1.0,0.0,0.0,normal,True,1.0,normal,0.0,-0.0
NoInfo,normal,cn_clear_2,clear,2006,0.35,0.35,0.3,normal,True,0.35,normal,0.635,1.0498221244986778
RuleBased,normal,cn_clear_2,clear,2006,0.14285714285714288,0.4285714285714286,0.4285714285714286,supplier_delay,False,0.4285714285714286,normal,1.1020408163265305,1.9459101490553132
TFIDF_LogReg,normal,cn_clear_2,clear,2006,0.3781043422886062,0.34016609015996696,0.2817295675514269,normal,True,0.3781043422886062,normal,0.58183872720772,0.972585083653428
TFIDF_LogReg_Calibrated,normal,cn_clear_2,clear,2006,0.5013039514204657,0.49869604857953426,0.0,normal,True,0.5013039514204657,normal,0.49739549773768243,0.6905426723969152
PerfectSemantic,normal,cn_clear_2,clear,2006,1.0,0.0,0.0,normal,True,1.0,normal,0.0,-0.0
NoInfo,normal,cn_clear_3,clear,2006,0.35,0.35,0.3,normal,True,0.35,normal,0.635,1.0498221244986778
RuleBased,normal,cn_clear_3,clear,2006,0.25,0.37499999999999994,0.37499999999999994,supplier_delay,False,0.37499999999999994,normal,0.84375,1.3862943611198906
TFIDF_LogReg,normal,cn_clear_3,clear,2006,0.334759855595164,0.3424233534180738,0.32281679098676214,supplier_delay,False,0.3424233534180738,normal,0.6640088832368369,1.0943418531858087
TFIDF_LogReg_Calibrated,normal,cn_clear_3,clear,2006,0.3333333333333333,0.5733057904921544,0.09336087617451229,supplier_delay,False,0.5733057904921544,normal,0.7818402270563511,1.0986122886681098
PerfectSemantic,normal,cn_clear_3,clear,2006,1.0,0.0,0.0,normal,True,1.0,normal,0.0,-0.0
NoInfo,normal,cn_clear_4,clear,2006,0.35,0.35,0.3,normal,True,0.35,normal,0.635,1.0498221244986778
RuleBased,normal,cn_clear_4,clear,2006,0.4,0.3,0.3,normal,True,0.4,normal,0.5399999999999999,0.916290731874155
TFIDF_LogReg,normal,cn_clear_4,clear,2006,0.41635589992062505,0.3224886019453371,0.26115549813403793,normal,True,0.41635589992062505,normal,0.512841528147759,0.8762148558215702
TFIDF_LogReg_Calibrated,normal,cn_clear_4,clear,2006,0.8152522945874024,0.18474770541259752,0.0,normal,True,0.8152522945874024,normal,0.06826342931043984,0.2042576497353724
PerfectSemantic,normal,cn_clear_4,clear,2006,1.0,0.0,0.0,normal,True,1.0,normal,0.0,-0.0
NoInfo,normal,cn_moderate_1,moderate,2006,0.35,0.35,0.3,normal,True,0.35,normal,0.635,1.0498221244986778
RuleBased,normal,cn_moderate_1,moderate,2006,0.4,0.3,0.3,normal,True,0.4,normal,0.5399999999999999,0.916290731874155
TFIDF_LogReg,normal,cn_moderate_1,moderate,2006,0.43192448890766283,0.30087268657152244,0.2672028245208148,normal,True,0.43192448890766283,normal,0.48463150925948706,0.8395045002115374
TFIDF_LogReg_Calibrated,normal,cn_moderate_1,moderate,2006,1.0,0.0,0.0,normal,True,1.0,normal,0.0,-0.0
PerfectSemantic,normal,cn_moderate_1,moderate,2006,1.0,0.0,0.0,normal,True,1.0,normal,0.0,-0.0
NoInfo,normal,cn_moderate_2,moderate,2006,0.35,0.35,0.3,normal,True,0.35,normal,0.635,1.0498221244986778
RuleBased,normal,cn_moderate_2,moderate,2006,0.5714285714285715,0.4285714285714285,0.0,normal,True,0.5714285714285715,normal,0.36734693877551006,0.5596157879354225
TFIDF_LogReg,normal,cn_moderate_2,moderate,2006,0.4126177081662408,0.31618836773832154,0.27119392409543763,normal,True,0.4126177081662408,normal,0.5185391851191856,0.8852337607825816
TFIDF_LogReg_Calibrated,normal,cn_moderate_2,moderate,2006,0.8333333333333334,0.16666666666666666,0.0,normal,True,0.8333333333333334,normal,0.05555555555555554,0.1823215567939546
PerfectSemantic,normal,cn_moderate_2,moderate,2006,1.0,0.0,0.0,normal,True,1.0,normal,0.0,-0.0
NoInfo,normal,cn_moderate_3,moderate,2006,0.35,0.35,0.3,normal,True,0.35,normal,0.635,1.0498221244986778
RuleBased,normal,cn_moderate_3,moderate,2006,0.25,0.37499999999999994,0.37499999999999994,supplier_delay,False,0.37499999999999994,normal,0.84375,1.3862943611198906
TFIDF_LogReg,normal,cn_moderate_3,moderate,2006,0.3709692066833674,0.3385540718771397,0.2904767214394928,normal,True,0.3709692066833674,normal,0.5946753242233803,0.9916362206729205
TFIDF_LogReg_Calibrated,normal,cn_moderate_3,moderate,2006,0.6191542664225136,0.3808457335774864,0.0,normal,True,0.6191542664225136,normal,0.2900869455683475,0.4794008185711075
PerfectSemantic,normal,cn_moderate_3,moderate,2006,1.0,0.0,0.0,normal,True,1.0,normal,0.0,-0.0
NoInfo,normal,cn_moderate_4,moderate,2006,0.35,0.35,0.3,normal,True,0.35,normal,0.635,1.0498221244986778
RuleBased,normal,cn_moderate_4,moderate,2006,0.5714285714285715,0.0,0.4285714285714286,normal,True,0.5714285714285715,normal,0.36734693877551017,0.5596157879354225
TFIDF_LogReg,normal,cn_moderate_4,moderate,2006,0.49287152849181515,0.25134454143974627,0.25578393006843864,normal,True,0.49287152849181515,normal,0.3857787840070401,0.7075067301937508
TFIDF_LogReg_Calibrated,normal,cn_moderate_4,moderate,2006,0.928691645299736,0.0,0.07130835470026405,normal,True,0.928691645299736,normal,0.01016976290011733,0.07397851636453767
PerfectSemantic,normal,cn_moderate_4,moderate,2006,1.0,0.0,0.0,normal,True,1.0,normal,0.0,-0.0
NoInfo,normal,cn_vague_1,vague,2006,0.35,0.35,0.3,normal,True,0.35,normal,0.635,1.0498221244986778
RuleBased,normal,cn_vague_1,vague,2006,0.3333333333333333,0.3333333333333333,0.3333333333333333,normal,True,0.3333333333333333,normal,0.6666666666666667,1.0986122886681098
TFIDF_LogReg,normal,cn_vague_1,vague,2006,0.37801577405271997,0.3389159245994559,0.2830683013478241,normal,True,0.37801577405271997,normal,0.5818560445022838,0.972819353935033
TFIDF_LogReg_Calibrated,normal,cn_vague_1,vague,2006,0.6810946901721556,0.3189053098278444,0.0,normal,True,0.6810946901721556,normal,0.20340119327278683,0.38405393672450183
PerfectSemantic,normal,cn_vague_1,vague,2006,1.0,0.0,0.0,normal,True,1.0,normal,0.0,-0.0
NoInfo,normal,cn_vague_2,vague,2006,0.35,0.35,0.3,normal,True,0.35,normal,0.635,1.0498221244986778
RuleBased,normal,cn_vague_2,vague,2006,0.4,0.0,0.6,demand_surge,False,0.6,normal,0.72,0.916290731874155
TFIDF_LogReg,normal,cn_vague_2,vague,2006,0.41142597132376424,0.2827931455324748,0.30578088314376106,normal,True,0.41142597132376424,normal,0.5198932988885043,0.8881261746266123
TFIDF_LogReg_Calibrated,normal,cn_vague_2,vague,2006,0.8986105439460563,0.0,0.10138945605394371,normal,True,0.8986105439460563,normal,0.020559643597829157,0.10690554866680214
PerfectSemantic,normal,cn_vague_2,vague,2006,1.0,0.0,0.0,normal,True,1.0,normal,0.0,-0.0
NoInfo,normal,cn_vague_3,vague,2006,0.35,0.35,0.3,normal,True,0.35,normal,0.635,1.0498221244986778
RuleBased,normal,cn_vague_3,vague,2006,0.0,0.5,0.5,supplier_delay,False,0.5,normal,1.5,23.025850929940457
TFIDF_LogReg,normal,cn_vague_3,vague,2006,0.3771261334553238,0.3226942125589093,0.30017965398576696,normal,True,0.3771261334553238,normal,0.5822112331103444,0.9751755759911571
TFIDF_LogReg_Calibrated,normal,cn_vague_3,vague,2006,0.5910294823221457,0.3333333333333333,0.0756371843445209,normal,True,0.5910294823221457,normal,0.2840889790963703,0.5258893773344142
PerfectSemantic,normal,cn_vague_3,vague,2006,1.0,0.0,0.0,normal,True,1.0,normal,0.0,-0.0
NoInfo,normal,cn_vague_4,vague,2006,0.35,0.35,0.3,normal,True,0.35,normal,0.635,1.0498221244986778
RuleBased,normal,cn_vague_4,vague,2006,0.3333333333333333,0.3333333333333333,0.3333333333333333,normal,True,0.3333333333333333,normal,0.6666666666666667,1.0986122886681098
TFIDF_LogReg,normal,cn_vague_4,vague,2006,0.4241393062500869,0.2828361100259718,0.2930245837239413,normal,True,0.4241393062500869,normal,0.497475210407344,0.8576933252351051
TFIDF_LogReg_Calibrated,normal,cn_vague_4,vague,2006,1.0,0.0,0.0,normal,True,1.0,normal,0.0,-0.0
PerfectSemantic,normal,cn_vague_4,vague,2006,1.0,0.0,0.0,normal,True,1.0,normal,0.0,-0.0
NoInfo,normal,cn_clear_1,clear,2007,0.35,0.35,0.3,normal,True,0.35,normal,0.635,1.0498221244986778
RuleBased,normal,cn_clear_1,clear,2007,0.4,0.3,0.3,normal,True,0.4,normal,0.5399999999999999,0.916290731874155
TFIDF_LogReg,normal,cn_clear_1,clear,2007,0.3323343040870316,0.3524629406593451,0.3152027552536233,supplier_delay,False,0.3524629406593451,normal,0.669360382956657,1.1016138766685073
TFIDF_LogReg_Calibrated,normal,cn_clear_1,clear,2007,0.3549200303140416,0.5681700667326745,0.07690990295328393,supplier_delay,False,0.5681700667326745,normal,0.7448605251933322,1.0358627816040895
PerfectSemantic,normal,cn_clear_1,clear,2007,1.0,0.0,0.0,normal,True,1.0,normal,0.0,-0.0
NoInfo,normal,cn_clear_2,clear,2007,0.35,0.35,0.3,normal,True,0.35,normal,0.635,1.0498221244986778
RuleBased,normal,cn_clear_2,clear,2007,0.14285714285714288,0.4285714285714286,0.4285714285714286,supplier_delay,False,0.4285714285714286,normal,1.1020408163265305,1.9459101490553132
TFIDF_LogReg,normal,cn_clear_2,clear,2007,0.3781043422886062,0.34016609015996696,0.2817295675514269,normal,True,0.3781043422886062,normal,0.58183872720772,0.972585083653428
TFIDF_LogReg_Calibrated,normal,cn_clear_2,clear,2007,0.5013039514204657,0.49869604857953426,0.0,normal,True,0.5013039514204657,normal,0.49739549773768243,0.6905426723969152
PerfectSemantic,normal,cn_clear_2,clear,2007,1.0,0.0,0.0,normal,True,1.0,normal,0.0,-0.0
NoInfo,normal,cn_clear_3,clear,2007,0.35,0.35,0.3,normal,True,0.35,normal,0.635,1.0498221244986778
RuleBased,normal,cn_clear_3,clear,2007,0.25,0.37499999999999994,0.37499999999999994,supplier_delay,False,0.37499999999999994,normal,0.84375,1.3862943611198906
TFIDF_LogReg,normal,cn_clear_3,clear,2007,0.334759855595164,0.3424233534180738,0.32281679098676214,supplier_delay,False,0.3424233534180738,normal,0.6640088832368369,1.0943418531858087
TFIDF_LogReg_Calibrated,normal,cn_clear_3,clear,2007,0.3333333333333333,0.5733057904921544,0.09336087617451229,supplier_delay,False,0.5733057904921544,normal,0.7818402270563511,1.0986122886681098
PerfectSemantic,normal,cn_clear_3,clear,2007,1.0,0.0,0.0,normal,True,1.0,normal,0.0,-0.0
NoInfo,normal,cn_clear_4,clear,2007,0.35,0.35,0.3,normal,True,0.35,normal,0.635,1.0498221244986778
RuleBased,normal,cn_clear_4,clear,2007,0.4,0.3,0.3,normal,True,0.4,normal,0.5399999999999999,0.916290731874155
TFIDF_LogReg,normal,cn_clear_4,clear,2007,0.41635589992062505,0.3224886019453371,0.26115549813403793,normal,True,0.41635589992062505,normal,0.512841528147759,0.8762148558215702
TFIDF_LogReg_Calibrated,normal,cn_clear_4,clear,2007,0.8152522945874024,0.18474770541259752,0.0,normal,True,0.8152522945874024,normal,0.06826342931043984,0.2042576497353724
PerfectSemantic,normal,cn_clear_4,clear,2007,1.0,0.0,0.0,normal,True,1.0,normal,0.0,-0.0
NoInfo,normal,cn_moderate_1,moderate,2007,0.35,0.35,0.3,normal,True,0.35,normal,0.635,1.0498221244986778
RuleBased,normal,cn_moderate_1,moderate,2007,0.4,0.3,0.3,normal,True,0.4,normal,0.5399999999999999,0.916290731874155
TFIDF_LogReg,normal,cn_moderate_1,moderate,2007,0.43192448890766283,0.30087268657152244,0.2672028245208148,normal,True,0.43192448890766283,normal,0.48463150925948706,0.8395045002115374
TFIDF_LogReg_Calibrated,normal,cn_moderate_1,moderate,2007,1.0,0.0,0.0,normal,True,1.0,normal,0.0,-0.0
PerfectSemantic,normal,cn_moderate_1,moderate,2007,1.0,0.0,0.0,normal,True,1.0,normal,0.0,-0.0
NoInfo,normal,cn_moderate_2,moderate,2007,0.35,0.35,0.3,normal,True,0.35,normal,0.635,1.0498221244986778
RuleBased,normal,cn_moderate_2,moderate,2007,0.5714285714285715,0.4285714285714285,0.0,normal,True,0.5714285714285715,normal,0.36734693877551006,0.5596157879354225
TFIDF_LogReg,normal,cn_moderate_2,moderate,2007,0.4126177081662408,0.31618836773832154,0.27119392409543763,normal,True,0.4126177081662408,normal,0.5185391851191856,0.8852337607825816
TFIDF_LogReg_Calibrated,normal,cn_moderate_2,moderate,2007,0.8333333333333334,0.16666666666666666,0.0,normal,True,0.8333333333333334,normal,0.05555555555555554,0.1823215567939546
PerfectSemantic,normal,cn_moderate_2,moderate,2007,1.0,0.0,0.0,normal,True,1.0,normal,0.0,-0.0
NoInfo,normal,cn_moderate_3,moderate,2007,0.35,0.35,0.3,normal,True,0.35,normal,0.635,1.0498221244986778
RuleBased,normal,cn_moderate_3,moderate,2007,0.25,0.37499999999999994,0.37499999999999994,supplier_delay,False,0.37499999999999994,normal,0.84375,1.3862943611198906
TFIDF_LogReg,normal,cn_moderate_3,moderate,2007,0.3709692066833674,0.3385540718771397,0.2904767214394928,normal,True,0.3709692066833674,normal,0.5946753242233803,0.9916362206729205
TFIDF_LogReg_Calibrated,normal,cn_moderate_3,moderate,2007,0.6191542664225136,0.3808457335774864,0.0,normal,True,0.6191542664225136,normal,0.2900869455683475,0.4794008185711075
PerfectSemantic,normal,cn_moderate_3,moderate,2007,1.0,0.0,0.0,normal,True,1.0,normal,0.0,-0.0
NoInfo,normal,cn_moderate_4,moderate,2007,0.35,0.35,0.3,normal,True,0.35,normal,0.635,1.0498221244986778
RuleBased,normal,cn_moderate_4,moderate,2007,0.5714285714285715,0.0,0.4285714285714286,normal,True,0.5714285714285715,normal,0.36734693877551017,0.5596157879354225
TFIDF_LogReg,normal,cn_moderate_4,moderate,2007,0.49287152849181515,0.25134454143974627,0.25578393006843864,normal,True,0.49287152849181515,normal,0.3857787840070401,0.7075067301937508
TFIDF_LogReg_Calibrated,normal,cn_moderate_4,moderate,2007,0.928691645299736,0.0,0.07130835470026405,normal,True,0.928691645299736,normal,0.01016976290011733,0.07397851636453767
PerfectSemantic,normal,cn_moderate_4,moderate,2007,1.0,0.0,0.0,normal,True,1.0,normal,0.0,-0.0
NoInfo,normal,cn_vague_1,vague,2007,0.35,0.35,0.3,normal,True,0.35,normal,0.635,1.0498221244986778
RuleBased,normal,cn_vague_1,vague,2007,0.3333333333333333,0.3333333333333333,0.3333333333333333,normal,True,0.3333333333333333,normal,0.6666666666666667,1.0986122886681098
TFIDF_LogReg,normal,cn_vague_1,vague,2007,0.37801577405271997,0.3389159245994559,0.2830683013478241,normal,True,0.37801577405271997,normal,0.5818560445022838,0.972819353935033
TFIDF_LogReg_Calibrated,normal,cn_vague_1,vague,2007,0.6810946901721556,0.3189053098278444,0.0,normal,True,0.6810946901721556,normal,0.20340119327278683,0.38405393672450183
PerfectSemantic,normal,cn_vague_1,vague,2007,1.0,0.0,0.0,normal,True,1.0,normal,0.0,-0.0
NoInfo,normal,cn_vague_2,vague,2007,0.35,0.35,0.3,normal,True,0.35,normal,0.635,1.0498221244986778
RuleBased,normal,cn_vague_2,vague,2007,0.4,0.0,0.6,demand_surge,False,0.6,normal,0.72,0.916290731874155
TFIDF_LogReg,normal,cn_vague_2,vague,2007,0.41142597132376424,0.2827931455324748,0.30578088314376106,normal,True,0.41142597132376424,normal,0.5198932988885043,0.8881261746266123
TFIDF_LogReg_Calibrated,normal,cn_vague_2,vague,2007,0.8986105439460563,0.0,0.10138945605394371,normal,True,0.8986105439460563,normal,0.020559643597829157,0.10690554866680214
PerfectSemantic,normal,cn_vague_2,vague,2007,1.0,0.0,0.0,normal,True,1.0,normal,0.0,-0.0
NoInfo,normal,cn_vague_3,vague,2007,0.35,0.35,0.3,normal,True,0.35,normal,0.635,1.0498221244986778
RuleBased,normal,cn_vague_3,vague,2007,0.0,0.5,0.5,supplier_delay,False,0.5,normal,1.5,23.025850929940457
TFIDF_LogReg,normal,cn_vague_3,vague,2007,0.3771261334553238,0.3226942125589093,0.30017965398576696,normal,True,0.3771261334553238,normal,0.5822112331103444,0.9751755759911571
TFIDF_LogReg_Calibrated,normal,cn_vague_3,vague,2007,0.5910294823221457,0.3333333333333333,0.0756371843445209,normal,True,0.5910294823221457,normal,0.2840889790963703,0.5258893773344142
PerfectSemantic,normal,cn_vague_3,vague,2007,1.0,0.0,0.0,normal,True,1.0,normal,0.0,-0.0
NoInfo,normal,cn_vague_4,vague,2007,0.35,0.35,0.3,normal,True,0.35,normal,0.635,1.0498221244986778
RuleBased,normal,cn_vague_4,vague,2007,0.3333333333333333,0.3333333333333333,0.3333333333333333,normal,True,0.3333333333333333,normal,0.6666666666666667,1.0986122886681098
TFIDF_LogReg,normal,cn_vague_4,vague,2007,0.4241393062500869,0.2828361100259718,0.2930245837239413,normal,True,0.4241393062500869,normal,0.497475210407344,0.8576933252351051
TFIDF_LogReg_Calibrated,normal,cn_vague_4,vague,2007,1.0,0.0,0.0,normal,True,1.0,normal,0.0,-0.0
PerfectSemantic,normal,cn_vague_4,vague,2007,1.0,0.0,0.0,normal,True,1.0,normal,0.0,-0.0
NoInfo,normal,cn_clear_1,clear,2008,0.35,0.35,0.3,normal,True,0.35,normal,0.635,1.0498221244986778
RuleBased,normal,cn_clear_1,clear,2008,0.4,0.3,0.3,normal,True,0.4,normal,0.5399999999999999,0.916290731874155
TFIDF_LogReg,normal,cn_clear_1,clear,2008,0.3323343040870316,0.3524629406593451,0.3152027552536233,supplier_delay,False,0.3524629406593451,normal,0.669360382956657,1.1016138766685073
TFIDF_LogReg_Calibrated,normal,cn_clear_1,clear,2008,0.3549200303140416,0.5681700667326745,0.07690990295328393,supplier_delay,False,0.5681700667326745,normal,0.7448605251933322,1.0358627816040895
PerfectSemantic,normal,cn_clear_1,clear,2008,1.0,0.0,0.0,normal,True,1.0,normal,0.0,-0.0
NoInfo,normal,cn_clear_2,clear,2008,0.35,0.35,0.3,normal,True,0.35,normal,0.635,1.0498221244986778
RuleBased,normal,cn_clear_2,clear,2008,0.14285714285714288,0.4285714285714286,0.4285714285714286,supplier_delay,False,0.4285714285714286,normal,1.1020408163265305,1.9459101490553132
TFIDF_LogReg,normal,cn_clear_2,clear,2008,0.3781043422886062,0.34016609015996696,0.2817295675514269,normal,True,0.3781043422886062,normal,0.58183872720772,0.972585083653428
TFIDF_LogReg_Calibrated,normal,cn_clear_2,clear,2008,0.5013039514204657,0.49869604857953426,0.0,normal,True,0.5013039514204657,normal,0.49739549773768243,0.6905426723969152
PerfectSemantic,normal,cn_clear_2,clear,2008,1.0,0.0,0.0,normal,True,1.0,normal,0.0,-0.0
NoInfo,normal,cn_clear_3,clear,2008,0.35,0.35,0.3,normal,True,0.35,normal,0.635,1.0498221244986778
RuleBased,normal,cn_clear_3,clear,2008,0.25,0.37499999999999994,0.37499999999999994,supplier_delay,False,0.37499999999999994,normal,0.84375,1.3862943611198906
TFIDF_LogReg,normal,cn_clear_3,clear,2008,0.334759855595164,0.3424233534180738,0.32281679098676214,supplier_delay,False,0.3424233534180738,normal,0.6640088832368369,1.0943418531858087
TFIDF_LogReg_Calibrated,normal,cn_clear_3,clear,2008,0.3333333333333333,0.5733057904921544,0.09336087617451229,supplier_delay,False,0.5733057904921544,normal,0.7818402270563511,1.0986122886681098
PerfectSemantic,normal,cn_clear_3,clear,2008,1.0,0.0,0.0,normal,True,1.0,normal,0.0,-0.0
NoInfo,normal,cn_clear_4,clear,2008,0.35,0.35,0.3,normal,True,0.35,normal,0.635,1.0498221244986778
RuleBased,normal,cn_clear_4,clear,2008,0.4,0.3,0.3,normal,True,0.4,normal,0.5399999999999999,0.916290731874155
TFIDF_LogReg,normal,cn_clear_4,clear,2008,0.41635589992062505,0.3224886019453371,0.26115549813403793,normal,True,0.41635589992062505,normal,0.512841528147759,0.8762148558215702
TFIDF_LogReg_Calibrated,normal,cn_clear_4,clear,2008,0.8152522945874024,0.18474770541259752,0.0,normal,True,0.8152522945874024,normal,0.06826342931043984,0.2042576497353724
PerfectSemantic,normal,cn_clear_4,clear,2008,1.0,0.0,0.0,normal,True,1.0,normal,0.0,-0.0
NoInfo,normal,cn_moderate_1,moderate,2008,0.35,0.35,0.3,normal,True,0.35,normal,0.635,1.0498221244986778
RuleBased,normal,cn_moderate_1,moderate,2008,0.4,0.3,0.3,normal,True,0.4,normal,0.5399999999999999,0.916290731874155
TFIDF_LogReg,normal,cn_moderate_1,moderate,2008,0.43192448890766283,0.30087268657152244,0.2672028245208148,normal,True,0.43192448890766283,normal,0.48463150925948706,0.8395045002115374
TFIDF_LogReg_Calibrated,normal,cn_moderate_1,moderate,2008,1.0,0.0,0.0,normal,True,1.0,normal,0.0,-0.0
PerfectSemantic,normal,cn_moderate_1,moderate,2008,1.0,0.0,0.0,normal,True,1.0,normal,0.0,-0.0
NoInfo,normal,cn_moderate_2,moderate,2008,0.35,0.35,0.3,normal,True,0.35,normal,0.635,1.0498221244986778
RuleBased,normal,cn_moderate_2,moderate,2008,0.5714285714285715,0.4285714285714285,0.0,normal,True,0.5714285714285715,normal,0.36734693877551006,0.5596157879354225
TFIDF_LogReg,normal,cn_moderate_2,moderate,2008,0.4126177081662408,0.31618836773832154,0.27119392409543763,normal,True,0.4126177081662408,normal,0.5185391851191856,0.8852337607825816
TFIDF_LogReg_Calibrated,normal,cn_moderate_2,moderate,2008,0.8333333333333334,0.16666666666666666,0.0,normal,True,0.8333333333333334,normal,0.05555555555555554,0.1823215567939546
PerfectSemantic,normal,cn_moderate_2,moderate,2008,1.0,0.0,0.0,normal,True,1.0,normal,0.0,-0.0
NoInfo,normal,cn_moderate_3,moderate,2008,0.35,0.35,0.3,normal,True,0.35,normal,0.635,1.0498221244986778
RuleBased,normal,cn_moderate_3,moderate,2008,0.25,0.37499999999999994,0.37499999999999994,supplier_delay,False,0.37499999999999994,normal,0.84375,1.3862943611198906
TFIDF_LogReg,normal,cn_moderate_3,moderate,2008,0.3709692066833674,0.3385540718771397,0.2904767214394928,normal,True,0.3709692066833674,normal,0.5946753242233803,0.9916362206729205
TFIDF_LogReg_Calibrated,normal,cn_moderate_3,moderate,2008,0.6191542664225136,0.3808457335774864,0.0,normal,True,0.6191542664225136,normal,0.2900869455683475,0.4794008185711075
PerfectSemantic,normal,cn_moderate_3,moderate,2008,1.0,0.0,0.0,normal,True,1.0,normal,0.0,-0.0
NoInfo,normal,cn_moderate_4,moderate,2008,0.35,0.35,0.3,normal,True,0.35,normal,0.635,1.0498221244986778
RuleBased,normal,cn_moderate_4,moderate,2008,0.5714285714285715,0.0,0.4285714285714286,normal,True,0.5714285714285715,normal,0.36734693877551017,0.5596157879354225
TFIDF_LogReg,normal,cn_moderate_4,moderate,2008,0.49287152849181515,0.25134454143974627,0.25578393006843864,normal,True,0.49287152849181515,normal,0.3857787840070401,0.7075067301937508
TFIDF_LogReg_Calibrated,normal,cn_moderate_4,moderate,2008,0.928691645299736,0.0,0.07130835470026405,normal,True,0.928691645299736,normal,0.01016976290011733,0.07397851636453767
PerfectSemantic,normal,cn_moderate_4,moderate,2008,1.0,0.0,0.0,normal,True,1.0,normal,0.0,-0.0
NoInfo,normal,cn_vague_1,vague,2008,0.35,0.35,0.3,normal,True,0.35,normal,0.635,1.0498221244986778
RuleBased,normal,cn_vague_1,vague,2008,0.3333333333333333,0.3333333333333333,0.3333333333333333,normal,True,0.3333333333333333,normal,0.6666666666666667,1.0986122886681098
TFIDF_LogReg,normal,cn_vague_1,vague,2008,0.37801577405271997,0.3389159245994559,0.2830683013478241,normal,True,0.37801577405271997,normal,0.5818560445022838,0.972819353935033
TFIDF_LogReg_Calibrated,normal,cn_vague_1,vague,2008,0.6810946901721556,0.3189053098278444,0.0,normal,True,0.6810946901721556,normal,0.20340119327278683,0.38405393672450183
PerfectSemantic,normal,cn_vague_1,vague,2008,1.0,0.0,0.0,normal,True,1.0,normal,0.0,-0.0
NoInfo,normal,cn_vague_2,vague,2008,0.35,0.35,0.3,normal,True,0.35,normal,0.635,1.0498221244986778
RuleBased,normal,cn_vague_2,vague,2008,0.4,0.0,0.6,demand_surge,False,0.6,normal,0.72,0.916290731874155
TFIDF_LogReg,normal,cn_vague_2,vague,2008,0.41142597132376424,0.2827931455324748,0.30578088314376106,normal,True,0.41142597132376424,normal,0.5198932988885043,0.8881261746266123
TFIDF_LogReg_Calibrated,normal,cn_vague_2,vague,2008,0.8986105439460563,0.0,0.10138945605394371,normal,True,0.8986105439460563,normal,0.020559643597829157,0.10690554866680214
PerfectSemantic,normal,cn_vague_2,vague,2008,1.0,0.0,0.0,normal,True,1.0,normal,0.0,-0.0
NoInfo,normal,cn_vague_3,vague,2008,0.35,0.35,0.3,normal,True,0.35,normal,0.635,1.0498221244986778
RuleBased,normal,cn_vague_3,vague,2008,0.0,0.5,0.5,supplier_delay,False,0.5,normal,1.5,23.025850929940457
TFIDF_LogReg,normal,cn_vague_3,vague,2008,0.3771261334553238,0.3226942125589093,0.30017965398576696,normal,True,0.3771261334553238,normal,0.5822112331103444,0.9751755759911571
TFIDF_LogReg_Calibrated,normal,cn_vague_3,vague,2008,0.5910294823221457,0.3333333333333333,0.0756371843445209,normal,True,0.5910294823221457,normal,0.2840889790963703,0.5258893773344142
PerfectSemantic,normal,cn_vague_3,vague,2008,1.0,0.0,0.0,normal,True,1.0,normal,0.0,-0.0
NoInfo,normal,cn_vague_4,vague,2008,0.35,0.35,0.3,normal,True,0.35,normal,0.635,1.0498221244986778
RuleBased,normal,cn_vague_4,vague,2008,0.3333333333333333,0.3333333333333333,0.3333333333333333,normal,True,0.3333333333333333,normal,0.6666666666666667,1.0986122886681098
TFIDF_LogReg,normal,cn_vague_4,vague,2008,0.4241393062500869,0.2828361100259718,0.2930245837239413,normal,True,0.4241393062500869,normal,0.497475210407344,0.8576933252351051
TFIDF_LogReg_Calibrated,normal,cn_vague_4,vague,2008,1.0,0.0,0.0,normal,True,1.0,normal,0.0,-0.0
PerfectSemantic,normal,cn_vague_4,vague,2008,1.0,0.0,0.0,normal,True,1.0,normal,0.0,-0.0
NoInfo,normal,cn_clear_1,clear,2009,0.35,0.35,0.3,normal,True,0.35,normal,0.635,1.0498221244986778
RuleBased,normal,cn_clear_1,clear,2009,0.4,0.3,0.3,normal,True,0.4,normal,0.5399999999999999,0.916290731874155
TFIDF_LogReg,normal,cn_clear_1,clear,2009,0.3323343040870316,0.3524629406593451,0.3152027552536233,supplier_delay,False,0.3524629406593451,normal,0.669360382956657,1.1016138766685073
TFIDF_LogReg_Calibrated,normal,cn_clear_1,clear,2009,0.3549200303140416,0.5681700667326745,0.07690990295328393,supplier_delay,False,0.5681700667326745,normal,0.7448605251933322,1.0358627816040895
PerfectSemantic,normal,cn_clear_1,clear,2009,1.0,0.0,0.0,normal,True,1.0,normal,0.0,-0.0
NoInfo,normal,cn_clear_2,clear,2009,0.35,0.35,0.3,normal,True,0.35,normal,0.635,1.0498221244986778
RuleBased,normal,cn_clear_2,clear,2009,0.14285714285714288,0.4285714285714286,0.4285714285714286,supplier_delay,False,0.4285714285714286,normal,1.1020408163265305,1.9459101490553132
TFIDF_LogReg,normal,cn_clear_2,clear,2009,0.3781043422886062,0.34016609015996696,0.2817295675514269,normal,True,0.3781043422886062,normal,0.58183872720772,0.972585083653428
TFIDF_LogReg_Calibrated,normal,cn_clear_2,clear,2009,0.5013039514204657,0.49869604857953426,0.0,normal,True,0.5013039514204657,normal,0.49739549773768243,0.6905426723969152
PerfectSemantic,normal,cn_clear_2,clear,2009,1.0,0.0,0.0,normal,True,1.0,normal,0.0,-0.0
NoInfo,normal,cn_clear_3,clear,2009,0.35,0.35,0.3,normal,True,0.35,normal,0.635,1.0498221244986778
RuleBased,normal,cn_clear_3,clear,2009,0.25,0.37499999999999994,0.37499999999999994,supplier_delay,False,0.37499999999999994,normal,0.84375,1.3862943611198906
TFIDF_LogReg,normal,cn_clear_3,clear,2009,0.334759855595164,0.3424233534180738,0.32281679098676214,supplier_delay,False,0.3424233534180738,normal,0.6640088832368369,1.0943418531858087
TFIDF_LogReg_Calibrated,normal,cn_clear_3,clear,2009,0.3333333333333333,0.5733057904921544,0.09336087617451229,supplier_delay,False,0.5733057904921544,normal,0.7818402270563511,1.0986122886681098
PerfectSemantic,normal,cn_clear_3,clear,2009,1.0,0.0,0.0,normal,True,1.0,normal,0.0,-0.0
NoInfo,normal,cn_clear_4,clear,2009,0.35,0.35,0.3,normal,True,0.35,normal,0.635,1.0498221244986778
RuleBased,normal,cn_clear_4,clear,2009,0.4,0.3,0.3,normal,True,0.4,normal,0.5399999999999999,0.916290731874155
TFIDF_LogReg,normal,cn_clear_4,clear,2009,0.41635589992062505,0.3224886019453371,0.26115549813403793,normal,True,0.41635589992062505,normal,0.512841528147759,0.8762148558215702
TFIDF_LogReg_Calibrated,normal,cn_clear_4,clear,2009,0.8152522945874024,0.18474770541259752,0.0,normal,True,0.8152522945874024,normal,0.06826342931043984,0.2042576497353724
PerfectSemantic,normal,cn_clear_4,clear,2009,1.0,0.0,0.0,normal,True,1.0,normal,0.0,-0.0
NoInfo,normal,cn_moderate_1,moderate,2009,0.35,0.35,0.3,normal,True,0.35,normal,0.635,1.0498221244986778
RuleBased,normal,cn_moderate_1,moderate,2009,0.4,0.3,0.3,normal,True,0.4,normal,0.5399999999999999,0.916290731874155
TFIDF_LogReg,normal,cn_moderate_1,moderate,2009,0.43192448890766283,0.30087268657152244,0.2672028245208148,normal,True,0.43192448890766283,normal,0.48463150925948706,0.8395045002115374
TFIDF_LogReg_Calibrated,normal,cn_moderate_1,moderate,2009,1.0,0.0,0.0,normal,True,1.0,normal,0.0,-0.0
PerfectSemantic,normal,cn_moderate_1,moderate,2009,1.0,0.0,0.0,normal,True,1.0,normal,0.0,-0.0
NoInfo,normal,cn_moderate_2,moderate,2009,0.35,0.35,0.3,normal,True,0.35,normal,0.635,1.0498221244986778
RuleBased,normal,cn_moderate_2,moderate,2009,0.5714285714285715,0.4285714285714285,0.0,normal,True,0.5714285714285715,normal,0.36734693877551006,0.5596157879354225
TFIDF_LogReg,normal,cn_moderate_2,moderate,2009,0.4126177081662408,0.31618836773832154,0.27119392409543763,normal,True,0.4126177081662408,normal,0.5185391851191856,0.8852337607825816
TFIDF_LogReg_Calibrated,normal,cn_moderate_2,moderate,2009,0.8333333333333334,0.16666666666666666,0.0,normal,True,0.8333333333333334,normal,0.05555555555555554,0.1823215567939546
PerfectSemantic,normal,cn_moderate_2,moderate,2009,1.0,0.0,0.0,normal,True,1.0,normal,0.0,-0.0
NoInfo,normal,cn_moderate_3,moderate,2009,0.35,0.35,0.3,normal,True,0.35,normal,0.635,1.0498221244986778
RuleBased,normal,cn_moderate_3,moderate,2009,0.25,0.37499999999999994,0.37499999999999994,supplier_delay,False,0.37499999999999994,normal,0.84375,1.3862943611198906
TFIDF_LogReg,normal,cn_moderate_3,moderate,2009,0.3709692066833674,0.3385540718771397,0.2904767214394928,normal,True,0.3709692066833674,normal,0.5946753242233803,0.9916362206729205
TFIDF_LogReg_Calibrated,normal,cn_moderate_3,moderate,2009,0.6191542664225136,0.3808457335774864,0.0,normal,True,0.6191542664225136,normal,0.2900869455683475,0.4794008185711075
PerfectSemantic,normal,cn_moderate_3,moderate,2009,1.0,0.0,0.0,normal,True,1.0,normal,0.0,-0.0
NoInfo,normal,cn_moderate_4,moderate,2009,0.35,0.35,0.3,normal,True,0.35,normal,0.635,1.0498221244986778
RuleBased,normal,cn_moderate_4,moderate,2009,0.5714285714285715,0.0,0.4285714285714286,normal,True,0.5714285714285715,normal,0.36734693877551017,0.5596157879354225
TFIDF_LogReg,normal,cn_moderate_4,moderate,2009,0.49287152849181515,0.25134454143974627,0.25578393006843864,normal,True,0.49287152849181515,normal,0.3857787840070401,0.7075067301937508
TFIDF_LogReg_Calibrated,normal,cn_moderate_4,moderate,2009,0.928691645299736,0.0,0.07130835470026405,normal,True,0.928691645299736,normal,0.01016976290011733,0.07397851636453767
PerfectSemantic,normal,cn_moderate_4,moderate,2009,1.0,0.0,0.0,normal,True,1.0,normal,0.0,-0.0
NoInfo,normal,cn_vague_1,vague,2009,0.35,0.35,0.3,normal,True,0.35,normal,0.635,1.0498221244986778
RuleBased,normal,cn_vague_1,vague,2009,0.3333333333333333,0.3333333333333333,0.3333333333333333,normal,True,0.3333333333333333,normal,0.6666666666666667,1.0986122886681098
TFIDF_LogReg,normal,cn_vague_1,vague,2009,0.37801577405271997,0.3389159245994559,0.2830683013478241,normal,True,0.37801577405271997,normal,0.5818560445022838,0.972819353935033
TFIDF_LogReg_Calibrated,normal,cn_vague_1,vague,2009,0.6810946901721556,0.3189053098278444,0.0,normal,True,0.6810946901721556,normal,0.20340119327278683,0.38405393672450183
PerfectSemantic,normal,cn_vague_1,vague,2009,1.0,0.0,0.0,normal,True,1.0,normal,0.0,-0.0
NoInfo,normal,cn_vague_2,vague,2009,0.35,0.35,0.3,normal,True,0.35,normal,0.635,1.0498221244986778
RuleBased,normal,cn_vague_2,vague,2009,0.4,0.0,0.6,demand_surge,False,0.6,normal,0.72,0.916290731874155
TFIDF_LogReg,normal,cn_vague_2,vague,2009,0.41142597132376424,0.2827931455324748,0.30578088314376106,normal,True,0.41142597132376424,normal,0.5198932988885043,0.8881261746266123
TFIDF_LogReg_Calibrated,normal,cn_vague_2,vague,2009,0.8986105439460563,0.0,0.10138945605394371,normal,True,0.8986105439460563,normal,0.020559643597829157,0.10690554866680214
PerfectSemantic,normal,cn_vague_2,vague,2009,1.0,0.0,0.0,normal,True,1.0,normal,0.0,-0.0
NoInfo,normal,cn_vague_3,vague,2009,0.35,0.35,0.3,normal,True,0.35,normal,0.635,1.0498221244986778
RuleBased,normal,cn_vague_3,vague,2009,0.0,0.5,0.5,supplier_delay,False,0.5,normal,1.5,23.025850929940457
TFIDF_LogReg,normal,cn_vague_3,vague,2009,0.3771261334553238,0.3226942125589093,0.30017965398576696,normal,True,0.3771261334553238,normal,0.5822112331103444,0.9751755759911571
TFIDF_LogReg_Calibrated,normal,cn_vague_3,vague,2009,0.5910294823221457,0.3333333333333333,0.0756371843445209,normal,True,0.5910294823221457,normal,0.2840889790963703,0.5258893773344142
PerfectSemantic,normal,cn_vague_3,vague,2009,1.0,0.0,0.0,normal,True,1.0,normal,0.0,-0.0
NoInfo,normal,cn_vague_4,vague,2009,0.35,0.35,0.3,normal,True,0.35,normal,0.635,1.0498221244986778
RuleBased,normal,cn_vague_4,vague,2009,0.3333333333333333,0.3333333333333333,0.3333333333333333,normal,True,0.3333333333333333,normal,0.6666666666666667,1.0986122886681098
TFIDF_LogReg,normal,cn_vague_4,vague,2009,0.4241393062500869,0.2828361100259718,0.2930245837239413,normal,True,0.4241393062500869,normal,0.497475210407344,0.8576933252351051
TFIDF_LogReg_Calibrated,normal,cn_vague_4,vague,2009,1.0,0.0,0.0,normal,True,1.0,normal,0.0,-0.0
PerfectSemantic,normal,cn_vague_4,vague,2009,1.0,0.0,0.0,normal,True,1.0,normal,0.0,-0.0
NoInfo,normal,cn_clear_1,clear,2010,0.35,0.35,0.3,normal,True,0.35,normal,0.635,1.0498221244986778
RuleBased,normal,cn_clear_1,clear,2010,0.4,0.3,0.3,normal,True,0.4,normal,0.5399999999999999,0.916290731874155
TFIDF_LogReg,normal,cn_clear_1,clear,2010,0.3323343040870316,0.3524629406593451,0.3152027552536233,supplier_delay,False,0.3524629406593451,normal,0.669360382956657,1.1016138766685073
TFIDF_LogReg_Calibrated,normal,cn_clear_1,clear,2010,0.3549200303140416,0.5681700667326745,0.07690990295328393,supplier_delay,False,0.5681700667326745,normal,0.7448605251933322,1.0358627816040895
PerfectSemantic,normal,cn_clear_1,clear,2010,1.0,0.0,0.0,normal,True,1.0,normal,0.0,-0.0
NoInfo,normal,cn_clear_2,clear,2010,0.35,0.35,0.3,normal,True,0.35,normal,0.635,1.0498221244986778
RuleBased,normal,cn_clear_2,clear,2010,0.14285714285714288,0.4285714285714286,0.4285714285714286,supplier_delay,False,0.4285714285714286,normal,1.1020408163265305,1.9459101490553132
TFIDF_LogReg,normal,cn_clear_2,clear,2010,0.3781043422886062,0.34016609015996696,0.2817295675514269,normal,True,0.3781043422886062,normal,0.58183872720772,0.972585083653428
TFIDF_LogReg_Calibrated,normal,cn_clear_2,clear,2010,0.5013039514204657,0.49869604857953426,0.0,normal,True,0.5013039514204657,normal,0.49739549773768243,0.6905426723969152
PerfectSemantic,normal,cn_clear_2,clear,2010,1.0,0.0,0.0,normal,True,1.0,normal,0.0,-0.0
NoInfo,normal,cn_clear_3,clear,2010,0.35,0.35,0.3,normal,True,0.35,normal,0.635,1.0498221244986778
RuleBased,normal,cn_clear_3,clear,2010,0.25,0.37499999999999994,0.37499999999999994,supplier_delay,False,0.37499999999999994,normal,0.84375,1.3862943611198906
TFIDF_LogReg,normal,cn_clear_3,clear,2010,0.334759855595164,0.3424233534180738,0.32281679098676214,supplier_delay,False,0.3424233534180738,normal,0.6640088832368369,1.0943418531858087
TFIDF_LogReg_Calibrated,normal,cn_clear_3,clear,2010,0.3333333333333333,0.5733057904921544,0.09336087617451229,supplier_delay,False,0.5733057904921544,normal,0.7818402270563511,1.0986122886681098
PerfectSemantic,normal,cn_clear_3,clear,2010,1.0,0.0,0.0,normal,True,1.0,normal,0.0,-0.0
NoInfo,normal,cn_clear_4,clear,2010,0.35,0.35,0.3,normal,True,0.35,normal,0.635,1.0498221244986778
RuleBased,normal,cn_clear_4,clear,2010,0.4,0.3,0.3,normal,True,0.4,normal,0.5399999999999999,0.916290731874155
TFIDF_LogReg,normal,cn_clear_4,clear,2010,0.41635589992062505,0.3224886019453371,0.26115549813403793,normal,True,0.41635589992062505,normal,0.512841528147759,0.8762148558215702
TFIDF_LogReg_Calibrated,normal,cn_clear_4,clear,2010,0.8152522945874024,0.18474770541259752,0.0,normal,True,0.8152522945874024,normal,0.06826342931043984,0.2042576497353724
PerfectSemantic,normal,cn_clear_4,clear,2010,1.0,0.0,0.0,normal,True,1.0,normal,0.0,-0.0
NoInfo,normal,cn_moderate_1,moderate,2010,0.35,0.35,0.3,normal,True,0.35,normal,0.635,1.0498221244986778
RuleBased,normal,cn_moderate_1,moderate,2010,0.4,0.3,0.3,normal,True,0.4,normal,0.5399999999999999,0.916290731874155
TFIDF_LogReg,normal,cn_moderate_1,moderate,2010,0.43192448890766283,0.30087268657152244,0.2672028245208148,normal,True,0.43192448890766283,normal,0.48463150925948706,0.8395045002115374
TFIDF_LogReg_Calibrated,normal,cn_moderate_1,moderate,2010,1.0,0.0,0.0,normal,True,1.0,normal,0.0,-0.0
PerfectSemantic,normal,cn_moderate_1,moderate,2010,1.0,0.0,0.0,normal,True,1.0,normal,0.0,-0.0
NoInfo,normal,cn_moderate_2,moderate,2010,0.35,0.35,0.3,normal,True,0.35,normal,0.635,1.0498221244986778
RuleBased,normal,cn_moderate_2,moderate,2010,0.5714285714285715,0.4285714285714285,0.0,normal,True,0.5714285714285715,normal,0.36734693877551006,0.5596157879354225
TFIDF_LogReg,normal,cn_moderate_2,moderate,2010,0.4126177081662408,0.31618836773832154,0.27119392409543763,normal,True,0.4126177081662408,normal,0.5185391851191856,0.8852337607825816
TFIDF_LogReg_Calibrated,normal,cn_moderate_2,moderate,2010,0.8333333333333334,0.16666666666666666,0.0,normal,True,0.8333333333333334,normal,0.05555555555555554,0.1823215567939546
PerfectSemantic,normal,cn_moderate_2,moderate,2010,1.0,0.0,0.0,normal,True,1.0,normal,0.0,-0.0
NoInfo,normal,cn_moderate_3,moderate,2010,0.35,0.35,0.3,normal,True,0.35,normal,0.635,1.0498221244986778
RuleBased,normal,cn_moderate_3,moderate,2010,0.25,0.37499999999999994,0.37499999999999994,supplier_delay,False,0.37499999999999994,normal,0.84375,1.3862943611198906
TFIDF_LogReg,normal,cn_moderate_3,moderate,2010,0.3709692066833674,0.3385540718771397,0.2904767214394928,normal,True,0.3709692066833674,normal,0.5946753242233803,0.9916362206729205
TFIDF_LogReg_Calibrated,normal,cn_moderate_3,moderate,2010,0.6191542664225136,0.3808457335774864,0.0,normal,True,0.6191542664225136,normal,0.2900869455683475,0.4794008185711075
PerfectSemantic,normal,cn_moderate_3,moderate,2010,1.0,0.0,0.0,normal,True,1.0,normal,0.0,-0.0
NoInfo,normal,cn_moderate_4,moderate,2010,0.35,0.35,0.3,normal,True,0.35,normal,0.635,1.0498221244986778
RuleBased,normal,cn_moderate_4,moderate,2010,0.5714285714285715,0.0,0.4285714285714286,normal,True,0.5714285714285715,normal,0.36734693877551017,0.5596157879354225
TFIDF_LogReg,normal,cn_moderate_4,moderate,2010,0.49287152849181515,0.25134454143974627,0.25578393006843864,normal,True,0.49287152849181515,normal,0.3857787840070401,0.7075067301937508
TFIDF_LogReg_Calibrated,normal,cn_moderate_4,moderate,2010,0.928691645299736,0.0,0.07130835470026405,normal,True,0.928691645299736,normal,0.01016976290011733,0.07397851636453767
PerfectSemantic,normal,cn_moderate_4,moderate,2010,1.0,0.0,0.0,normal,True,1.0,normal,0.0,-0.0
NoInfo,normal,cn_vague_1,vague,2010,0.35,0.35,0.3,normal,True,0.35,normal,0.635,1.0498221244986778
RuleBased,normal,cn_vague_1,vague,2010,0.3333333333333333,0.3333333333333333,0.3333333333333333,normal,True,0.3333333333333333,normal,0.6666666666666667,1.0986122886681098
TFIDF_LogReg,normal,cn_vague_1,vague,2010,0.37801577405271997,0.3389159245994559,0.2830683013478241,normal,True,0.37801577405271997,normal,0.5818560445022838,0.972819353935033
TFIDF_LogReg_Calibrated,normal,cn_vague_1,vague,2010,0.6810946901721556,0.3189053098278444,0.0,normal,True,0.6810946901721556,normal,0.20340119327278683,0.38405393672450183
PerfectSemantic,normal,cn_vague_1,vague,2010,1.0,0.0,0.0,normal,True,1.0,normal,0.0,-0.0
NoInfo,normal,cn_vague_2,vague,2010,0.35,0.35,0.3,normal,True,0.35,normal,0.635,1.0498221244986778
RuleBased,normal,cn_vague_2,vague,2010,0.4,0.0,0.6,demand_surge,False,0.6,normal,0.72,0.916290731874155
TFIDF_LogReg,normal,cn_vague_2,vague,2010,0.41142597132376424,0.2827931455324748,0.30578088314376106,normal,True,0.41142597132376424,normal,0.5198932988885043,0.8881261746266123
TFIDF_LogReg_Calibrated,normal,cn_vague_2,vague,2010,0.8986105439460563,0.0,0.10138945605394371,normal,True,0.8986105439460563,normal,0.020559643597829157,0.10690554866680214
PerfectSemantic,normal,cn_vague_2,vague,2010,1.0,0.0,0.0,normal,True,1.0,normal,0.0,-0.0
NoInfo,normal,cn_vague_3,vague,2010,0.35,0.35,0.3,normal,True,0.35,normal,0.635,1.0498221244986778
RuleBased,normal,cn_vague_3,vague,2010,0.0,0.5,0.5,supplier_delay,False,0.5,normal,1.5,23.025850929940457
TFIDF_LogReg,normal,cn_vague_3,vague,2010,0.3771261334553238,0.3226942125589093,0.30017965398576696,normal,True,0.3771261334553238,normal,0.5822112331103444,0.9751755759911571
TFIDF_LogReg_Calibrated,normal,cn_vague_3,vague,2010,0.5910294823221457,0.3333333333333333,0.0756371843445209,normal,True,0.5910294823221457,normal,0.2840889790963703,0.5258893773344142
PerfectSemantic,normal,cn_vague_3,vague,2010,1.0,0.0,0.0,normal,True,1.0,normal,0.0,-0.0
NoInfo,normal,cn_vague_4,vague,2010,0.35,0.35,0.3,normal,True,0.35,normal,0.635,1.0498221244986778
RuleBased,normal,cn_vague_4,vague,2010,0.3333333333333333,0.3333333333333333,0.3333333333333333,normal,True,0.3333333333333333,normal,0.6666666666666667,1.0986122886681098
TFIDF_LogReg,normal,cn_vague_4,vague,2010,0.4241393062500869,0.2828361100259718,0.2930245837239413,normal,True,0.4241393062500869,normal,0.497475210407344,0.8576933252351051
TFIDF_LogReg_Calibrated,normal,cn_vague_4,vague,2010,1.0,0.0,0.0,normal,True,1.0,normal,0.0,-0.0
PerfectSemantic,normal,cn_vague_4,vague,2010,1.0,0.0,0.0,normal,True,1.0,normal,0.0,-0.0
NoInfo,normal,cn_clear_1,clear,2011,0.35,0.35,0.3,normal,True,0.35,normal,0.635,1.0498221244986778
RuleBased,normal,cn_clear_1,clear,2011,0.4,0.3,0.3,normal,True,0.4,normal,0.5399999999999999,0.916290731874155
TFIDF_LogReg,normal,cn_clear_1,clear,2011,0.3323343040870316,0.3524629406593451,0.3152027552536233,supplier_delay,False,0.3524629406593451,normal,0.669360382956657,1.1016138766685073
TFIDF_LogReg_Calibrated,normal,cn_clear_1,clear,2011,0.3549200303140416,0.5681700667326745,0.07690990295328393,supplier_delay,False,0.5681700667326745,normal,0.7448605251933322,1.0358627816040895
PerfectSemantic,normal,cn_clear_1,clear,2011,1.0,0.0,0.0,normal,True,1.0,normal,0.0,-0.0
NoInfo,normal,cn_clear_2,clear,2011,0.35,0.35,0.3,normal,True,0.35,normal,0.635,1.0498221244986778
RuleBased,normal,cn_clear_2,clear,2011,0.14285714285714288,0.4285714285714286,0.4285714285714286,supplier_delay,False,0.4285714285714286,normal,1.1020408163265305,1.9459101490553132
TFIDF_LogReg,normal,cn_clear_2,clear,2011,0.3781043422886062,0.34016609015996696,0.2817295675514269,normal,True,0.3781043422886062,normal,0.58183872720772,0.972585083653428
TFIDF_LogReg_Calibrated,normal,cn_clear_2,clear,2011,0.5013039514204657,0.49869604857953426,0.0,normal,True,0.5013039514204657,normal,0.49739549773768243,0.6905426723969152
PerfectSemantic,normal,cn_clear_2,clear,2011,1.0,0.0,0.0,normal,True,1.0,normal,0.0,-0.0
NoInfo,normal,cn_clear_3,clear,2011,0.35,0.35,0.3,normal,True,0.35,normal,0.635,1.0498221244986778
RuleBased,normal,cn_clear_3,clear,2011,0.25,0.37499999999999994,0.37499999999999994,supplier_delay,False,0.37499999999999994,normal,0.84375,1.3862943611198906
TFIDF_LogReg,normal,cn_clear_3,clear,2011,0.334759855595164,0.3424233534180738,0.32281679098676214,supplier_delay,False,0.3424233534180738,normal,0.6640088832368369,1.0943418531858087
TFIDF_LogReg_Calibrated,normal,cn_clear_3,clear,2011,0.3333333333333333,0.5733057904921544,0.09336087617451229,supplier_delay,False,0.5733057904921544,normal,0.7818402270563511,1.0986122886681098
PerfectSemantic,normal,cn_clear_3,clear,2011,1.0,0.0,0.0,normal,True,1.0,normal,0.0,-0.0
NoInfo,normal,cn_clear_4,clear,2011,0.35,0.35,0.3,normal,True,0.35,normal,0.635,1.0498221244986778
RuleBased,normal,cn_clear_4,clear,2011,0.4,0.3,0.3,normal,True,0.4,normal,0.5399999999999999,0.916290731874155
TFIDF_LogReg,normal,cn_clear_4,clear,2011,0.41635589992062505,0.3224886019453371,0.26115549813403793,normal,True,0.41635589992062505,normal,0.512841528147759,0.8762148558215702
TFIDF_LogReg_Calibrated,normal,cn_clear_4,clear,2011,0.8152522945874024,0.18474770541259752,0.0,normal,True,0.8152522945874024,normal,0.06826342931043984,0.2042576497353724
PerfectSemantic,normal,cn_clear_4,clear,2011,1.0,0.0,0.0,normal,True,1.0,normal,0.0,-0.0
NoInfo,normal,cn_moderate_1,moderate,2011,0.35,0.35,0.3,normal,True,0.35,normal,0.635,1.0498221244986778
RuleBased,normal,cn_moderate_1,moderate,2011,0.4,0.3,0.3,normal,True,0.4,normal,0.5399999999999999,0.916290731874155
TFIDF_LogReg,normal,cn_moderate_1,moderate,2011,0.43192448890766283,0.30087268657152244,0.2672028245208148,normal,True,0.43192448890766283,normal,0.48463150925948706,0.8395045002115374
TFIDF_LogReg_Calibrated,normal,cn_moderate_1,moderate,2011,1.0,0.0,0.0,normal,True,1.0,normal,0.0,-0.0
PerfectSemantic,normal,cn_moderate_1,moderate,2011,1.0,0.0,0.0,normal,True,1.0,normal,0.0,-0.0
NoInfo,normal,cn_moderate_2,moderate,2011,0.35,0.35,0.3,normal,True,0.35,normal,0.635,1.0498221244986778
RuleBased,normal,cn_moderate_2,moderate,2011,0.5714285714285715,0.4285714285714285,0.0,normal,True,0.5714285714285715,normal,0.36734693877551006,0.5596157879354225
TFIDF_LogReg,normal,cn_moderate_2,moderate,2011,0.4126177081662408,0.31618836773832154,0.27119392409543763,normal,True,0.4126177081662408,normal,0.5185391851191856,0.8852337607825816
TFIDF_LogReg_Calibrated,normal,cn_moderate_2,moderate,2011,0.8333333333333334,0.16666666666666666,0.0,normal,True,0.8333333333333334,normal,0.05555555555555554,0.1823215567939546
PerfectSemantic,normal,cn_moderate_2,moderate,2011,1.0,0.0,0.0,normal,True,1.0,normal,0.0,-0.0
NoInfo,normal,cn_moderate_3,moderate,2011,0.35,0.35,0.3,normal,True,0.35,normal,0.635,1.0498221244986778
RuleBased,normal,cn_moderate_3,moderate,2011,0.25,0.37499999999999994,0.37499999999999994,supplier_delay,False,0.37499999999999994,normal,0.84375,1.3862943611198906
TFIDF_LogReg,normal,cn_moderate_3,moderate,2011,0.3709692066833674,0.3385540718771397,0.2904767214394928,normal,True,0.3709692066833674,normal,0.5946753242233803,0.9916362206729205
TFIDF_LogReg_Calibrated,normal,cn_moderate_3,moderate,2011,0.6191542664225136,0.3808457335774864,0.0,normal,True,0.6191542664225136,normal,0.2900869455683475,0.4794008185711075
PerfectSemantic,normal,cn_moderate_3,moderate,2011,1.0,0.0,0.0,normal,True,1.0,normal,0.0,-0.0
NoInfo,normal,cn_moderate_4,moderate,2011,0.35,0.35,0.3,normal,True,0.35,normal,0.635,1.0498221244986778
RuleBased,normal,cn_moderate_4,moderate,2011,0.5714285714285715,0.0,0.4285714285714286,normal,True,0.5714285714285715,normal,0.36734693877551017,0.5596157879354225
TFIDF_LogReg,normal,cn_moderate_4,moderate,2011,0.49287152849181515,0.25134454143974627,0.25578393006843864,normal,True,0.49287152849181515,normal,0.3857787840070401,0.7075067301937508
TFIDF_LogReg_Calibrated,normal,cn_moderate_4,moderate,2011,0.928691645299736,0.0,0.07130835470026405,normal,True,0.928691645299736,normal,0.01016976290011733,0.07397851636453767
PerfectSemantic,normal,cn_moderate_4,moderate,2011,1.0,0.0,0.0,normal,True,1.0,normal,0.0,-0.0
NoInfo,normal,cn_vague_1,vague,2011,0.35,0.35,0.3,normal,True,0.35,normal,0.635,1.0498221244986778
RuleBased,normal,cn_vague_1,vague,2011,0.3333333333333333,0.3333333333333333,0.3333333333333333,normal,True,0.3333333333333333,normal,0.6666666666666667,1.0986122886681098
TFIDF_LogReg,normal,cn_vague_1,vague,2011,0.37801577405271997,0.3389159245994559,0.2830683013478241,normal,True,0.37801577405271997,normal,0.5818560445022838,0.972819353935033
TFIDF_LogReg_Calibrated,normal,cn_vague_1,vague,2011,0.6810946901721556,0.3189053098278444,0.0,normal,True,0.6810946901721556,normal,0.20340119327278683,0.38405393672450183
PerfectSemantic,normal,cn_vague_1,vague,2011,1.0,0.0,0.0,normal,True,1.0,normal,0.0,-0.0
NoInfo,normal,cn_vague_2,vague,2011,0.35,0.35,0.3,normal,True,0.35,normal,0.635,1.0498221244986778
RuleBased,normal,cn_vague_2,vague,2011,0.4,0.0,0.6,demand_surge,False,0.6,normal,0.72,0.916290731874155
TFIDF_LogReg,normal,cn_vague_2,vague,2011,0.41142597132376424,0.2827931455324748,0.30578088314376106,normal,True,0.41142597132376424,normal,0.5198932988885043,0.8881261746266123
TFIDF_LogReg_Calibrated,normal,cn_vague_2,vague,2011,0.8986105439460563,0.0,0.10138945605394371,normal,True,0.8986105439460563,normal,0.020559643597829157,0.10690554866680214
PerfectSemantic,normal,cn_vague_2,vague,2011,1.0,0.0,0.0,normal,True,1.0,normal,0.0,-0.0
NoInfo,normal,cn_vague_3,vague,2011,0.35,0.35,0.3,normal,True,0.35,normal,0.635,1.0498221244986778
RuleBased,normal,cn_vague_3,vague,2011,0.0,0.5,0.5,supplier_delay,False,0.5,normal,1.5,23.025850929940457
TFIDF_LogReg,normal,cn_vague_3,vague,2011,0.3771261334553238,0.3226942125589093,0.30017965398576696,normal,True,0.3771261334553238,normal,0.5822112331103444,0.9751755759911571
TFIDF_LogReg_Calibrated,normal,cn_vague_3,vague,2011,0.5910294823221457,0.3333333333333333,0.0756371843445209,normal,True,0.5910294823221457,normal,0.2840889790963703,0.5258893773344142
PerfectSemantic,normal,cn_vague_3,vague,2011,1.0,0.0,0.0,normal,True,1.0,normal,0.0,-0.0
NoInfo,normal,cn_vague_4,vague,2011,0.35,0.35,0.3,normal,True,0.35,normal,0.635,1.0498221244986778
RuleBased,normal,cn_vague_4,vague,2011,0.3333333333333333,0.3333333333333333,0.3333333333333333,normal,True,0.3333333333333333,normal,0.6666666666666667,1.0986122886681098
TFIDF_LogReg,normal,cn_vague_4,vague,2011,0.4241393062500869,0.2828361100259718,0.2930245837239413,normal,True,0.4241393062500869,normal,0.497475210407344,0.8576933252351051
TFIDF_LogReg_Calibrated,normal,cn_vague_4,vague,2011,1.0,0.0,0.0,normal,True,1.0,normal,0.0,-0.0
PerfectSemantic,normal,cn_vague_4,vague,2011,1.0,0.0,0.0,normal,True,1.0,normal,0.0,-0.0
NoInfo,normal,cn_clear_1,clear,2012,0.35,0.35,0.3,normal,True,0.35,normal,0.635,1.0498221244986778
RuleBased,normal,cn_clear_1,clear,2012,0.4,0.3,0.3,normal,True,0.4,normal,0.5399999999999999,0.916290731874155
TFIDF_LogReg,normal,cn_clear_1,clear,2012,0.3323343040870316,0.3524629406593451,0.3152027552536233,supplier_delay,False,0.3524629406593451,normal,0.669360382956657,1.1016138766685073
TFIDF_LogReg_Calibrated,normal,cn_clear_1,clear,2012,0.3549200303140416,0.5681700667326745,0.07690990295328393,supplier_delay,False,0.5681700667326745,normal,0.7448605251933322,1.0358627816040895
PerfectSemantic,normal,cn_clear_1,clear,2012,1.0,0.0,0.0,normal,True,1.0,normal,0.0,-0.0
NoInfo,normal,cn_clear_2,clear,2012,0.35,0.35,0.3,normal,True,0.35,normal,0.635,1.0498221244986778
RuleBased,normal,cn_clear_2,clear,2012,0.14285714285714288,0.4285714285714286,0.4285714285714286,supplier_delay,False,0.4285714285714286,normal,1.1020408163265305,1.9459101490553132
TFIDF_LogReg,normal,cn_clear_2,clear,2012,0.3781043422886062,0.34016609015996696,0.2817295675514269,normal,True,0.3781043422886062,normal,0.58183872720772,0.972585083653428
TFIDF_LogReg_Calibrated,normal,cn_clear_2,clear,2012,0.5013039514204657,0.49869604857953426,0.0,normal,True,0.5013039514204657,normal,0.49739549773768243,0.6905426723969152
PerfectSemantic,normal,cn_clear_2,clear,2012,1.0,0.0,0.0,normal,True,1.0,normal,0.0,-0.0
NoInfo,normal,cn_clear_3,clear,2012,0.35,0.35,0.3,normal,True,0.35,normal,0.635,1.0498221244986778
RuleBased,normal,cn_clear_3,clear,2012,0.25,0.37499999999999994,0.37499999999999994,supplier_delay,False,0.37499999999999994,normal,0.84375,1.3862943611198906
TFIDF_LogReg,normal,cn_clear_3,clear,2012,0.334759855595164,0.3424233534180738,0.32281679098676214,supplier_delay,False,0.3424233534180738,normal,0.6640088832368369,1.0943418531858087
TFIDF_LogReg_Calibrated,normal,cn_clear_3,clear,2012,0.3333333333333333,0.5733057904921544,0.09336087617451229,supplier_delay,False,0.5733057904921544,normal,0.7818402270563511,1.0986122886681098
PerfectSemantic,normal,cn_clear_3,clear,2012,1.0,0.0,0.0,normal,True,1.0,normal,0.0,-0.0
NoInfo,normal,cn_clear_4,clear,2012,0.35,0.35,0.3,normal,True,0.35,normal,0.635,1.0498221244986778
RuleBased,normal,cn_clear_4,clear,2012,0.4,0.3,0.3,normal,True,0.4,normal,0.5399999999999999,0.916290731874155
TFIDF_LogReg,normal,cn_clear_4,clear,2012,0.41635589992062505,0.3224886019453371,0.26115549813403793,normal,True,0.41635589992062505,normal,0.512841528147759,0.8762148558215702
TFIDF_LogReg_Calibrated,normal,cn_clear_4,clear,2012,0.8152522945874024,0.18474770541259752,0.0,normal,True,0.8152522945874024,normal,0.06826342931043984,0.2042576497353724
PerfectSemantic,normal,cn_clear_4,clear,2012,1.0,0.0,0.0,normal,True,1.0,normal,0.0,-0.0
NoInfo,normal,cn_moderate_1,moderate,2012,0.35,0.35,0.3,normal,True,0.35,normal,0.635,1.0498221244986778
RuleBased,normal,cn_moderate_1,moderate,2012,0.4,0.3,0.3,normal,True,0.4,normal,0.5399999999999999,0.916290731874155
TFIDF_LogReg,normal,cn_moderate_1,moderate,2012,0.43192448890766283,0.30087268657152244,0.2672028245208148,normal,True,0.43192448890766283,normal,0.48463150925948706,0.8395045002115374
TFIDF_LogReg_Calibrated,normal,cn_moderate_1,moderate,2012,1.0,0.0,0.0,normal,True,1.0,normal,0.0,-0.0
PerfectSemantic,normal,cn_moderate_1,moderate,2012,1.0,0.0,0.0,normal,True,1.0,normal,0.0,-0.0
NoInfo,normal,cn_moderate_2,moderate,2012,0.35,0.35,0.3,normal,True,0.35,normal,0.635,1.0498221244986778
RuleBased,normal,cn_moderate_2,moderate,2012,0.5714285714285715,0.4285714285714285,0.0,normal,True,0.5714285714285715,normal,0.36734693877551006,0.5596157879354225
TFIDF_LogReg,normal,cn_moderate_2,moderate,2012,0.4126177081662408,0.31618836773832154,0.27119392409543763,normal,True,0.4126177081662408,normal,0.5185391851191856,0.8852337607825816
TFIDF_LogReg_Calibrated,normal,cn_moderate_2,moderate,2012,0.8333333333333334,0.16666666666666666,0.0,normal,True,0.8333333333333334,normal,0.05555555555555554,0.1823215567939546
PerfectSemantic,normal,cn_moderate_2,moderate,2012,1.0,0.0,0.0,normal,True,1.0,normal,0.0,-0.0
NoInfo,normal,cn_moderate_3,moderate,2012,0.35,0.35,0.3,normal,True,0.35,normal,0.635,1.0498221244986778
RuleBased,normal,cn_moderate_3,moderate,2012,0.25,0.37499999999999994,0.37499999999999994,supplier_delay,False,0.37499999999999994,normal,0.84375,1.3862943611198906
TFIDF_LogReg,normal,cn_moderate_3,moderate,2012,0.3709692066833674,0.3385540718771397,0.2904767214394928,normal,True,0.3709692066833674,normal,0.5946753242233803,0.9916362206729205
TFIDF_LogReg_Calibrated,normal,cn_moderate_3,moderate,2012,0.6191542664225136,0.3808457335774864,0.0,normal,True,0.6191542664225136,normal,0.2900869455683475,0.4794008185711075
PerfectSemantic,normal,cn_moderate_3,moderate,2012,1.0,0.0,0.0,normal,True,1.0,normal,0.0,-0.0
NoInfo,normal,cn_moderate_4,moderate,2012,0.35,0.35,0.3,normal,True,0.35,normal,0.635,1.0498221244986778
RuleBased,normal,cn_moderate_4,moderate,2012,0.5714285714285715,0.0,0.4285714285714286,normal,True,0.5714285714285715,normal,0.36734693877551017,0.5596157879354225
TFIDF_LogReg,normal,cn_moderate_4,moderate,2012,0.49287152849181515,0.25134454143974627,0.25578393006843864,normal,True,0.49287152849181515,normal,0.3857787840070401,0.7075067301937508
TFIDF_LogReg_Calibrated,normal,cn_moderate_4,moderate,2012,0.928691645299736,0.0,0.07130835470026405,normal,True,0.928691645299736,normal,0.01016976290011733,0.07397851636453767
PerfectSemantic,normal,cn_moderate_4,moderate,2012,1.0,0.0,0.0,normal,True,1.0,normal,0.0,-0.0
NoInfo,normal,cn_vague_1,vague,2012,0.35,0.35,0.3,normal,True,0.35,normal,0.635,1.0498221244986778
RuleBased,normal,cn_vague_1,vague,2012,0.3333333333333333,0.3333333333333333,0.3333333333333333,normal,True,0.3333333333333333,normal,0.6666666666666667,1.0986122886681098
TFIDF_LogReg,normal,cn_vague_1,vague,2012,0.37801577405271997,0.3389159245994559,0.2830683013478241,normal,True,0.37801577405271997,normal,0.5818560445022838,0.972819353935033
TFIDF_LogReg_Calibrated,normal,cn_vague_1,vague,2012,0.6810946901721556,0.3189053098278444,0.0,normal,True,0.6810946901721556,normal,0.20340119327278683,0.38405393672450183
PerfectSemantic,normal,cn_vague_1,vague,2012,1.0,0.0,0.0,normal,True,1.0,normal,0.0,-0.0
NoInfo,normal,cn_vague_2,vague,2012,0.35,0.35,0.3,normal,True,0.35,normal,0.635,1.0498221244986778
RuleBased,normal,cn_vague_2,vague,2012,0.4,0.0,0.6,demand_surge,False,0.6,normal,0.72,0.916290731874155
TFIDF_LogReg,normal,cn_vague_2,vague,2012,0.41142597132376424,0.2827931455324748,0.30578088314376106,normal,True,0.41142597132376424,normal,0.5198932988885043,0.8881261746266123
TFIDF_LogReg_Calibrated,normal,cn_vague_2,vague,2012,0.8986105439460563,0.0,0.10138945605394371,normal,True,0.8986105439460563,normal,0.020559643597829157,0.10690554866680214
PerfectSemantic,normal,cn_vague_2,vague,2012,1.0,0.0,0.0,normal,True,1.0,normal,0.0,-0.0
NoInfo,normal,cn_vague_3,vague,2012,0.35,0.35,0.3,normal,True,0.35,normal,0.635,1.0498221244986778
RuleBased,normal,cn_vague_3,vague,2012,0.0,0.5,0.5,supplier_delay,False,0.5,normal,1.5,23.025850929940457
TFIDF_LogReg,normal,cn_vague_3,vague,2012,0.3771261334553238,0.3226942125589093,0.30017965398576696,normal,True,0.3771261334553238,normal,0.5822112331103444,0.9751755759911571
TFIDF_LogReg_Calibrated,normal,cn_vague_3,vague,2012,0.5910294823221457,0.3333333333333333,0.0756371843445209,normal,True,0.5910294823221457,normal,0.2840889790963703,0.5258893773344142
PerfectSemantic,normal,cn_vague_3,vague,2012,1.0,0.0,0.0,normal,True,1.0,normal,0.0,-0.0
NoInfo,normal,cn_vague_4,vague,2012,0.35,0.35,0.3,normal,True,0.35,normal,0.635,1.0498221244986778
RuleBased,normal,cn_vague_4,vague,2012,0.3333333333333333,0.3333333333333333,0.3333333333333333,normal,True,0.3333333333333333,normal,0.6666666666666667,1.0986122886681098
TFIDF_LogReg,normal,cn_vague_4,vague,2012,0.4241393062500869,0.2828361100259718,0.2930245837239413,normal,True,0.4241393062500869,normal,0.497475210407344,0.8576933252351051
TFIDF_LogReg_Calibrated,normal,cn_vague_4,vague,2012,1.0,0.0,0.0,normal,True,1.0,normal,0.0,-0.0
PerfectSemantic,normal,cn_vague_4,vague,2012,1.0,0.0,0.0,normal,True,1.0,normal,0.0,-0.0
NoInfo,normal,cn_clear_1,clear,2013,0.35,0.35,0.3,normal,True,0.35,normal,0.635,1.0498221244986778
RuleBased,normal,cn_clear_1,clear,2013,0.4,0.3,0.3,normal,True,0.4,normal,0.5399999999999999,0.916290731874155
TFIDF_LogReg,normal,cn_clear_1,clear,2013,0.3323343040870316,0.3524629406593451,0.3152027552536233,supplier_delay,False,0.3524629406593451,normal,0.669360382956657,1.1016138766685073
TFIDF_LogReg_Calibrated,normal,cn_clear_1,clear,2013,0.3549200303140416,0.5681700667326745,0.07690990295328393,supplier_delay,False,0.5681700667326745,normal,0.7448605251933322,1.0358627816040895
PerfectSemantic,normal,cn_clear_1,clear,2013,1.0,0.0,0.0,normal,True,1.0,normal,0.0,-0.0
NoInfo,normal,cn_clear_2,clear,2013,0.35,0.35,0.3,normal,True,0.35,normal,0.635,1.0498221244986778
RuleBased,normal,cn_clear_2,clear,2013,0.14285714285714288,0.4285714285714286,0.4285714285714286,supplier_delay,False,0.4285714285714286,normal,1.1020408163265305,1.9459101490553132
TFIDF_LogReg,normal,cn_clear_2,clear,2013,0.3781043422886062,0.34016609015996696,0.2817295675514269,normal,True,0.3781043422886062,normal,0.58183872720772,0.972585083653428
TFIDF_LogReg_Calibrated,normal,cn_clear_2,clear,2013,0.5013039514204657,0.49869604857953426,0.0,normal,True,0.5013039514204657,normal,0.49739549773768243,0.6905426723969152
PerfectSemantic,normal,cn_clear_2,clear,2013,1.0,0.0,0.0,normal,True,1.0,normal,0.0,-0.0
NoInfo,normal,cn_clear_3,clear,2013,0.35,0.35,0.3,normal,True,0.35,normal,0.635,1.0498221244986778
RuleBased,normal,cn_clear_3,clear,2013,0.25,0.37499999999999994,0.37499999999999994,supplier_delay,False,0.37499999999999994,normal,0.84375,1.3862943611198906
TFIDF_LogReg,normal,cn_clear_3,clear,2013,0.334759855595164,0.3424233534180738,0.32281679098676214,supplier_delay,False,0.3424233534180738,normal,0.6640088832368369,1.0943418531858087
TFIDF_LogReg_Calibrated,normal,cn_clear_3,clear,2013,0.3333333333333333,0.5733057904921544,0.09336087617451229,supplier_delay,False,0.5733057904921544,normal,0.7818402270563511,1.0986122886681098
PerfectSemantic,normal,cn_clear_3,clear,2013,1.0,0.0,0.0,normal,True,1.0,normal,0.0,-0.0
NoInfo,normal,cn_clear_4,clear,2013,0.35,0.35,0.3,normal,True,0.35,normal,0.635,1.0498221244986778
RuleBased,normal,cn_clear_4,clear,2013,0.4,0.3,0.3,normal,True,0.4,normal,0.5399999999999999,0.916290731874155
TFIDF_LogReg,normal,cn_clear_4,clear,2013,0.41635589992062505,0.3224886019453371,0.26115549813403793,normal,True,0.41635589992062505,normal,0.512841528147759,0.8762148558215702
TFIDF_LogReg_Calibrated,normal,cn_clear_4,clear,2013,0.8152522945874024,0.18474770541259752,0.0,normal,True,0.8152522945874024,normal,0.06826342931043984,0.2042576497353724
PerfectSemantic,normal,cn_clear_4,clear,2013,1.0,0.0,0.0,normal,True,1.0,normal,0.0,-0.0
NoInfo,normal,cn_moderate_1,moderate,2013,0.35,0.35,0.3,normal,True,0.35,normal,0.635,1.0498221244986778
RuleBased,normal,cn_moderate_1,moderate,2013,0.4,0.3,0.3,normal,True,0.4,normal,0.5399999999999999,0.916290731874155
TFIDF_LogReg,normal,cn_moderate_1,moderate,2013,0.43192448890766283,0.30087268657152244,0.2672028245208148,normal,True,0.43192448890766283,normal,0.48463150925948706,0.8395045002115374
TFIDF_LogReg_Calibrated,normal,cn_moderate_1,moderate,2013,1.0,0.0,0.0,normal,True,1.0,normal,0.0,-0.0
PerfectSemantic,normal,cn_moderate_1,moderate,2013,1.0,0.0,0.0,normal,True,1.0,normal,0.0,-0.0
NoInfo,normal,cn_moderate_2,moderate,2013,0.35,0.35,0.3,normal,True,0.35,normal,0.635,1.0498221244986778
RuleBased,normal,cn_moderate_2,moderate,2013,0.5714285714285715,0.4285714285714285,0.0,normal,True,0.5714285714285715,normal,0.36734693877551006,0.5596157879354225
TFIDF_LogReg,normal,cn_moderate_2,moderate,2013,0.4126177081662408,0.31618836773832154,0.27119392409543763,normal,True,0.4126177081662408,normal,0.5185391851191856,0.8852337607825816
TFIDF_LogReg_Calibrated,normal,cn_moderate_2,moderate,2013,0.8333333333333334,0.16666666666666666,0.0,normal,True,0.8333333333333334,normal,0.05555555555555554,0.1823215567939546
PerfectSemantic,normal,cn_moderate_2,moderate,2013,1.0,0.0,0.0,normal,True,1.0,normal,0.0,-0.0
NoInfo,normal,cn_moderate_3,moderate,2013,0.35,0.35,0.3,normal,True,0.35,normal,0.635,1.0498221244986778
RuleBased,normal,cn_moderate_3,moderate,2013,0.25,0.37499999999999994,0.37499999999999994,supplier_delay,False,0.37499999999999994,normal,0.84375,1.3862943611198906
TFIDF_LogReg,normal,cn_moderate_3,moderate,2013,0.3709692066833674,0.3385540718771397,0.2904767214394928,normal,True,0.3709692066833674,normal,0.5946753242233803,0.9916362206729205
TFIDF_LogReg_Calibrated,normal,cn_moderate_3,moderate,2013,0.6191542664225136,0.3808457335774864,0.0,normal,True,0.6191542664225136,normal,0.2900869455683475,0.4794008185711075
PerfectSemantic,normal,cn_moderate_3,moderate,2013,1.0,0.0,0.0,normal,True,1.0,normal,0.0,-0.0
NoInfo,normal,cn_moderate_4,moderate,2013,0.35,0.35,0.3,normal,True,0.35,normal,0.635,1.0498221244986778
RuleBased,normal,cn_moderate_4,moderate,2013,0.5714285714285715,0.0,0.4285714285714286,normal,True,0.5714285714285715,normal,0.36734693877551017,0.5596157879354225
TFIDF_LogReg,normal,cn_moderate_4,moderate,2013,0.49287152849181515,0.25134454143974627,0.25578393006843864,normal,True,0.49287152849181515,normal,0.3857787840070401,0.7075067301937508
TFIDF_LogReg_Calibrated,normal,cn_moderate_4,moderate,2013,0.928691645299736,0.0,0.07130835470026405,normal,True,0.928691645299736,normal,0.01016976290011733,0.07397851636453767
PerfectSemantic,normal,cn_moderate_4,moderate,2013,1.0,0.0,0.0,normal,True,1.0,normal,0.0,-0.0
NoInfo,normal,cn_vague_1,vague,2013,0.35,0.35,0.3,normal,True,0.35,normal,0.635,1.0498221244986778
RuleBased,normal,cn_vague_1,vague,2013,0.3333333333333333,0.3333333333333333,0.3333333333333333,normal,True,0.3333333333333333,normal,0.6666666666666667,1.0986122886681098
TFIDF_LogReg,normal,cn_vague_1,vague,2013,0.37801577405271997,0.3389159245994559,0.2830683013478241,normal,True,0.37801577405271997,normal,0.5818560445022838,0.972819353935033
TFIDF_LogReg_Calibrated,normal,cn_vague_1,vague,2013,0.6810946901721556,0.3189053098278444,0.0,normal,True,0.6810946901721556,normal,0.20340119327278683,0.38405393672450183
PerfectSemantic,normal,cn_vague_1,vague,2013,1.0,0.0,0.0,normal,True,1.0,normal,0.0,-0.0
NoInfo,normal,cn_vague_2,vague,2013,0.35,0.35,0.3,normal,True,0.35,normal,0.635,1.0498221244986778
RuleBased,normal,cn_vague_2,vague,2013,0.4,0.0,0.6,demand_surge,False,0.6,normal,0.72,0.916290731874155
TFIDF_LogReg,normal,cn_vague_2,vague,2013,0.41142597132376424,0.2827931455324748,0.30578088314376106,normal,True,0.41142597132376424,normal,0.5198932988885043,0.8881261746266123
TFIDF_LogReg_Calibrated,normal,cn_vague_2,vague,2013,0.8986105439460563,0.0,0.10138945605394371,normal,True,0.8986105439460563,normal,0.020559643597829157,0.10690554866680214
PerfectSemantic,normal,cn_vague_2,vague,2013,1.0,0.0,0.0,normal,True,1.0,normal,0.0,-0.0
NoInfo,normal,cn_vague_3,vague,2013,0.35,0.35,0.3,normal,True,0.35,normal,0.635,1.0498221244986778
RuleBased,normal,cn_vague_3,vague,2013,0.0,0.5,0.5,supplier_delay,False,0.5,normal,1.5,23.025850929940457
TFIDF_LogReg,normal,cn_vague_3,vague,2013,0.3771261334553238,0.3226942125589093,0.30017965398576696,normal,True,0.3771261334553238,normal,0.5822112331103444,0.9751755759911571
TFIDF_LogReg_Calibrated,normal,cn_vague_3,vague,2013,0.5910294823221457,0.3333333333333333,0.0756371843445209,normal,True,0.5910294823221457,normal,0.2840889790963703,0.5258893773344142
PerfectSemantic,normal,cn_vague_3,vague,2013,1.0,0.0,0.0,normal,True,1.0,normal,0.0,-0.0
NoInfo,normal,cn_vague_4,vague,2013,0.35,0.35,0.3,normal,True,0.35,normal,0.635,1.0498221244986778
RuleBased,normal,cn_vague_4,vague,2013,0.3333333333333333,0.3333333333333333,0.3333333333333333,normal,True,0.3333333333333333,normal,0.6666666666666667,1.0986122886681098
TFIDF_LogReg,normal,cn_vague_4,vague,2013,0.4241393062500869,0.2828361100259718,0.2930245837239413,normal,True,0.4241393062500869,normal,0.497475210407344,0.8576933252351051
TFIDF_LogReg_Calibrated,normal,cn_vague_4,vague,2013,1.0,0.0,0.0,normal,True,1.0,normal,0.0,-0.0
PerfectSemantic,normal,cn_vague_4,vague,2013,1.0,0.0,0.0,normal,True,1.0,normal,0.0,-0.0
NoInfo,normal,cn_clear_1,clear,2014,0.35,0.35,0.3,normal,True,0.35,normal,0.635,1.0498221244986778
RuleBased,normal,cn_clear_1,clear,2014,0.4,0.3,0.3,normal,True,0.4,normal,0.5399999999999999,0.916290731874155
TFIDF_LogReg,normal,cn_clear_1,clear,2014,0.3323343040870316,0.3524629406593451,0.3152027552536233,supplier_delay,False,0.3524629406593451,normal,0.669360382956657,1.1016138766685073
TFIDF_LogReg_Calibrated,normal,cn_clear_1,clear,2014,0.3549200303140416,0.5681700667326745,0.07690990295328393,supplier_delay,False,0.5681700667326745,normal,0.7448605251933322,1.0358627816040895
PerfectSemantic,normal,cn_clear_1,clear,2014,1.0,0.0,0.0,normal,True,1.0,normal,0.0,-0.0
NoInfo,normal,cn_clear_2,clear,2014,0.35,0.35,0.3,normal,True,0.35,normal,0.635,1.0498221244986778
RuleBased,normal,cn_clear_2,clear,2014,0.14285714285714288,0.4285714285714286,0.4285714285714286,supplier_delay,False,0.4285714285714286,normal,1.1020408163265305,1.9459101490553132
TFIDF_LogReg,normal,cn_clear_2,clear,2014,0.3781043422886062,0.34016609015996696,0.2817295675514269,normal,True,0.3781043422886062,normal,0.58183872720772,0.972585083653428
TFIDF_LogReg_Calibrated,normal,cn_clear_2,clear,2014,0.5013039514204657,0.49869604857953426,0.0,normal,True,0.5013039514204657,normal,0.49739549773768243,0.6905426723969152
PerfectSemantic,normal,cn_clear_2,clear,2014,1.0,0.0,0.0,normal,True,1.0,normal,0.0,-0.0
NoInfo,normal,cn_clear_3,clear,2014,0.35,0.35,0.3,normal,True,0.35,normal,0.635,1.0498221244986778
RuleBased,normal,cn_clear_3,clear,2014,0.25,0.37499999999999994,0.37499999999999994,supplier_delay,False,0.37499999999999994,normal,0.84375,1.3862943611198906
TFIDF_LogReg,normal,cn_clear_3,clear,2014,0.334759855595164,0.3424233534180738,0.32281679098676214,supplier_delay,False,0.3424233534180738,normal,0.6640088832368369,1.0943418531858087
TFIDF_LogReg_Calibrated,normal,cn_clear_3,clear,2014,0.3333333333333333,0.5733057904921544,0.09336087617451229,supplier_delay,False,0.5733057904921544,normal,0.7818402270563511,1.0986122886681098
PerfectSemantic,normal,cn_clear_3,clear,2014,1.0,0.0,0.0,normal,True,1.0,normal,0.0,-0.0
NoInfo,normal,cn_clear_4,clear,2014,0.35,0.35,0.3,normal,True,0.35,normal,0.635,1.0498221244986778
RuleBased,normal,cn_clear_4,clear,2014,0.4,0.3,0.3,normal,True,0.4,normal,0.5399999999999999,0.916290731874155
TFIDF_LogReg,normal,cn_clear_4,clear,2014,0.41635589992062505,0.3224886019453371,0.26115549813403793,normal,True,0.41635589992062505,normal,0.512841528147759,0.8762148558215702
TFIDF_LogReg_Calibrated,normal,cn_clear_4,clear,2014,0.8152522945874024,0.18474770541259752,0.0,normal,True,0.8152522945874024,normal,0.06826342931043984,0.2042576497353724
PerfectSemantic,normal,cn_clear_4,clear,2014,1.0,0.0,0.0,normal,True,1.0,normal,0.0,-0.0
NoInfo,normal,cn_moderate_1,moderate,2014,0.35,0.35,0.3,normal,True,0.35,normal,0.635,1.0498221244986778
RuleBased,normal,cn_moderate_1,moderate,2014,0.4,0.3,0.3,normal,True,0.4,normal,0.5399999999999999,0.916290731874155
TFIDF_LogReg,normal,cn_moderate_1,moderate,2014,0.43192448890766283,0.30087268657152244,0.2672028245208148,normal,True,0.43192448890766283,normal,0.48463150925948706,0.8395045002115374
TFIDF_LogReg_Calibrated,normal,cn_moderate_1,moderate,2014,1.0,0.0,0.0,normal,True,1.0,normal,0.0,-0.0
PerfectSemantic,normal,cn_moderate_1,moderate,2014,1.0,0.0,0.0,normal,True,1.0,normal,0.0,-0.0
NoInfo,normal,cn_moderate_2,moderate,2014,0.35,0.35,0.3,normal,True,0.35,normal,0.635,1.0498221244986778
RuleBased,normal,cn_moderate_2,moderate,2014,0.5714285714285715,0.4285714285714285,0.0,normal,True,0.5714285714285715,normal,0.36734693877551006,0.5596157879354225
TFIDF_LogReg,normal,cn_moderate_2,moderate,2014,0.4126177081662408,0.31618836773832154,0.27119392409543763,normal,True,0.4126177081662408,normal,0.5185391851191856,0.8852337607825816
TFIDF_LogReg_Calibrated,normal,cn_moderate_2,moderate,2014,0.8333333333333334,0.16666666666666666,0.0,normal,True,0.8333333333333334,normal,0.05555555555555554,0.1823215567939546
PerfectSemantic,normal,cn_moderate_2,moderate,2014,1.0,0.0,0.0,normal,True,1.0,normal,0.0,-0.0
NoInfo,normal,cn_moderate_3,moderate,2014,0.35,0.35,0.3,normal,True,0.35,normal,0.635,1.0498221244986778
RuleBased,normal,cn_moderate_3,moderate,2014,0.25,0.37499999999999994,0.37499999999999994,supplier_delay,False,0.37499999999999994,normal,0.84375,1.3862943611198906
TFIDF_LogReg,normal,cn_moderate_3,moderate,2014,0.3709692066833674,0.3385540718771397,0.2904767214394928,normal,True,0.3709692066833674,normal,0.5946753242233803,0.9916362206729205
TFIDF_LogReg_Calibrated,normal,cn_moderate_3,moderate,2014,0.6191542664225136,0.3808457335774864,0.0,normal,True,0.6191542664225136,normal,0.2900869455683475,0.4794008185711075
PerfectSemantic,normal,cn_moderate_3,moderate,2014,1.0,0.0,0.0,normal,True,1.0,normal,0.0,-0.0
NoInfo,normal,cn_moderate_4,moderate,2014,0.35,0.35,0.3,normal,True,0.35,normal,0.635,1.0498221244986778
RuleBased,normal,cn_moderate_4,moderate,2014,0.5714285714285715,0.0,0.4285714285714286,normal,True,0.5714285714285715,normal,0.36734693877551017,0.5596157879354225
TFIDF_LogReg,normal,cn_moderate_4,moderate,2014,0.49287152849181515,0.25134454143974627,0.25578393006843864,normal,True,0.49287152849181515,normal,0.3857787840070401,0.7075067301937508
TFIDF_LogReg_Calibrated,normal,cn_moderate_4,moderate,2014,0.928691645299736,0.0,0.07130835470026405,normal,True,0.928691645299736,normal,0.01016976290011733,0.07397851636453767
PerfectSemantic,normal,cn_moderate_4,moderate,2014,1.0,0.0,0.0,normal,True,1.0,normal,0.0,-0.0
NoInfo,normal,cn_vague_1,vague,2014,0.35,0.35,0.3,normal,True,0.35,normal,0.635,1.0498221244986778
RuleBased,normal,cn_vague_1,vague,2014,0.3333333333333333,0.3333333333333333,0.3333333333333333,normal,True,0.3333333333333333,normal,0.6666666666666667,1.0986122886681098
TFIDF_LogReg,normal,cn_vague_1,vague,2014,0.37801577405271997,0.3389159245994559,0.2830683013478241,normal,True,0.37801577405271997,normal,0.5818560445022838,0.972819353935033
TFIDF_LogReg_Calibrated,normal,cn_vague_1,vague,2014,0.6810946901721556,0.3189053098278444,0.0,normal,True,0.6810946901721556,normal,0.20340119327278683,0.38405393672450183
PerfectSemantic,normal,cn_vague_1,vague,2014,1.0,0.0,0.0,normal,True,1.0,normal,0.0,-0.0
NoInfo,normal,cn_vague_2,vague,2014,0.35,0.35,0.3,normal,True,0.35,normal,0.635,1.0498221244986778
RuleBased,normal,cn_vague_2,vague,2014,0.4,0.0,0.6,demand_surge,False,0.6,normal,0.72,0.916290731874155
TFIDF_LogReg,normal,cn_vague_2,vague,2014,0.41142597132376424,0.2827931455324748,0.30578088314376106,normal,True,0.41142597132376424,normal,0.5198932988885043,0.8881261746266123
TFIDF_LogReg_Calibrated,normal,cn_vague_2,vague,2014,0.8986105439460563,0.0,0.10138945605394371,normal,True,0.8986105439460563,normal,0.020559643597829157,0.10690554866680214
PerfectSemantic,normal,cn_vague_2,vague,2014,1.0,0.0,0.0,normal,True,1.0,normal,0.0,-0.0
NoInfo,normal,cn_vague_3,vague,2014,0.35,0.35,0.3,normal,True,0.35,normal,0.635,1.0498221244986778
RuleBased,normal,cn_vague_3,vague,2014,0.0,0.5,0.5,supplier_delay,False,0.5,normal,1.5,23.025850929940457
TFIDF_LogReg,normal,cn_vague_3,vague,2014,0.3771261334553238,0.3226942125589093,0.30017965398576696,normal,True,0.3771261334553238,normal,0.5822112331103444,0.9751755759911571
TFIDF_LogReg_Calibrated,normal,cn_vague_3,vague,2014,0.5910294823221457,0.3333333333333333,0.0756371843445209,normal,True,0.5910294823221457,normal,0.2840889790963703,0.5258893773344142
PerfectSemantic,normal,cn_vague_3,vague,2014,1.0,0.0,0.0,normal,True,1.0,normal,0.0,-0.0
NoInfo,normal,cn_vague_4,vague,2014,0.35,0.35,0.3,normal,True,0.35,normal,0.635,1.0498221244986778
RuleBased,normal,cn_vague_4,vague,2014,0.3333333333333333,0.3333333333333333,0.3333333333333333,normal,True,0.3333333333333333,normal,0.6666666666666667,1.0986122886681098
TFIDF_LogReg,normal,cn_vague_4,vague,2014,0.4241393062500869,0.2828361100259718,0.2930245837239413,normal,True,0.4241393062500869,normal,0.497475210407344,0.8576933252351051
TFIDF_LogReg_Calibrated,normal,cn_vague_4,vague,2014,1.0,0.0,0.0,normal,True,1.0,normal,0.0,-0.0
PerfectSemantic,normal,cn_vague_4,vague,2014,1.0,0.0,0.0,normal,True,1.0,normal,0.0,-0.0
NoInfo,normal,cn_clear_1,clear,2015,0.35,0.35,0.3,normal,True,0.35,normal,0.635,1.0498221244986778
RuleBased,normal,cn_clear_1,clear,2015,0.4,0.3,0.3,normal,True,0.4,normal,0.5399999999999999,0.916290731874155
TFIDF_LogReg,normal,cn_clear_1,clear,2015,0.3323343040870316,0.3524629406593451,0.3152027552536233,supplier_delay,False,0.3524629406593451,normal,0.669360382956657,1.1016138766685073
TFIDF_LogReg_Calibrated,normal,cn_clear_1,clear,2015,0.3549200303140416,0.5681700667326745,0.07690990295328393,supplier_delay,False,0.5681700667326745,normal,0.7448605251933322,1.0358627816040895
PerfectSemantic,normal,cn_clear_1,clear,2015,1.0,0.0,0.0,normal,True,1.0,normal,0.0,-0.0
NoInfo,normal,cn_clear_2,clear,2015,0.35,0.35,0.3,normal,True,0.35,normal,0.635,1.0498221244986778
RuleBased,normal,cn_clear_2,clear,2015,0.14285714285714288,0.4285714285714286,0.4285714285714286,supplier_delay,False,0.4285714285714286,normal,1.1020408163265305,1.9459101490553132
TFIDF_LogReg,normal,cn_clear_2,clear,2015,0.3781043422886062,0.34016609015996696,0.2817295675514269,normal,True,0.3781043422886062,normal,0.58183872720772,0.972585083653428
TFIDF_LogReg_Calibrated,normal,cn_clear_2,clear,2015,0.5013039514204657,0.49869604857953426,0.0,normal,True,0.5013039514204657,normal,0.49739549773768243,0.6905426723969152
PerfectSemantic,normal,cn_clear_2,clear,2015,1.0,0.0,0.0,normal,True,1.0,normal,0.0,-0.0
NoInfo,normal,cn_clear_3,clear,2015,0.35,0.35,0.3,normal,True,0.35,normal,0.635,1.0498221244986778
RuleBased,normal,cn_clear_3,clear,2015,0.25,0.37499999999999994,0.37499999999999994,supplier_delay,False,0.37499999999999994,normal,0.84375,1.3862943611198906
TFIDF_LogReg,normal,cn_clear_3,clear,2015,0.334759855595164,0.3424233534180738,0.32281679098676214,supplier_delay,False,0.3424233534180738,normal,0.6640088832368369,1.0943418531858087
TFIDF_LogReg_Calibrated,normal,cn_clear_3,clear,2015,0.3333333333333333,0.5733057904921544,0.09336087617451229,supplier_delay,False,0.5733057904921544,normal,0.7818402270563511,1.0986122886681098
PerfectSemantic,normal,cn_clear_3,clear,2015,1.0,0.0,0.0,normal,True,1.0,normal,0.0,-0.0
NoInfo,normal,cn_clear_4,clear,2015,0.35,0.35,0.3,normal,True,0.35,normal,0.635,1.0498221244986778
RuleBased,normal,cn_clear_4,clear,2015,0.4,0.3,0.3,normal,True,0.4,normal,0.5399999999999999,0.916290731874155
TFIDF_LogReg,normal,cn_clear_4,clear,2015,0.41635589992062505,0.3224886019453371,0.26115549813403793,normal,True,0.41635589992062505,normal,0.512841528147759,0.8762148558215702
TFIDF_LogReg_Calibrated,normal,cn_clear_4,clear,2015,0.8152522945874024,0.18474770541259752,0.0,normal,True,0.8152522945874024,normal,0.06826342931043984,0.2042576497353724
PerfectSemantic,normal,cn_clear_4,clear,2015,1.0,0.0,0.0,normal,True,1.0,normal,0.0,-0.0
NoInfo,normal,cn_moderate_1,moderate,2015,0.35,0.35,0.3,normal,True,0.35,normal,0.635,1.0498221244986778
RuleBased,normal,cn_moderate_1,moderate,2015,0.4,0.3,0.3,normal,True,0.4,normal,0.5399999999999999,0.916290731874155
TFIDF_LogReg,normal,cn_moderate_1,moderate,2015,0.43192448890766283,0.30087268657152244,0.2672028245208148,normal,True,0.43192448890766283,normal,0.48463150925948706,0.8395045002115374
TFIDF_LogReg_Calibrated,normal,cn_moderate_1,moderate,2015,1.0,0.0,0.0,normal,True,1.0,normal,0.0,-0.0
PerfectSemantic,normal,cn_moderate_1,moderate,2015,1.0,0.0,0.0,normal,True,1.0,normal,0.0,-0.0
NoInfo,normal,cn_moderate_2,moderate,2015,0.35,0.35,0.3,normal,True,0.35,normal,0.635,1.0498221244986778
RuleBased,normal,cn_moderate_2,moderate,2015,0.5714285714285715,0.4285714285714285,0.0,normal,True,0.5714285714285715,normal,0.36734693877551006,0.5596157879354225
TFIDF_LogReg,normal,cn_moderate_2,moderate,2015,0.4126177081662408,0.31618836773832154,0.27119392409543763,normal,True,0.4126177081662408,normal,0.5185391851191856,0.8852337607825816
TFIDF_LogReg_Calibrated,normal,cn_moderate_2,moderate,2015,0.8333333333333334,0.16666666666666666,0.0,normal,True,0.8333333333333334,normal,0.05555555555555554,0.1823215567939546
PerfectSemantic,normal,cn_moderate_2,moderate,2015,1.0,0.0,0.0,normal,True,1.0,normal,0.0,-0.0
NoInfo,normal,cn_moderate_3,moderate,2015,0.35,0.35,0.3,normal,True,0.35,normal,0.635,1.0498221244986778
RuleBased,normal,cn_moderate_3,moderate,2015,0.25,0.37499999999999994,0.37499999999999994,supplier_delay,False,0.37499999999999994,normal,0.84375,1.3862943611198906
TFIDF_LogReg,normal,cn_moderate_3,moderate,2015,0.3709692066833674,0.3385540718771397,0.2904767214394928,normal,True,0.3709692066833674,normal,0.5946753242233803,0.9916362206729205
TFIDF_LogReg_Calibrated,normal,cn_moderate_3,moderate,2015,0.6191542664225136,0.3808457335774864,0.0,normal,True,0.6191542664225136,normal,0.2900869455683475,0.4794008185711075
PerfectSemantic,normal,cn_moderate_3,moderate,2015,1.0,0.0,0.0,normal,True,1.0,normal,0.0,-0.0
NoInfo,normal,cn_moderate_4,moderate,2015,0.35,0.35,0.3,normal,True,0.35,normal,0.635,1.0498221244986778
RuleBased,normal,cn_moderate_4,moderate,2015,0.5714285714285715,0.0,0.4285714285714286,normal,True,0.5714285714285715,normal,0.36734693877551017,0.5596157879354225
TFIDF_LogReg,normal,cn_moderate_4,moderate,2015,0.49287152849181515,0.25134454143974627,0.25578393006843864,normal,True,0.49287152849181515,normal,0.3857787840070401,0.7075067301937508
TFIDF_LogReg_Calibrated,normal,cn_moderate_4,moderate,2015,0.928691645299736,0.0,0.07130835470026405,normal,True,0.928691645299736,normal,0.01016976290011733,0.07397851636453767
PerfectSemantic,normal,cn_moderate_4,moderate,2015,1.0,0.0,0.0,normal,True,1.0,normal,0.0,-0.0
NoInfo,normal,cn_vague_1,vague,2015,0.35,0.35,0.3,normal,True,0.35,normal,0.635,1.0498221244986778
RuleBased,normal,cn_vague_1,vague,2015,0.3333333333333333,0.3333333333333333,0.3333333333333333,normal,True,0.3333333333333333,normal,0.6666666666666667,1.0986122886681098
TFIDF_LogReg,normal,cn_vague_1,vague,2015,0.37801577405271997,0.3389159245994559,0.2830683013478241,normal,True,0.37801577405271997,normal,0.5818560445022838,0.972819353935033
TFIDF_LogReg_Calibrated,normal,cn_vague_1,vague,2015,0.6810946901721556,0.3189053098278444,0.0,normal,True,0.6810946901721556,normal,0.20340119327278683,0.38405393672450183
PerfectSemantic,normal,cn_vague_1,vague,2015,1.0,0.0,0.0,normal,True,1.0,normal,0.0,-0.0
NoInfo,normal,cn_vague_2,vague,2015,0.35,0.35,0.3,normal,True,0.35,normal,0.635,1.0498221244986778
RuleBased,normal,cn_vague_2,vague,2015,0.4,0.0,0.6,demand_surge,False,0.6,normal,0.72,0.916290731874155
TFIDF_LogReg,normal,cn_vague_2,vague,2015,0.41142597132376424,0.2827931455324748,0.30578088314376106,normal,True,0.41142597132376424,normal,0.5198932988885043,0.8881261746266123
TFIDF_LogReg_Calibrated,normal,cn_vague_2,vague,2015,0.8986105439460563,0.0,0.10138945605394371,normal,True,0.8986105439460563,normal,0.020559643597829157,0.10690554866680214
PerfectSemantic,normal,cn_vague_2,vague,2015,1.0,0.0,0.0,normal,True,1.0,normal,0.0,-0.0
NoInfo,normal,cn_vague_3,vague,2015,0.35,0.35,0.3,normal,True,0.35,normal,0.635,1.0498221244986778
RuleBased,normal,cn_vague_3,vague,2015,0.0,0.5,0.5,supplier_delay,False,0.5,normal,1.5,23.025850929940457
TFIDF_LogReg,normal,cn_vague_3,vague,2015,0.3771261334553238,0.3226942125589093,0.30017965398576696,normal,True,0.3771261334553238,normal,0.5822112331103444,0.9751755759911571
TFIDF_LogReg_Calibrated,normal,cn_vague_3,vague,2015,0.5910294823221457,0.3333333333333333,0.0756371843445209,normal,True,0.5910294823221457,normal,0.2840889790963703,0.5258893773344142
PerfectSemantic,normal,cn_vague_3,vague,2015,1.0,0.0,0.0,normal,True,1.0,normal,0.0,-0.0
NoInfo,normal,cn_vague_4,vague,2015,0.35,0.35,0.3,normal,True,0.35,normal,0.635,1.0498221244986778
RuleBased,normal,cn_vague_4,vague,2015,0.3333333333333333,0.3333333333333333,0.3333333333333333,normal,True,0.3333333333333333,normal,0.6666666666666667,1.0986122886681098
TFIDF_LogReg,normal,cn_vague_4,vague,2015,0.4241393062500869,0.2828361100259718,0.2930245837239413,normal,True,0.4241393062500869,normal,0.497475210407344,0.8576933252351051
TFIDF_LogReg_Calibrated,normal,cn_vague_4,vague,2015,1.0,0.0,0.0,normal,True,1.0,normal,0.0,-0.0
PerfectSemantic,normal,cn_vague_4,vague,2015,1.0,0.0,0.0,normal,True,1.0,normal,0.0,-0.0
NoInfo,normal,cn_clear_1,clear,2016,0.35,0.35,0.3,normal,True,0.35,normal,0.635,1.0498221244986778
RuleBased,normal,cn_clear_1,clear,2016,0.4,0.3,0.3,normal,True,0.4,normal,0.5399999999999999,0.916290731874155
TFIDF_LogReg,normal,cn_clear_1,clear,2016,0.3323343040870316,0.3524629406593451,0.3152027552536233,supplier_delay,False,0.3524629406593451,normal,0.669360382956657,1.1016138766685073
TFIDF_LogReg_Calibrated,normal,cn_clear_1,clear,2016,0.3549200303140416,0.5681700667326745,0.07690990295328393,supplier_delay,False,0.5681700667326745,normal,0.7448605251933322,1.0358627816040895
PerfectSemantic,normal,cn_clear_1,clear,2016,1.0,0.0,0.0,normal,True,1.0,normal,0.0,-0.0
NoInfo,normal,cn_clear_2,clear,2016,0.35,0.35,0.3,normal,True,0.35,normal,0.635,1.0498221244986778
RuleBased,normal,cn_clear_2,clear,2016,0.14285714285714288,0.4285714285714286,0.4285714285714286,supplier_delay,False,0.4285714285714286,normal,1.1020408163265305,1.9459101490553132
TFIDF_LogReg,normal,cn_clear_2,clear,2016,0.3781043422886062,0.34016609015996696,0.2817295675514269,normal,True,0.3781043422886062,normal,0.58183872720772,0.972585083653428
TFIDF_LogReg_Calibrated,normal,cn_clear_2,clear,2016,0.5013039514204657,0.49869604857953426,0.0,normal,True,0.5013039514204657,normal,0.49739549773768243,0.6905426723969152
PerfectSemantic,normal,cn_clear_2,clear,2016,1.0,0.0,0.0,normal,True,1.0,normal,0.0,-0.0
NoInfo,normal,cn_clear_3,clear,2016,0.35,0.35,0.3,normal,True,0.35,normal,0.635,1.0498221244986778
RuleBased,normal,cn_clear_3,clear,2016,0.25,0.37499999999999994,0.37499999999999994,supplier_delay,False,0.37499999999999994,normal,0.84375,1.3862943611198906
TFIDF_LogReg,normal,cn_clear_3,clear,2016,0.334759855595164,0.3424233534180738,0.32281679098676214,supplier_delay,False,0.3424233534180738,normal,0.6640088832368369,1.0943418531858087
TFIDF_LogReg_Calibrated,normal,cn_clear_3,clear,2016,0.3333333333333333,0.5733057904921544,0.09336087617451229,supplier_delay,False,0.5733057904921544,normal,0.7818402270563511,1.0986122886681098
PerfectSemantic,normal,cn_clear_3,clear,2016,1.0,0.0,0.0,normal,True,1.0,normal,0.0,-0.0
NoInfo,normal,cn_clear_4,clear,2016,0.35,0.35,0.3,normal,True,0.35,normal,0.635,1.0498221244986778
RuleBased,normal,cn_clear_4,clear,2016,0.4,0.3,0.3,normal,True,0.4,normal,0.5399999999999999,0.916290731874155
TFIDF_LogReg,normal,cn_clear_4,clear,2016,0.41635589992062505,0.3224886019453371,0.26115549813403793,normal,True,0.41635589992062505,normal,0.512841528147759,0.8762148558215702
TFIDF_LogReg_Calibrated,normal,cn_clear_4,clear,2016,0.8152522945874024,0.18474770541259752,0.0,normal,True,0.8152522945874024,normal,0.06826342931043984,0.2042576497353724
PerfectSemantic,normal,cn_clear_4,clear,2016,1.0,0.0,0.0,normal,True,1.0,normal,0.0,-0.0
NoInfo,normal,cn_moderate_1,moderate,2016,0.35,0.35,0.3,normal,True,0.35,normal,0.635,1.0498221244986778
RuleBased,normal,cn_moderate_1,moderate,2016,0.4,0.3,0.3,normal,True,0.4,normal,0.5399999999999999,0.916290731874155
TFIDF_LogReg,normal,cn_moderate_1,moderate,2016,0.43192448890766283,0.30087268657152244,0.2672028245208148,normal,True,0.43192448890766283,normal,0.48463150925948706,0.8395045002115374
TFIDF_LogReg_Calibrated,normal,cn_moderate_1,moderate,2016,1.0,0.0,0.0,normal,True,1.0,normal,0.0,-0.0
PerfectSemantic,normal,cn_moderate_1,moderate,2016,1.0,0.0,0.0,normal,True,1.0,normal,0.0,-0.0
NoInfo,normal,cn_moderate_2,moderate,2016,0.35,0.35,0.3,normal,True,0.35,normal,0.635,1.0498221244986778
RuleBased,normal,cn_moderate_2,moderate,2016,0.5714285714285715,0.4285714285714285,0.0,normal,True,0.5714285714285715,normal,0.36734693877551006,0.5596157879354225
TFIDF_LogReg,normal,cn_moderate_2,moderate,2016,0.4126177081662408,0.31618836773832154,0.27119392409543763,normal,True,0.4126177081662408,normal,0.5185391851191856,0.8852337607825816
TFIDF_LogReg_Calibrated,normal,cn_moderate_2,moderate,2016,0.8333333333333334,0.16666666666666666,0.0,normal,True,0.8333333333333334,normal,0.05555555555555554,0.1823215567939546
PerfectSemantic,normal,cn_moderate_2,moderate,2016,1.0,0.0,0.0,normal,True,1.0,normal,0.0,-0.0
NoInfo,normal,cn_moderate_3,moderate,2016,0.35,0.35,0.3,normal,True,0.35,normal,0.635,1.0498221244986778
RuleBased,normal,cn_moderate_3,moderate,2016,0.25,0.37499999999999994,0.37499999999999994,supplier_delay,False,0.37499999999999994,normal,0.84375,1.3862943611198906
TFIDF_LogReg,normal,cn_moderate_3,moderate,2016,0.3709692066833674,0.3385540718771397,0.2904767214394928,normal,True,0.3709692066833674,normal,0.5946753242233803,0.9916362206729205
TFIDF_LogReg_Calibrated,normal,cn_moderate_3,moderate,2016,0.6191542664225136,0.3808457335774864,0.0,normal,True,0.6191542664225136,normal,0.2900869455683475,0.4794008185711075
PerfectSemantic,normal,cn_moderate_3,moderate,2016,1.0,0.0,0.0,normal,True,1.0,normal,0.0,-0.0
NoInfo,normal,cn_moderate_4,moderate,2016,0.35,0.35,0.3,normal,True,0.35,normal,0.635,1.0498221244986778
RuleBased,normal,cn_moderate_4,moderate,2016,0.5714285714285715,0.0,0.4285714285714286,normal,True,0.5714285714285715,normal,0.36734693877551017,0.5596157879354225
TFIDF_LogReg,normal,cn_moderate_4,moderate,2016,0.49287152849181515,0.25134454143974627,0.25578393006843864,normal,True,0.49287152849181515,normal,0.3857787840070401,0.7075067301937508
TFIDF_LogReg_Calibrated,normal,cn_moderate_4,moderate,2016,0.928691645299736,0.0,0.07130835470026405,normal,True,0.928691645299736,normal,0.01016976290011733,0.07397851636453767
PerfectSemantic,normal,cn_moderate_4,moderate,2016,1.0,0.0,0.0,normal,True,1.0,normal,0.0,-0.0
NoInfo,normal,cn_vague_1,vague,2016,0.35,0.35,0.3,normal,True,0.35,normal,0.635,1.0498221244986778
RuleBased,normal,cn_vague_1,vague,2016,0.3333333333333333,0.3333333333333333,0.3333333333333333,normal,True,0.3333333333333333,normal,0.6666666666666667,1.0986122886681098
TFIDF_LogReg,normal,cn_vague_1,vague,2016,0.37801577405271997,0.3389159245994559,0.2830683013478241,normal,True,0.37801577405271997,normal,0.5818560445022838,0.972819353935033
TFIDF_LogReg_Calibrated,normal,cn_vague_1,vague,2016,0.6810946901721556,0.3189053098278444,0.0,normal,True,0.6810946901721556,normal,0.20340119327278683,0.38405393672450183
PerfectSemantic,normal,cn_vague_1,vague,2016,1.0,0.0,0.0,normal,True,1.0,normal,0.0,-0.0
NoInfo,normal,cn_vague_2,vague,2016,0.35,0.35,0.3,normal,True,0.35,normal,0.635,1.0498221244986778
RuleBased,normal,cn_vague_2,vague,2016,0.4,0.0,0.6,demand_surge,False,0.6,normal,0.72,0.916290731874155
TFIDF_LogReg,normal,cn_vague_2,vague,2016,0.41142597132376424,0.2827931455324748,0.30578088314376106,normal,True,0.41142597132376424,normal,0.5198932988885043,0.8881261746266123
TFIDF_LogReg_Calibrated,normal,cn_vague_2,vague,2016,0.8986105439460563,0.0,0.10138945605394371,normal,True,0.8986105439460563,normal,0.020559643597829157,0.10690554866680214
PerfectSemantic,normal,cn_vague_2,vague,2016,1.0,0.0,0.0,normal,True,1.0,normal,0.0,-0.0
NoInfo,normal,cn_vague_3,vague,2016,0.35,0.35,0.3,normal,True,0.35,normal,0.635,1.0498221244986778
RuleBased,normal,cn_vague_3,vague,2016,0.0,0.5,0.5,supplier_delay,False,0.5,normal,1.5,23.025850929940457
TFIDF_LogReg,normal,cn_vague_3,vague,2016,0.3771261334553238,0.3226942125589093,0.30017965398576696,normal,True,0.3771261334553238,normal,0.5822112331103444,0.9751755759911571
TFIDF_LogReg_Calibrated,normal,cn_vague_3,vague,2016,0.5910294823221457,0.3333333333333333,0.0756371843445209,normal,True,0.5910294823221457,normal,0.2840889790963703,0.5258893773344142
PerfectSemantic,normal,cn_vague_3,vague,2016,1.0,0.0,0.0,normal,True,1.0,normal,0.0,-0.0
NoInfo,normal,cn_vague_4,vague,2016,0.35,0.35,0.3,normal,True,0.35,normal,0.635,1.0498221244986778
RuleBased,normal,cn_vague_4,vague,2016,0.3333333333333333,0.3333333333333333,0.3333333333333333,normal,True,0.3333333333333333,normal,0.6666666666666667,1.0986122886681098
TFIDF_LogReg,normal,cn_vague_4,vague,2016,0.4241393062500869,0.2828361100259718,0.2930245837239413,normal,True,0.4241393062500869,normal,0.497475210407344,0.8576933252351051
TFIDF_LogReg_Calibrated,normal,cn_vague_4,vague,2016,1.0,0.0,0.0,normal,True,1.0,normal,0.0,-0.0
PerfectSemantic,normal,cn_vague_4,vague,2016,1.0,0.0,0.0,normal,True,1.0,normal,0.0,-0.0
NoInfo,normal,cn_clear_1,clear,2017,0.35,0.35,0.3,normal,True,0.35,normal,0.635,1.0498221244986778
RuleBased,normal,cn_clear_1,clear,2017,0.4,0.3,0.3,normal,True,0.4,normal,0.5399999999999999,0.916290731874155
TFIDF_LogReg,normal,cn_clear_1,clear,2017,0.3323343040870316,0.3524629406593451,0.3152027552536233,supplier_delay,False,0.3524629406593451,normal,0.669360382956657,1.1016138766685073
TFIDF_LogReg_Calibrated,normal,cn_clear_1,clear,2017,0.3549200303140416,0.5681700667326745,0.07690990295328393,supplier_delay,False,0.5681700667326745,normal,0.7448605251933322,1.0358627816040895
PerfectSemantic,normal,cn_clear_1,clear,2017,1.0,0.0,0.0,normal,True,1.0,normal,0.0,-0.0
NoInfo,normal,cn_clear_2,clear,2017,0.35,0.35,0.3,normal,True,0.35,normal,0.635,1.0498221244986778
RuleBased,normal,cn_clear_2,clear,2017,0.14285714285714288,0.4285714285714286,0.4285714285714286,supplier_delay,False,0.4285714285714286,normal,1.1020408163265305,1.9459101490553132
TFIDF_LogReg,normal,cn_clear_2,clear,2017,0.3781043422886062,0.34016609015996696,0.2817295675514269,normal,True,0.3781043422886062,normal,0.58183872720772,0.972585083653428
TFIDF_LogReg_Calibrated,normal,cn_clear_2,clear,2017,0.5013039514204657,0.49869604857953426,0.0,normal,True,0.5013039514204657,normal,0.49739549773768243,0.6905426723969152
PerfectSemantic,normal,cn_clear_2,clear,2017,1.0,0.0,0.0,normal,True,1.0,normal,0.0,-0.0
NoInfo,normal,cn_clear_3,clear,2017,0.35,0.35,0.3,normal,True,0.35,normal,0.635,1.0498221244986778
RuleBased,normal,cn_clear_3,clear,2017,0.25,0.37499999999999994,0.37499999999999994,supplier_delay,False,0.37499999999999994,normal,0.84375,1.3862943611198906
TFIDF_LogReg,normal,cn_clear_3,clear,2017,0.334759855595164,0.3424233534180738,0.32281679098676214,supplier_delay,False,0.3424233534180738,normal,0.6640088832368369,1.0943418531858087
TFIDF_LogReg_Calibrated,normal,cn_clear_3,clear,2017,0.3333333333333333,0.5733057904921544,0.09336087617451229,supplier_delay,False,0.5733057904921544,normal,0.7818402270563511,1.0986122886681098
PerfectSemantic,normal,cn_clear_3,clear,2017,1.0,0.0,0.0,normal,True,1.0,normal,0.0,-0.0
NoInfo,normal,cn_clear_4,clear,2017,0.35,0.35,0.3,normal,True,0.35,normal,0.635,1.0498221244986778
RuleBased,normal,cn_clear_4,clear,2017,0.4,0.3,0.3,normal,True,0.4,normal,0.5399999999999999,0.916290731874155
TFIDF_LogReg,normal,cn_clear_4,clear,2017,0.41635589992062505,0.3224886019453371,0.26115549813403793,normal,True,0.41635589992062505,normal,0.512841528147759,0.8762148558215702
TFIDF_LogReg_Calibrated,normal,cn_clear_4,clear,2017,0.8152522945874024,0.18474770541259752,0.0,normal,True,0.8152522945874024,normal,0.06826342931043984,0.2042576497353724
PerfectSemantic,normal,cn_clear_4,clear,2017,1.0,0.0,0.0,normal,True,1.0,normal,0.0,-0.0
NoInfo,normal,cn_moderate_1,moderate,2017,0.35,0.35,0.3,normal,True,0.35,normal,0.635,1.0498221244986778
RuleBased,normal,cn_moderate_1,moderate,2017,0.4,0.3,0.3,normal,True,0.4,normal,0.5399999999999999,0.916290731874155
TFIDF_LogReg,normal,cn_moderate_1,moderate,2017,0.43192448890766283,0.30087268657152244,0.2672028245208148,normal,True,0.43192448890766283,normal,0.48463150925948706,0.8395045002115374
TFIDF_LogReg_Calibrated,normal,cn_moderate_1,moderate,2017,1.0,0.0,0.0,normal,True,1.0,normal,0.0,-0.0
PerfectSemantic,normal,cn_moderate_1,moderate,2017,1.0,0.0,0.0,normal,True,1.0,normal,0.0,-0.0
NoInfo,normal,cn_moderate_2,moderate,2017,0.35,0.35,0.3,normal,True,0.35,normal,0.635,1.0498221244986778
RuleBased,normal,cn_moderate_2,moderate,2017,0.5714285714285715,0.4285714285714285,0.0,normal,True,0.5714285714285715,normal,0.36734693877551006,0.5596157879354225
TFIDF_LogReg,normal,cn_moderate_2,moderate,2017,0.4126177081662408,0.31618836773832154,0.27119392409543763,normal,True,0.4126177081662408,normal,0.5185391851191856,0.8852337607825816
TFIDF_LogReg_Calibrated,normal,cn_moderate_2,moderate,2017,0.8333333333333334,0.16666666666666666,0.0,normal,True,0.8333333333333334,normal,0.05555555555555554,0.1823215567939546
PerfectSemantic,normal,cn_moderate_2,moderate,2017,1.0,0.0,0.0,normal,True,1.0,normal,0.0,-0.0
NoInfo,normal,cn_moderate_3,moderate,2017,0.35,0.35,0.3,normal,True,0.35,normal,0.635,1.0498221244986778
RuleBased,normal,cn_moderate_3,moderate,2017,0.25,0.37499999999999994,0.37499999999999994,supplier_delay,False,0.37499999999999994,normal,0.84375,1.3862943611198906
TFIDF_LogReg,normal,cn_moderate_3,moderate,2017,0.3709692066833674,0.3385540718771397,0.2904767214394928,normal,True,0.3709692066833674,normal,0.5946753242233803,0.9916362206729205
TFIDF_LogReg_Calibrated,normal,cn_moderate_3,moderate,2017,0.6191542664225136,0.3808457335774864,0.0,normal,True,0.6191542664225136,normal,0.2900869455683475,0.4794008185711075
PerfectSemantic,normal,cn_moderate_3,moderate,2017,1.0,0.0,0.0,normal,True,1.0,normal,0.0,-0.0
NoInfo,normal,cn_moderate_4,moderate,2017,0.35,0.35,0.3,normal,True,0.35,normal,0.635,1.0498221244986778
RuleBased,normal,cn_moderate_4,moderate,2017,0.5714285714285715,0.0,0.4285714285714286,normal,True,0.5714285714285715,normal,0.36734693877551017,0.5596157879354225
TFIDF_LogReg,normal,cn_moderate_4,moderate,2017,0.49287152849181515,0.25134454143974627,0.25578393006843864,normal,True,0.49287152849181515,normal,0.3857787840070401,0.7075067301937508
TFIDF_LogReg_Calibrated,normal,cn_moderate_4,moderate,2017,0.928691645299736,0.0,0.07130835470026405,normal,True,0.928691645299736,normal,0.01016976290011733,0.07397851636453767
PerfectSemantic,normal,cn_moderate_4,moderate,2017,1.0,0.0,0.0,normal,True,1.0,normal,0.0,-0.0
NoInfo,normal,cn_vague_1,vague,2017,0.35,0.35,0.3,normal,True,0.35,normal,0.635,1.0498221244986778
RuleBased,normal,cn_vague_1,vague,2017,0.3333333333333333,0.3333333333333333,0.3333333333333333,normal,True,0.3333333333333333,normal,0.6666666666666667,1.0986122886681098
TFIDF_LogReg,normal,cn_vague_1,vague,2017,0.37801577405271997,0.3389159245994559,0.2830683013478241,normal,True,0.37801577405271997,normal,0.5818560445022838,0.972819353935033
TFIDF_LogReg_Calibrated,normal,cn_vague_1,vague,2017,0.6810946901721556,0.3189053098278444,0.0,normal,True,0.6810946901721556,normal,0.20340119327278683,0.38405393672450183
PerfectSemantic,normal,cn_vague_1,vague,2017,1.0,0.0,0.0,normal,True,1.0,normal,0.0,-0.0
NoInfo,normal,cn_vague_2,vague,2017,0.35,0.35,0.3,normal,True,0.35,normal,0.635,1.0498221244986778
RuleBased,normal,cn_vague_2,vague,2017,0.4,0.0,0.6,demand_surge,False,0.6,normal,0.72,0.916290731874155
TFIDF_LogReg,normal,cn_vague_2,vague,2017,0.41142597132376424,0.2827931455324748,0.30578088314376106,normal,True,0.41142597132376424,normal,0.5198932988885043,0.8881261746266123
TFIDF_LogReg_Calibrated,normal,cn_vague_2,vague,2017,0.8986105439460563,0.0,0.10138945605394371,normal,True,0.8986105439460563,normal,0.020559643597829157,0.10690554866680214
PerfectSemantic,normal,cn_vague_2,vague,2017,1.0,0.0,0.0,normal,True,1.0,normal,0.0,-0.0
NoInfo,normal,cn_vague_3,vague,2017,0.35,0.35,0.3,normal,True,0.35,normal,0.635,1.0498221244986778
RuleBased,normal,cn_vague_3,vague,2017,0.0,0.5,0.5,supplier_delay,False,0.5,normal,1.5,23.025850929940457
TFIDF_LogReg,normal,cn_vague_3,vague,2017,0.3771261334553238,0.3226942125589093,0.30017965398576696,normal,True,0.3771261334553238,normal,0.5822112331103444,0.9751755759911571
TFIDF_LogReg_Calibrated,normal,cn_vague_3,vague,2017,0.5910294823221457,0.3333333333333333,0.0756371843445209,normal,True,0.5910294823221457,normal,0.2840889790963703,0.5258893773344142
PerfectSemantic,normal,cn_vague_3,vague,2017,1.0,0.0,0.0,normal,True,1.0,normal,0.0,-0.0
NoInfo,normal,cn_vague_4,vague,2017,0.35,0.35,0.3,normal,True,0.35,normal,0.635,1.0498221244986778
RuleBased,normal,cn_vague_4,vague,2017,0.3333333333333333,0.3333333333333333,0.3333333333333333,normal,True,0.3333333333333333,normal,0.6666666666666667,1.0986122886681098
TFIDF_LogReg,normal,cn_vague_4,vague,2017,0.4241393062500869,0.2828361100259718,0.2930245837239413,normal,True,0.4241393062500869,normal,0.497475210407344,0.8576933252351051
TFIDF_LogReg_Calibrated,normal,cn_vague_4,vague,2017,1.0,0.0,0.0,normal,True,1.0,normal,0.0,-0.0
PerfectSemantic,normal,cn_vague_4,vague,2017,1.0,0.0,0.0,normal,True,1.0,normal,0.0,-0.0
NoInfo,normal,cn_clear_1,clear,2018,0.35,0.35,0.3,normal,True,0.35,normal,0.635,1.0498221244986778
RuleBased,normal,cn_clear_1,clear,2018,0.4,0.3,0.3,normal,True,0.4,normal,0.5399999999999999,0.916290731874155
TFIDF_LogReg,normal,cn_clear_1,clear,2018,0.3323343040870316,0.3524629406593451,0.3152027552536233,supplier_delay,False,0.3524629406593451,normal,0.669360382956657,1.1016138766685073
TFIDF_LogReg_Calibrated,normal,cn_clear_1,clear,2018,0.3549200303140416,0.5681700667326745,0.07690990295328393,supplier_delay,False,0.5681700667326745,normal,0.7448605251933322,1.0358627816040895
PerfectSemantic,normal,cn_clear_1,clear,2018,1.0,0.0,0.0,normal,True,1.0,normal,0.0,-0.0
NoInfo,normal,cn_clear_2,clear,2018,0.35,0.35,0.3,normal,True,0.35,normal,0.635,1.0498221244986778
RuleBased,normal,cn_clear_2,clear,2018,0.14285714285714288,0.4285714285714286,0.4285714285714286,supplier_delay,False,0.4285714285714286,normal,1.1020408163265305,1.9459101490553132
TFIDF_LogReg,normal,cn_clear_2,clear,2018,0.3781043422886062,0.34016609015996696,0.2817295675514269,normal,True,0.3781043422886062,normal,0.58183872720772,0.972585083653428
TFIDF_LogReg_Calibrated,normal,cn_clear_2,clear,2018,0.5013039514204657,0.49869604857953426,0.0,normal,True,0.5013039514204657,normal,0.49739549773768243,0.6905426723969152
PerfectSemantic,normal,cn_clear_2,clear,2018,1.0,0.0,0.0,normal,True,1.0,normal,0.0,-0.0
NoInfo,normal,cn_clear_3,clear,2018,0.35,0.35,0.3,normal,True,0.35,normal,0.635,1.0498221244986778
RuleBased,normal,cn_clear_3,clear,2018,0.25,0.37499999999999994,0.37499999999999994,supplier_delay,False,0.37499999999999994,normal,0.84375,1.3862943611198906
TFIDF_LogReg,normal,cn_clear_3,clear,2018,0.334759855595164,0.3424233534180738,0.32281679098676214,supplier_delay,False,0.3424233534180738,normal,0.6640088832368369,1.0943418531858087
TFIDF_LogReg_Calibrated,normal,cn_clear_3,clear,2018,0.3333333333333333,0.5733057904921544,0.09336087617451229,supplier_delay,False,0.5733057904921544,normal,0.7818402270563511,1.0986122886681098
PerfectSemantic,normal,cn_clear_3,clear,2018,1.0,0.0,0.0,normal,True,1.0,normal,0.0,-0.0
NoInfo,normal,cn_clear_4,clear,2018,0.35,0.35,0.3,normal,True,0.35,normal,0.635,1.0498221244986778
RuleBased,normal,cn_clear_4,clear,2018,0.4,0.3,0.3,normal,True,0.4,normal,0.5399999999999999,0.916290731874155
TFIDF_LogReg,normal,cn_clear_4,clear,2018,0.41635589992062505,0.3224886019453371,0.26115549813403793,normal,True,0.41635589992062505,normal,0.512841528147759,0.8762148558215702
TFIDF_LogReg_Calibrated,normal,cn_clear_4,clear,2018,0.8152522945874024,0.18474770541259752,0.0,normal,True,0.8152522945874024,normal,0.06826342931043984,0.2042576497353724
PerfectSemantic,normal,cn_clear_4,clear,2018,1.0,0.0,0.0,normal,True,1.0,normal,0.0,-0.0
NoInfo,normal,cn_moderate_1,moderate,2018,0.35,0.35,0.3,normal,True,0.35,normal,0.635,1.0498221244986778
RuleBased,normal,cn_moderate_1,moderate,2018,0.4,0.3,0.3,normal,True,0.4,normal,0.5399999999999999,0.916290731874155
TFIDF_LogReg,normal,cn_moderate_1,moderate,2018,0.43192448890766283,0.30087268657152244,0.2672028245208148,normal,True,0.43192448890766283,normal,0.48463150925948706,0.8395045002115374
TFIDF_LogReg_Calibrated,normal,cn_moderate_1,moderate,2018,1.0,0.0,0.0,normal,True,1.0,normal,0.0,-0.0
PerfectSemantic,normal,cn_moderate_1,moderate,2018,1.0,0.0,0.0,normal,True,1.0,normal,0.0,-0.0
NoInfo,normal,cn_moderate_2,moderate,2018,0.35,0.35,0.3,normal,True,0.35,normal,0.635,1.0498221244986778
RuleBased,normal,cn_moderate_2,moderate,2018,0.5714285714285715,0.4285714285714285,0.0,normal,True,0.5714285714285715,normal,0.36734693877551006,0.5596157879354225
TFIDF_LogReg,normal,cn_moderate_2,moderate,2018,0.4126177081662408,0.31618836773832154,0.27119392409543763,normal,True,0.4126177081662408,normal,0.5185391851191856,0.8852337607825816
TFIDF_LogReg_Calibrated,normal,cn_moderate_2,moderate,2018,0.8333333333333334,0.16666666666666666,0.0,normal,True,0.8333333333333334,normal,0.05555555555555554,0.1823215567939546
PerfectSemantic,normal,cn_moderate_2,moderate,2018,1.0,0.0,0.0,normal,True,1.0,normal,0.0,-0.0
NoInfo,normal,cn_moderate_3,moderate,2018,0.35,0.35,0.3,normal,True,0.35,normal,0.635,1.0498221244986778
RuleBased,normal,cn_moderate_3,moderate,2018,0.25,0.37499999999999994,0.37499999999999994,supplier_delay,False,0.37499999999999994,normal,0.84375,1.3862943611198906
TFIDF_LogReg,normal,cn_moderate_3,moderate,2018,0.3709692066833674,0.3385540718771397,0.2904767214394928,normal,True,0.3709692066833674,normal,0.5946753242233803,0.9916362206729205
TFIDF_LogReg_Calibrated,normal,cn_moderate_3,moderate,2018,0.6191542664225136,0.3808457335774864,0.0,normal,True,0.6191542664225136,normal,0.2900869455683475,0.4794008185711075
PerfectSemantic,normal,cn_moderate_3,moderate,2018,1.0,0.0,0.0,normal,True,1.0,normal,0.0,-0.0
NoInfo,normal,cn_moderate_4,moderate,2018,0.35,0.35,0.3,normal,True,0.35,normal,0.635,1.0498221244986778
RuleBased,normal,cn_moderate_4,moderate,2018,0.5714285714285715,0.0,0.4285714285714286,normal,True,0.5714285714285715,normal,0.36734693877551017,0.5596157879354225
TFIDF_LogReg,normal,cn_moderate_4,moderate,2018,0.49287152849181515,0.25134454143974627,0.25578393006843864,normal,True,0.49287152849181515,normal,0.3857787840070401,0.7075067301937508
TFIDF_LogReg_Calibrated,normal,cn_moderate_4,moderate,2018,0.928691645299736,0.0,0.07130835470026405,normal,True,0.928691645299736,normal,0.01016976290011733,0.07397851636453767
PerfectSemantic,normal,cn_moderate_4,moderate,2018,1.0,0.0,0.0,normal,True,1.0,normal,0.0,-0.0
NoInfo,normal,cn_vague_1,vague,2018,0.35,0.35,0.3,normal,True,0.35,normal,0.635,1.0498221244986778
RuleBased,normal,cn_vague_1,vague,2018,0.3333333333333333,0.3333333333333333,0.3333333333333333,normal,True,0.3333333333333333,normal,0.6666666666666667,1.0986122886681098
TFIDF_LogReg,normal,cn_vague_1,vague,2018,0.37801577405271997,0.3389159245994559,0.2830683013478241,normal,True,0.37801577405271997,normal,0.5818560445022838,0.972819353935033
TFIDF_LogReg_Calibrated,normal,cn_vague_1,vague,2018,0.6810946901721556,0.3189053098278444,0.0,normal,True,0.6810946901721556,normal,0.20340119327278683,0.38405393672450183
PerfectSemantic,normal,cn_vague_1,vague,2018,1.0,0.0,0.0,normal,True,1.0,normal,0.0,-0.0
NoInfo,normal,cn_vague_2,vague,2018,0.35,0.35,0.3,normal,True,0.35,normal,0.635,1.0498221244986778
RuleBased,normal,cn_vague_2,vague,2018,0.4,0.0,0.6,demand_surge,False,0.6,normal,0.72,0.916290731874155
TFIDF_LogReg,normal,cn_vague_2,vague,2018,0.41142597132376424,0.2827931455324748,0.30578088314376106,normal,True,0.41142597132376424,normal,0.5198932988885043,0.8881261746266123
TFIDF_LogReg_Calibrated,normal,cn_vague_2,vague,2018,0.8986105439460563,0.0,0.10138945605394371,normal,True,0.8986105439460563,normal,0.020559643597829157,0.10690554866680214
PerfectSemantic,normal,cn_vague_2,vague,2018,1.0,0.0,0.0,normal,True,1.0,normal,0.0,-0.0
NoInfo,normal,cn_vague_3,vague,2018,0.35,0.35,0.3,normal,True,0.35,normal,0.635,1.0498221244986778
RuleBased,normal,cn_vague_3,vague,2018,0.0,0.5,0.5,supplier_delay,False,0.5,normal,1.5,23.025850929940457
TFIDF_LogReg,normal,cn_vague_3,vague,2018,0.3771261334553238,0.3226942125589093,0.30017965398576696,normal,True,0.3771261334553238,normal,0.5822112331103444,0.9751755759911571
TFIDF_LogReg_Calibrated,normal,cn_vague_3,vague,2018,0.5910294823221457,0.3333333333333333,0.0756371843445209,normal,True,0.5910294823221457,normal,0.2840889790963703,0.5258893773344142
PerfectSemantic,normal,cn_vague_3,vague,2018,1.0,0.0,0.0,normal,True,1.0,normal,0.0,-0.0
NoInfo,normal,cn_vague_4,vague,2018,0.35,0.35,0.3,normal,True,0.35,normal,0.635,1.0498221244986778
RuleBased,normal,cn_vague_4,vague,2018,0.3333333333333333,0.3333333333333333,0.3333333333333333,normal,True,0.3333333333333333,normal,0.6666666666666667,1.0986122886681098
TFIDF_LogReg,normal,cn_vague_4,vague,2018,0.4241393062500869,0.2828361100259718,0.2930245837239413,normal,True,0.4241393062500869,normal,0.497475210407344,0.8576933252351051
TFIDF_LogReg_Calibrated,normal,cn_vague_4,vague,2018,1.0,0.0,0.0,normal,True,1.0,normal,0.0,-0.0
PerfectSemantic,normal,cn_vague_4,vague,2018,1.0,0.0,0.0,normal,True,1.0,normal,0.0,-0.0
NoInfo,normal,cn_clear_1,clear,2019,0.35,0.35,0.3,normal,True,0.35,normal,0.635,1.0498221244986778
RuleBased,normal,cn_clear_1,clear,2019,0.4,0.3,0.3,normal,True,0.4,normal,0.5399999999999999,0.916290731874155
TFIDF_LogReg,normal,cn_clear_1,clear,2019,0.3323343040870316,0.3524629406593451,0.3152027552536233,supplier_delay,False,0.3524629406593451,normal,0.669360382956657,1.1016138766685073
TFIDF_LogReg_Calibrated,normal,cn_clear_1,clear,2019,0.3549200303140416,0.5681700667326745,0.07690990295328393,supplier_delay,False,0.5681700667326745,normal,0.7448605251933322,1.0358627816040895
PerfectSemantic,normal,cn_clear_1,clear,2019,1.0,0.0,0.0,normal,True,1.0,normal,0.0,-0.0
NoInfo,normal,cn_clear_2,clear,2019,0.35,0.35,0.3,normal,True,0.35,normal,0.635,1.0498221244986778
RuleBased,normal,cn_clear_2,clear,2019,0.14285714285714288,0.4285714285714286,0.4285714285714286,supplier_delay,False,0.4285714285714286,normal,1.1020408163265305,1.9459101490553132
TFIDF_LogReg,normal,cn_clear_2,clear,2019,0.3781043422886062,0.34016609015996696,0.2817295675514269,normal,True,0.3781043422886062,normal,0.58183872720772,0.972585083653428
TFIDF_LogReg_Calibrated,normal,cn_clear_2,clear,2019,0.5013039514204657,0.49869604857953426,0.0,normal,True,0.5013039514204657,normal,0.49739549773768243,0.6905426723969152
PerfectSemantic,normal,cn_clear_2,clear,2019,1.0,0.0,0.0,normal,True,1.0,normal,0.0,-0.0
NoInfo,normal,cn_clear_3,clear,2019,0.35,0.35,0.3,normal,True,0.35,normal,0.635,1.0498221244986778
RuleBased,normal,cn_clear_3,clear,2019,0.25,0.37499999999999994,0.37499999999999994,supplier_delay,False,0.37499999999999994,normal,0.84375,1.3862943611198906
TFIDF_LogReg,normal,cn_clear_3,clear,2019,0.334759855595164,0.3424233534180738,0.32281679098676214,supplier_delay,False,0.3424233534180738,normal,0.6640088832368369,1.0943418531858087
TFIDF_LogReg_Calibrated,normal,cn_clear_3,clear,2019,0.3333333333333333,0.5733057904921544,0.09336087617451229,supplier_delay,False,0.5733057904921544,normal,0.7818402270563511,1.0986122886681098
PerfectSemantic,normal,cn_clear_3,clear,2019,1.0,0.0,0.0,normal,True,1.0,normal,0.0,-0.0
NoInfo,normal,cn_clear_4,clear,2019,0.35,0.35,0.3,normal,True,0.35,normal,0.635,1.0498221244986778
RuleBased,normal,cn_clear_4,clear,2019,0.4,0.3,0.3,normal,True,0.4,normal,0.5399999999999999,0.916290731874155
TFIDF_LogReg,normal,cn_clear_4,clear,2019,0.41635589992062505,0.3224886019453371,0.26115549813403793,normal,True,0.41635589992062505,normal,0.512841528147759,0.8762148558215702
TFIDF_LogReg_Calibrated,normal,cn_clear_4,clear,2019,0.8152522945874024,0.18474770541259752,0.0,normal,True,0.8152522945874024,normal,0.06826342931043984,0.2042576497353724
PerfectSemantic,normal,cn_clear_4,clear,2019,1.0,0.0,0.0,normal,True,1.0,normal,0.0,-0.0
NoInfo,normal,cn_moderate_1,moderate,2019,0.35,0.35,0.3,normal,True,0.35,normal,0.635,1.0498221244986778
RuleBased,normal,cn_moderate_1,moderate,2019,0.4,0.3,0.3,normal,True,0.4,normal,0.5399999999999999,0.916290731874155
TFIDF_LogReg,normal,cn_moderate_1,moderate,2019,0.43192448890766283,0.30087268657152244,0.2672028245208148,normal,True,0.43192448890766283,normal,0.48463150925948706,0.8395045002115374
TFIDF_LogReg_Calibrated,normal,cn_moderate_1,moderate,2019,1.0,0.0,0.0,normal,True,1.0,normal,0.0,-0.0
PerfectSemantic,normal,cn_moderate_1,moderate,2019,1.0,0.0,0.0,normal,True,1.0,normal,0.0,-0.0
NoInfo,normal,cn_moderate_2,moderate,2019,0.35,0.35,0.3,normal,True,0.35,normal,0.635,1.0498221244986778
RuleBased,normal,cn_moderate_2,moderate,2019,0.5714285714285715,0.4285714285714285,0.0,normal,True,0.5714285714285715,normal,0.36734693877551006,0.5596157879354225
TFIDF_LogReg,normal,cn_moderate_2,moderate,2019,0.4126177081662408,0.31618836773832154,0.27119392409543763,normal,True,0.4126177081662408,normal,0.5185391851191856,0.8852337607825816
TFIDF_LogReg_Calibrated,normal,cn_moderate_2,moderate,2019,0.8333333333333334,0.16666666666666666,0.0,normal,True,0.8333333333333334,normal,0.05555555555555554,0.1823215567939546
PerfectSemantic,normal,cn_moderate_2,moderate,2019,1.0,0.0,0.0,normal,True,1.0,normal,0.0,-0.0
NoInfo,normal,cn_moderate_3,moderate,2019,0.35,0.35,0.3,normal,True,0.35,normal,0.635,1.0498221244986778
RuleBased,normal,cn_moderate_3,moderate,2019,0.25,0.37499999999999994,0.37499999999999994,supplier_delay,False,0.37499999999999994,normal,0.84375,1.3862943611198906
TFIDF_LogReg,normal,cn_moderate_3,moderate,2019,0.3709692066833674,0.3385540718771397,0.2904767214394928,normal,True,0.3709692066833674,normal,0.5946753242233803,0.9916362206729205
TFIDF_LogReg_Calibrated,normal,cn_moderate_3,moderate,2019,0.6191542664225136,0.3808457335774864,0.0,normal,True,0.6191542664225136,normal,0.2900869455683475,0.4794008185711075
PerfectSemantic,normal,cn_moderate_3,moderate,2019,1.0,0.0,0.0,normal,True,1.0,normal,0.0,-0.0
NoInfo,normal,cn_moderate_4,moderate,2019,0.35,0.35,0.3,normal,True,0.35,normal,0.635,1.0498221244986778
RuleBased,normal,cn_moderate_4,moderate,2019,0.5714285714285715,0.0,0.4285714285714286,normal,True,0.5714285714285715,normal,0.36734693877551017,0.5596157879354225
TFIDF_LogReg,normal,cn_moderate_4,moderate,2019,0.49287152849181515,0.25134454143974627,0.25578393006843864,normal,True,0.49287152849181515,normal,0.3857787840070401,0.7075067301937508
TFIDF_LogReg_Calibrated,normal,cn_moderate_4,moderate,2019,0.928691645299736,0.0,0.07130835470026405,normal,True,0.928691645299736,normal,0.01016976290011733,0.07397851636453767
PerfectSemantic,normal,cn_moderate_4,moderate,2019,1.0,0.0,0.0,normal,True,1.0,normal,0.0,-0.0
NoInfo,normal,cn_vague_1,vague,2019,0.35,0.35,0.3,normal,True,0.35,normal,0.635,1.0498221244986778
RuleBased,normal,cn_vague_1,vague,2019,0.3333333333333333,0.3333333333333333,0.3333333333333333,normal,True,0.3333333333333333,normal,0.6666666666666667,1.0986122886681098
TFIDF_LogReg,normal,cn_vague_1,vague,2019,0.37801577405271997,0.3389159245994559,0.2830683013478241,normal,True,0.37801577405271997,normal,0.5818560445022838,0.972819353935033
TFIDF_LogReg_Calibrated,normal,cn_vague_1,vague,2019,0.6810946901721556,0.3189053098278444,0.0,normal,True,0.6810946901721556,normal,0.20340119327278683,0.38405393672450183
PerfectSemantic,normal,cn_vague_1,vague,2019,1.0,0.0,0.0,normal,True,1.0,normal,0.0,-0.0
NoInfo,normal,cn_vague_2,vague,2019,0.35,0.35,0.3,normal,True,0.35,normal,0.635,1.0498221244986778
RuleBased,normal,cn_vague_2,vague,2019,0.4,0.0,0.6,demand_surge,False,0.6,normal,0.72,0.916290731874155
TFIDF_LogReg,normal,cn_vague_2,vague,2019,0.41142597132376424,0.2827931455324748,0.30578088314376106,normal,True,0.41142597132376424,normal,0.5198932988885043,0.8881261746266123
TFIDF_LogReg_Calibrated,normal,cn_vague_2,vague,2019,0.8986105439460563,0.0,0.10138945605394371,normal,True,0.8986105439460563,normal,0.020559643597829157,0.10690554866680214
PerfectSemantic,normal,cn_vague_2,vague,2019,1.0,0.0,0.0,normal,True,1.0,normal,0.0,-0.0
NoInfo,normal,cn_vague_3,vague,2019,0.35,0.35,0.3,normal,True,0.35,normal,0.635,1.0498221244986778
RuleBased,normal,cn_vague_3,vague,2019,0.0,0.5,0.5,supplier_delay,False,0.5,normal,1.5,23.025850929940457
TFIDF_LogReg,normal,cn_vague_3,vague,2019,0.3771261334553238,0.3226942125589093,0.30017965398576696,normal,True,0.3771261334553238,normal,0.5822112331103444,0.9751755759911571
TFIDF_LogReg_Calibrated,normal,cn_vague_3,vague,2019,0.5910294823221457,0.3333333333333333,0.0756371843445209,normal,True,0.5910294823221457,normal,0.2840889790963703,0.5258893773344142
PerfectSemantic,normal,cn_vague_3,vague,2019,1.0,0.0,0.0,normal,True,1.0,normal,0.0,-0.0
NoInfo,normal,cn_vague_4,vague,2019,0.35,0.35,0.3,normal,True,0.35,normal,0.635,1.0498221244986778
RuleBased,normal,cn_vague_4,vague,2019,0.3333333333333333,0.3333333333333333,0.3333333333333333,normal,True,0.3333333333333333,normal,0.6666666666666667,1.0986122886681098
TFIDF_LogReg,normal,cn_vague_4,vague,2019,0.4241393062500869,0.2828361100259718,0.2930245837239413,normal,True,0.4241393062500869,normal,0.497475210407344,0.8576933252351051
TFIDF_LogReg_Calibrated,normal,cn_vague_4,vague,2019,1.0,0.0,0.0,normal,True,1.0,normal,0.0,-0.0
PerfectSemantic,normal,cn_vague_4,vague,2019,1.0,0.0,0.0,normal,True,1.0,normal,0.0,-0.0
NoInfo,supplier_delay,cd_clear_1,clear,2000,0.35,0.35,0.3,normal,False,0.35,supplier_delay,0.635,1.0498221244986778
RuleBased,supplier_delay,cd_clear_1,clear,2000,0.0,1.0,0.0,supplier_delay,True,1.0,supplier_delay,0.0,-0.0
TFIDF_LogReg,supplier_delay,cd_clear_1,clear,2000,0.23745986963093338,0.421500123431182,0.3410400069378847,supplier_delay,True,0.421500123431182,supplier_delay,0.50735758320747,0.8639352087023529
TFIDF_LogReg_Calibrated,supplier_delay,cd_clear_1,clear,2000,0.0,0.47360751585061306,0.5263924841493869,demand_surge,False,0.5263924841493869,supplier_delay,0.5541780947379251,0.7473763259212582
PerfectSemantic,supplier_delay,cd_clear_1,clear,2000,0.0,1.0,0.0,supplier_delay,True,1.0,supplier_delay,0.0,-0.0
NoInfo,supplier_delay,cd_clear_2,clear,2000,0.35,0.35,0.3,normal,False,0.35,supplier_delay,0.635,1.0498221244986778
RuleBased,supplier_delay,cd_clear_2,clear,2000,0.2758620689655173,0.5172413793103449,0.20689655172413793,supplier_delay,True,0.5172413793103449,supplier_delay,0.3519619500594531,0.6592456288842639
TFIDF_LogReg,supplier_delay,cd_clear_2,clear,2000,0.2897803462021731,0.39133920753656015,0.3188804462612668,supplier_delay,True,0.39133920753656015,supplier_delay,0.5561253483350586,0.938180556634081
TFIDF_LogReg_Calibrated,supplier_delay,cd_clear_2,clear,2000,0.09372902690017108,0.7316791500552591,0.17459182304456988,supplier_delay,True,0.7316791500552591,supplier_delay,0.11126351367274757,0.31241318070758034
PerfectSemantic,supplier_delay,cd_clear_2,clear,2000,0.0,1.0,0.0,supplier_delay,True,1.0,supplier_delay,0.0,-0.0
NoInfo,supplier_delay,cd_clear_3,clear,2000,0.35,0.35,0.3,normal,False,0.35,supplier_delay,0.635,1.0498221244986778
RuleBased,supplier_delay,cd_clear_3,clear,2000,0.0,0.5,0.5,supplier_delay,True,0.5,supplier_delay,0.5,0.6931471805599453
TFIDF_LogReg,supplier_delay,cd_clear_3,clear,2000,0.26709012841761415,0.3942047504194853,0.3387051211629006,supplier_delay,True,0.3942047504194853,supplier_delay,0.553046180214431,0.9308848335510302
TFIDF_LogReg_Calibrated,supplier_delay,cd_clear_3,clear,2000,0.296713271444418,0.3675360099397193,0.33575071861586275,supplier_delay,True,0.3675360099397193,supplier_delay,0.6007780092252879,1.000933978899054
PerfectSemantic,supplier_delay,cd_clear_3,clear,2000,0.0,1.0,0.0,supplier_delay,True,1.0,supplier_delay,0.0,-0.0
NoInfo,supplier_delay,cd_clear_4,clear,2000,0.35,0.35,0.3,normal,False,0.35,supplier_delay,0.635,1.0498221244986778
RuleBased,supplier_delay,cd_clear_4,clear,2000,0.0,0.5,0.5,supplier_delay,True,0.5,supplier_delay,0.5,0.6931471805599453
TFIDF_LogReg,supplier_delay,cd_clear_4,clear,2000,0.2868313071460786,0.4163072417412755,0.296861451112646,supplier_delay,True,0.4163072417412755,supplier_delay,0.5110961559595119,0.8763317294454173
TFIDF_LogReg_Calibrated,supplier_delay,cd_clear_4,clear,2000,0.3333333333333333,0.6666666666666666,0.0,supplier_delay,True,0.6666666666666666,supplier_delay,0.22222222222222224,0.40546510810816444
PerfectSemantic,supplier_delay,cd_clear_4,clear,2000,0.0,1.0,0.0,supplier_delay,True,1.0,supplier_delay,0.0,-0.0
NoInfo,supplier_delay,cd_moderate_1,moderate,2000,0.35,0.35,0.3,normal,False,0.35,supplier_delay,0.635,1.0498221244986778
RuleBased,supplier_delay,cd_moderate_1,moderate,2000,0.0,1.0,0.0,supplier_delay,True,1.0,supplier_delay,0.0,-0.0
TFIDF_LogReg,supplier_delay,cd_moderate_1,moderate,2000,0.2872828661830683,0.39625265306539953,0.31646448075153216,supplier_delay,True,0.39625265306539953,supplier_delay,0.5471920717102644,0.9257032583798761
TFIDF_LogReg_Calibrated,supplier_delay,cd_moderate_1,moderate,2000,0.0,0.9331483694069662,0.06685163059303378,supplier_delay,True,0.9331483694069662,supplier_delay,0.008938281025894902,0.06919106676173077
PerfectSemantic,supplier_delay,cd_moderate_1,moderate,2000,0.0,1.0,0.0,supplier_delay,True,1.0,supplier_delay,0.0,-0.0
NoInfo,supplier_delay,cd_moderate_2,moderate,2000,0.35,0.35,0.3,normal,False,0.35,supplier_delay,0.635,1.0498221244986778
RuleBased,supplier_delay,cd_moderate_2,moderate,2000,0.0,1.0,0.0,supplier_delay,True,1.0,supplier_delay,0.0,-0.0
TFIDF_LogReg,supplier_delay,cd_moderate_2,moderate,2000,0.2549948483684219,0.3899664262355114,0.3550387253960666,supplier_delay,True,0.3899664262355114,supplier_delay,0.5632158303451719,0.9416946301397187
TFIDF_LogReg_Calibrated,supplier_delay,cd_moderate_2,moderate,2000,0.0,0.5579503605938493,0.4420496394061508,supplier_delay,True,0.5579503605938493,supplier_delay,0.3908157673982158,0.5834852800671886
PerfectSemantic,supplier_delay,cd_moderate_2,moderate,2000,0.0,1.0,0.0,supplier_delay,True,1.0,supplier_delay,0.0,-0.0
NoInfo,supplier_delay,cd_moderate_3,moderate,2000,0.35,0.35,0.3,normal,False,0.35,supplier_delay,0.635,1.0498221244986778
RuleBased,supplier_delay,cd_moderate_3,moderate,2000,0.0,1.0,0.0,supplier_delay,True,1.0,supplier_delay,0.0,-0.0
TFIDF_LogReg,supplier_delay,cd_moderate_3,moderate,2000,0.2972294001921947,0.43821517289032413,0.26455542691748124,supplier_delay,True,0.43821517289032413,supplier_delay,0.47393708222075104,0.8250452269288362
TFIDF_LogReg_Calibrated,supplier_delay,cd_moderate_3,moderate,2000,0.0,1.0,0.0,supplier_delay,True,1.0,supplier_delay,0.0,-0.0
PerfectSemantic,supplier_delay,cd_moderate_3,moderate,2000,0.0,1.0,0.0,supplier_delay,True,1.0,supplier_delay,0.0,-0.0
NoInfo,supplier_delay,cd_moderate_4,moderate,2000,0.35,0.35,0.3,normal,False,0.35,supplier_delay,0.635,1.0498221244986778
RuleBased,supplier_delay,cd_moderate_4,moderate,2000,0.0,1.0,0.0,supplier_delay,True,1.0,supplier_delay,0.0,-0.0
TFIDF_LogReg,supplier_delay,cd_moderate_4,moderate,2000,0.2700074678575591,0.3735873147032703,0.35640521743917064,supplier_delay,True,0.3735873147032703,supplier_delay,0.5923215640173731,0.9846035274242757
TFIDF_LogReg_Calibrated,supplier_delay,cd_moderate_4,moderate,2000,0.0,0.4910110712090061,0.5089889287909939,demand_surge,False,0.5089889287909939,supplier_delay,0.5181394592636069,0.7112886031546438
PerfectSemantic,supplier_delay,cd_moderate_4,moderate,2000,0.0,1.0,0.0,supplier_delay,True,1.0,supplier_delay,0.0,-0.0
NoInfo,supplier_delay,cd_vague_1,vague,2000,0.35,0.35,0.3,normal,False,0.35,supplier_delay,0.635,1.0498221244986778
RuleBased,supplier_delay,cd_vague_1,vague,2000,0.0,0.6,0.39999999999999997,supplier_delay,True,0.6,supplier_delay,0.32,0.5108256237659907
TFIDF_LogReg,supplier_delay,cd_vague_1,vague,2000,0.2881220537123606,0.37847674291890326,0.33340120336873624,supplier_delay,True,0.37847674291890326,supplier_delay,0.5804618393358448,0.9716006533850728
TFIDF_LogReg_Calibrated,supplier_delay,cd_vague_1,vague,2000,0.0,0.7343909653328656,0.2656090346671343,supplier_delay,True,0.7343909653328656,supplier_delay,0.14109631859361393,0.30871374185819234
PerfectSemantic,supplier_delay,cd_vague_1,vague,2000,0.0,1.0,0.0,supplier_delay,True,1.0,supplier_delay,0.0,-0.0
NoInfo,supplier_delay,cd_vague_2,vague,2000,0.35,0.35,0.3,normal,False,0.35,supplier_delay,0.635,1.0498221244986778
RuleBased,supplier_delay,cd_vague_2,vague,2000,0.0,1.0,0.0,supplier_delay,True,1.0,supplier_delay,0.0,-0.0
TFIDF_LogReg,supplier_delay,cd_vague_2,vague,2000,0.33267715716288576,0.4004783181701407,0.26684452466697356,supplier_delay,True,0.4004783181701407,supplier_delay,0.5413063382268255,0.9150956508426971
TFIDF_LogReg_Calibrated,supplier_delay,cd_vague_2,vague,2000,0.11851130242360192,0.8814886975763981,0.0,supplier_delay,True,0.8814886975763981,supplier_delay,0.028089857604276854,0.1261430990342419
PerfectSemantic,supplier_delay,cd_vague_2,vague,2000,0.0,1.0,0.0,supplier_delay,True,1.0,supplier_delay,0.0,-0.0
NoInfo,supplier_delay,cd_vague_3,vague,2000,0.35,0.35,0.3,normal,False,0.35,supplier_delay,0.635,1.0498221244986778
RuleBased,supplier_delay,cd_vague_3,vague,2000,0.0,1.0,0.0,supplier_delay,True,1.0,supplier_delay,0.0,-0.0
TFIDF_LogReg,supplier_delay,cd_vague_3,vague,2000,0.3570807868648029,0.3838498215400494,0.2590693915951477,supplier_delay,True,0.3838498215400494,supplier_delay,0.5742646804256957,0.9575038926294022
TFIDF_LogReg_Calibrated,supplier_delay,cd_vague_3,vague,2000,0.3349590287226755,0.6650409712773245,0.0,supplier_delay,True,0.6650409712773245,supplier_delay,0.2243951018456763,0.40790662928081395
PerfectSemantic,supplier_delay,cd_vague_3,vague,2000,0.0,1.0,0.0,supplier_delay,True,1.0,supplier_delay,0.0,-0.0
NoInfo,supplier_delay,cd_vague_4,vague,2000,0.35,0.35,0.3,normal,False,0.35,supplier_delay,0.635,1.0498221244986778
RuleBased,supplier_delay,cd_vague_4,vague,2000,0.3333333333333333,0.3333333333333333,0.3333333333333333,normal,False,0.3333333333333333,supplier_delay,0.6666666666666667,1.0986122886681098
TFIDF_LogReg,supplier_delay,cd_vague_4,vague,2000,0.31434998660035207,0.3755374612789805,0.31011255212066746,supplier_delay,True,0.3755374612789805,supplier_delay,0.5849391713243358,0.97939704902837
TFIDF_LogReg_Calibrated,supplier_delay,cd_vague_4,vague,2000,0.0,0.8974611235238154,0.10253887647618465,supplier_delay,True,0.8974611235238154,supplier_delay,0.021028442377996507,0.10818547596589098
PerfectSemantic,supplier_delay,cd_vague_4,vague,2000,0.0,1.0,0.0,supplier_delay,True,1.0,supplier_delay,0.0,-0.0
NoInfo,supplier_delay,cd_clear_1,clear,2001,0.35,0.35,0.3,normal,False,0.35,supplier_delay,0.635,1.0498221244986778
RuleBased,supplier_delay,cd_clear_1,clear,2001,0.0,1.0,0.0,supplier_delay,True,1.0,supplier_delay,0.0,-0.0
TFIDF_LogReg,supplier_delay,cd_clear_1,clear,2001,0.23745986963093338,0.421500123431182,0.3410400069378847,supplier_delay,True,0.421500123431182,supplier_delay,0.50735758320747,0.8639352087023529
TFIDF_LogReg_Calibrated,supplier_delay,cd_clear_1,clear,2001,0.0,0.47360751585061306,0.5263924841493869,demand_surge,False,0.5263924841493869,supplier_delay,0.5541780947379251,0.7473763259212582
PerfectSemantic,supplier_delay,cd_clear_1,clear,2001,0.0,1.0,0.0,supplier_delay,True,1.0,supplier_delay,0.0,-0.0
NoInfo,supplier_delay,cd_clear_2,clear,2001,0.35,0.35,0.3,normal,False,0.35,supplier_delay,0.635,1.0498221244986778
RuleBased,supplier_delay,cd_clear_2,clear,2001,0.2758620689655173,0.5172413793103449,0.20689655172413793,supplier_delay,True,0.5172413793103449,supplier_delay,0.3519619500594531,0.6592456288842639
TFIDF_LogReg,supplier_delay,cd_clear_2,clear,2001,0.2897803462021731,0.39133920753656015,0.3188804462612668,supplier_delay,True,0.39133920753656015,supplier_delay,0.5561253483350586,0.938180556634081
TFIDF_LogReg_Calibrated,supplier_delay,cd_clear_2,clear,2001,0.09372902690017108,0.7316791500552591,0.17459182304456988,supplier_delay,True,0.7316791500552591,supplier_delay,0.11126351367274757,0.31241318070758034
PerfectSemantic,supplier_delay,cd_clear_2,clear,2001,0.0,1.0,0.0,supplier_delay,True,1.0,supplier_delay,0.0,-0.0
NoInfo,supplier_delay,cd_clear_3,clear,2001,0.35,0.35,0.3,normal,False,0.35,supplier_delay,0.635,1.0498221244986778
RuleBased,supplier_delay,cd_clear_3,clear,2001,0.0,0.5,0.5,supplier_delay,True,0.5,supplier_delay,0.5,0.6931471805599453
TFIDF_LogReg,supplier_delay,cd_clear_3,clear,2001,0.26709012841761415,0.3942047504194853,0.3387051211629006,supplier_delay,True,0.3942047504194853,supplier_delay,0.553046180214431,0.9308848335510302
TFIDF_LogReg_Calibrated,supplier_delay,cd_clear_3,clear,2001,0.296713271444418,0.3675360099397193,0.33575071861586275,supplier_delay,True,0.3675360099397193,supplier_delay,0.6007780092252879,1.000933978899054
PerfectSemantic,supplier_delay,cd_clear_3,clear,2001,0.0,1.0,0.0,supplier_delay,True,1.0,supplier_delay,0.0,-0.0
NoInfo,supplier_delay,cd_clear_4,clear,2001,0.35,0.35,0.3,normal,False,0.35,supplier_delay,0.635,1.0498221244986778
RuleBased,supplier_delay,cd_clear_4,clear,2001,0.0,0.5,0.5,supplier_delay,True,0.5,supplier_delay,0.5,0.6931471805599453
TFIDF_LogReg,supplier_delay,cd_clear_4,clear,2001,0.2868313071460786,0.4163072417412755,0.296861451112646,supplier_delay,True,0.4163072417412755,supplier_delay,0.5110961559595119,0.8763317294454173
TFIDF_LogReg_Calibrated,supplier_delay,cd_clear_4,clear,2001,0.3333333333333333,0.6666666666666666,0.0,supplier_delay,True,0.6666666666666666,supplier_delay,0.22222222222222224,0.40546510810816444
PerfectSemantic,supplier_delay,cd_clear_4,clear,2001,0.0,1.0,0.0,supplier_delay,True,1.0,supplier_delay,0.0,-0.0
NoInfo,supplier_delay,cd_moderate_1,moderate,2001,0.35,0.35,0.3,normal,False,0.35,supplier_delay,0.635,1.0498221244986778
RuleBased,supplier_delay,cd_moderate_1,moderate,2001,0.0,1.0,0.0,supplier_delay,True,1.0,supplier_delay,0.0,-0.0
TFIDF_LogReg,supplier_delay,cd_moderate_1,moderate,2001,0.2872828661830683,0.39625265306539953,0.31646448075153216,supplier_delay,True,0.39625265306539953,supplier_delay,0.5471920717102644,0.9257032583798761
TFIDF_LogReg_Calibrated,supplier_delay,cd_moderate_1,moderate,2001,0.0,0.9331483694069662,0.06685163059303378,supplier_delay,True,0.9331483694069662,supplier_delay,0.008938281025894902,0.06919106676173077
PerfectSemantic,supplier_delay,cd_moderate_1,moderate,2001,0.0,1.0,0.0,supplier_delay,True,1.0,supplier_delay,0.0,-0.0
NoInfo,supplier_delay,cd_moderate_2,moderate,2001,0.35,0.35,0.3,normal,False,0.35,supplier_delay,0.635,1.0498221244986778
RuleBased,supplier_delay,cd_moderate_2,moderate,2001,0.0,1.0,0.0,supplier_delay,True,1.0,supplier_delay,0.0,-0.0
TFIDF_LogReg,supplier_delay,cd_moderate_2,moderate,2001,0.2549948483684219,0.3899664262355114,0.3550387253960666,supplier_delay,True,0.3899664262355114,supplier_delay,0.5632158303451719,0.9416946301397187
TFIDF_LogReg_Calibrated,supplier_delay,cd_moderate_2,moderate,2001,0.0,0.5579503605938493,0.4420496394061508,supplier_delay,True,0.5579503605938493,supplier_delay,0.3908157673982158,0.5834852800671886
PerfectSemantic,supplier_delay,cd_moderate_2,moderate,2001,0.0,1.0,0.0,supplier_delay,True,1.0,supplier_delay,0.0,-0.0
NoInfo,supplier_delay,cd_moderate_3,moderate,2001,0.35,0.35,0.3,normal,False,0.35,supplier_delay,0.635,1.0498221244986778
RuleBased,supplier_delay,cd_moderate_3,moderate,2001,0.0,1.0,0.0,supplier_delay,True,1.0,supplier_delay,0.0,-0.0
TFIDF_LogReg,supplier_delay,cd_moderate_3,moderate,2001,0.2972294001921947,0.43821517289032413,0.26455542691748124,supplier_delay,True,0.43821517289032413,supplier_delay,0.47393708222075104,0.8250452269288362
TFIDF_LogReg_Calibrated,supplier_delay,cd_moderate_3,moderate,2001,0.0,1.0,0.0,supplier_delay,True,1.0,supplier_delay,0.0,-0.0
PerfectSemantic,supplier_delay,cd_moderate_3,moderate,2001,0.0,1.0,0.0,supplier_delay,True,1.0,supplier_delay,0.0,-0.0
NoInfo,supplier_delay,cd_moderate_4,moderate,2001,0.35,0.35,0.3,normal,False,0.35,supplier_delay,0.635,1.0498221244986778
RuleBased,supplier_delay,cd_moderate_4,moderate,2001,0.0,1.0,0.0,supplier_delay,True,1.0,supplier_delay,0.0,-0.0
TFIDF_LogReg,supplier_delay,cd_moderate_4,moderate,2001,0.2700074678575591,0.3735873147032703,0.35640521743917064,supplier_delay,True,0.3735873147032703,supplier_delay,0.5923215640173731,0.9846035274242757
TFIDF_LogReg_Calibrated,supplier_delay,cd_moderate_4,moderate,2001,0.0,0.4910110712090061,0.5089889287909939,demand_surge,False,0.5089889287909939,supplier_delay,0.5181394592636069,0.7112886031546438
PerfectSemantic,supplier_delay,cd_moderate_4,moderate,2001,0.0,1.0,0.0,supplier_delay,True,1.0,supplier_delay,0.0,-0.0
NoInfo,supplier_delay,cd_vague_1,vague,2001,0.35,0.35,0.3,normal,False,0.35,supplier_delay,0.635,1.0498221244986778
RuleBased,supplier_delay,cd_vague_1,vague,2001,0.0,0.6,0.39999999999999997,supplier_delay,True,0.6,supplier_delay,0.32,0.5108256237659907
TFIDF_LogReg,supplier_delay,cd_vague_1,vague,2001,0.2881220537123606,0.37847674291890326,0.33340120336873624,supplier_delay,True,0.37847674291890326,supplier_delay,0.5804618393358448,0.9716006533850728
TFIDF_LogReg_Calibrated,supplier_delay,cd_vague_1,vague,2001,0.0,0.7343909653328656,0.2656090346671343,supplier_delay,True,0.7343909653328656,supplier_delay,0.14109631859361393,0.30871374185819234
PerfectSemantic,supplier_delay,cd_vague_1,vague,2001,0.0,1.0,0.0,supplier_delay,True,1.0,supplier_delay,0.0,-0.0
NoInfo,supplier_delay,cd_vague_2,vague,2001,0.35,0.35,0.3,normal,False,0.35,supplier_delay,0.635,1.0498221244986778
RuleBased,supplier_delay,cd_vague_2,vague,2001,0.0,1.0,0.0,supplier_delay,True,1.0,supplier_delay,0.0,-0.0
TFIDF_LogReg,supplier_delay,cd_vague_2,vague,2001,0.33267715716288576,0.4004783181701407,0.26684452466697356,supplier_delay,True,0.4004783181701407,supplier_delay,0.5413063382268255,0.9150956508426971
TFIDF_LogReg_Calibrated,supplier_delay,cd_vague_2,vague,2001,0.11851130242360192,0.8814886975763981,0.0,supplier_delay,True,0.8814886975763981,supplier_delay,0.028089857604276854,0.1261430990342419
PerfectSemantic,supplier_delay,cd_vague_2,vague,2001,0.0,1.0,0.0,supplier_delay,True,1.0,supplier_delay,0.0,-0.0
NoInfo,supplier_delay,cd_vague_3,vague,2001,0.35,0.35,0.3,normal,False,0.35,supplier_delay,0.635,1.0498221244986778
RuleBased,supplier_delay,cd_vague_3,vague,2001,0.0,1.0,0.0,supplier_delay,True,1.0,supplier_delay,0.0,-0.0
TFIDF_LogReg,supplier_delay,cd_vague_3,vague,2001,0.3570807868648029,0.3838498215400494,0.2590693915951477,supplier_delay,True,0.3838498215400494,supplier_delay,0.5742646804256957,0.9575038926294022
TFIDF_LogReg_Calibrated,supplier_delay,cd_vague_3,vague,2001,0.3349590287226755,0.6650409712773245,0.0,supplier_delay,True,0.6650409712773245,supplier_delay,0.2243951018456763,0.40790662928081395
PerfectSemantic,supplier_delay,cd_vague_3,vague,2001,0.0,1.0,0.0,supplier_delay,True,1.0,supplier_delay,0.0,-0.0
NoInfo,supplier_delay,cd_vague_4,vague,2001,0.35,0.35,0.3,normal,False,0.35,supplier_delay,0.635,1.0498221244986778
RuleBased,supplier_delay,cd_vague_4,vague,2001,0.3333333333333333,0.3333333333333333,0.3333333333333333,normal,False,0.3333333333333333,supplier_delay,0.6666666666666667,1.0986122886681098
TFIDF_LogReg,supplier_delay,cd_vague_4,vague,2001,0.31434998660035207,0.3755374612789805,0.31011255212066746,supplier_delay,True,0.3755374612789805,supplier_delay,0.5849391713243358,0.97939704902837
TFIDF_LogReg_Calibrated,supplier_delay,cd_vague_4,vague,2001,0.0,0.8974611235238154,0.10253887647618465,supplier_delay,True,0.8974611235238154,supplier_delay,0.021028442377996507,0.10818547596589098
PerfectSemantic,supplier_delay,cd_vague_4,vague,2001,0.0,1.0,0.0,supplier_delay,True,1.0,supplier_delay,0.0,-0.0
NoInfo,supplier_delay,cd_clear_1,clear,2002,0.35,0.35,0.3,normal,False,0.35,supplier_delay,0.635,1.0498221244986778
RuleBased,supplier_delay,cd_clear_1,clear,2002,0.0,1.0,0.0,supplier_delay,True,1.0,supplier_delay,0.0,-0.0
TFIDF_LogReg,supplier_delay,cd_clear_1,clear,2002,0.23745986963093338,0.421500123431182,0.3410400069378847,supplier_delay,True,0.421500123431182,supplier_delay,0.50735758320747,0.8639352087023529
TFIDF_LogReg_Calibrated,supplier_delay,cd_clear_1,clear,2002,0.0,0.47360751585061306,0.5263924841493869,demand_surge,False,0.5263924841493869,supplier_delay,0.5541780947379251,0.7473763259212582
PerfectSemantic,supplier_delay,cd_clear_1,clear,2002,0.0,1.0,0.0,supplier_delay,True,1.0,supplier_delay,0.0,-0.0
NoInfo,supplier_delay,cd_clear_2,clear,2002,0.35,0.35,0.3,normal,False,0.35,supplier_delay,0.635,1.0498221244986778
RuleBased,supplier_delay,cd_clear_2,clear,2002,0.2758620689655173,0.5172413793103449,0.20689655172413793,supplier_delay,True,0.5172413793103449,supplier_delay,0.3519619500594531,0.6592456288842639
TFIDF_LogReg,supplier_delay,cd_clear_2,clear,2002,0.2897803462021731,0.39133920753656015,0.3188804462612668,supplier_delay,True,0.39133920753656015,supplier_delay,0.5561253483350586,0.938180556634081
TFIDF_LogReg_Calibrated,supplier_delay,cd_clear_2,clear,2002,0.09372902690017108,0.7316791500552591,0.17459182304456988,supplier_delay,True,0.7316791500552591,supplier_delay,0.11126351367274757,0.31241318070758034
PerfectSemantic,supplier_delay,cd_clear_2,clear,2002,0.0,1.0,0.0,supplier_delay,True,1.0,supplier_delay,0.0,-0.0
NoInfo,supplier_delay,cd_clear_3,clear,2002,0.35,0.35,0.3,normal,False,0.35,supplier_delay,0.635,1.0498221244986778
RuleBased,supplier_delay,cd_clear_3,clear,2002,0.0,0.5,0.5,supplier_delay,True,0.5,supplier_delay,0.5,0.6931471805599453
TFIDF_LogReg,supplier_delay,cd_clear_3,clear,2002,0.26709012841761415,0.3942047504194853,0.3387051211629006,supplier_delay,True,0.3942047504194853,supplier_delay,0.553046180214431,0.9308848335510302
TFIDF_LogReg_Calibrated,supplier_delay,cd_clear_3,clear,2002,0.296713271444418,0.3675360099397193,0.33575071861586275,supplier_delay,True,0.3675360099397193,supplier_delay,0.6007780092252879,1.000933978899054
PerfectSemantic,supplier_delay,cd_clear_3,clear,2002,0.0,1.0,0.0,supplier_delay,True,1.0,supplier_delay,0.0,-0.0
NoInfo,supplier_delay,cd_clear_4,clear,2002,0.35,0.35,0.3,normal,False,0.35,supplier_delay,0.635,1.0498221244986778
RuleBased,supplier_delay,cd_clear_4,clear,2002,0.0,0.5,0.5,supplier_delay,True,0.5,supplier_delay,0.5,0.6931471805599453
TFIDF_LogReg,supplier_delay,cd_clear_4,clear,2002,0.2868313071460786,0.4163072417412755,0.296861451112646,supplier_delay,True,0.4163072417412755,supplier_delay,0.5110961559595119,0.8763317294454173
TFIDF_LogReg_Calibrated,supplier_delay,cd_clear_4,clear,2002,0.3333333333333333,0.6666666666666666,0.0,supplier_delay,True,0.6666666666666666,supplier_delay,0.22222222222222224,0.40546510810816444
PerfectSemantic,supplier_delay,cd_clear_4,clear,2002,0.0,1.0,0.0,supplier_delay,True,1.0,supplier_delay,0.0,-0.0
NoInfo,supplier_delay,cd_moderate_1,moderate,2002,0.35,0.35,0.3,normal,False,0.35,supplier_delay,0.635,1.0498221244986778
RuleBased,supplier_delay,cd_moderate_1,moderate,2002,0.0,1.0,0.0,supplier_delay,True,1.0,supplier_delay,0.0,-0.0
TFIDF_LogReg,supplier_delay,cd_moderate_1,moderate,2002,0.2872828661830683,0.39625265306539953,0.31646448075153216,supplier_delay,True,0.39625265306539953,supplier_delay,0.5471920717102644,0.9257032583798761
TFIDF_LogReg_Calibrated,supplier_delay,cd_moderate_1,moderate,2002,0.0,0.9331483694069662,0.06685163059303378,supplier_delay,True,0.9331483694069662,supplier_delay,0.008938281025894902,0.06919106676173077
PerfectSemantic,supplier_delay,cd_moderate_1,moderate,2002,0.0,1.0,0.0,supplier_delay,True,1.0,supplier_delay,0.0,-0.0
NoInfo,supplier_delay,cd_moderate_2,moderate,2002,0.35,0.35,0.3,normal,False,0.35,supplier_delay,0.635,1.0498221244986778
RuleBased,supplier_delay,cd_moderate_2,moderate,2002,0.0,1.0,0.0,supplier_delay,True,1.0,supplier_delay,0.0,-0.0
TFIDF_LogReg,supplier_delay,cd_moderate_2,moderate,2002,0.2549948483684219,0.3899664262355114,0.3550387253960666,supplier_delay,True,0.3899664262355114,supplier_delay,0.5632158303451719,0.9416946301397187
TFIDF_LogReg_Calibrated,supplier_delay,cd_moderate_2,moderate,2002,0.0,0.5579503605938493,0.4420496394061508,supplier_delay,True,0.5579503605938493,supplier_delay,0.3908157673982158,0.5834852800671886
PerfectSemantic,supplier_delay,cd_moderate_2,moderate,2002,0.0,1.0,0.0,supplier_delay,True,1.0,supplier_delay,0.0,-0.0
NoInfo,supplier_delay,cd_moderate_3,moderate,2002,0.35,0.35,0.3,normal,False,0.35,supplier_delay,0.635,1.0498221244986778
RuleBased,supplier_delay,cd_moderate_3,moderate,2002,0.0,1.0,0.0,supplier_delay,True,1.0,supplier_delay,0.0,-0.0
TFIDF_LogReg,supplier_delay,cd_moderate_3,moderate,2002,0.2972294001921947,0.43821517289032413,0.26455542691748124,supplier_delay,True,0.43821517289032413,supplier_delay,0.47393708222075104,0.8250452269288362
TFIDF_LogReg_Calibrated,supplier_delay,cd_moderate_3,moderate,2002,0.0,1.0,0.0,supplier_delay,True,1.0,supplier_delay,0.0,-0.0
PerfectSemantic,supplier_delay,cd_moderate_3,moderate,2002,0.0,1.0,0.0,supplier_delay,True,1.0,supplier_delay,0.0,-0.0
NoInfo,supplier_delay,cd_moderate_4,moderate,2002,0.35,0.35,0.3,normal,False,0.35,supplier_delay,0.635,1.0498221244986778
RuleBased,supplier_delay,cd_moderate_4,moderate,2002,0.0,1.0,0.0,supplier_delay,True,1.0,supplier_delay,0.0,-0.0
TFIDF_LogReg,supplier_delay,cd_moderate_4,moderate,2002,0.2700074678575591,0.3735873147032703,0.35640521743917064,supplier_delay,True,0.3735873147032703,supplier_delay,0.5923215640173731,0.9846035274242757
TFIDF_LogReg_Calibrated,supplier_delay,cd_moderate_4,moderate,2002,0.0,0.4910110712090061,0.5089889287909939,demand_surge,False,0.5089889287909939,supplier_delay,0.5181394592636069,0.7112886031546438
PerfectSemantic,supplier_delay,cd_moderate_4,moderate,2002,0.0,1.0,0.0,supplier_delay,True,1.0,supplier_delay,0.0,-0.0
NoInfo,supplier_delay,cd_vague_1,vague,2002,0.35,0.35,0.3,normal,False,0.35,supplier_delay,0.635,1.0498221244986778
RuleBased,supplier_delay,cd_vague_1,vague,2002,0.0,0.6,0.39999999999999997,supplier_delay,True,0.6,supplier_delay,0.32,0.5108256237659907
TFIDF_LogReg,supplier_delay,cd_vague_1,vague,2002,0.2881220537123606,0.37847674291890326,0.33340120336873624,supplier_delay,True,0.37847674291890326,supplier_delay,0.5804618393358448,0.9716006533850728
TFIDF_LogReg_Calibrated,supplier_delay,cd_vague_1,vague,2002,0.0,0.7343909653328656,0.2656090346671343,supplier_delay,True,0.7343909653328656,supplier_delay,0.14109631859361393,0.30871374185819234
PerfectSemantic,supplier_delay,cd_vague_1,vague,2002,0.0,1.0,0.0,supplier_delay,True,1.0,supplier_delay,0.0,-0.0
NoInfo,supplier_delay,cd_vague_2,vague,2002,0.35,0.35,0.3,normal,False,0.35,supplier_delay,0.635,1.0498221244986778
RuleBased,supplier_delay,cd_vague_2,vague,2002,0.0,1.0,0.0,supplier_delay,True,1.0,supplier_delay,0.0,-0.0
TFIDF_LogReg,supplier_delay,cd_vague_2,vague,2002,0.33267715716288576,0.4004783181701407,0.26684452466697356,supplier_delay,True,0.4004783181701407,supplier_delay,0.5413063382268255,0.9150956508426971
TFIDF_LogReg_Calibrated,supplier_delay,cd_vague_2,vague,2002,0.11851130242360192,0.8814886975763981,0.0,supplier_delay,True,0.8814886975763981,supplier_delay,0.028089857604276854,0.1261430990342419
PerfectSemantic,supplier_delay,cd_vague_2,vague,2002,0.0,1.0,0.0,supplier_delay,True,1.0,supplier_delay,0.0,-0.0
NoInfo,supplier_delay,cd_vague_3,vague,2002,0.35,0.35,0.3,normal,False,0.35,supplier_delay,0.635,1.0498221244986778
RuleBased,supplier_delay,cd_vague_3,vague,2002,0.0,1.0,0.0,supplier_delay,True,1.0,supplier_delay,0.0,-0.0
TFIDF_LogReg,supplier_delay,cd_vague_3,vague,2002,0.3570807868648029,0.3838498215400494,0.2590693915951477,supplier_delay,True,0.3838498215400494,supplier_delay,0.5742646804256957,0.9575038926294022
TFIDF_LogReg_Calibrated,supplier_delay,cd_vague_3,vague,2002,0.3349590287226755,0.6650409712773245,0.0,supplier_delay,True,0.6650409712773245,supplier_delay,0.2243951018456763,0.40790662928081395
PerfectSemantic,supplier_delay,cd_vague_3,vague,2002,0.0,1.0,0.0,supplier_delay,True,1.0,supplier_delay,0.0,-0.0
NoInfo,supplier_delay,cd_vague_4,vague,2002,0.35,0.35,0.3,normal,False,0.35,supplier_delay,0.635,1.0498221244986778
RuleBased,supplier_delay,cd_vague_4,vague,2002,0.3333333333333333,0.3333333333333333,0.3333333333333333,normal,False,0.3333333333333333,supplier_delay,0.6666666666666667,1.0986122886681098
TFIDF_LogReg,supplier_delay,cd_vague_4,vague,2002,0.31434998660035207,0.3755374612789805,0.31011255212066746,supplier_delay,True,0.3755374612789805,supplier_delay,0.5849391713243358,0.97939704902837
TFIDF_LogReg_Calibrated,supplier_delay,cd_vague_4,vague,2002,0.0,0.8974611235238154,0.10253887647618465,supplier_delay,True,0.8974611235238154,supplier_delay,0.021028442377996507,0.10818547596589098
PerfectSemantic,supplier_delay,cd_vague_4,vague,2002,0.0,1.0,0.0,supplier_delay,True,1.0,supplier_delay,0.0,-0.0
NoInfo,supplier_delay,cd_clear_1,clear,2003,0.35,0.35,0.3,normal,False,0.35,supplier_delay,0.635,1.0498221244986778
RuleBased,supplier_delay,cd_clear_1,clear,2003,0.0,1.0,0.0,supplier_delay,True,1.0,supplier_delay,0.0,-0.0
TFIDF_LogReg,supplier_delay,cd_clear_1,clear,2003,0.23745986963093338,0.421500123431182,0.3410400069378847,supplier_delay,True,0.421500123431182,supplier_delay,0.50735758320747,0.8639352087023529
TFIDF_LogReg_Calibrated,supplier_delay,cd_clear_1,clear,2003,0.0,0.47360751585061306,0.5263924841493869,demand_surge,False,0.5263924841493869,supplier_delay,0.5541780947379251,0.7473763259212582
PerfectSemantic,supplier_delay,cd_clear_1,clear,2003,0.0,1.0,0.0,supplier_delay,True,1.0,supplier_delay,0.0,-0.0
NoInfo,supplier_delay,cd_clear_2,clear,2003,0.35,0.35,0.3,normal,False,0.35,supplier_delay,0.635,1.0498221244986778
RuleBased,supplier_delay,cd_clear_2,clear,2003,0.2758620689655173,0.5172413793103449,0.20689655172413793,supplier_delay,True,0.5172413793103449,supplier_delay,0.3519619500594531,0.6592456288842639
TFIDF_LogReg,supplier_delay,cd_clear_2,clear,2003,0.2897803462021731,0.39133920753656015,0.3188804462612668,supplier_delay,True,0.39133920753656015,supplier_delay,0.5561253483350586,0.938180556634081
TFIDF_LogReg_Calibrated,supplier_delay,cd_clear_2,clear,2003,0.09372902690017108,0.7316791500552591,0.17459182304456988,supplier_delay,True,0.7316791500552591,supplier_delay,0.11126351367274757,0.31241318070758034
PerfectSemantic,supplier_delay,cd_clear_2,clear,2003,0.0,1.0,0.0,supplier_delay,True,1.0,supplier_delay,0.0,-0.0
NoInfo,supplier_delay,cd_clear_3,clear,2003,0.35,0.35,0.3,normal,False,0.35,supplier_delay,0.635,1.0498221244986778
RuleBased,supplier_delay,cd_clear_3,clear,2003,0.0,0.5,0.5,supplier_delay,True,0.5,supplier_delay,0.5,0.6931471805599453
TFIDF_LogReg,supplier_delay,cd_clear_3,clear,2003,0.26709012841761415,0.3942047504194853,0.3387051211629006,supplier_delay,True,0.3942047504194853,supplier_delay,0.553046180214431,0.9308848335510302
TFIDF_LogReg_Calibrated,supplier_delay,cd_clear_3,clear,2003,0.296713271444418,0.3675360099397193,0.33575071861586275,supplier_delay,True,0.3675360099397193,supplier_delay,0.6007780092252879,1.000933978899054
PerfectSemantic,supplier_delay,cd_clear_3,clear,2003,0.0,1.0,0.0,supplier_delay,True,1.0,supplier_delay,0.0,-0.0
NoInfo,supplier_delay,cd_clear_4,clear,2003,0.35,0.35,0.3,normal,False,0.35,supplier_delay,0.635,1.0498221244986778
RuleBased,supplier_delay,cd_clear_4,clear,2003,0.0,0.5,0.5,supplier_delay,True,0.5,supplier_delay,0.5,0.6931471805599453
TFIDF_LogReg,supplier_delay,cd_clear_4,clear,2003,0.2868313071460786,0.4163072417412755,0.296861451112646,supplier_delay,True,0.4163072417412755,supplier_delay,0.5110961559595119,0.8763317294454173
TFIDF_LogReg_Calibrated,supplier_delay,cd_clear_4,clear,2003,0.3333333333333333,0.6666666666666666,0.0,supplier_delay,True,0.6666666666666666,supplier_delay,0.22222222222222224,0.40546510810816444
PerfectSemantic,supplier_delay,cd_clear_4,clear,2003,0.0,1.0,0.0,supplier_delay,True,1.0,supplier_delay,0.0,-0.0
NoInfo,supplier_delay,cd_moderate_1,moderate,2003,0.35,0.35,0.3,normal,False,0.35,supplier_delay,0.635,1.0498221244986778
RuleBased,supplier_delay,cd_moderate_1,moderate,2003,0.0,1.0,0.0,supplier_delay,True,1.0,supplier_delay,0.0,-0.0
TFIDF_LogReg,supplier_delay,cd_moderate_1,moderate,2003,0.2872828661830683,0.39625265306539953,0.31646448075153216,supplier_delay,True,0.39625265306539953,supplier_delay,0.5471920717102644,0.9257032583798761
TFIDF_LogReg_Calibrated,supplier_delay,cd_moderate_1,moderate,2003,0.0,0.9331483694069662,0.06685163059303378,supplier_delay,True,0.9331483694069662,supplier_delay,0.008938281025894902,0.06919106676173077
PerfectSemantic,supplier_delay,cd_moderate_1,moderate,2003,0.0,1.0,0.0,supplier_delay,True,1.0,supplier_delay,0.0,-0.0
NoInfo,supplier_delay,cd_moderate_2,moderate,2003,0.35,0.35,0.3,normal,False,0.35,supplier_delay,0.635,1.0498221244986778
RuleBased,supplier_delay,cd_moderate_2,moderate,2003,0.0,1.0,0.0,supplier_delay,True,1.0,supplier_delay,0.0,-0.0
TFIDF_LogReg,supplier_delay,cd_moderate_2,moderate,2003,0.2549948483684219,0.3899664262355114,0.3550387253960666,supplier_delay,True,0.3899664262355114,supplier_delay,0.5632158303451719,0.9416946301397187
TFIDF_LogReg_Calibrated,supplier_delay,cd_moderate_2,moderate,2003,0.0,0.5579503605938493,0.4420496394061508,supplier_delay,True,0.5579503605938493,supplier_delay,0.3908157673982158,0.5834852800671886
PerfectSemantic,supplier_delay,cd_moderate_2,moderate,2003,0.0,1.0,0.0,supplier_delay,True,1.0,supplier_delay,0.0,-0.0
NoInfo,supplier_delay,cd_moderate_3,moderate,2003,0.35,0.35,0.3,normal,False,0.35,supplier_delay,0.635,1.0498221244986778
RuleBased,supplier_delay,cd_moderate_3,moderate,2003,0.0,1.0,0.0,supplier_delay,True,1.0,supplier_delay,0.0,-0.0
TFIDF_LogReg,supplier_delay,cd_moderate_3,moderate,2003,0.2972294001921947,0.43821517289032413,0.26455542691748124,supplier_delay,True,0.43821517289032413,supplier_delay,0.47393708222075104,0.8250452269288362
TFIDF_LogReg_Calibrated,supplier_delay,cd_moderate_3,moderate,2003,0.0,1.0,0.0,supplier_delay,True,1.0,supplier_delay,0.0,-0.0
PerfectSemantic,supplier_delay,cd_moderate_3,moderate,2003,0.0,1.0,0.0,supplier_delay,True,1.0,supplier_delay,0.0,-0.0
NoInfo,supplier_delay,cd_moderate_4,moderate,2003,0.35,0.35,0.3,normal,False,0.35,supplier_delay,0.635,1.0498221244986778
RuleBased,supplier_delay,cd_moderate_4,moderate,2003,0.0,1.0,0.0,supplier_delay,True,1.0,supplier_delay,0.0,-0.0
TFIDF_LogReg,supplier_delay,cd_moderate_4,moderate,2003,0.2700074678575591,0.3735873147032703,0.35640521743917064,supplier_delay,True,0.3735873147032703,supplier_delay,0.5923215640173731,0.9846035274242757
TFIDF_LogReg_Calibrated,supplier_delay,cd_moderate_4,moderate,2003,0.0,0.4910110712090061,0.5089889287909939,demand_surge,False,0.5089889287909939,supplier_delay,0.5181394592636069,0.7112886031546438
PerfectSemantic,supplier_delay,cd_moderate_4,moderate,2003,0.0,1.0,0.0,supplier_delay,True,1.0,supplier_delay,0.0,-0.0
NoInfo,supplier_delay,cd_vague_1,vague,2003,0.35,0.35,0.3,normal,False,0.35,supplier_delay,0.635,1.0498221244986778
RuleBased,supplier_delay,cd_vague_1,vague,2003,0.0,0.6,0.39999999999999997,supplier_delay,True,0.6,supplier_delay,0.32,0.5108256237659907
TFIDF_LogReg,supplier_delay,cd_vague_1,vague,2003,0.2881220537123606,0.37847674291890326,0.33340120336873624,supplier_delay,True,0.37847674291890326,supplier_delay,0.5804618393358448,0.9716006533850728
TFIDF_LogReg_Calibrated,supplier_delay,cd_vague_1,vague,2003,0.0,0.7343909653328656,0.2656090346671343,supplier_delay,True,0.7343909653328656,supplier_delay,0.14109631859361393,0.30871374185819234
PerfectSemantic,supplier_delay,cd_vague_1,vague,2003,0.0,1.0,0.0,supplier_delay,True,1.0,supplier_delay,0.0,-0.0
NoInfo,supplier_delay,cd_vague_2,vague,2003,0.35,0.35,0.3,normal,False,0.35,supplier_delay,0.635,1.0498221244986778
RuleBased,supplier_delay,cd_vague_2,vague,2003,0.0,1.0,0.0,supplier_delay,True,1.0,supplier_delay,0.0,-0.0
TFIDF_LogReg,supplier_delay,cd_vague_2,vague,2003,0.33267715716288576,0.4004783181701407,0.26684452466697356,supplier_delay,True,0.4004783181701407,supplier_delay,0.5413063382268255,0.9150956508426971
TFIDF_LogReg_Calibrated,supplier_delay,cd_vague_2,vague,2003,0.11851130242360192,0.8814886975763981,0.0,supplier_delay,True,0.8814886975763981,supplier_delay,0.028089857604276854,0.1261430990342419
PerfectSemantic,supplier_delay,cd_vague_2,vague,2003,0.0,1.0,0.0,supplier_delay,True,1.0,supplier_delay,0.0,-0.0
NoInfo,supplier_delay,cd_vague_3,vague,2003,0.35,0.35,0.3,normal,False,0.35,supplier_delay,0.635,1.0498221244986778
RuleBased,supplier_delay,cd_vague_3,vague,2003,0.0,1.0,0.0,supplier_delay,True,1.0,supplier_delay,0.0,-0.0
TFIDF_LogReg,supplier_delay,cd_vague_3,vague,2003,0.3570807868648029,0.3838498215400494,0.2590693915951477,supplier_delay,True,0.3838498215400494,supplier_delay,0.5742646804256957,0.9575038926294022
TFIDF_LogReg_Calibrated,supplier_delay,cd_vague_3,vague,2003,0.3349590287226755,0.6650409712773245,0.0,supplier_delay,True,0.6650409712773245,supplier_delay,0.2243951018456763,0.40790662928081395
PerfectSemantic,supplier_delay,cd_vague_3,vague,2003,0.0,1.0,0.0,supplier_delay,True,1.0,supplier_delay,0.0,-0.0
NoInfo,supplier_delay,cd_vague_4,vague,2003,0.35,0.35,0.3,normal,False,0.35,supplier_delay,0.635,1.0498221244986778
RuleBased,supplier_delay,cd_vague_4,vague,2003,0.3333333333333333,0.3333333333333333,0.3333333333333333,normal,False,0.3333333333333333,supplier_delay,0.6666666666666667,1.0986122886681098
TFIDF_LogReg,supplier_delay,cd_vague_4,vague,2003,0.31434998660035207,0.3755374612789805,0.31011255212066746,supplier_delay,True,0.3755374612789805,supplier_delay,0.5849391713243358,0.97939704902837
TFIDF_LogReg_Calibrated,supplier_delay,cd_vague_4,vague,2003,0.0,0.8974611235238154,0.10253887647618465,supplier_delay,True,0.8974611235238154,supplier_delay,0.021028442377996507,0.10818547596589098
PerfectSemantic,supplier_delay,cd_vague_4,vague,2003,0.0,1.0,0.0,supplier_delay,True,1.0,supplier_delay,0.0,-0.0
NoInfo,supplier_delay,cd_clear_1,clear,2004,0.35,0.35,0.3,normal,False,0.35,supplier_delay,0.635,1.0498221244986778
RuleBased,supplier_delay,cd_clear_1,clear,2004,0.0,1.0,0.0,supplier_delay,True,1.0,supplier_delay,0.0,-0.0
TFIDF_LogReg,supplier_delay,cd_clear_1,clear,2004,0.23745986963093338,0.421500123431182,0.3410400069378847,supplier_delay,True,0.421500123431182,supplier_delay,0.50735758320747,0.8639352087023529
TFIDF_LogReg_Calibrated,supplier_delay,cd_clear_1,clear,2004,0.0,0.47360751585061306,0.5263924841493869,demand_surge,False,0.5263924841493869,supplier_delay,0.5541780947379251,0.7473763259212582
PerfectSemantic,supplier_delay,cd_clear_1,clear,2004,0.0,1.0,0.0,supplier_delay,True,1.0,supplier_delay,0.0,-0.0
NoInfo,supplier_delay,cd_clear_2,clear,2004,0.35,0.35,0.3,normal,False,0.35,supplier_delay,0.635,1.0498221244986778
RuleBased,supplier_delay,cd_clear_2,clear,2004,0.2758620689655173,0.5172413793103449,0.20689655172413793,supplier_delay,True,0.5172413793103449,supplier_delay,0.3519619500594531,0.6592456288842639
TFIDF_LogReg,supplier_delay,cd_clear_2,clear,2004,0.2897803462021731,0.39133920753656015,0.3188804462612668,supplier_delay,True,0.39133920753656015,supplier_delay,0.5561253483350586,0.938180556634081
TFIDF_LogReg_Calibrated,supplier_delay,cd_clear_2,clear,2004,0.09372902690017108,0.7316791500552591,0.17459182304456988,supplier_delay,True,0.7316791500552591,supplier_delay,0.11126351367274757,0.31241318070758034
PerfectSemantic,supplier_delay,cd_clear_2,clear,2004,0.0,1.0,0.0,supplier_delay,True,1.0,supplier_delay,0.0,-0.0
NoInfo,supplier_delay,cd_clear_3,clear,2004,0.35,0.35,0.3,normal,False,0.35,supplier_delay,0.635,1.0498221244986778
RuleBased,supplier_delay,cd_clear_3,clear,2004,0.0,0.5,0.5,supplier_delay,True,0.5,supplier_delay,0.5,0.6931471805599453
TFIDF_LogReg,supplier_delay,cd_clear_3,clear,2004,0.26709012841761415,0.3942047504194853,0.3387051211629006,supplier_delay,True,0.3942047504194853,supplier_delay,0.553046180214431,0.9308848335510302
TFIDF_LogReg_Calibrated,supplier_delay,cd_clear_3,clear,2004,0.296713271444418,0.3675360099397193,0.33575071861586275,supplier_delay,True,0.3675360099397193,supplier_delay,0.6007780092252879,1.000933978899054
PerfectSemantic,supplier_delay,cd_clear_3,clear,2004,0.0,1.0,0.0,supplier_delay,True,1.0,supplier_delay,0.0,-0.0
NoInfo,supplier_delay,cd_clear_4,clear,2004,0.35,0.35,0.3,normal,False,0.35,supplier_delay,0.635,1.0498221244986778
RuleBased,supplier_delay,cd_clear_4,clear,2004,0.0,0.5,0.5,supplier_delay,True,0.5,supplier_delay,0.5,0.6931471805599453
TFIDF_LogReg,supplier_delay,cd_clear_4,clear,2004,0.2868313071460786,0.4163072417412755,0.296861451112646,supplier_delay,True,0.4163072417412755,supplier_delay,0.5110961559595119,0.8763317294454173
TFIDF_LogReg_Calibrated,supplier_delay,cd_clear_4,clear,2004,0.3333333333333333,0.6666666666666666,0.0,supplier_delay,True,0.6666666666666666,supplier_delay,0.22222222222222224,0.40546510810816444
PerfectSemantic,supplier_delay,cd_clear_4,clear,2004,0.0,1.0,0.0,supplier_delay,True,1.0,supplier_delay,0.0,-0.0
NoInfo,supplier_delay,cd_moderate_1,moderate,2004,0.35,0.35,0.3,normal,False,0.35,supplier_delay,0.635,1.0498221244986778
RuleBased,supplier_delay,cd_moderate_1,moderate,2004,0.0,1.0,0.0,supplier_delay,True,1.0,supplier_delay,0.0,-0.0
TFIDF_LogReg,supplier_delay,cd_moderate_1,moderate,2004,0.2872828661830683,0.39625265306539953,0.31646448075153216,supplier_delay,True,0.39625265306539953,supplier_delay,0.5471920717102644,0.9257032583798761
TFIDF_LogReg_Calibrated,supplier_delay,cd_moderate_1,moderate,2004,0.0,0.9331483694069662,0.06685163059303378,supplier_delay,True,0.9331483694069662,supplier_delay,0.008938281025894902,0.06919106676173077
PerfectSemantic,supplier_delay,cd_moderate_1,moderate,2004,0.0,1.0,0.0,supplier_delay,True,1.0,supplier_delay,0.0,-0.0
NoInfo,supplier_delay,cd_moderate_2,moderate,2004,0.35,0.35,0.3,normal,False,0.35,supplier_delay,0.635,1.0498221244986778
RuleBased,supplier_delay,cd_moderate_2,moderate,2004,0.0,1.0,0.0,supplier_delay,True,1.0,supplier_delay,0.0,-0.0
TFIDF_LogReg,supplier_delay,cd_moderate_2,moderate,2004,0.2549948483684219,0.3899664262355114,0.3550387253960666,supplier_delay,True,0.3899664262355114,supplier_delay,0.5632158303451719,0.9416946301397187
TFIDF_LogReg_Calibrated,supplier_delay,cd_moderate_2,moderate,2004,0.0,0.5579503605938493,0.4420496394061508,supplier_delay,True,0.5579503605938493,supplier_delay,0.3908157673982158,0.5834852800671886
PerfectSemantic,supplier_delay,cd_moderate_2,moderate,2004,0.0,1.0,0.0,supplier_delay,True,1.0,supplier_delay,0.0,-0.0
NoInfo,supplier_delay,cd_moderate_3,moderate,2004,0.35,0.35,0.3,normal,False,0.35,supplier_delay,0.635,1.0498221244986778
RuleBased,supplier_delay,cd_moderate_3,moderate,2004,0.0,1.0,0.0,supplier_delay,True,1.0,supplier_delay,0.0,-0.0
TFIDF_LogReg,supplier_delay,cd_moderate_3,moderate,2004,0.2972294001921947,0.43821517289032413,0.26455542691748124,supplier_delay,True,0.43821517289032413,supplier_delay,0.47393708222075104,0.8250452269288362
TFIDF_LogReg_Calibrated,supplier_delay,cd_moderate_3,moderate,2004,0.0,1.0,0.0,supplier_delay,True,1.0,supplier_delay,0.0,-0.0
PerfectSemantic,supplier_delay,cd_moderate_3,moderate,2004,0.0,1.0,0.0,supplier_delay,True,1.0,supplier_delay,0.0,-0.0
NoInfo,supplier_delay,cd_moderate_4,moderate,2004,0.35,0.35,0.3,normal,False,0.35,supplier_delay,0.635,1.0498221244986778
RuleBased,supplier_delay,cd_moderate_4,moderate,2004,0.0,1.0,0.0,supplier_delay,True,1.0,supplier_delay,0.0,-0.0
TFIDF_LogReg,supplier_delay,cd_moderate_4,moderate,2004,0.2700074678575591,0.3735873147032703,0.35640521743917064,supplier_delay,True,0.3735873147032703,supplier_delay,0.5923215640173731,0.9846035274242757
TFIDF_LogReg_Calibrated,supplier_delay,cd_moderate_4,moderate,2004,0.0,0.4910110712090061,0.5089889287909939,demand_surge,False,0.5089889287909939,supplier_delay,0.5181394592636069,0.7112886031546438
PerfectSemantic,supplier_delay,cd_moderate_4,moderate,2004,0.0,1.0,0.0,supplier_delay,True,1.0,supplier_delay,0.0,-0.0
NoInfo,supplier_delay,cd_vague_1,vague,2004,0.35,0.35,0.3,normal,False,0.35,supplier_delay,0.635,1.0498221244986778
RuleBased,supplier_delay,cd_vague_1,vague,2004,0.0,0.6,0.39999999999999997,supplier_delay,True,0.6,supplier_delay,0.32,0.5108256237659907
TFIDF_LogReg,supplier_delay,cd_vague_1,vague,2004,0.2881220537123606,0.37847674291890326,0.33340120336873624,supplier_delay,True,0.37847674291890326,supplier_delay,0.5804618393358448,0.9716006533850728
TFIDF_LogReg_Calibrated,supplier_delay,cd_vague_1,vague,2004,0.0,0.7343909653328656,0.2656090346671343,supplier_delay,True,0.7343909653328656,supplier_delay,0.14109631859361393,0.30871374185819234
PerfectSemantic,supplier_delay,cd_vague_1,vague,2004,0.0,1.0,0.0,supplier_delay,True,1.0,supplier_delay,0.0,-0.0
NoInfo,supplier_delay,cd_vague_2,vague,2004,0.35,0.35,0.3,normal,False,0.35,supplier_delay,0.635,1.0498221244986778
RuleBased,supplier_delay,cd_vague_2,vague,2004,0.0,1.0,0.0,supplier_delay,True,1.0,supplier_delay,0.0,-0.0
TFIDF_LogReg,supplier_delay,cd_vague_2,vague,2004,0.33267715716288576,0.4004783181701407,0.26684452466697356,supplier_delay,True,0.4004783181701407,supplier_delay,0.5413063382268255,0.9150956508426971
TFIDF_LogReg_Calibrated,supplier_delay,cd_vague_2,vague,2004,0.11851130242360192,0.8814886975763981,0.0,supplier_delay,True,0.8814886975763981,supplier_delay,0.028089857604276854,0.1261430990342419
PerfectSemantic,supplier_delay,cd_vague_2,vague,2004,0.0,1.0,0.0,supplier_delay,True,1.0,supplier_delay,0.0,-0.0
NoInfo,supplier_delay,cd_vague_3,vague,2004,0.35,0.35,0.3,normal,False,0.35,supplier_delay,0.635,1.0498221244986778
RuleBased,supplier_delay,cd_vague_3,vague,2004,0.0,1.0,0.0,supplier_delay,True,1.0,supplier_delay,0.0,-0.0
TFIDF_LogReg,supplier_delay,cd_vague_3,vague,2004,0.3570807868648029,0.3838498215400494,0.2590693915951477,supplier_delay,True,0.3838498215400494,supplier_delay,0.5742646804256957,0.9575038926294022
TFIDF_LogReg_Calibrated,supplier_delay,cd_vague_3,vague,2004,0.3349590287226755,0.6650409712773245,0.0,supplier_delay,True,0.6650409712773245,supplier_delay,0.2243951018456763,0.40790662928081395
PerfectSemantic,supplier_delay,cd_vague_3,vague,2004,0.0,1.0,0.0,supplier_delay,True,1.0,supplier_delay,0.0,-0.0
NoInfo,supplier_delay,cd_vague_4,vague,2004,0.35,0.35,0.3,normal,False,0.35,supplier_delay,0.635,1.0498221244986778
RuleBased,supplier_delay,cd_vague_4,vague,2004,0.3333333333333333,0.3333333333333333,0.3333333333333333,normal,False,0.3333333333333333,supplier_delay,0.6666666666666667,1.0986122886681098
TFIDF_LogReg,supplier_delay,cd_vague_4,vague,2004,0.31434998660035207,0.3755374612789805,0.31011255212066746,supplier_delay,True,0.3755374612789805,supplier_delay,0.5849391713243358,0.97939704902837
TFIDF_LogReg_Calibrated,supplier_delay,cd_vague_4,vague,2004,0.0,0.8974611235238154,0.10253887647618465,supplier_delay,True,0.8974611235238154,supplier_delay,0.021028442377996507,0.10818547596589098
PerfectSemantic,supplier_delay,cd_vague_4,vague,2004,0.0,1.0,0.0,supplier_delay,True,1.0,supplier_delay,0.0,-0.0
NoInfo,supplier_delay,cd_clear_1,clear,2005,0.35,0.35,0.3,normal,False,0.35,supplier_delay,0.635,1.0498221244986778
RuleBased,supplier_delay,cd_clear_1,clear,2005,0.0,1.0,0.0,supplier_delay,True,1.0,supplier_delay,0.0,-0.0
TFIDF_LogReg,supplier_delay,cd_clear_1,clear,2005,0.23745986963093338,0.421500123431182,0.3410400069378847,supplier_delay,True,0.421500123431182,supplier_delay,0.50735758320747,0.8639352087023529
TFIDF_LogReg_Calibrated,supplier_delay,cd_clear_1,clear,2005,0.0,0.47360751585061306,0.5263924841493869,demand_surge,False,0.5263924841493869,supplier_delay,0.5541780947379251,0.7473763259212582
PerfectSemantic,supplier_delay,cd_clear_1,clear,2005,0.0,1.0,0.0,supplier_delay,True,1.0,supplier_delay,0.0,-0.0
NoInfo,supplier_delay,cd_clear_2,clear,2005,0.35,0.35,0.3,normal,False,0.35,supplier_delay,0.635,1.0498221244986778
RuleBased,supplier_delay,cd_clear_2,clear,2005,0.2758620689655173,0.5172413793103449,0.20689655172413793,supplier_delay,True,0.5172413793103449,supplier_delay,0.3519619500594531,0.6592456288842639
TFIDF_LogReg,supplier_delay,cd_clear_2,clear,2005,0.2897803462021731,0.39133920753656015,0.3188804462612668,supplier_delay,True,0.39133920753656015,supplier_delay,0.5561253483350586,0.938180556634081
TFIDF_LogReg_Calibrated,supplier_delay,cd_clear_2,clear,2005,0.09372902690017108,0.7316791500552591,0.17459182304456988,supplier_delay,True,0.7316791500552591,supplier_delay,0.11126351367274757,0.31241318070758034
PerfectSemantic,supplier_delay,cd_clear_2,clear,2005,0.0,1.0,0.0,supplier_delay,True,1.0,supplier_delay,0.0,-0.0
NoInfo,supplier_delay,cd_clear_3,clear,2005,0.35,0.35,0.3,normal,False,0.35,supplier_delay,0.635,1.0498221244986778
RuleBased,supplier_delay,cd_clear_3,clear,2005,0.0,0.5,0.5,supplier_delay,True,0.5,supplier_delay,0.5,0.6931471805599453
TFIDF_LogReg,supplier_delay,cd_clear_3,clear,2005,0.26709012841761415,0.3942047504194853,0.3387051211629006,supplier_delay,True,0.3942047504194853,supplier_delay,0.553046180214431,0.9308848335510302
TFIDF_LogReg_Calibrated,supplier_delay,cd_clear_3,clear,2005,0.296713271444418,0.3675360099397193,0.33575071861586275,supplier_delay,True,0.3675360099397193,supplier_delay,0.6007780092252879,1.000933978899054
PerfectSemantic,supplier_delay,cd_clear_3,clear,2005,0.0,1.0,0.0,supplier_delay,True,1.0,supplier_delay,0.0,-0.0
NoInfo,supplier_delay,cd_clear_4,clear,2005,0.35,0.35,0.3,normal,False,0.35,supplier_delay,0.635,1.0498221244986778
RuleBased,supplier_delay,cd_clear_4,clear,2005,0.0,0.5,0.5,supplier_delay,True,0.5,supplier_delay,0.5,0.6931471805599453
TFIDF_LogReg,supplier_delay,cd_clear_4,clear,2005,0.2868313071460786,0.4163072417412755,0.296861451112646,supplier_delay,True,0.4163072417412755,supplier_delay,0.5110961559595119,0.8763317294454173
TFIDF_LogReg_Calibrated,supplier_delay,cd_clear_4,clear,2005,0.3333333333333333,0.6666666666666666,0.0,supplier_delay,True,0.6666666666666666,supplier_delay,0.22222222222222224,0.40546510810816444
PerfectSemantic,supplier_delay,cd_clear_4,clear,2005,0.0,1.0,0.0,supplier_delay,True,1.0,supplier_delay,0.0,-0.0
NoInfo,supplier_delay,cd_moderate_1,moderate,2005,0.35,0.35,0.3,normal,False,0.35,supplier_delay,0.635,1.0498221244986778
RuleBased,supplier_delay,cd_moderate_1,moderate,2005,0.0,1.0,0.0,supplier_delay,True,1.0,supplier_delay,0.0,-0.0
TFIDF_LogReg,supplier_delay,cd_moderate_1,moderate,2005,0.2872828661830683,0.39625265306539953,0.31646448075153216,supplier_delay,True,0.39625265306539953,supplier_delay,0.5471920717102644,0.9257032583798761
TFIDF_LogReg_Calibrated,supplier_delay,cd_moderate_1,moderate,2005,0.0,0.9331483694069662,0.06685163059303378,supplier_delay,True,0.9331483694069662,supplier_delay,0.008938281025894902,0.06919106676173077
PerfectSemantic,supplier_delay,cd_moderate_1,moderate,2005,0.0,1.0,0.0,supplier_delay,True,1.0,supplier_delay,0.0,-0.0
NoInfo,supplier_delay,cd_moderate_2,moderate,2005,0.35,0.35,0.3,normal,False,0.35,supplier_delay,0.635,1.0498221244986778
RuleBased,supplier_delay,cd_moderate_2,moderate,2005,0.0,1.0,0.0,supplier_delay,True,1.0,supplier_delay,0.0,-0.0
TFIDF_LogReg,supplier_delay,cd_moderate_2,moderate,2005,0.2549948483684219,0.3899664262355114,0.3550387253960666,supplier_delay,True,0.3899664262355114,supplier_delay,0.5632158303451719,0.9416946301397187
TFIDF_LogReg_Calibrated,supplier_delay,cd_moderate_2,moderate,2005,0.0,0.5579503605938493,0.4420496394061508,supplier_delay,True,0.5579503605938493,supplier_delay,0.3908157673982158,0.5834852800671886
PerfectSemantic,supplier_delay,cd_moderate_2,moderate,2005,0.0,1.0,0.0,supplier_delay,True,1.0,supplier_delay,0.0,-0.0
NoInfo,supplier_delay,cd_moderate_3,moderate,2005,0.35,0.35,0.3,normal,False,0.35,supplier_delay,0.635,1.0498221244986778
RuleBased,supplier_delay,cd_moderate_3,moderate,2005,0.0,1.0,0.0,supplier_delay,True,1.0,supplier_delay,0.0,-0.0
TFIDF_LogReg,supplier_delay,cd_moderate_3,moderate,2005,0.2972294001921947,0.43821517289032413,0.26455542691748124,supplier_delay,True,0.43821517289032413,supplier_delay,0.47393708222075104,0.8250452269288362
TFIDF_LogReg_Calibrated,supplier_delay,cd_moderate_3,moderate,2005,0.0,1.0,0.0,supplier_delay,True,1.0,supplier_delay,0.0,-0.0
PerfectSemantic,supplier_delay,cd_moderate_3,moderate,2005,0.0,1.0,0.0,supplier_delay,True,1.0,supplier_delay,0.0,-0.0
NoInfo,supplier_delay,cd_moderate_4,moderate,2005,0.35,0.35,0.3,normal,False,0.35,supplier_delay,0.635,1.0498221244986778
RuleBased,supplier_delay,cd_moderate_4,moderate,2005,0.0,1.0,0.0,supplier_delay,True,1.0,supplier_delay,0.0,-0.0
TFIDF_LogReg,supplier_delay,cd_moderate_4,moderate,2005,0.2700074678575591,0.3735873147032703,0.35640521743917064,supplier_delay,True,0.3735873147032703,supplier_delay,0.5923215640173731,0.9846035274242757
TFIDF_LogReg_Calibrated,supplier_delay,cd_moderate_4,moderate,2005,0.0,0.4910110712090061,0.5089889287909939,demand_surge,False,0.5089889287909939,supplier_delay,0.5181394592636069,0.7112886031546438
PerfectSemantic,supplier_delay,cd_moderate_4,moderate,2005,0.0,1.0,0.0,supplier_delay,True,1.0,supplier_delay,0.0,-0.0
NoInfo,supplier_delay,cd_vague_1,vague,2005,0.35,0.35,0.3,normal,False,0.35,supplier_delay,0.635,1.0498221244986778
RuleBased,supplier_delay,cd_vague_1,vague,2005,0.0,0.6,0.39999999999999997,supplier_delay,True,0.6,supplier_delay,0.32,0.5108256237659907
TFIDF_LogReg,supplier_delay,cd_vague_1,vague,2005,0.2881220537123606,0.37847674291890326,0.33340120336873624,supplier_delay,True,0.37847674291890326,supplier_delay,0.5804618393358448,0.9716006533850728
TFIDF_LogReg_Calibrated,supplier_delay,cd_vague_1,vague,2005,0.0,0.7343909653328656,0.2656090346671343,supplier_delay,True,0.7343909653328656,supplier_delay,0.14109631859361393,0.30871374185819234
PerfectSemantic,supplier_delay,cd_vague_1,vague,2005,0.0,1.0,0.0,supplier_delay,True,1.0,supplier_delay,0.0,-0.0
NoInfo,supplier_delay,cd_vague_2,vague,2005,0.35,0.35,0.3,normal,False,0.35,supplier_delay,0.635,1.0498221244986778
RuleBased,supplier_delay,cd_vague_2,vague,2005,0.0,1.0,0.0,supplier_delay,True,1.0,supplier_delay,0.0,-0.0
TFIDF_LogReg,supplier_delay,cd_vague_2,vague,2005,0.33267715716288576,0.4004783181701407,0.26684452466697356,supplier_delay,True,0.4004783181701407,supplier_delay,0.5413063382268255,0.9150956508426971
TFIDF_LogReg_Calibrated,supplier_delay,cd_vague_2,vague,2005,0.11851130242360192,0.8814886975763981,0.0,supplier_delay,True,0.8814886975763981,supplier_delay,0.028089857604276854,0.1261430990342419
PerfectSemantic,supplier_delay,cd_vague_2,vague,2005,0.0,1.0,0.0,supplier_delay,True,1.0,supplier_delay,0.0,-0.0
NoInfo,supplier_delay,cd_vague_3,vague,2005,0.35,0.35,0.3,normal,False,0.35,supplier_delay,0.635,1.0498221244986778
RuleBased,supplier_delay,cd_vague_3,vague,2005,0.0,1.0,0.0,supplier_delay,True,1.0,supplier_delay,0.0,-0.0
TFIDF_LogReg,supplier_delay,cd_vague_3,vague,2005,0.3570807868648029,0.3838498215400494,0.2590693915951477,supplier_delay,True,0.3838498215400494,supplier_delay,0.5742646804256957,0.9575038926294022
TFIDF_LogReg_Calibrated,supplier_delay,cd_vague_3,vague,2005,0.3349590287226755,0.6650409712773245,0.0,supplier_delay,True,0.6650409712773245,supplier_delay,0.2243951018456763,0.40790662928081395
PerfectSemantic,supplier_delay,cd_vague_3,vague,2005,0.0,1.0,0.0,supplier_delay,True,1.0,supplier_delay,0.0,-0.0
NoInfo,supplier_delay,cd_vague_4,vague,2005,0.35,0.35,0.3,normal,False,0.35,supplier_delay,0.635,1.0498221244986778
RuleBased,supplier_delay,cd_vague_4,vague,2005,0.3333333333333333,0.3333333333333333,0.3333333333333333,normal,False,0.3333333333333333,supplier_delay,0.6666666666666667,1.0986122886681098
TFIDF_LogReg,supplier_delay,cd_vague_4,vague,2005,0.31434998660035207,0.3755374612789805,0.31011255212066746,supplier_delay,True,0.3755374612789805,supplier_delay,0.5849391713243358,0.97939704902837
TFIDF_LogReg_Calibrated,supplier_delay,cd_vague_4,vague,2005,0.0,0.8974611235238154,0.10253887647618465,supplier_delay,True,0.8974611235238154,supplier_delay,0.021028442377996507,0.10818547596589098
PerfectSemantic,supplier_delay,cd_vague_4,vague,2005,0.0,1.0,0.0,supplier_delay,True,1.0,supplier_delay,0.0,-0.0
NoInfo,supplier_delay,cd_clear_1,clear,2006,0.35,0.35,0.3,normal,False,0.35,supplier_delay,0.635,1.0498221244986778
RuleBased,supplier_delay,cd_clear_1,clear,2006,0.0,1.0,0.0,supplier_delay,True,1.0,supplier_delay,0.0,-0.0
TFIDF_LogReg,supplier_delay,cd_clear_1,clear,2006,0.23745986963093338,0.421500123431182,0.3410400069378847,supplier_delay,True,0.421500123431182,supplier_delay,0.50735758320747,0.8639352087023529
TFIDF_LogReg_Calibrated,supplier_delay,cd_clear_1,clear,2006,0.0,0.47360751585061306,0.5263924841493869,demand_surge,False,0.5263924841493869,supplier_delay,0.5541780947379251,0.7473763259212582
PerfectSemantic,supplier_delay,cd_clear_1,clear,2006,0.0,1.0,0.0,supplier_delay,True,1.0,supplier_delay,0.0,-0.0
NoInfo,supplier_delay,cd_clear_2,clear,2006,0.35,0.35,0.3,normal,False,0.35,supplier_delay,0.635,1.0498221244986778
RuleBased,supplier_delay,cd_clear_2,clear,2006,0.2758620689655173,0.5172413793103449,0.20689655172413793,supplier_delay,True,0.5172413793103449,supplier_delay,0.3519619500594531,0.6592456288842639
TFIDF_LogReg,supplier_delay,cd_clear_2,clear,2006,0.2897803462021731,0.39133920753656015,0.3188804462612668,supplier_delay,True,0.39133920753656015,supplier_delay,0.5561253483350586,0.938180556634081
TFIDF_LogReg_Calibrated,supplier_delay,cd_clear_2,clear,2006,0.09372902690017108,0.7316791500552591,0.17459182304456988,supplier_delay,True,0.7316791500552591,supplier_delay,0.11126351367274757,0.31241318070758034
PerfectSemantic,supplier_delay,cd_clear_2,clear,2006,0.0,1.0,0.0,supplier_delay,True,1.0,supplier_delay,0.0,-0.0
NoInfo,supplier_delay,cd_clear_3,clear,2006,0.35,0.35,0.3,normal,False,0.35,supplier_delay,0.635,1.0498221244986778
RuleBased,supplier_delay,cd_clear_3,clear,2006,0.0,0.5,0.5,supplier_delay,True,0.5,supplier_delay,0.5,0.6931471805599453
TFIDF_LogReg,supplier_delay,cd_clear_3,clear,2006,0.26709012841761415,0.3942047504194853,0.3387051211629006,supplier_delay,True,0.3942047504194853,supplier_delay,0.553046180214431,0.9308848335510302
TFIDF_LogReg_Calibrated,supplier_delay,cd_clear_3,clear,2006,0.296713271444418,0.3675360099397193,0.33575071861586275,supplier_delay,True,0.3675360099397193,supplier_delay,0.6007780092252879,1.000933978899054
PerfectSemantic,supplier_delay,cd_clear_3,clear,2006,0.0,1.0,0.0,supplier_delay,True,1.0,supplier_delay,0.0,-0.0
NoInfo,supplier_delay,cd_clear_4,clear,2006,0.35,0.35,0.3,normal,False,0.35,supplier_delay,0.635,1.0498221244986778
RuleBased,supplier_delay,cd_clear_4,clear,2006,0.0,0.5,0.5,supplier_delay,True,0.5,supplier_delay,0.5,0.6931471805599453
TFIDF_LogReg,supplier_delay,cd_clear_4,clear,2006,0.2868313071460786,0.4163072417412755,0.296861451112646,supplier_delay,True,0.4163072417412755,supplier_delay,0.5110961559595119,0.8763317294454173
TFIDF_LogReg_Calibrated,supplier_delay,cd_clear_4,clear,2006,0.3333333333333333,0.6666666666666666,0.0,supplier_delay,True,0.6666666666666666,supplier_delay,0.22222222222222224,0.40546510810816444
PerfectSemantic,supplier_delay,cd_clear_4,clear,2006,0.0,1.0,0.0,supplier_delay,True,1.0,supplier_delay,0.0,-0.0
NoInfo,supplier_delay,cd_moderate_1,moderate,2006,0.35,0.35,0.3,normal,False,0.35,supplier_delay,0.635,1.0498221244986778
RuleBased,supplier_delay,cd_moderate_1,moderate,2006,0.0,1.0,0.0,supplier_delay,True,1.0,supplier_delay,0.0,-0.0
TFIDF_LogReg,supplier_delay,cd_moderate_1,moderate,2006,0.2872828661830683,0.39625265306539953,0.31646448075153216,supplier_delay,True,0.39625265306539953,supplier_delay,0.5471920717102644,0.9257032583798761
TFIDF_LogReg_Calibrated,supplier_delay,cd_moderate_1,moderate,2006,0.0,0.9331483694069662,0.06685163059303378,supplier_delay,True,0.9331483694069662,supplier_delay,0.008938281025894902,0.06919106676173077
PerfectSemantic,supplier_delay,cd_moderate_1,moderate,2006,0.0,1.0,0.0,supplier_delay,True,1.0,supplier_delay,0.0,-0.0
NoInfo,supplier_delay,cd_moderate_2,moderate,2006,0.35,0.35,0.3,normal,False,0.35,supplier_delay,0.635,1.0498221244986778
RuleBased,supplier_delay,cd_moderate_2,moderate,2006,0.0,1.0,0.0,supplier_delay,True,1.0,supplier_delay,0.0,-0.0
TFIDF_LogReg,supplier_delay,cd_moderate_2,moderate,2006,0.2549948483684219,0.3899664262355114,0.3550387253960666,supplier_delay,True,0.3899664262355114,supplier_delay,0.5632158303451719,0.9416946301397187
TFIDF_LogReg_Calibrated,supplier_delay,cd_moderate_2,moderate,2006,0.0,0.5579503605938493,0.4420496394061508,supplier_delay,True,0.5579503605938493,supplier_delay,0.3908157673982158,0.5834852800671886
PerfectSemantic,supplier_delay,cd_moderate_2,moderate,2006,0.0,1.0,0.0,supplier_delay,True,1.0,supplier_delay,0.0,-0.0
NoInfo,supplier_delay,cd_moderate_3,moderate,2006,0.35,0.35,0.3,normal,False,0.35,supplier_delay,0.635,1.0498221244986778
RuleBased,supplier_delay,cd_moderate_3,moderate,2006,0.0,1.0,0.0,supplier_delay,True,1.0,supplier_delay,0.0,-0.0
TFIDF_LogReg,supplier_delay,cd_moderate_3,moderate,2006,0.2972294001921947,0.43821517289032413,0.26455542691748124,supplier_delay,True,0.43821517289032413,supplier_delay,0.47393708222075104,0.8250452269288362
TFIDF_LogReg_Calibrated,supplier_delay,cd_moderate_3,moderate,2006,0.0,1.0,0.0,supplier_delay,True,1.0,supplier_delay,0.0,-0.0
PerfectSemantic,supplier_delay,cd_moderate_3,moderate,2006,0.0,1.0,0.0,supplier_delay,True,1.0,supplier_delay,0.0,-0.0
NoInfo,supplier_delay,cd_moderate_4,moderate,2006,0.35,0.35,0.3,normal,False,0.35,supplier_delay,0.635,1.0498221244986778
RuleBased,supplier_delay,cd_moderate_4,moderate,2006,0.0,1.0,0.0,supplier_delay,True,1.0,supplier_delay,0.0,-0.0
TFIDF_LogReg,supplier_delay,cd_moderate_4,moderate,2006,0.2700074678575591,0.3735873147032703,0.35640521743917064,supplier_delay,True,0.3735873147032703,supplier_delay,0.5923215640173731,0.9846035274242757
TFIDF_LogReg_Calibrated,supplier_delay,cd_moderate_4,moderate,2006,0.0,0.4910110712090061,0.5089889287909939,demand_surge,False,0.5089889287909939,supplier_delay,0.5181394592636069,0.7112886031546438
PerfectSemantic,supplier_delay,cd_moderate_4,moderate,2006,0.0,1.0,0.0,supplier_delay,True,1.0,supplier_delay,0.0,-0.0
NoInfo,supplier_delay,cd_vague_1,vague,2006,0.35,0.35,0.3,normal,False,0.35,supplier_delay,0.635,1.0498221244986778
RuleBased,supplier_delay,cd_vague_1,vague,2006,0.0,0.6,0.39999999999999997,supplier_delay,True,0.6,supplier_delay,0.32,0.5108256237659907
TFIDF_LogReg,supplier_delay,cd_vague_1,vague,2006,0.2881220537123606,0.37847674291890326,0.33340120336873624,supplier_delay,True,0.37847674291890326,supplier_delay,0.5804618393358448,0.9716006533850728
TFIDF_LogReg_Calibrated,supplier_delay,cd_vague_1,vague,2006,0.0,0.7343909653328656,0.2656090346671343,supplier_delay,True,0.7343909653328656,supplier_delay,0.14109631859361393,0.30871374185819234
PerfectSemantic,supplier_delay,cd_vague_1,vague,2006,0.0,1.0,0.0,supplier_delay,True,1.0,supplier_delay,0.0,-0.0
NoInfo,supplier_delay,cd_vague_2,vague,2006,0.35,0.35,0.3,normal,False,0.35,supplier_delay,0.635,1.0498221244986778
RuleBased,supplier_delay,cd_vague_2,vague,2006,0.0,1.0,0.0,supplier_delay,True,1.0,supplier_delay,0.0,-0.0
TFIDF_LogReg,supplier_delay,cd_vague_2,vague,2006,0.33267715716288576,0.4004783181701407,0.26684452466697356,supplier_delay,True,0.4004783181701407,supplier_delay,0.5413063382268255,0.9150956508426971
TFIDF_LogReg_Calibrated,supplier_delay,cd_vague_2,vague,2006,0.11851130242360192,0.8814886975763981,0.0,supplier_delay,True,0.8814886975763981,supplier_delay,0.028089857604276854,0.1261430990342419
PerfectSemantic,supplier_delay,cd_vague_2,vague,2006,0.0,1.0,0.0,supplier_delay,True,1.0,supplier_delay,0.0,-0.0
NoInfo,supplier_delay,cd_vague_3,vague,2006,0.35,0.35,0.3,normal,False,0.35,supplier_delay,0.635,1.0498221244986778
RuleBased,supplier_delay,cd_vague_3,vague,2006,0.0,1.0,0.0,supplier_delay,True,1.0,supplier_delay,0.0,-0.0
TFIDF_LogReg,supplier_delay,cd_vague_3,vague,2006,0.3570807868648029,0.3838498215400494,0.2590693915951477,supplier_delay,True,0.3838498215400494,supplier_delay,0.5742646804256957,0.9575038926294022
TFIDF_LogReg_Calibrated,supplier_delay,cd_vague_3,vague,2006,0.3349590287226755,0.6650409712773245,0.0,supplier_delay,True,0.6650409712773245,supplier_delay,0.2243951018456763,0.40790662928081395
PerfectSemantic,supplier_delay,cd_vague_3,vague,2006,0.0,1.0,0.0,supplier_delay,True,1.0,supplier_delay,0.0,-0.0
NoInfo,supplier_delay,cd_vague_4,vague,2006,0.35,0.35,0.3,normal,False,0.35,supplier_delay,0.635,1.0498221244986778
RuleBased,supplier_delay,cd_vague_4,vague,2006,0.3333333333333333,0.3333333333333333,0.3333333333333333,normal,False,0.3333333333333333,supplier_delay,0.6666666666666667,1.0986122886681098
TFIDF_LogReg,supplier_delay,cd_vague_4,vague,2006,0.31434998660035207,0.3755374612789805,0.31011255212066746,supplier_delay,True,0.3755374612789805,supplier_delay,0.5849391713243358,0.97939704902837
TFIDF_LogReg_Calibrated,supplier_delay,cd_vague_4,vague,2006,0.0,0.8974611235238154,0.10253887647618465,supplier_delay,True,0.8974611235238154,supplier_delay,0.021028442377996507,0.10818547596589098
PerfectSemantic,supplier_delay,cd_vague_4,vague,2006,0.0,1.0,0.0,supplier_delay,True,1.0,supplier_delay,0.0,-0.0
NoInfo,supplier_delay,cd_clear_1,clear,2007,0.35,0.35,0.3,normal,False,0.35,supplier_delay,0.635,1.0498221244986778
RuleBased,supplier_delay,cd_clear_1,clear,2007,0.0,1.0,0.0,supplier_delay,True,1.0,supplier_delay,0.0,-0.0
TFIDF_LogReg,supplier_delay,cd_clear_1,clear,2007,0.23745986963093338,0.421500123431182,0.3410400069378847,supplier_delay,True,0.421500123431182,supplier_delay,0.50735758320747,0.8639352087023529
TFIDF_LogReg_Calibrated,supplier_delay,cd_clear_1,clear,2007,0.0,0.47360751585061306,0.5263924841493869,demand_surge,False,0.5263924841493869,supplier_delay,0.5541780947379251,0.7473763259212582
PerfectSemantic,supplier_delay,cd_clear_1,clear,2007,0.0,1.0,0.0,supplier_delay,True,1.0,supplier_delay,0.0,-0.0
NoInfo,supplier_delay,cd_clear_2,clear,2007,0.35,0.35,0.3,normal,False,0.35,supplier_delay,0.635,1.0498221244986778
RuleBased,supplier_delay,cd_clear_2,clear,2007,0.2758620689655173,0.5172413793103449,0.20689655172413793,supplier_delay,True,0.5172413793103449,supplier_delay,0.3519619500594531,0.6592456288842639
TFIDF_LogReg,supplier_delay,cd_clear_2,clear,2007,0.2897803462021731,0.39133920753656015,0.3188804462612668,supplier_delay,True,0.39133920753656015,supplier_delay,0.5561253483350586,0.938180556634081
TFIDF_LogReg_Calibrated,supplier_delay,cd_clear_2,clear,2007,0.09372902690017108,0.7316791500552591,0.17459182304456988,supplier_delay,True,0.7316791500552591,supplier_delay,0.11126351367274757,0.31241318070758034
PerfectSemantic,supplier_delay,cd_clear_2,clear,2007,0.0,1.0,0.0,supplier_delay,True,1.0,supplier_delay,0.0,-0.0
NoInfo,supplier_delay,cd_clear_3,clear,2007,0.35,0.35,0.3,normal,False,0.35,supplier_delay,0.635,1.0498221244986778
RuleBased,supplier_delay,cd_clear_3,clear,2007,0.0,0.5,0.5,supplier_delay,True,0.5,supplier_delay,0.5,0.6931471805599453
TFIDF_LogReg,supplier_delay,cd_clear_3,clear,2007,0.26709012841761415,0.3942047504194853,0.3387051211629006,supplier_delay,True,0.3942047504194853,supplier_delay,0.553046180214431,0.9308848335510302
TFIDF_LogReg_Calibrated,supplier_delay,cd_clear_3,clear,2007,0.296713271444418,0.3675360099397193,0.33575071861586275,supplier_delay,True,0.3675360099397193,supplier_delay,0.6007780092252879,1.000933978899054
PerfectSemantic,supplier_delay,cd_clear_3,clear,2007,0.0,1.0,0.0,supplier_delay,True,1.0,supplier_delay,0.0,-0.0
NoInfo,supplier_delay,cd_clear_4,clear,2007,0.35,0.35,0.3,normal,False,0.35,supplier_delay,0.635,1.0498221244986778
RuleBased,supplier_delay,cd_clear_4,clear,2007,0.0,0.5,0.5,supplier_delay,True,0.5,supplier_delay,0.5,0.6931471805599453
TFIDF_LogReg,supplier_delay,cd_clear_4,clear,2007,0.2868313071460786,0.4163072417412755,0.296861451112646,supplier_delay,True,0.4163072417412755,supplier_delay,0.5110961559595119,0.8763317294454173
TFIDF_LogReg_Calibrated,supplier_delay,cd_clear_4,clear,2007,0.3333333333333333,0.6666666666666666,0.0,supplier_delay,True,0.6666666666666666,supplier_delay,0.22222222222222224,0.40546510810816444
PerfectSemantic,supplier_delay,cd_clear_4,clear,2007,0.0,1.0,0.0,supplier_delay,True,1.0,supplier_delay,0.0,-0.0
NoInfo,supplier_delay,cd_moderate_1,moderate,2007,0.35,0.35,0.3,normal,False,0.35,supplier_delay,0.635,1.0498221244986778
RuleBased,supplier_delay,cd_moderate_1,moderate,2007,0.0,1.0,0.0,supplier_delay,True,1.0,supplier_delay,0.0,-0.0
TFIDF_LogReg,supplier_delay,cd_moderate_1,moderate,2007,0.2872828661830683,0.39625265306539953,0.31646448075153216,supplier_delay,True,0.39625265306539953,supplier_delay,0.5471920717102644,0.9257032583798761
TFIDF_LogReg_Calibrated,supplier_delay,cd_moderate_1,moderate,2007,0.0,0.9331483694069662,0.06685163059303378,supplier_delay,True,0.9331483694069662,supplier_delay,0.008938281025894902,0.06919106676173077
PerfectSemantic,supplier_delay,cd_moderate_1,moderate,2007,0.0,1.0,0.0,supplier_delay,True,1.0,supplier_delay,0.0,-0.0
NoInfo,supplier_delay,cd_moderate_2,moderate,2007,0.35,0.35,0.3,normal,False,0.35,supplier_delay,0.635,1.0498221244986778
RuleBased,supplier_delay,cd_moderate_2,moderate,2007,0.0,1.0,0.0,supplier_delay,True,1.0,supplier_delay,0.0,-0.0
TFIDF_LogReg,supplier_delay,cd_moderate_2,moderate,2007,0.2549948483684219,0.3899664262355114,0.3550387253960666,supplier_delay,True,0.3899664262355114,supplier_delay,0.5632158303451719,0.9416946301397187
TFIDF_LogReg_Calibrated,supplier_delay,cd_moderate_2,moderate,2007,0.0,0.5579503605938493,0.4420496394061508,supplier_delay,True,0.5579503605938493,supplier_delay,0.3908157673982158,0.5834852800671886
PerfectSemantic,supplier_delay,cd_moderate_2,moderate,2007,0.0,1.0,0.0,supplier_delay,True,1.0,supplier_delay,0.0,-0.0
NoInfo,supplier_delay,cd_moderate_3,moderate,2007,0.35,0.35,0.3,normal,False,0.35,supplier_delay,0.635,1.0498221244986778
RuleBased,supplier_delay,cd_moderate_3,moderate,2007,0.0,1.0,0.0,supplier_delay,True,1.0,supplier_delay,0.0,-0.0
TFIDF_LogReg,supplier_delay,cd_moderate_3,moderate,2007,0.2972294001921947,0.43821517289032413,0.26455542691748124,supplier_delay,True,0.43821517289032413,supplier_delay,0.47393708222075104,0.8250452269288362
TFIDF_LogReg_Calibrated,supplier_delay,cd_moderate_3,moderate,2007,0.0,1.0,0.0,supplier_delay,True,1.0,supplier_delay,0.0,-0.0
PerfectSemantic,supplier_delay,cd_moderate_3,moderate,2007,0.0,1.0,0.0,supplier_delay,True,1.0,supplier_delay,0.0,-0.0
NoInfo,supplier_delay,cd_moderate_4,moderate,2007,0.35,0.35,0.3,normal,False,0.35,supplier_delay,0.635,1.0498221244986778
RuleBased,supplier_delay,cd_moderate_4,moderate,2007,0.0,1.0,0.0,supplier_delay,True,1.0,supplier_delay,0.0,-0.0
TFIDF_LogReg,supplier_delay,cd_moderate_4,moderate,2007,0.2700074678575591,0.3735873147032703,0.35640521743917064,supplier_delay,True,0.3735873147032703,supplier_delay,0.5923215640173731,0.9846035274242757
TFIDF_LogReg_Calibrated,supplier_delay,cd_moderate_4,moderate,2007,0.0,0.4910110712090061,0.5089889287909939,demand_surge,False,0.5089889287909939,supplier_delay,0.5181394592636069,0.7112886031546438
PerfectSemantic,supplier_delay,cd_moderate_4,moderate,2007,0.0,1.0,0.0,supplier_delay,True,1.0,supplier_delay,0.0,-0.0
NoInfo,supplier_delay,cd_vague_1,vague,2007,0.35,0.35,0.3,normal,False,0.35,supplier_delay,0.635,1.0498221244986778
RuleBased,supplier_delay,cd_vague_1,vague,2007,0.0,0.6,0.39999999999999997,supplier_delay,True,0.6,supplier_delay,0.32,0.5108256237659907
TFIDF_LogReg,supplier_delay,cd_vague_1,vague,2007,0.2881220537123606,0.37847674291890326,0.33340120336873624,supplier_delay,True,0.37847674291890326,supplier_delay,0.5804618393358448,0.9716006533850728
TFIDF_LogReg_Calibrated,supplier_delay,cd_vague_1,vague,2007,0.0,0.7343909653328656,0.2656090346671343,supplier_delay,True,0.7343909653328656,supplier_delay,0.14109631859361393,0.30871374185819234
PerfectSemantic,supplier_delay,cd_vague_1,vague,2007,0.0,1.0,0.0,supplier_delay,True,1.0,supplier_delay,0.0,-0.0
NoInfo,supplier_delay,cd_vague_2,vague,2007,0.35,0.35,0.3,normal,False,0.35,supplier_delay,0.635,1.0498221244986778
RuleBased,supplier_delay,cd_vague_2,vague,2007,0.0,1.0,0.0,supplier_delay,True,1.0,supplier_delay,0.0,-0.0
TFIDF_LogReg,supplier_delay,cd_vague_2,vague,2007,0.33267715716288576,0.4004783181701407,0.26684452466697356,supplier_delay,True,0.4004783181701407,supplier_delay,0.5413063382268255,0.9150956508426971
TFIDF_LogReg_Calibrated,supplier_delay,cd_vague_2,vague,2007,0.11851130242360192,0.8814886975763981,0.0,supplier_delay,True,0.8814886975763981,supplier_delay,0.028089857604276854,0.1261430990342419
PerfectSemantic,supplier_delay,cd_vague_2,vague,2007,0.0,1.0,0.0,supplier_delay,True,1.0,supplier_delay,0.0,-0.0
NoInfo,supplier_delay,cd_vague_3,vague,2007,0.35,0.35,0.3,normal,False,0.35,supplier_delay,0.635,1.0498221244986778
RuleBased,supplier_delay,cd_vague_3,vague,2007,0.0,1.0,0.0,supplier_delay,True,1.0,supplier_delay,0.0,-0.0
TFIDF_LogReg,supplier_delay,cd_vague_3,vague,2007,0.3570807868648029,0.3838498215400494,0.2590693915951477,supplier_delay,True,0.3838498215400494,supplier_delay,0.5742646804256957,0.9575038926294022
TFIDF_LogReg_Calibrated,supplier_delay,cd_vague_3,vague,2007,0.3349590287226755,0.6650409712773245,0.0,supplier_delay,True,0.6650409712773245,supplier_delay,0.2243951018456763,0.40790662928081395
PerfectSemantic,supplier_delay,cd_vague_3,vague,2007,0.0,1.0,0.0,supplier_delay,True,1.0,supplier_delay,0.0,-0.0
NoInfo,supplier_delay,cd_vague_4,vague,2007,0.35,0.35,0.3,normal,False,0.35,supplier_delay,0.635,1.0498221244986778
RuleBased,supplier_delay,cd_vague_4,vague,2007,0.3333333333333333,0.3333333333333333,0.3333333333333333,normal,False,0.3333333333333333,supplier_delay,0.6666666666666667,1.0986122886681098
TFIDF_LogReg,supplier_delay,cd_vague_4,vague,2007,0.31434998660035207,0.3755374612789805,0.31011255212066746,supplier_delay,True,0.3755374612789805,supplier_delay,0.5849391713243358,0.97939704902837
TFIDF_LogReg_Calibrated,supplier_delay,cd_vague_4,vague,2007,0.0,0.8974611235238154,0.10253887647618465,supplier_delay,True,0.8974611235238154,supplier_delay,0.021028442377996507,0.10818547596589098
PerfectSemantic,supplier_delay,cd_vague_4,vague,2007,0.0,1.0,0.0,supplier_delay,True,1.0,supplier_delay,0.0,-0.0
NoInfo,supplier_delay,cd_clear_1,clear,2008,0.35,0.35,0.3,normal,False,0.35,supplier_delay,0.635,1.0498221244986778
RuleBased,supplier_delay,cd_clear_1,clear,2008,0.0,1.0,0.0,supplier_delay,True,1.0,supplier_delay,0.0,-0.0
TFIDF_LogReg,supplier_delay,cd_clear_1,clear,2008,0.23745986963093338,0.421500123431182,0.3410400069378847,supplier_delay,True,0.421500123431182,supplier_delay,0.50735758320747,0.8639352087023529
TFIDF_LogReg_Calibrated,supplier_delay,cd_clear_1,clear,2008,0.0,0.47360751585061306,0.5263924841493869,demand_surge,False,0.5263924841493869,supplier_delay,0.5541780947379251,0.7473763259212582
PerfectSemantic,supplier_delay,cd_clear_1,clear,2008,0.0,1.0,0.0,supplier_delay,True,1.0,supplier_delay,0.0,-0.0
NoInfo,supplier_delay,cd_clear_2,clear,2008,0.35,0.35,0.3,normal,False,0.35,supplier_delay,0.635,1.0498221244986778
RuleBased,supplier_delay,cd_clear_2,clear,2008,0.2758620689655173,0.5172413793103449,0.20689655172413793,supplier_delay,True,0.5172413793103449,supplier_delay,0.3519619500594531,0.6592456288842639
TFIDF_LogReg,supplier_delay,cd_clear_2,clear,2008,0.2897803462021731,0.39133920753656015,0.3188804462612668,supplier_delay,True,0.39133920753656015,supplier_delay,0.5561253483350586,0.938180556634081
TFIDF_LogReg_Calibrated,supplier_delay,cd_clear_2,clear,2008,0.09372902690017108,0.7316791500552591,0.17459182304456988,supplier_delay,True,0.7316791500552591,supplier_delay,0.11126351367274757,0.31241318070758034
PerfectSemantic,supplier_delay,cd_clear_2,clear,2008,0.0,1.0,0.0,supplier_delay,True,1.0,supplier_delay,0.0,-0.0
NoInfo,supplier_delay,cd_clear_3,clear,2008,0.35,0.35,0.3,normal,False,0.35,supplier_delay,0.635,1.0498221244986778
RuleBased,supplier_delay,cd_clear_3,clear,2008,0.0,0.5,0.5,supplier_delay,True,0.5,supplier_delay,0.5,0.6931471805599453
TFIDF_LogReg,supplier_delay,cd_clear_3,clear,2008,0.26709012841761415,0.3942047504194853,0.3387051211629006,supplier_delay,True,0.3942047504194853,supplier_delay,0.553046180214431,0.9308848335510302
TFIDF_LogReg_Calibrated,supplier_delay,cd_clear_3,clear,2008,0.296713271444418,0.3675360099397193,0.33575071861586275,supplier_delay,True,0.3675360099397193,supplier_delay,0.6007780092252879,1.000933978899054
PerfectSemantic,supplier_delay,cd_clear_3,clear,2008,0.0,1.0,0.0,supplier_delay,True,1.0,supplier_delay,0.0,-0.0
NoInfo,supplier_delay,cd_clear_4,clear,2008,0.35,0.35,0.3,normal,False,0.35,supplier_delay,0.635,1.0498221244986778
RuleBased,supplier_delay,cd_clear_4,clear,2008,0.0,0.5,0.5,supplier_delay,True,0.5,supplier_delay,0.5,0.6931471805599453
TFIDF_LogReg,supplier_delay,cd_clear_4,clear,2008,0.2868313071460786,0.4163072417412755,0.296861451112646,supplier_delay,True,0.4163072417412755,supplier_delay,0.5110961559595119,0.8763317294454173
TFIDF_LogReg_Calibrated,supplier_delay,cd_clear_4,clear,2008,0.3333333333333333,0.6666666666666666,0.0,supplier_delay,True,0.6666666666666666,supplier_delay,0.22222222222222224,0.40546510810816444
PerfectSemantic,supplier_delay,cd_clear_4,clear,2008,0.0,1.0,0.0,supplier_delay,True,1.0,supplier_delay,0.0,-0.0
NoInfo,supplier_delay,cd_moderate_1,moderate,2008,0.35,0.35,0.3,normal,False,0.35,supplier_delay,0.635,1.0498221244986778
RuleBased,supplier_delay,cd_moderate_1,moderate,2008,0.0,1.0,0.0,supplier_delay,True,1.0,supplier_delay,0.0,-0.0
TFIDF_LogReg,supplier_delay,cd_moderate_1,moderate,2008,0.2872828661830683,0.39625265306539953,0.31646448075153216,supplier_delay,True,0.39625265306539953,supplier_delay,0.5471920717102644,0.9257032583798761
TFIDF_LogReg_Calibrated,supplier_delay,cd_moderate_1,moderate,2008,0.0,0.9331483694069662,0.06685163059303378,supplier_delay,True,0.9331483694069662,supplier_delay,0.008938281025894902,0.06919106676173077
PerfectSemantic,supplier_delay,cd_moderate_1,moderate,2008,0.0,1.0,0.0,supplier_delay,True,1.0,supplier_delay,0.0,-0.0
NoInfo,supplier_delay,cd_moderate_2,moderate,2008,0.35,0.35,0.3,normal,False,0.35,supplier_delay,0.635,1.0498221244986778
RuleBased,supplier_delay,cd_moderate_2,moderate,2008,0.0,1.0,0.0,supplier_delay,True,1.0,supplier_delay,0.0,-0.0
TFIDF_LogReg,supplier_delay,cd_moderate_2,moderate,2008,0.2549948483684219,0.3899664262355114,0.3550387253960666,supplier_delay,True,0.3899664262355114,supplier_delay,0.5632158303451719,0.9416946301397187
TFIDF_LogReg_Calibrated,supplier_delay,cd_moderate_2,moderate,2008,0.0,0.5579503605938493,0.4420496394061508,supplier_delay,True,0.5579503605938493,supplier_delay,0.3908157673982158,0.5834852800671886
PerfectSemantic,supplier_delay,cd_moderate_2,moderate,2008,0.0,1.0,0.0,supplier_delay,True,1.0,supplier_delay,0.0,-0.0
NoInfo,supplier_delay,cd_moderate_3,moderate,2008,0.35,0.35,0.3,normal,False,0.35,supplier_delay,0.635,1.0498221244986778
RuleBased,supplier_delay,cd_moderate_3,moderate,2008,0.0,1.0,0.0,supplier_delay,True,1.0,supplier_delay,0.0,-0.0
TFIDF_LogReg,supplier_delay,cd_moderate_3,moderate,2008,0.2972294001921947,0.43821517289032413,0.26455542691748124,supplier_delay,True,0.43821517289032413,supplier_delay,0.47393708222075104,0.8250452269288362
TFIDF_LogReg_Calibrated,supplier_delay,cd_moderate_3,moderate,2008,0.0,1.0,0.0,supplier_delay,True,1.0,supplier_delay,0.0,-0.0
PerfectSemantic,supplier_delay,cd_moderate_3,moderate,2008,0.0,1.0,0.0,supplier_delay,True,1.0,supplier_delay,0.0,-0.0
NoInfo,supplier_delay,cd_moderate_4,moderate,2008,0.35,0.35,0.3,normal,False,0.35,supplier_delay,0.635,1.0498221244986778
RuleBased,supplier_delay,cd_moderate_4,moderate,2008,0.0,1.0,0.0,supplier_delay,True,1.0,supplier_delay,0.0,-0.0
TFIDF_LogReg,supplier_delay,cd_moderate_4,moderate,2008,0.2700074678575591,0.3735873147032703,0.35640521743917064,supplier_delay,True,0.3735873147032703,supplier_delay,0.5923215640173731,0.9846035274242757
TFIDF_LogReg_Calibrated,supplier_delay,cd_moderate_4,moderate,2008,0.0,0.4910110712090061,0.5089889287909939,demand_surge,False,0.5089889287909939,supplier_delay,0.5181394592636069,0.7112886031546438
PerfectSemantic,supplier_delay,cd_moderate_4,moderate,2008,0.0,1.0,0.0,supplier_delay,True,1.0,supplier_delay,0.0,-0.0
NoInfo,supplier_delay,cd_vague_1,vague,2008,0.35,0.35,0.3,normal,False,0.35,supplier_delay,0.635,1.0498221244986778
RuleBased,supplier_delay,cd_vague_1,vague,2008,0.0,0.6,0.39999999999999997,supplier_delay,True,0.6,supplier_delay,0.32,0.5108256237659907
TFIDF_LogReg,supplier_delay,cd_vague_1,vague,2008,0.2881220537123606,0.37847674291890326,0.33340120336873624,supplier_delay,True,0.37847674291890326,supplier_delay,0.5804618393358448,0.9716006533850728
TFIDF_LogReg_Calibrated,supplier_delay,cd_vague_1,vague,2008,0.0,0.7343909653328656,0.2656090346671343,supplier_delay,True,0.7343909653328656,supplier_delay,0.14109631859361393,0.30871374185819234
PerfectSemantic,supplier_delay,cd_vague_1,vague,2008,0.0,1.0,0.0,supplier_delay,True,1.0,supplier_delay,0.0,-0.0
NoInfo,supplier_delay,cd_vague_2,vague,2008,0.35,0.35,0.3,normal,False,0.35,supplier_delay,0.635,1.0498221244986778
RuleBased,supplier_delay,cd_vague_2,vague,2008,0.0,1.0,0.0,supplier_delay,True,1.0,supplier_delay,0.0,-0.0
TFIDF_LogReg,supplier_delay,cd_vague_2,vague,2008,0.33267715716288576,0.4004783181701407,0.26684452466697356,supplier_delay,True,0.4004783181701407,supplier_delay,0.5413063382268255,0.9150956508426971
TFIDF_LogReg_Calibrated,supplier_delay,cd_vague_2,vague,2008,0.11851130242360192,0.8814886975763981,0.0,supplier_delay,True,0.8814886975763981,supplier_delay,0.028089857604276854,0.1261430990342419
PerfectSemantic,supplier_delay,cd_vague_2,vague,2008,0.0,1.0,0.0,supplier_delay,True,1.0,supplier_delay,0.0,-0.0
NoInfo,supplier_delay,cd_vague_3,vague,2008,0.35,0.35,0.3,normal,False,0.35,supplier_delay,0.635,1.0498221244986778
RuleBased,supplier_delay,cd_vague_3,vague,2008,0.0,1.0,0.0,supplier_delay,True,1.0,supplier_delay,0.0,-0.0
TFIDF_LogReg,supplier_delay,cd_vague_3,vague,2008,0.3570807868648029,0.3838498215400494,0.2590693915951477,supplier_delay,True,0.3838498215400494,supplier_delay,0.5742646804256957,0.9575038926294022
TFIDF_LogReg_Calibrated,supplier_delay,cd_vague_3,vague,2008,0.3349590287226755,0.6650409712773245,0.0,supplier_delay,True,0.6650409712773245,supplier_delay,0.2243951018456763,0.40790662928081395
PerfectSemantic,supplier_delay,cd_vague_3,vague,2008,0.0,1.0,0.0,supplier_delay,True,1.0,supplier_delay,0.0,-0.0
NoInfo,supplier_delay,cd_vague_4,vague,2008,0.35,0.35,0.3,normal,False,0.35,supplier_delay,0.635,1.0498221244986778
RuleBased,supplier_delay,cd_vague_4,vague,2008,0.3333333333333333,0.3333333333333333,0.3333333333333333,normal,False,0.3333333333333333,supplier_delay,0.6666666666666667,1.0986122886681098
TFIDF_LogReg,supplier_delay,cd_vague_4,vague,2008,0.31434998660035207,0.3755374612789805,0.31011255212066746,supplier_delay,True,0.3755374612789805,supplier_delay,0.5849391713243358,0.97939704902837
TFIDF_LogReg_Calibrated,supplier_delay,cd_vague_4,vague,2008,0.0,0.8974611235238154,0.10253887647618465,supplier_delay,True,0.8974611235238154,supplier_delay,0.021028442377996507,0.10818547596589098
PerfectSemantic,supplier_delay,cd_vague_4,vague,2008,0.0,1.0,0.0,supplier_delay,True,1.0,supplier_delay,0.0,-0.0
NoInfo,supplier_delay,cd_clear_1,clear,2009,0.35,0.35,0.3,normal,False,0.35,supplier_delay,0.635,1.0498221244986778
RuleBased,supplier_delay,cd_clear_1,clear,2009,0.0,1.0,0.0,supplier_delay,True,1.0,supplier_delay,0.0,-0.0
TFIDF_LogReg,supplier_delay,cd_clear_1,clear,2009,0.23745986963093338,0.421500123431182,0.3410400069378847,supplier_delay,True,0.421500123431182,supplier_delay,0.50735758320747,0.8639352087023529
TFIDF_LogReg_Calibrated,supplier_delay,cd_clear_1,clear,2009,0.0,0.47360751585061306,0.5263924841493869,demand_surge,False,0.5263924841493869,supplier_delay,0.5541780947379251,0.7473763259212582
PerfectSemantic,supplier_delay,cd_clear_1,clear,2009,0.0,1.0,0.0,supplier_delay,True,1.0,supplier_delay,0.0,-0.0
NoInfo,supplier_delay,cd_clear_2,clear,2009,0.35,0.35,0.3,normal,False,0.35,supplier_delay,0.635,1.0498221244986778
RuleBased,supplier_delay,cd_clear_2,clear,2009,0.2758620689655173,0.5172413793103449,0.20689655172413793,supplier_delay,True,0.5172413793103449,supplier_delay,0.3519619500594531,0.6592456288842639
TFIDF_LogReg,supplier_delay,cd_clear_2,clear,2009,0.2897803462021731,0.39133920753656015,0.3188804462612668,supplier_delay,True,0.39133920753656015,supplier_delay,0.5561253483350586,0.938180556634081
TFIDF_LogReg_Calibrated,supplier_delay,cd_clear_2,clear,2009,0.09372902690017108,0.7316791500552591,0.17459182304456988,supplier_delay,True,0.7316791500552591,supplier_delay,0.11126351367274757,0.31241318070758034
PerfectSemantic,supplier_delay,cd_clear_2,clear,2009,0.0,1.0,0.0,supplier_delay,True,1.0,supplier_delay,0.0,-0.0
NoInfo,supplier_delay,cd_clear_3,clear,2009,0.35,0.35,0.3,normal,False,0.35,supplier_delay,0.635,1.0498221244986778
RuleBased,supplier_delay,cd_clear_3,clear,2009,0.0,0.5,0.5,supplier_delay,True,0.5,supplier_delay,0.5,0.6931471805599453
TFIDF_LogReg,supplier_delay,cd_clear_3,clear,2009,0.26709012841761415,0.3942047504194853,0.3387051211629006,supplier_delay,True,0.3942047504194853,supplier_delay,0.553046180214431,0.9308848335510302
TFIDF_LogReg_Calibrated,supplier_delay,cd_clear_3,clear,2009,0.296713271444418,0.3675360099397193,0.33575071861586275,supplier_delay,True,0.3675360099397193,supplier_delay,0.6007780092252879,1.000933978899054
PerfectSemantic,supplier_delay,cd_clear_3,clear,2009,0.0,1.0,0.0,supplier_delay,True,1.0,supplier_delay,0.0,-0.0
NoInfo,supplier_delay,cd_clear_4,clear,2009,0.35,0.35,0.3,normal,False,0.35,supplier_delay,0.635,1.0498221244986778
RuleBased,supplier_delay,cd_clear_4,clear,2009,0.0,0.5,0.5,supplier_delay,True,0.5,supplier_delay,0.5,0.6931471805599453
TFIDF_LogReg,supplier_delay,cd_clear_4,clear,2009,0.2868313071460786,0.4163072417412755,0.296861451112646,supplier_delay,True,0.4163072417412755,supplier_delay,0.5110961559595119,0.8763317294454173
TFIDF_LogReg_Calibrated,supplier_delay,cd_clear_4,clear,2009,0.3333333333333333,0.6666666666666666,0.0,supplier_delay,True,0.6666666666666666,supplier_delay,0.22222222222222224,0.40546510810816444
PerfectSemantic,supplier_delay,cd_clear_4,clear,2009,0.0,1.0,0.0,supplier_delay,True,1.0,supplier_delay,0.0,-0.0
NoInfo,supplier_delay,cd_moderate_1,moderate,2009,0.35,0.35,0.3,normal,False,0.35,supplier_delay,0.635,1.0498221244986778
RuleBased,supplier_delay,cd_moderate_1,moderate,2009,0.0,1.0,0.0,supplier_delay,True,1.0,supplier_delay,0.0,-0.0
TFIDF_LogReg,supplier_delay,cd_moderate_1,moderate,2009,0.2872828661830683,0.39625265306539953,0.31646448075153216,supplier_delay,True,0.39625265306539953,supplier_delay,0.5471920717102644,0.9257032583798761
TFIDF_LogReg_Calibrated,supplier_delay,cd_moderate_1,moderate,2009,0.0,0.9331483694069662,0.06685163059303378,supplier_delay,True,0.9331483694069662,supplier_delay,0.008938281025894902,0.06919106676173077
PerfectSemantic,supplier_delay,cd_moderate_1,moderate,2009,0.0,1.0,0.0,supplier_delay,True,1.0,supplier_delay,0.0,-0.0
NoInfo,supplier_delay,cd_moderate_2,moderate,2009,0.35,0.35,0.3,normal,False,0.35,supplier_delay,0.635,1.0498221244986778
RuleBased,supplier_delay,cd_moderate_2,moderate,2009,0.0,1.0,0.0,supplier_delay,True,1.0,supplier_delay,0.0,-0.0
TFIDF_LogReg,supplier_delay,cd_moderate_2,moderate,2009,0.2549948483684219,0.3899664262355114,0.3550387253960666,supplier_delay,True,0.3899664262355114,supplier_delay,0.5632158303451719,0.9416946301397187
TFIDF_LogReg_Calibrated,supplier_delay,cd_moderate_2,moderate,2009,0.0,0.5579503605938493,0.4420496394061508,supplier_delay,True,0.5579503605938493,supplier_delay,0.3908157673982158,0.5834852800671886
PerfectSemantic,supplier_delay,cd_moderate_2,moderate,2009,0.0,1.0,0.0,supplier_delay,True,1.0,supplier_delay,0.0,-0.0
NoInfo,supplier_delay,cd_moderate_3,moderate,2009,0.35,0.35,0.3,normal,False,0.35,supplier_delay,0.635,1.0498221244986778
RuleBased,supplier_delay,cd_moderate_3,moderate,2009,0.0,1.0,0.0,supplier_delay,True,1.0,supplier_delay,0.0,-0.0
TFIDF_LogReg,supplier_delay,cd_moderate_3,moderate,2009,0.2972294001921947,0.43821517289032413,0.26455542691748124,supplier_delay,True,0.43821517289032413,supplier_delay,0.47393708222075104,0.8250452269288362
TFIDF_LogReg_Calibrated,supplier_delay,cd_moderate_3,moderate,2009,0.0,1.0,0.0,supplier_delay,True,1.0,supplier_delay,0.0,-0.0
PerfectSemantic,supplier_delay,cd_moderate_3,moderate,2009,0.0,1.0,0.0,supplier_delay,True,1.0,supplier_delay,0.0,-0.0
NoInfo,supplier_delay,cd_moderate_4,moderate,2009,0.35,0.35,0.3,normal,False,0.35,supplier_delay,0.635,1.0498221244986778
RuleBased,supplier_delay,cd_moderate_4,moderate,2009,0.0,1.0,0.0,supplier_delay,True,1.0,supplier_delay,0.0,-0.0
TFIDF_LogReg,supplier_delay,cd_moderate_4,moderate,2009,0.2700074678575591,0.3735873147032703,0.35640521743917064,supplier_delay,True,0.3735873147032703,supplier_delay,0.5923215640173731,0.9846035274242757
TFIDF_LogReg_Calibrated,supplier_delay,cd_moderate_4,moderate,2009,0.0,0.4910110712090061,0.5089889287909939,demand_surge,False,0.5089889287909939,supplier_delay,0.5181394592636069,0.7112886031546438
PerfectSemantic,supplier_delay,cd_moderate_4,moderate,2009,0.0,1.0,0.0,supplier_delay,True,1.0,supplier_delay,0.0,-0.0
NoInfo,supplier_delay,cd_vague_1,vague,2009,0.35,0.35,0.3,normal,False,0.35,supplier_delay,0.635,1.0498221244986778
RuleBased,supplier_delay,cd_vague_1,vague,2009,0.0,0.6,0.39999999999999997,supplier_delay,True,0.6,supplier_delay,0.32,0.5108256237659907
TFIDF_LogReg,supplier_delay,cd_vague_1,vague,2009,0.2881220537123606,0.37847674291890326,0.33340120336873624,supplier_delay,True,0.37847674291890326,supplier_delay,0.5804618393358448,0.9716006533850728
TFIDF_LogReg_Calibrated,supplier_delay,cd_vague_1,vague,2009,0.0,0.7343909653328656,0.2656090346671343,supplier_delay,True,0.7343909653328656,supplier_delay,0.14109631859361393,0.30871374185819234
PerfectSemantic,supplier_delay,cd_vague_1,vague,2009,0.0,1.0,0.0,supplier_delay,True,1.0,supplier_delay,0.0,-0.0
NoInfo,supplier_delay,cd_vague_2,vague,2009,0.35,0.35,0.3,normal,False,0.35,supplier_delay,0.635,1.0498221244986778
RuleBased,supplier_delay,cd_vague_2,vague,2009,0.0,1.0,0.0,supplier_delay,True,1.0,supplier_delay,0.0,-0.0
TFIDF_LogReg,supplier_delay,cd_vague_2,vague,2009,0.33267715716288576,0.4004783181701407,0.26684452466697356,supplier_delay,True,0.4004783181701407,supplier_delay,0.5413063382268255,0.9150956508426971
TFIDF_LogReg_Calibrated,supplier_delay,cd_vague_2,vague,2009,0.11851130242360192,0.8814886975763981,0.0,supplier_delay,True,0.8814886975763981,supplier_delay,0.028089857604276854,0.1261430990342419
PerfectSemantic,supplier_delay,cd_vague_2,vague,2009,0.0,1.0,0.0,supplier_delay,True,1.0,supplier_delay,0.0,-0.0
NoInfo,supplier_delay,cd_vague_3,vague,2009,0.35,0.35,0.3,normal,False,0.35,supplier_delay,0.635,1.0498221244986778
RuleBased,supplier_delay,cd_vague_3,vague,2009,0.0,1.0,0.0,supplier_delay,True,1.0,supplier_delay,0.0,-0.0
TFIDF_LogReg,supplier_delay,cd_vague_3,vague,2009,0.3570807868648029,0.3838498215400494,0.2590693915951477,supplier_delay,True,0.3838498215400494,supplier_delay,0.5742646804256957,0.9575038926294022
TFIDF_LogReg_Calibrated,supplier_delay,cd_vague_3,vague,2009,0.3349590287226755,0.6650409712773245,0.0,supplier_delay,True,0.6650409712773245,supplier_delay,0.2243951018456763,0.40790662928081395
PerfectSemantic,supplier_delay,cd_vague_3,vague,2009,0.0,1.0,0.0,supplier_delay,True,1.0,supplier_delay,0.0,-0.0
NoInfo,supplier_delay,cd_vague_4,vague,2009,0.35,0.35,0.3,normal,False,0.35,supplier_delay,0.635,1.0498221244986778
RuleBased,supplier_delay,cd_vague_4,vague,2009,0.3333333333333333,0.3333333333333333,0.3333333333333333,normal,False,0.3333333333333333,supplier_delay,0.6666666666666667,1.0986122886681098
TFIDF_LogReg,supplier_delay,cd_vague_4,vague,2009,0.31434998660035207,0.3755374612789805,0.31011255212066746,supplier_delay,True,0.3755374612789805,supplier_delay,0.5849391713243358,0.97939704902837
TFIDF_LogReg_Calibrated,supplier_delay,cd_vague_4,vague,2009,0.0,0.8974611235238154,0.10253887647618465,supplier_delay,True,0.8974611235238154,supplier_delay,0.021028442377996507,0.10818547596589098
PerfectSemantic,supplier_delay,cd_vague_4,vague,2009,0.0,1.0,0.0,supplier_delay,True,1.0,supplier_delay,0.0,-0.0
NoInfo,supplier_delay,cd_clear_1,clear,2010,0.35,0.35,0.3,normal,False,0.35,supplier_delay,0.635,1.0498221244986778
RuleBased,supplier_delay,cd_clear_1,clear,2010,0.0,1.0,0.0,supplier_delay,True,1.0,supplier_delay,0.0,-0.0
TFIDF_LogReg,supplier_delay,cd_clear_1,clear,2010,0.23745986963093338,0.421500123431182,0.3410400069378847,supplier_delay,True,0.421500123431182,supplier_delay,0.50735758320747,0.8639352087023529
TFIDF_LogReg_Calibrated,supplier_delay,cd_clear_1,clear,2010,0.0,0.47360751585061306,0.5263924841493869,demand_surge,False,0.5263924841493869,supplier_delay,0.5541780947379251,0.7473763259212582
PerfectSemantic,supplier_delay,cd_clear_1,clear,2010,0.0,1.0,0.0,supplier_delay,True,1.0,supplier_delay,0.0,-0.0
NoInfo,supplier_delay,cd_clear_2,clear,2010,0.35,0.35,0.3,normal,False,0.35,supplier_delay,0.635,1.0498221244986778
RuleBased,supplier_delay,cd_clear_2,clear,2010,0.2758620689655173,0.5172413793103449,0.20689655172413793,supplier_delay,True,0.5172413793103449,supplier_delay,0.3519619500594531,0.6592456288842639
TFIDF_LogReg,supplier_delay,cd_clear_2,clear,2010,0.2897803462021731,0.39133920753656015,0.3188804462612668,supplier_delay,True,0.39133920753656015,supplier_delay,0.5561253483350586,0.938180556634081
TFIDF_LogReg_Calibrated,supplier_delay,cd_clear_2,clear,2010,0.09372902690017108,0.7316791500552591,0.17459182304456988,supplier_delay,True,0.7316791500552591,supplier_delay,0.11126351367274757,0.31241318070758034
PerfectSemantic,supplier_delay,cd_clear_2,clear,2010,0.0,1.0,0.0,supplier_delay,True,1.0,supplier_delay,0.0,-0.0
NoInfo,supplier_delay,cd_clear_3,clear,2010,0.35,0.35,0.3,normal,False,0.35,supplier_delay,0.635,1.0498221244986778
RuleBased,supplier_delay,cd_clear_3,clear,2010,0.0,0.5,0.5,supplier_delay,True,0.5,supplier_delay,0.5,0.6931471805599453
TFIDF_LogReg,supplier_delay,cd_clear_3,clear,2010,0.26709012841761415,0.3942047504194853,0.3387051211629006,supplier_delay,True,0.3942047504194853,supplier_delay,0.553046180214431,0.9308848335510302
TFIDF_LogReg_Calibrated,supplier_delay,cd_clear_3,clear,2010,0.296713271444418,0.3675360099397193,0.33575071861586275,supplier_delay,True,0.3675360099397193,supplier_delay,0.6007780092252879,1.000933978899054
PerfectSemantic,supplier_delay,cd_clear_3,clear,2010,0.0,1.0,0.0,supplier_delay,True,1.0,supplier_delay,0.0,-0.0
NoInfo,supplier_delay,cd_clear_4,clear,2010,0.35,0.35,0.3,normal,False,0.35,supplier_delay,0.635,1.0498221244986778
RuleBased,supplier_delay,cd_clear_4,clear,2010,0.0,0.5,0.5,supplier_delay,True,0.5,supplier_delay,0.5,0.6931471805599453
TFIDF_LogReg,supplier_delay,cd_clear_4,clear,2010,0.2868313071460786,0.4163072417412755,0.296861451112646,supplier_delay,True,0.4163072417412755,supplier_delay,0.5110961559595119,0.8763317294454173
TFIDF_LogReg_Calibrated,supplier_delay,cd_clear_4,clear,2010,0.3333333333333333,0.6666666666666666,0.0,supplier_delay,True,0.6666666666666666,supplier_delay,0.22222222222222224,0.40546510810816444
PerfectSemantic,supplier_delay,cd_clear_4,clear,2010,0.0,1.0,0.0,supplier_delay,True,1.0,supplier_delay,0.0,-0.0
NoInfo,supplier_delay,cd_moderate_1,moderate,2010,0.35,0.35,0.3,normal,False,0.35,supplier_delay,0.635,1.0498221244986778
RuleBased,supplier_delay,cd_moderate_1,moderate,2010,0.0,1.0,0.0,supplier_delay,True,1.0,supplier_delay,0.0,-0.0
TFIDF_LogReg,supplier_delay,cd_moderate_1,moderate,2010,0.2872828661830683,0.39625265306539953,0.31646448075153216,supplier_delay,True,0.39625265306539953,supplier_delay,0.5471920717102644,0.9257032583798761
TFIDF_LogReg_Calibrated,supplier_delay,cd_moderate_1,moderate,2010,0.0,0.9331483694069662,0.06685163059303378,supplier_delay,True,0.9331483694069662,supplier_delay,0.008938281025894902,0.06919106676173077
PerfectSemantic,supplier_delay,cd_moderate_1,moderate,2010,0.0,1.0,0.0,supplier_delay,True,1.0,supplier_delay,0.0,-0.0
NoInfo,supplier_delay,cd_moderate_2,moderate,2010,0.35,0.35,0.3,normal,False,0.35,supplier_delay,0.635,1.0498221244986778
RuleBased,supplier_delay,cd_moderate_2,moderate,2010,0.0,1.0,0.0,supplier_delay,True,1.0,supplier_delay,0.0,-0.0
TFIDF_LogReg,supplier_delay,cd_moderate_2,moderate,2010,0.2549948483684219,0.3899664262355114,0.3550387253960666,supplier_delay,True,0.3899664262355114,supplier_delay,0.5632158303451719,0.9416946301397187
TFIDF_LogReg_Calibrated,supplier_delay,cd_moderate_2,moderate,2010,0.0,0.5579503605938493,0.4420496394061508,supplier_delay,True,0.5579503605938493,supplier_delay,0.3908157673982158,0.5834852800671886
PerfectSemantic,supplier_delay,cd_moderate_2,moderate,2010,0.0,1.0,0.0,supplier_delay,True,1.0,supplier_delay,0.0,-0.0
NoInfo,supplier_delay,cd_moderate_3,moderate,2010,0.35,0.35,0.3,normal,False,0.35,supplier_delay,0.635,1.0498221244986778
RuleBased,supplier_delay,cd_moderate_3,moderate,2010,0.0,1.0,0.0,supplier_delay,True,1.0,supplier_delay,0.0,-0.0
TFIDF_LogReg,supplier_delay,cd_moderate_3,moderate,2010,0.2972294001921947,0.43821517289032413,0.26455542691748124,supplier_delay,True,0.43821517289032413,supplier_delay,0.47393708222075104,0.8250452269288362
TFIDF_LogReg_Calibrated,supplier_delay,cd_moderate_3,moderate,2010,0.0,1.0,0.0,supplier_delay,True,1.0,supplier_delay,0.0,-0.0
PerfectSemantic,supplier_delay,cd_moderate_3,moderate,2010,0.0,1.0,0.0,supplier_delay,True,1.0,supplier_delay,0.0,-0.0
NoInfo,supplier_delay,cd_moderate_4,moderate,2010,0.35,0.35,0.3,normal,False,0.35,supplier_delay,0.635,1.0498221244986778
RuleBased,supplier_delay,cd_moderate_4,moderate,2010,0.0,1.0,0.0,supplier_delay,True,1.0,supplier_delay,0.0,-0.0
TFIDF_LogReg,supplier_delay,cd_moderate_4,moderate,2010,0.2700074678575591,0.3735873147032703,0.35640521743917064,supplier_delay,True,0.3735873147032703,supplier_delay,0.5923215640173731,0.9846035274242757
TFIDF_LogReg_Calibrated,supplier_delay,cd_moderate_4,moderate,2010,0.0,0.4910110712090061,0.5089889287909939,demand_surge,False,0.5089889287909939,supplier_delay,0.5181394592636069,0.7112886031546438
PerfectSemantic,supplier_delay,cd_moderate_4,moderate,2010,0.0,1.0,0.0,supplier_delay,True,1.0,supplier_delay,0.0,-0.0
NoInfo,supplier_delay,cd_vague_1,vague,2010,0.35,0.35,0.3,normal,False,0.35,supplier_delay,0.635,1.0498221244986778
RuleBased,supplier_delay,cd_vague_1,vague,2010,0.0,0.6,0.39999999999999997,supplier_delay,True,0.6,supplier_delay,0.32,0.5108256237659907
TFIDF_LogReg,supplier_delay,cd_vague_1,vague,2010,0.2881220537123606,0.37847674291890326,0.33340120336873624,supplier_delay,True,0.37847674291890326,supplier_delay,0.5804618393358448,0.9716006533850728
TFIDF_LogReg_Calibrated,supplier_delay,cd_vague_1,vague,2010,0.0,0.7343909653328656,0.2656090346671343,supplier_delay,True,0.7343909653328656,supplier_delay,0.14109631859361393,0.30871374185819234
PerfectSemantic,supplier_delay,cd_vague_1,vague,2010,0.0,1.0,0.0,supplier_delay,True,1.0,supplier_delay,0.0,-0.0
NoInfo,supplier_delay,cd_vague_2,vague,2010,0.35,0.35,0.3,normal,False,0.35,supplier_delay,0.635,1.0498221244986778
RuleBased,supplier_delay,cd_vague_2,vague,2010,0.0,1.0,0.0,supplier_delay,True,1.0,supplier_delay,0.0,-0.0
TFIDF_LogReg,supplier_delay,cd_vague_2,vague,2010,0.33267715716288576,0.4004783181701407,0.26684452466697356,supplier_delay,True,0.4004783181701407,supplier_delay,0.5413063382268255,0.9150956508426971
TFIDF_LogReg_Calibrated,supplier_delay,cd_vague_2,vague,2010,0.11851130242360192,0.8814886975763981,0.0,supplier_delay,True,0.8814886975763981,supplier_delay,0.028089857604276854,0.1261430990342419
PerfectSemantic,supplier_delay,cd_vague_2,vague,2010,0.0,1.0,0.0,supplier_delay,True,1.0,supplier_delay,0.0,-0.0
NoInfo,supplier_delay,cd_vague_3,vague,2010,0.35,0.35,0.3,normal,False,0.35,supplier_delay,0.635,1.0498221244986778
RuleBased,supplier_delay,cd_vague_3,vague,2010,0.0,1.0,0.0,supplier_delay,True,1.0,supplier_delay,0.0,-0.0
TFIDF_LogReg,supplier_delay,cd_vague_3,vague,2010,0.3570807868648029,0.3838498215400494,0.2590693915951477,supplier_delay,True,0.3838498215400494,supplier_delay,0.5742646804256957,0.9575038926294022
TFIDF_LogReg_Calibrated,supplier_delay,cd_vague_3,vague,2010,0.3349590287226755,0.6650409712773245,0.0,supplier_delay,True,0.6650409712773245,supplier_delay,0.2243951018456763,0.40790662928081395
PerfectSemantic,supplier_delay,cd_vague_3,vague,2010,0.0,1.0,0.0,supplier_delay,True,1.0,supplier_delay,0.0,-0.0
NoInfo,supplier_delay,cd_vague_4,vague,2010,0.35,0.35,0.3,normal,False,0.35,supplier_delay,0.635,1.0498221244986778
RuleBased,supplier_delay,cd_vague_4,vague,2010,0.3333333333333333,0.3333333333333333,0.3333333333333333,normal,False,0.3333333333333333,supplier_delay,0.6666666666666667,1.0986122886681098
TFIDF_LogReg,supplier_delay,cd_vague_4,vague,2010,0.31434998660035207,0.3755374612789805,0.31011255212066746,supplier_delay,True,0.3755374612789805,supplier_delay,0.5849391713243358,0.97939704902837
TFIDF_LogReg_Calibrated,supplier_delay,cd_vague_4,vague,2010,0.0,0.8974611235238154,0.10253887647618465,supplier_delay,True,0.8974611235238154,supplier_delay,0.021028442377996507,0.10818547596589098
PerfectSemantic,supplier_delay,cd_vague_4,vague,2010,0.0,1.0,0.0,supplier_delay,True,1.0,supplier_delay,0.0,-0.0
NoInfo,supplier_delay,cd_clear_1,clear,2011,0.35,0.35,0.3,normal,False,0.35,supplier_delay,0.635,1.0498221244986778
RuleBased,supplier_delay,cd_clear_1,clear,2011,0.0,1.0,0.0,supplier_delay,True,1.0,supplier_delay,0.0,-0.0
TFIDF_LogReg,supplier_delay,cd_clear_1,clear,2011,0.23745986963093338,0.421500123431182,0.3410400069378847,supplier_delay,True,0.421500123431182,supplier_delay,0.50735758320747,0.8639352087023529
TFIDF_LogReg_Calibrated,supplier_delay,cd_clear_1,clear,2011,0.0,0.47360751585061306,0.5263924841493869,demand_surge,False,0.5263924841493869,supplier_delay,0.5541780947379251,0.7473763259212582
PerfectSemantic,supplier_delay,cd_clear_1,clear,2011,0.0,1.0,0.0,supplier_delay,True,1.0,supplier_delay,0.0,-0.0
NoInfo,supplier_delay,cd_clear_2,clear,2011,0.35,0.35,0.3,normal,False,0.35,supplier_delay,0.635,1.0498221244986778
RuleBased,supplier_delay,cd_clear_2,clear,2011,0.2758620689655173,0.5172413793103449,0.20689655172413793,supplier_delay,True,0.5172413793103449,supplier_delay,0.3519619500594531,0.6592456288842639
TFIDF_LogReg,supplier_delay,cd_clear_2,clear,2011,0.2897803462021731,0.39133920753656015,0.3188804462612668,supplier_delay,True,0.39133920753656015,supplier_delay,0.5561253483350586,0.938180556634081
TFIDF_LogReg_Calibrated,supplier_delay,cd_clear_2,clear,2011,0.09372902690017108,0.7316791500552591,0.17459182304456988,supplier_delay,True,0.7316791500552591,supplier_delay,0.11126351367274757,0.31241318070758034
PerfectSemantic,supplier_delay,cd_clear_2,clear,2011,0.0,1.0,0.0,supplier_delay,True,1.0,supplier_delay,0.0,-0.0
NoInfo,supplier_delay,cd_clear_3,clear,2011,0.35,0.35,0.3,normal,False,0.35,supplier_delay,0.635,1.0498221244986778
RuleBased,supplier_delay,cd_clear_3,clear,2011,0.0,0.5,0.5,supplier_delay,True,0.5,supplier_delay,0.5,0.6931471805599453
TFIDF_LogReg,supplier_delay,cd_clear_3,clear,2011,0.26709012841761415,0.3942047504194853,0.3387051211629006,supplier_delay,True,0.3942047504194853,supplier_delay,0.553046180214431,0.9308848335510302
TFIDF_LogReg_Calibrated,supplier_delay,cd_clear_3,clear,2011,0.296713271444418,0.3675360099397193,0.33575071861586275,supplier_delay,True,0.3675360099397193,supplier_delay,0.6007780092252879,1.000933978899054
PerfectSemantic,supplier_delay,cd_clear_3,clear,2011,0.0,1.0,0.0,supplier_delay,True,1.0,supplier_delay,0.0,-0.0
NoInfo,supplier_delay,cd_clear_4,clear,2011,0.35,0.35,0.3,normal,False,0.35,supplier_delay,0.635,1.0498221244986778
RuleBased,supplier_delay,cd_clear_4,clear,2011,0.0,0.5,0.5,supplier_delay,True,0.5,supplier_delay,0.5,0.6931471805599453
TFIDF_LogReg,supplier_delay,cd_clear_4,clear,2011,0.2868313071460786,0.4163072417412755,0.296861451112646,supplier_delay,True,0.4163072417412755,supplier_delay,0.5110961559595119,0.8763317294454173
TFIDF_LogReg_Calibrated,supplier_delay,cd_clear_4,clear,2011,0.3333333333333333,0.6666666666666666,0.0,supplier_delay,True,0.6666666666666666,supplier_delay,0.22222222222222224,0.40546510810816444
PerfectSemantic,supplier_delay,cd_clear_4,clear,2011,0.0,1.0,0.0,supplier_delay,True,1.0,supplier_delay,0.0,-0.0
NoInfo,supplier_delay,cd_moderate_1,moderate,2011,0.35,0.35,0.3,normal,False,0.35,supplier_delay,0.635,1.0498221244986778
RuleBased,supplier_delay,cd_moderate_1,moderate,2011,0.0,1.0,0.0,supplier_delay,True,1.0,supplier_delay,0.0,-0.0
TFIDF_LogReg,supplier_delay,cd_moderate_1,moderate,2011,0.2872828661830683,0.39625265306539953,0.31646448075153216,supplier_delay,True,0.39625265306539953,supplier_delay,0.5471920717102644,0.9257032583798761
TFIDF_LogReg_Calibrated,supplier_delay,cd_moderate_1,moderate,2011,0.0,0.9331483694069662,0.06685163059303378,supplier_delay,True,0.9331483694069662,supplier_delay,0.008938281025894902,0.06919106676173077
PerfectSemantic,supplier_delay,cd_moderate_1,moderate,2011,0.0,1.0,0.0,supplier_delay,True,1.0,supplier_delay,0.0,-0.0
NoInfo,supplier_delay,cd_moderate_2,moderate,2011,0.35,0.35,0.3,normal,False,0.35,supplier_delay,0.635,1.0498221244986778
RuleBased,supplier_delay,cd_moderate_2,moderate,2011,0.0,1.0,0.0,supplier_delay,True,1.0,supplier_delay,0.0,-0.0
TFIDF_LogReg,supplier_delay,cd_moderate_2,moderate,2011,0.2549948483684219,0.3899664262355114,0.3550387253960666,supplier_delay,True,0.3899664262355114,supplier_delay,0.5632158303451719,0.9416946301397187
TFIDF_LogReg_Calibrated,supplier_delay,cd_moderate_2,moderate,2011,0.0,0.5579503605938493,0.4420496394061508,supplier_delay,True,0.5579503605938493,supplier_delay,0.3908157673982158,0.5834852800671886
PerfectSemantic,supplier_delay,cd_moderate_2,moderate,2011,0.0,1.0,0.0,supplier_delay,True,1.0,supplier_delay,0.0,-0.0
NoInfo,supplier_delay,cd_moderate_3,moderate,2011,0.35,0.35,0.3,normal,False,0.35,supplier_delay,0.635,1.0498221244986778
RuleBased,supplier_delay,cd_moderate_3,moderate,2011,0.0,1.0,0.0,supplier_delay,True,1.0,supplier_delay,0.0,-0.0
TFIDF_LogReg,supplier_delay,cd_moderate_3,moderate,2011,0.2972294001921947,0.43821517289032413,0.26455542691748124,supplier_delay,True,0.43821517289032413,supplier_delay,0.47393708222075104,0.8250452269288362
TFIDF_LogReg_Calibrated,supplier_delay,cd_moderate_3,moderate,2011,0.0,1.0,0.0,supplier_delay,True,1.0,supplier_delay,0.0,-0.0
PerfectSemantic,supplier_delay,cd_moderate_3,moderate,2011,0.0,1.0,0.0,supplier_delay,True,1.0,supplier_delay,0.0,-0.0
NoInfo,supplier_delay,cd_moderate_4,moderate,2011,0.35,0.35,0.3,normal,False,0.35,supplier_delay,0.635,1.0498221244986778
RuleBased,supplier_delay,cd_moderate_4,moderate,2011,0.0,1.0,0.0,supplier_delay,True,1.0,supplier_delay,0.0,-0.0
TFIDF_LogReg,supplier_delay,cd_moderate_4,moderate,2011,0.2700074678575591,0.3735873147032703,0.35640521743917064,supplier_delay,True,0.3735873147032703,supplier_delay,0.5923215640173731,0.9846035274242757
TFIDF_LogReg_Calibrated,supplier_delay,cd_moderate_4,moderate,2011,0.0,0.4910110712090061,0.5089889287909939,demand_surge,False,0.5089889287909939,supplier_delay,0.5181394592636069,0.7112886031546438
PerfectSemantic,supplier_delay,cd_moderate_4,moderate,2011,0.0,1.0,0.0,supplier_delay,True,1.0,supplier_delay,0.0,-0.0
NoInfo,supplier_delay,cd_vague_1,vague,2011,0.35,0.35,0.3,normal,False,0.35,supplier_delay,0.635,1.0498221244986778
RuleBased,supplier_delay,cd_vague_1,vague,2011,0.0,0.6,0.39999999999999997,supplier_delay,True,0.6,supplier_delay,0.32,0.5108256237659907
TFIDF_LogReg,supplier_delay,cd_vague_1,vague,2011,0.2881220537123606,0.37847674291890326,0.33340120336873624,supplier_delay,True,0.37847674291890326,supplier_delay,0.5804618393358448,0.9716006533850728
TFIDF_LogReg_Calibrated,supplier_delay,cd_vague_1,vague,2011,0.0,0.7343909653328656,0.2656090346671343,supplier_delay,True,0.7343909653328656,supplier_delay,0.14109631859361393,0.30871374185819234
PerfectSemantic,supplier_delay,cd_vague_1,vague,2011,0.0,1.0,0.0,supplier_delay,True,1.0,supplier_delay,0.0,-0.0
NoInfo,supplier_delay,cd_vague_2,vague,2011,0.35,0.35,0.3,normal,False,0.35,supplier_delay,0.635,1.0498221244986778
RuleBased,supplier_delay,cd_vague_2,vague,2011,0.0,1.0,0.0,supplier_delay,True,1.0,supplier_delay,0.0,-0.0
TFIDF_LogReg,supplier_delay,cd_vague_2,vague,2011,0.33267715716288576,0.4004783181701407,0.26684452466697356,supplier_delay,True,0.4004783181701407,supplier_delay,0.5413063382268255,0.9150956508426971
TFIDF_LogReg_Calibrated,supplier_delay,cd_vague_2,vague,2011,0.11851130242360192,0.8814886975763981,0.0,supplier_delay,True,0.8814886975763981,supplier_delay,0.028089857604276854,0.1261430990342419
PerfectSemantic,supplier_delay,cd_vague_2,vague,2011,0.0,1.0,0.0,supplier_delay,True,1.0,supplier_delay,0.0,-0.0
NoInfo,supplier_delay,cd_vague_3,vague,2011,0.35,0.35,0.3,normal,False,0.35,supplier_delay,0.635,1.0498221244986778
RuleBased,supplier_delay,cd_vague_3,vague,2011,0.0,1.0,0.0,supplier_delay,True,1.0,supplier_delay,0.0,-0.0
TFIDF_LogReg,supplier_delay,cd_vague_3,vague,2011,0.3570807868648029,0.3838498215400494,0.2590693915951477,supplier_delay,True,0.3838498215400494,supplier_delay,0.5742646804256957,0.9575038926294022
TFIDF_LogReg_Calibrated,supplier_delay,cd_vague_3,vague,2011,0.3349590287226755,0.6650409712773245,0.0,supplier_delay,True,0.6650409712773245,supplier_delay,0.2243951018456763,0.40790662928081395
PerfectSemantic,supplier_delay,cd_vague_3,vague,2011,0.0,1.0,0.0,supplier_delay,True,1.0,supplier_delay,0.0,-0.0
NoInfo,supplier_delay,cd_vague_4,vague,2011,0.35,0.35,0.3,normal,False,0.35,supplier_delay,0.635,1.0498221244986778
RuleBased,supplier_delay,cd_vague_4,vague,2011,0.3333333333333333,0.3333333333333333,0.3333333333333333,normal,False,0.3333333333333333,supplier_delay,0.6666666666666667,1.0986122886681098
TFIDF_LogReg,supplier_delay,cd_vague_4,vague,2011,0.31434998660035207,0.3755374612789805,0.31011255212066746,supplier_delay,True,0.3755374612789805,supplier_delay,0.5849391713243358,0.97939704902837
TFIDF_LogReg_Calibrated,supplier_delay,cd_vague_4,vague,2011,0.0,0.8974611235238154,0.10253887647618465,supplier_delay,True,0.8974611235238154,supplier_delay,0.021028442377996507,0.10818547596589098
PerfectSemantic,supplier_delay,cd_vague_4,vague,2011,0.0,1.0,0.0,supplier_delay,True,1.0,supplier_delay,0.0,-0.0
NoInfo,supplier_delay,cd_clear_1,clear,2012,0.35,0.35,0.3,normal,False,0.35,supplier_delay,0.635,1.0498221244986778
RuleBased,supplier_delay,cd_clear_1,clear,2012,0.0,1.0,0.0,supplier_delay,True,1.0,supplier_delay,0.0,-0.0
TFIDF_LogReg,supplier_delay,cd_clear_1,clear,2012,0.23745986963093338,0.421500123431182,0.3410400069378847,supplier_delay,True,0.421500123431182,supplier_delay,0.50735758320747,0.8639352087023529
TFIDF_LogReg_Calibrated,supplier_delay,cd_clear_1,clear,2012,0.0,0.47360751585061306,0.5263924841493869,demand_surge,False,0.5263924841493869,supplier_delay,0.5541780947379251,0.7473763259212582
PerfectSemantic,supplier_delay,cd_clear_1,clear,2012,0.0,1.0,0.0,supplier_delay,True,1.0,supplier_delay,0.0,-0.0
NoInfo,supplier_delay,cd_clear_2,clear,2012,0.35,0.35,0.3,normal,False,0.35,supplier_delay,0.635,1.0498221244986778
RuleBased,supplier_delay,cd_clear_2,clear,2012,0.2758620689655173,0.5172413793103449,0.20689655172413793,supplier_delay,True,0.5172413793103449,supplier_delay,0.3519619500594531,0.6592456288842639
TFIDF_LogReg,supplier_delay,cd_clear_2,clear,2012,0.2897803462021731,0.39133920753656015,0.3188804462612668,supplier_delay,True,0.39133920753656015,supplier_delay,0.5561253483350586,0.938180556634081
TFIDF_LogReg_Calibrated,supplier_delay,cd_clear_2,clear,2012,0.09372902690017108,0.7316791500552591,0.17459182304456988,supplier_delay,True,0.7316791500552591,supplier_delay,0.11126351367274757,0.31241318070758034
PerfectSemantic,supplier_delay,cd_clear_2,clear,2012,0.0,1.0,0.0,supplier_delay,True,1.0,supplier_delay,0.0,-0.0
NoInfo,supplier_delay,cd_clear_3,clear,2012,0.35,0.35,0.3,normal,False,0.35,supplier_delay,0.635,1.0498221244986778
RuleBased,supplier_delay,cd_clear_3,clear,2012,0.0,0.5,0.5,supplier_delay,True,0.5,supplier_delay,0.5,0.6931471805599453
TFIDF_LogReg,supplier_delay,cd_clear_3,clear,2012,0.26709012841761415,0.3942047504194853,0.3387051211629006,supplier_delay,True,0.3942047504194853,supplier_delay,0.553046180214431,0.9308848335510302
TFIDF_LogReg_Calibrated,supplier_delay,cd_clear_3,clear,2012,0.296713271444418,0.3675360099397193,0.33575071861586275,supplier_delay,True,0.3675360099397193,supplier_delay,0.6007780092252879,1.000933978899054
PerfectSemantic,supplier_delay,cd_clear_3,clear,2012,0.0,1.0,0.0,supplier_delay,True,1.0,supplier_delay,0.0,-0.0
NoInfo,supplier_delay,cd_clear_4,clear,2012,0.35,0.35,0.3,normal,False,0.35,supplier_delay,0.635,1.0498221244986778
RuleBased,supplier_delay,cd_clear_4,clear,2012,0.0,0.5,0.5,supplier_delay,True,0.5,supplier_delay,0.5,0.6931471805599453
TFIDF_LogReg,supplier_delay,cd_clear_4,clear,2012,0.2868313071460786,0.4163072417412755,0.296861451112646,supplier_delay,True,0.4163072417412755,supplier_delay,0.5110961559595119,0.8763317294454173
TFIDF_LogReg_Calibrated,supplier_delay,cd_clear_4,clear,2012,0.3333333333333333,0.6666666666666666,0.0,supplier_delay,True,0.6666666666666666,supplier_delay,0.22222222222222224,0.40546510810816444
PerfectSemantic,supplier_delay,cd_clear_4,clear,2012,0.0,1.0,0.0,supplier_delay,True,1.0,supplier_delay,0.0,-0.0
NoInfo,supplier_delay,cd_moderate_1,moderate,2012,0.35,0.35,0.3,normal,False,0.35,supplier_delay,0.635,1.0498221244986778
RuleBased,supplier_delay,cd_moderate_1,moderate,2012,0.0,1.0,0.0,supplier_delay,True,1.0,supplier_delay,0.0,-0.0
TFIDF_LogReg,supplier_delay,cd_moderate_1,moderate,2012,0.2872828661830683,0.39625265306539953,0.31646448075153216,supplier_delay,True,0.39625265306539953,supplier_delay,0.5471920717102644,0.9257032583798761
TFIDF_LogReg_Calibrated,supplier_delay,cd_moderate_1,moderate,2012,0.0,0.9331483694069662,0.06685163059303378,supplier_delay,True,0.9331483694069662,supplier_delay,0.008938281025894902,0.06919106676173077
PerfectSemantic,supplier_delay,cd_moderate_1,moderate,2012,0.0,1.0,0.0,supplier_delay,True,1.0,supplier_delay,0.0,-0.0
NoInfo,supplier_delay,cd_moderate_2,moderate,2012,0.35,0.35,0.3,normal,False,0.35,supplier_delay,0.635,1.0498221244986778
RuleBased,supplier_delay,cd_moderate_2,moderate,2012,0.0,1.0,0.0,supplier_delay,True,1.0,supplier_delay,0.0,-0.0
TFIDF_LogReg,supplier_delay,cd_moderate_2,moderate,2012,0.2549948483684219,0.3899664262355114,0.3550387253960666,supplier_delay,True,0.3899664262355114,supplier_delay,0.5632158303451719,0.9416946301397187
TFIDF_LogReg_Calibrated,supplier_delay,cd_moderate_2,moderate,2012,0.0,0.5579503605938493,0.4420496394061508,supplier_delay,True,0.5579503605938493,supplier_delay,0.3908157673982158,0.5834852800671886
PerfectSemantic,supplier_delay,cd_moderate_2,moderate,2012,0.0,1.0,0.0,supplier_delay,True,1.0,supplier_delay,0.0,-0.0
NoInfo,supplier_delay,cd_moderate_3,moderate,2012,0.35,0.35,0.3,normal,False,0.35,supplier_delay,0.635,1.0498221244986778
RuleBased,supplier_delay,cd_moderate_3,moderate,2012,0.0,1.0,0.0,supplier_delay,True,1.0,supplier_delay,0.0,-0.0
TFIDF_LogReg,supplier_delay,cd_moderate_3,moderate,2012,0.2972294001921947,0.43821517289032413,0.26455542691748124,supplier_delay,True,0.43821517289032413,supplier_delay,0.47393708222075104,0.8250452269288362
TFIDF_LogReg_Calibrated,supplier_delay,cd_moderate_3,moderate,2012,0.0,1.0,0.0,supplier_delay,True,1.0,supplier_delay,0.0,-0.0
PerfectSemantic,supplier_delay,cd_moderate_3,moderate,2012,0.0,1.0,0.0,supplier_delay,True,1.0,supplier_delay,0.0,-0.0
NoInfo,supplier_delay,cd_moderate_4,moderate,2012,0.35,0.35,0.3,normal,False,0.35,supplier_delay,0.635,1.0498221244986778
RuleBased,supplier_delay,cd_moderate_4,moderate,2012,0.0,1.0,0.0,supplier_delay,True,1.0,supplier_delay,0.0,-0.0
TFIDF_LogReg,supplier_delay,cd_moderate_4,moderate,2012,0.2700074678575591,0.3735873147032703,0.35640521743917064,supplier_delay,True,0.3735873147032703,supplier_delay,0.5923215640173731,0.9846035274242757
TFIDF_LogReg_Calibrated,supplier_delay,cd_moderate_4,moderate,2012,0.0,0.4910110712090061,0.5089889287909939,demand_surge,False,0.5089889287909939,supplier_delay,0.5181394592636069,0.7112886031546438
PerfectSemantic,supplier_delay,cd_moderate_4,moderate,2012,0.0,1.0,0.0,supplier_delay,True,1.0,supplier_delay,0.0,-0.0
NoInfo,supplier_delay,cd_vague_1,vague,2012,0.35,0.35,0.3,normal,False,0.35,supplier_delay,0.635,1.0498221244986778
RuleBased,supplier_delay,cd_vague_1,vague,2012,0.0,0.6,0.39999999999999997,supplier_delay,True,0.6,supplier_delay,0.32,0.5108256237659907
TFIDF_LogReg,supplier_delay,cd_vague_1,vague,2012,0.2881220537123606,0.37847674291890326,0.33340120336873624,supplier_delay,True,0.37847674291890326,supplier_delay,0.5804618393358448,0.9716006533850728
TFIDF_LogReg_Calibrated,supplier_delay,cd_vague_1,vague,2012,0.0,0.7343909653328656,0.2656090346671343,supplier_delay,True,0.7343909653328656,supplier_delay,0.14109631859361393,0.30871374185819234
PerfectSemantic,supplier_delay,cd_vague_1,vague,2012,0.0,1.0,0.0,supplier_delay,True,1.0,supplier_delay,0.0,-0.0
NoInfo,supplier_delay,cd_vague_2,vague,2012,0.35,0.35,0.3,normal,False,0.35,supplier_delay,0.635,1.0498221244986778
RuleBased,supplier_delay,cd_vague_2,vague,2012,0.0,1.0,0.0,supplier_delay,True,1.0,supplier_delay,0.0,-0.0
TFIDF_LogReg,supplier_delay,cd_vague_2,vague,2012,0.33267715716288576,0.4004783181701407,0.26684452466697356,supplier_delay,True,0.4004783181701407,supplier_delay,0.5413063382268255,0.9150956508426971
TFIDF_LogReg_Calibrated,supplier_delay,cd_vague_2,vague,2012,0.11851130242360192,0.8814886975763981,0.0,supplier_delay,True,0.8814886975763981,supplier_delay,0.028089857604276854,0.1261430990342419
PerfectSemantic,supplier_delay,cd_vague_2,vague,2012,0.0,1.0,0.0,supplier_delay,True,1.0,supplier_delay,0.0,-0.0
NoInfo,supplier_delay,cd_vague_3,vague,2012,0.35,0.35,0.3,normal,False,0.35,supplier_delay,0.635,1.0498221244986778
RuleBased,supplier_delay,cd_vague_3,vague,2012,0.0,1.0,0.0,supplier_delay,True,1.0,supplier_delay,0.0,-0.0
TFIDF_LogReg,supplier_delay,cd_vague_3,vague,2012,0.3570807868648029,0.3838498215400494,0.2590693915951477,supplier_delay,True,0.3838498215400494,supplier_delay,0.5742646804256957,0.9575038926294022
TFIDF_LogReg_Calibrated,supplier_delay,cd_vague_3,vague,2012,0.3349590287226755,0.6650409712773245,0.0,supplier_delay,True,0.6650409712773245,supplier_delay,0.2243951018456763,0.40790662928081395
PerfectSemantic,supplier_delay,cd_vague_3,vague,2012,0.0,1.0,0.0,supplier_delay,True,1.0,supplier_delay,0.0,-0.0
NoInfo,supplier_delay,cd_vague_4,vague,2012,0.35,0.35,0.3,normal,False,0.35,supplier_delay,0.635,1.0498221244986778
RuleBased,supplier_delay,cd_vague_4,vague,2012,0.3333333333333333,0.3333333333333333,0.3333333333333333,normal,False,0.3333333333333333,supplier_delay,0.6666666666666667,1.0986122886681098
TFIDF_LogReg,supplier_delay,cd_vague_4,vague,2012,0.31434998660035207,0.3755374612789805,0.31011255212066746,supplier_delay,True,0.3755374612789805,supplier_delay,0.5849391713243358,0.97939704902837
TFIDF_LogReg_Calibrated,supplier_delay,cd_vague_4,vague,2012,0.0,0.8974611235238154,0.10253887647618465,supplier_delay,True,0.8974611235238154,supplier_delay,0.021028442377996507,0.10818547596589098
PerfectSemantic,supplier_delay,cd_vague_4,vague,2012,0.0,1.0,0.0,supplier_delay,True,1.0,supplier_delay,0.0,-0.0
NoInfo,supplier_delay,cd_clear_1,clear,2013,0.35,0.35,0.3,normal,False,0.35,supplier_delay,0.635,1.0498221244986778
RuleBased,supplier_delay,cd_clear_1,clear,2013,0.0,1.0,0.0,supplier_delay,True,1.0,supplier_delay,0.0,-0.0
TFIDF_LogReg,supplier_delay,cd_clear_1,clear,2013,0.23745986963093338,0.421500123431182,0.3410400069378847,supplier_delay,True,0.421500123431182,supplier_delay,0.50735758320747,0.8639352087023529
TFIDF_LogReg_Calibrated,supplier_delay,cd_clear_1,clear,2013,0.0,0.47360751585061306,0.5263924841493869,demand_surge,False,0.5263924841493869,supplier_delay,0.5541780947379251,0.7473763259212582
PerfectSemantic,supplier_delay,cd_clear_1,clear,2013,0.0,1.0,0.0,supplier_delay,True,1.0,supplier_delay,0.0,-0.0
NoInfo,supplier_delay,cd_clear_2,clear,2013,0.35,0.35,0.3,normal,False,0.35,supplier_delay,0.635,1.0498221244986778
RuleBased,supplier_delay,cd_clear_2,clear,2013,0.2758620689655173,0.5172413793103449,0.20689655172413793,supplier_delay,True,0.5172413793103449,supplier_delay,0.3519619500594531,0.6592456288842639
TFIDF_LogReg,supplier_delay,cd_clear_2,clear,2013,0.2897803462021731,0.39133920753656015,0.3188804462612668,supplier_delay,True,0.39133920753656015,supplier_delay,0.5561253483350586,0.938180556634081
TFIDF_LogReg_Calibrated,supplier_delay,cd_clear_2,clear,2013,0.09372902690017108,0.7316791500552591,0.17459182304456988,supplier_delay,True,0.7316791500552591,supplier_delay,0.11126351367274757,0.31241318070758034
PerfectSemantic,supplier_delay,cd_clear_2,clear,2013,0.0,1.0,0.0,supplier_delay,True,1.0,supplier_delay,0.0,-0.0
NoInfo,supplier_delay,cd_clear_3,clear,2013,0.35,0.35,0.3,normal,False,0.35,supplier_delay,0.635,1.0498221244986778
RuleBased,supplier_delay,cd_clear_3,clear,2013,0.0,0.5,0.5,supplier_delay,True,0.5,supplier_delay,0.5,0.6931471805599453
TFIDF_LogReg,supplier_delay,cd_clear_3,clear,2013,0.26709012841761415,0.3942047504194853,0.3387051211629006,supplier_delay,True,0.3942047504194853,supplier_delay,0.553046180214431,0.9308848335510302
TFIDF_LogReg_Calibrated,supplier_delay,cd_clear_3,clear,2013,0.296713271444418,0.3675360099397193,0.33575071861586275,supplier_delay,True,0.3675360099397193,supplier_delay,0.6007780092252879,1.000933978899054
PerfectSemantic,supplier_delay,cd_clear_3,clear,2013,0.0,1.0,0.0,supplier_delay,True,1.0,supplier_delay,0.0,-0.0
NoInfo,supplier_delay,cd_clear_4,clear,2013,0.35,0.35,0.3,normal,False,0.35,supplier_delay,0.635,1.0498221244986778
RuleBased,supplier_delay,cd_clear_4,clear,2013,0.0,0.5,0.5,supplier_delay,True,0.5,supplier_delay,0.5,0.6931471805599453
TFIDF_LogReg,supplier_delay,cd_clear_4,clear,2013,0.2868313071460786,0.4163072417412755,0.296861451112646,supplier_delay,True,0.4163072417412755,supplier_delay,0.5110961559595119,0.8763317294454173
TFIDF_LogReg_Calibrated,supplier_delay,cd_clear_4,clear,2013,0.3333333333333333,0.6666666666666666,0.0,supplier_delay,True,0.6666666666666666,supplier_delay,0.22222222222222224,0.40546510810816444
PerfectSemantic,supplier_delay,cd_clear_4,clear,2013,0.0,1.0,0.0,supplier_delay,True,1.0,supplier_delay,0.0,-0.0
NoInfo,supplier_delay,cd_moderate_1,moderate,2013,0.35,0.35,0.3,normal,False,0.35,supplier_delay,0.635,1.0498221244986778
RuleBased,supplier_delay,cd_moderate_1,moderate,2013,0.0,1.0,0.0,supplier_delay,True,1.0,supplier_delay,0.0,-0.0
TFIDF_LogReg,supplier_delay,cd_moderate_1,moderate,2013,0.2872828661830683,0.39625265306539953,0.31646448075153216,supplier_delay,True,0.39625265306539953,supplier_delay,0.5471920717102644,0.9257032583798761
TFIDF_LogReg_Calibrated,supplier_delay,cd_moderate_1,moderate,2013,0.0,0.9331483694069662,0.06685163059303378,supplier_delay,True,0.9331483694069662,supplier_delay,0.008938281025894902,0.06919106676173077
PerfectSemantic,supplier_delay,cd_moderate_1,moderate,2013,0.0,1.0,0.0,supplier_delay,True,1.0,supplier_delay,0.0,-0.0
NoInfo,supplier_delay,cd_moderate_2,moderate,2013,0.35,0.35,0.3,normal,False,0.35,supplier_delay,0.635,1.0498221244986778
RuleBased,supplier_delay,cd_moderate_2,moderate,2013,0.0,1.0,0.0,supplier_delay,True,1.0,supplier_delay,0.0,-0.0
TFIDF_LogReg,supplier_delay,cd_moderate_2,moderate,2013,0.2549948483684219,0.3899664262355114,0.3550387253960666,supplier_delay,True,0.3899664262355114,supplier_delay,0.5632158303451719,0.9416946301397187
TFIDF_LogReg_Calibrated,supplier_delay,cd_moderate_2,moderate,2013,0.0,0.5579503605938493,0.4420496394061508,supplier_delay,True,0.5579503605938493,supplier_delay,0.3908157673982158,0.5834852800671886
PerfectSemantic,supplier_delay,cd_moderate_2,moderate,2013,0.0,1.0,0.0,supplier_delay,True,1.0,supplier_delay,0.0,-0.0
NoInfo,supplier_delay,cd_moderate_3,moderate,2013,0.35,0.35,0.3,normal,False,0.35,supplier_delay,0.635,1.0498221244986778
RuleBased,supplier_delay,cd_moderate_3,moderate,2013,0.0,1.0,0.0,supplier_delay,True,1.0,supplier_delay,0.0,-0.0
TFIDF_LogReg,supplier_delay,cd_moderate_3,moderate,2013,0.2972294001921947,0.43821517289032413,0.26455542691748124,supplier_delay,True,0.43821517289032413,supplier_delay,0.47393708222075104,0.8250452269288362
TFIDF_LogReg_Calibrated,supplier_delay,cd_moderate_3,moderate,2013,0.0,1.0,0.0,supplier_delay,True,1.0,supplier_delay,0.0,-0.0
PerfectSemantic,supplier_delay,cd_moderate_3,moderate,2013,0.0,1.0,0.0,supplier_delay,True,1.0,supplier_delay,0.0,-0.0
NoInfo,supplier_delay,cd_moderate_4,moderate,2013,0.35,0.35,0.3,normal,False,0.35,supplier_delay,0.635,1.0498221244986778
RuleBased,supplier_delay,cd_moderate_4,moderate,2013,0.0,1.0,0.0,supplier_delay,True,1.0,supplier_delay,0.0,-0.0
TFIDF_LogReg,supplier_delay,cd_moderate_4,moderate,2013,0.2700074678575591,0.3735873147032703,0.35640521743917064,supplier_delay,True,0.3735873147032703,supplier_delay,0.5923215640173731,0.9846035274242757
TFIDF_LogReg_Calibrated,supplier_delay,cd_moderate_4,moderate,2013,0.0,0.4910110712090061,0.5089889287909939,demand_surge,False,0.5089889287909939,supplier_delay,0.5181394592636069,0.7112886031546438
PerfectSemantic,supplier_delay,cd_moderate_4,moderate,2013,0.0,1.0,0.0,supplier_delay,True,1.0,supplier_delay,0.0,-0.0
NoInfo,supplier_delay,cd_vague_1,vague,2013,0.35,0.35,0.3,normal,False,0.35,supplier_delay,0.635,1.0498221244986778
RuleBased,supplier_delay,cd_vague_1,vague,2013,0.0,0.6,0.39999999999999997,supplier_delay,True,0.6,supplier_delay,0.32,0.5108256237659907
TFIDF_LogReg,supplier_delay,cd_vague_1,vague,2013,0.2881220537123606,0.37847674291890326,0.33340120336873624,supplier_delay,True,0.37847674291890326,supplier_delay,0.5804618393358448,0.9716006533850728
TFIDF_LogReg_Calibrated,supplier_delay,cd_vague_1,vague,2013,0.0,0.7343909653328656,0.2656090346671343,supplier_delay,True,0.7343909653328656,supplier_delay,0.14109631859361393,0.30871374185819234
PerfectSemantic,supplier_delay,cd_vague_1,vague,2013,0.0,1.0,0.0,supplier_delay,True,1.0,supplier_delay,0.0,-0.0
NoInfo,supplier_delay,cd_vague_2,vague,2013,0.35,0.35,0.3,normal,False,0.35,supplier_delay,0.635,1.0498221244986778
RuleBased,supplier_delay,cd_vague_2,vague,2013,0.0,1.0,0.0,supplier_delay,True,1.0,supplier_delay,0.0,-0.0
TFIDF_LogReg,supplier_delay,cd_vague_2,vague,2013,0.33267715716288576,0.4004783181701407,0.26684452466697356,supplier_delay,True,0.4004783181701407,supplier_delay,0.5413063382268255,0.9150956508426971
TFIDF_LogReg_Calibrated,supplier_delay,cd_vague_2,vague,2013,0.11851130242360192,0.8814886975763981,0.0,supplier_delay,True,0.8814886975763981,supplier_delay,0.028089857604276854,0.1261430990342419
PerfectSemantic,supplier_delay,cd_vague_2,vague,2013,0.0,1.0,0.0,supplier_delay,True,1.0,supplier_delay,0.0,-0.0
NoInfo,supplier_delay,cd_vague_3,vague,2013,0.35,0.35,0.3,normal,False,0.35,supplier_delay,0.635,1.0498221244986778
RuleBased,supplier_delay,cd_vague_3,vague,2013,0.0,1.0,0.0,supplier_delay,True,1.0,supplier_delay,0.0,-0.0
TFIDF_LogReg,supplier_delay,cd_vague_3,vague,2013,0.3570807868648029,0.3838498215400494,0.2590693915951477,supplier_delay,True,0.3838498215400494,supplier_delay,0.5742646804256957,0.9575038926294022
TFIDF_LogReg_Calibrated,supplier_delay,cd_vague_3,vague,2013,0.3349590287226755,0.6650409712773245,0.0,supplier_delay,True,0.6650409712773245,supplier_delay,0.2243951018456763,0.40790662928081395
PerfectSemantic,supplier_delay,cd_vague_3,vague,2013,0.0,1.0,0.0,supplier_delay,True,1.0,supplier_delay,0.0,-0.0
NoInfo,supplier_delay,cd_vague_4,vague,2013,0.35,0.35,0.3,normal,False,0.35,supplier_delay,0.635,1.0498221244986778
RuleBased,supplier_delay,cd_vague_4,vague,2013,0.3333333333333333,0.3333333333333333,0.3333333333333333,normal,False,0.3333333333333333,supplier_delay,0.6666666666666667,1.0986122886681098
TFIDF_LogReg,supplier_delay,cd_vague_4,vague,2013,0.31434998660035207,0.3755374612789805,0.31011255212066746,supplier_delay,True,0.3755374612789805,supplier_delay,0.5849391713243358,0.97939704902837
TFIDF_LogReg_Calibrated,supplier_delay,cd_vague_4,vague,2013,0.0,0.8974611235238154,0.10253887647618465,supplier_delay,True,0.8974611235238154,supplier_delay,0.021028442377996507,0.10818547596589098
PerfectSemantic,supplier_delay,cd_vague_4,vague,2013,0.0,1.0,0.0,supplier_delay,True,1.0,supplier_delay,0.0,-0.0
NoInfo,supplier_delay,cd_clear_1,clear,2014,0.35,0.35,0.3,normal,False,0.35,supplier_delay,0.635,1.0498221244986778
RuleBased,supplier_delay,cd_clear_1,clear,2014,0.0,1.0,0.0,supplier_delay,True,1.0,supplier_delay,0.0,-0.0
TFIDF_LogReg,supplier_delay,cd_clear_1,clear,2014,0.23745986963093338,0.421500123431182,0.3410400069378847,supplier_delay,True,0.421500123431182,supplier_delay,0.50735758320747,0.8639352087023529
TFIDF_LogReg_Calibrated,supplier_delay,cd_clear_1,clear,2014,0.0,0.47360751585061306,0.5263924841493869,demand_surge,False,0.5263924841493869,supplier_delay,0.5541780947379251,0.7473763259212582
PerfectSemantic,supplier_delay,cd_clear_1,clear,2014,0.0,1.0,0.0,supplier_delay,True,1.0,supplier_delay,0.0,-0.0
NoInfo,supplier_delay,cd_clear_2,clear,2014,0.35,0.35,0.3,normal,False,0.35,supplier_delay,0.635,1.0498221244986778
RuleBased,supplier_delay,cd_clear_2,clear,2014,0.2758620689655173,0.5172413793103449,0.20689655172413793,supplier_delay,True,0.5172413793103449,supplier_delay,0.3519619500594531,0.6592456288842639
TFIDF_LogReg,supplier_delay,cd_clear_2,clear,2014,0.2897803462021731,0.39133920753656015,0.3188804462612668,supplier_delay,True,0.39133920753656015,supplier_delay,0.5561253483350586,0.938180556634081
TFIDF_LogReg_Calibrated,supplier_delay,cd_clear_2,clear,2014,0.09372902690017108,0.7316791500552591,0.17459182304456988,supplier_delay,True,0.7316791500552591,supplier_delay,0.11126351367274757,0.31241318070758034
PerfectSemantic,supplier_delay,cd_clear_2,clear,2014,0.0,1.0,0.0,supplier_delay,True,1.0,supplier_delay,0.0,-0.0
NoInfo,supplier_delay,cd_clear_3,clear,2014,0.35,0.35,0.3,normal,False,0.35,supplier_delay,0.635,1.0498221244986778
RuleBased,supplier_delay,cd_clear_3,clear,2014,0.0,0.5,0.5,supplier_delay,True,0.5,supplier_delay,0.5,0.6931471805599453
TFIDF_LogReg,supplier_delay,cd_clear_3,clear,2014,0.26709012841761415,0.3942047504194853,0.3387051211629006,supplier_delay,True,0.3942047504194853,supplier_delay,0.553046180214431,0.9308848335510302
TFIDF_LogReg_Calibrated,supplier_delay,cd_clear_3,clear,2014,0.296713271444418,0.3675360099397193,0.33575071861586275,supplier_delay,True,0.3675360099397193,supplier_delay,0.6007780092252879,1.000933978899054
PerfectSemantic,supplier_delay,cd_clear_3,clear,2014,0.0,1.0,0.0,supplier_delay,True,1.0,supplier_delay,0.0,-0.0
NoInfo,supplier_delay,cd_clear_4,clear,2014,0.35,0.35,0.3,normal,False,0.35,supplier_delay,0.635,1.0498221244986778
RuleBased,supplier_delay,cd_clear_4,clear,2014,0.0,0.5,0.5,supplier_delay,True,0.5,supplier_delay,0.5,0.6931471805599453
TFIDF_LogReg,supplier_delay,cd_clear_4,clear,2014,0.2868313071460786,0.4163072417412755,0.296861451112646,supplier_delay,True,0.4163072417412755,supplier_delay,0.5110961559595119,0.8763317294454173
TFIDF_LogReg_Calibrated,supplier_delay,cd_clear_4,clear,2014,0.3333333333333333,0.6666666666666666,0.0,supplier_delay,True,0.6666666666666666,supplier_delay,0.22222222222222224,0.40546510810816444
PerfectSemantic,supplier_delay,cd_clear_4,clear,2014,0.0,1.0,0.0,supplier_delay,True,1.0,supplier_delay,0.0,-0.0
NoInfo,supplier_delay,cd_moderate_1,moderate,2014,0.35,0.35,0.3,normal,False,0.35,supplier_delay,0.635,1.0498221244986778
RuleBased,supplier_delay,cd_moderate_1,moderate,2014,0.0,1.0,0.0,supplier_delay,True,1.0,supplier_delay,0.0,-0.0
TFIDF_LogReg,supplier_delay,cd_moderate_1,moderate,2014,0.2872828661830683,0.39625265306539953,0.31646448075153216,supplier_delay,True,0.39625265306539953,supplier_delay,0.5471920717102644,0.9257032583798761
TFIDF_LogReg_Calibrated,supplier_delay,cd_moderate_1,moderate,2014,0.0,0.9331483694069662,0.06685163059303378,supplier_delay,True,0.9331483694069662,supplier_delay,0.008938281025894902,0.06919106676173077
PerfectSemantic,supplier_delay,cd_moderate_1,moderate,2014,0.0,1.0,0.0,supplier_delay,True,1.0,supplier_delay,0.0,-0.0
NoInfo,supplier_delay,cd_moderate_2,moderate,2014,0.35,0.35,0.3,normal,False,0.35,supplier_delay,0.635,1.0498221244986778
RuleBased,supplier_delay,cd_moderate_2,moderate,2014,0.0,1.0,0.0,supplier_delay,True,1.0,supplier_delay,0.0,-0.0
TFIDF_LogReg,supplier_delay,cd_moderate_2,moderate,2014,0.2549948483684219,0.3899664262355114,0.3550387253960666,supplier_delay,True,0.3899664262355114,supplier_delay,0.5632158303451719,0.9416946301397187
TFIDF_LogReg_Calibrated,supplier_delay,cd_moderate_2,moderate,2014,0.0,0.5579503605938493,0.4420496394061508,supplier_delay,True,0.5579503605938493,supplier_delay,0.3908157673982158,0.5834852800671886
PerfectSemantic,supplier_delay,cd_moderate_2,moderate,2014,0.0,1.0,0.0,supplier_delay,True,1.0,supplier_delay,0.0,-0.0
NoInfo,supplier_delay,cd_moderate_3,moderate,2014,0.35,0.35,0.3,normal,False,0.35,supplier_delay,0.635,1.0498221244986778
RuleBased,supplier_delay,cd_moderate_3,moderate,2014,0.0,1.0,0.0,supplier_delay,True,1.0,supplier_delay,0.0,-0.0
TFIDF_LogReg,supplier_delay,cd_moderate_3,moderate,2014,0.2972294001921947,0.43821517289032413,0.26455542691748124,supplier_delay,True,0.43821517289032413,supplier_delay,0.47393708222075104,0.8250452269288362
TFIDF_LogReg_Calibrated,supplier_delay,cd_moderate_3,moderate,2014,0.0,1.0,0.0,supplier_delay,True,1.0,supplier_delay,0.0,-0.0
PerfectSemantic,supplier_delay,cd_moderate_3,moderate,2014,0.0,1.0,0.0,supplier_delay,True,1.0,supplier_delay,0.0,-0.0
NoInfo,supplier_delay,cd_moderate_4,moderate,2014,0.35,0.35,0.3,normal,False,0.35,supplier_delay,0.635,1.0498221244986778
RuleBased,supplier_delay,cd_moderate_4,moderate,2014,0.0,1.0,0.0,supplier_delay,True,1.0,supplier_delay,0.0,-0.0
TFIDF_LogReg,supplier_delay,cd_moderate_4,moderate,2014,0.2700074678575591,0.3735873147032703,0.35640521743917064,supplier_delay,True,0.3735873147032703,supplier_delay,0.5923215640173731,0.9846035274242757
TFIDF_LogReg_Calibrated,supplier_delay,cd_moderate_4,moderate,2014,0.0,0.4910110712090061,0.5089889287909939,demand_surge,False,0.5089889287909939,supplier_delay,0.5181394592636069,0.7112886031546438
PerfectSemantic,supplier_delay,cd_moderate_4,moderate,2014,0.0,1.0,0.0,supplier_delay,True,1.0,supplier_delay,0.0,-0.0
NoInfo,supplier_delay,cd_vague_1,vague,2014,0.35,0.35,0.3,normal,False,0.35,supplier_delay,0.635,1.0498221244986778
RuleBased,supplier_delay,cd_vague_1,vague,2014,0.0,0.6,0.39999999999999997,supplier_delay,True,0.6,supplier_delay,0.32,0.5108256237659907
TFIDF_LogReg,supplier_delay,cd_vague_1,vague,2014,0.2881220537123606,0.37847674291890326,0.33340120336873624,supplier_delay,True,0.37847674291890326,supplier_delay,0.5804618393358448,0.9716006533850728
TFIDF_LogReg_Calibrated,supplier_delay,cd_vague_1,vague,2014,0.0,0.7343909653328656,0.2656090346671343,supplier_delay,True,0.7343909653328656,supplier_delay,0.14109631859361393,0.30871374185819234
PerfectSemantic,supplier_delay,cd_vague_1,vague,2014,0.0,1.0,0.0,supplier_delay,True,1.0,supplier_delay,0.0,-0.0
NoInfo,supplier_delay,cd_vague_2,vague,2014,0.35,0.35,0.3,normal,False,0.35,supplier_delay,0.635,1.0498221244986778
RuleBased,supplier_delay,cd_vague_2,vague,2014,0.0,1.0,0.0,supplier_delay,True,1.0,supplier_delay,0.0,-0.0
TFIDF_LogReg,supplier_delay,cd_vague_2,vague,2014,0.33267715716288576,0.4004783181701407,0.26684452466697356,supplier_delay,True,0.4004783181701407,supplier_delay,0.5413063382268255,0.9150956508426971
TFIDF_LogReg_Calibrated,supplier_delay,cd_vague_2,vague,2014,0.11851130242360192,0.8814886975763981,0.0,supplier_delay,True,0.8814886975763981,supplier_delay,0.028089857604276854,0.1261430990342419
PerfectSemantic,supplier_delay,cd_vague_2,vague,2014,0.0,1.0,0.0,supplier_delay,True,1.0,supplier_delay,0.0,-0.0
NoInfo,supplier_delay,cd_vague_3,vague,2014,0.35,0.35,0.3,normal,False,0.35,supplier_delay,0.635,1.0498221244986778
RuleBased,supplier_delay,cd_vague_3,vague,2014,0.0,1.0,0.0,supplier_delay,True,1.0,supplier_delay,0.0,-0.0
TFIDF_LogReg,supplier_delay,cd_vague_3,vague,2014,0.3570807868648029,0.3838498215400494,0.2590693915951477,supplier_delay,True,0.3838498215400494,supplier_delay,0.5742646804256957,0.9575038926294022
TFIDF_LogReg_Calibrated,supplier_delay,cd_vague_3,vague,2014,0.3349590287226755,0.6650409712773245,0.0,supplier_delay,True,0.6650409712773245,supplier_delay,0.2243951018456763,0.40790662928081395
PerfectSemantic,supplier_delay,cd_vague_3,vague,2014,0.0,1.0,0.0,supplier_delay,True,1.0,supplier_delay,0.0,-0.0
NoInfo,supplier_delay,cd_vague_4,vague,2014,0.35,0.35,0.3,normal,False,0.35,supplier_delay,0.635,1.0498221244986778
RuleBased,supplier_delay,cd_vague_4,vague,2014,0.3333333333333333,0.3333333333333333,0.3333333333333333,normal,False,0.3333333333333333,supplier_delay,0.6666666666666667,1.0986122886681098
TFIDF_LogReg,supplier_delay,cd_vague_4,vague,2014,0.31434998660035207,0.3755374612789805,0.31011255212066746,supplier_delay,True,0.3755374612789805,supplier_delay,0.5849391713243358,0.97939704902837
TFIDF_LogReg_Calibrated,supplier_delay,cd_vague_4,vague,2014,0.0,0.8974611235238154,0.10253887647618465,supplier_delay,True,0.8974611235238154,supplier_delay,0.021028442377996507,0.10818547596589098
PerfectSemantic,supplier_delay,cd_vague_4,vague,2014,0.0,1.0,0.0,supplier_delay,True,1.0,supplier_delay,0.0,-0.0
NoInfo,supplier_delay,cd_clear_1,clear,2015,0.35,0.35,0.3,normal,False,0.35,supplier_delay,0.635,1.0498221244986778
RuleBased,supplier_delay,cd_clear_1,clear,2015,0.0,1.0,0.0,supplier_delay,True,1.0,supplier_delay,0.0,-0.0
TFIDF_LogReg,supplier_delay,cd_clear_1,clear,2015,0.23745986963093338,0.421500123431182,0.3410400069378847,supplier_delay,True,0.421500123431182,supplier_delay,0.50735758320747,0.8639352087023529
TFIDF_LogReg_Calibrated,supplier_delay,cd_clear_1,clear,2015,0.0,0.47360751585061306,0.5263924841493869,demand_surge,False,0.5263924841493869,supplier_delay,0.5541780947379251,0.7473763259212582
PerfectSemantic,supplier_delay,cd_clear_1,clear,2015,0.0,1.0,0.0,supplier_delay,True,1.0,supplier_delay,0.0,-0.0
NoInfo,supplier_delay,cd_clear_2,clear,2015,0.35,0.35,0.3,normal,False,0.35,supplier_delay,0.635,1.0498221244986778
RuleBased,supplier_delay,cd_clear_2,clear,2015,0.2758620689655173,0.5172413793103449,0.20689655172413793,supplier_delay,True,0.5172413793103449,supplier_delay,0.3519619500594531,0.6592456288842639
TFIDF_LogReg,supplier_delay,cd_clear_2,clear,2015,0.2897803462021731,0.39133920753656015,0.3188804462612668,supplier_delay,True,0.39133920753656015,supplier_delay,0.5561253483350586,0.938180556634081
TFIDF_LogReg_Calibrated,supplier_delay,cd_clear_2,clear,2015,0.09372902690017108,0.7316791500552591,0.17459182304456988,supplier_delay,True,0.7316791500552591,supplier_delay,0.11126351367274757,0.31241318070758034
PerfectSemantic,supplier_delay,cd_clear_2,clear,2015,0.0,1.0,0.0,supplier_delay,True,1.0,supplier_delay,0.0,-0.0
NoInfo,supplier_delay,cd_clear_3,clear,2015,0.35,0.35,0.3,normal,False,0.35,supplier_delay,0.635,1.0498221244986778
RuleBased,supplier_delay,cd_clear_3,clear,2015,0.0,0.5,0.5,supplier_delay,True,0.5,supplier_delay,0.5,0.6931471805599453
TFIDF_LogReg,supplier_delay,cd_clear_3,clear,2015,0.26709012841761415,0.3942047504194853,0.3387051211629006,supplier_delay,True,0.3942047504194853,supplier_delay,0.553046180214431,0.9308848335510302
TFIDF_LogReg_Calibrated,supplier_delay,cd_clear_3,clear,2015,0.296713271444418,0.3675360099397193,0.33575071861586275,supplier_delay,True,0.3675360099397193,supplier_delay,0.6007780092252879,1.000933978899054
PerfectSemantic,supplier_delay,cd_clear_3,clear,2015,0.0,1.0,0.0,supplier_delay,True,1.0,supplier_delay,0.0,-0.0
NoInfo,supplier_delay,cd_clear_4,clear,2015,0.35,0.35,0.3,normal,False,0.35,supplier_delay,0.635,1.0498221244986778
RuleBased,supplier_delay,cd_clear_4,clear,2015,0.0,0.5,0.5,supplier_delay,True,0.5,supplier_delay,0.5,0.6931471805599453
TFIDF_LogReg,supplier_delay,cd_clear_4,clear,2015,0.2868313071460786,0.4163072417412755,0.296861451112646,supplier_delay,True,0.4163072417412755,supplier_delay,0.5110961559595119,0.8763317294454173
TFIDF_LogReg_Calibrated,supplier_delay,cd_clear_4,clear,2015,0.3333333333333333,0.6666666666666666,0.0,supplier_delay,True,0.6666666666666666,supplier_delay,0.22222222222222224,0.40546510810816444
PerfectSemantic,supplier_delay,cd_clear_4,clear,2015,0.0,1.0,0.0,supplier_delay,True,1.0,supplier_delay,0.0,-0.0
NoInfo,supplier_delay,cd_moderate_1,moderate,2015,0.35,0.35,0.3,normal,False,0.35,supplier_delay,0.635,1.0498221244986778
RuleBased,supplier_delay,cd_moderate_1,moderate,2015,0.0,1.0,0.0,supplier_delay,True,1.0,supplier_delay,0.0,-0.0
TFIDF_LogReg,supplier_delay,cd_moderate_1,moderate,2015,0.2872828661830683,0.39625265306539953,0.31646448075153216,supplier_delay,True,0.39625265306539953,supplier_delay,0.5471920717102644,0.9257032583798761
TFIDF_LogReg_Calibrated,supplier_delay,cd_moderate_1,moderate,2015,0.0,0.9331483694069662,0.06685163059303378,supplier_delay,True,0.9331483694069662,supplier_delay,0.008938281025894902,0.06919106676173077
PerfectSemantic,supplier_delay,cd_moderate_1,moderate,2015,0.0,1.0,0.0,supplier_delay,True,1.0,supplier_delay,0.0,-0.0
NoInfo,supplier_delay,cd_moderate_2,moderate,2015,0.35,0.35,0.3,normal,False,0.35,supplier_delay,0.635,1.0498221244986778
RuleBased,supplier_delay,cd_moderate_2,moderate,2015,0.0,1.0,0.0,supplier_delay,True,1.0,supplier_delay,0.0,-0.0
TFIDF_LogReg,supplier_delay,cd_moderate_2,moderate,2015,0.2549948483684219,0.3899664262355114,0.3550387253960666,supplier_delay,True,0.3899664262355114,supplier_delay,0.5632158303451719,0.9416946301397187
TFIDF_LogReg_Calibrated,supplier_delay,cd_moderate_2,moderate,2015,0.0,0.5579503605938493,0.4420496394061508,supplier_delay,True,0.5579503605938493,supplier_delay,0.3908157673982158,0.5834852800671886
PerfectSemantic,supplier_delay,cd_moderate_2,moderate,2015,0.0,1.0,0.0,supplier_delay,True,1.0,supplier_delay,0.0,-0.0
NoInfo,supplier_delay,cd_moderate_3,moderate,2015,0.35,0.35,0.3,normal,False,0.35,supplier_delay,0.635,1.0498221244986778
RuleBased,supplier_delay,cd_moderate_3,moderate,2015,0.0,1.0,0.0,supplier_delay,True,1.0,supplier_delay,0.0,-0.0
TFIDF_LogReg,supplier_delay,cd_moderate_3,moderate,2015,0.2972294001921947,0.43821517289032413,0.26455542691748124,supplier_delay,True,0.43821517289032413,supplier_delay,0.47393708222075104,0.8250452269288362
TFIDF_LogReg_Calibrated,supplier_delay,cd_moderate_3,moderate,2015,0.0,1.0,0.0,supplier_delay,True,1.0,supplier_delay,0.0,-0.0
PerfectSemantic,supplier_delay,cd_moderate_3,moderate,2015,0.0,1.0,0.0,supplier_delay,True,1.0,supplier_delay,0.0,-0.0
NoInfo,supplier_delay,cd_moderate_4,moderate,2015,0.35,0.35,0.3,normal,False,0.35,supplier_delay,0.635,1.0498221244986778
RuleBased,supplier_delay,cd_moderate_4,moderate,2015,0.0,1.0,0.0,supplier_delay,True,1.0,supplier_delay,0.0,-0.0
TFIDF_LogReg,supplier_delay,cd_moderate_4,moderate,2015,0.2700074678575591,0.3735873147032703,0.35640521743917064,supplier_delay,True,0.3735873147032703,supplier_delay,0.5923215640173731,0.9846035274242757
TFIDF_LogReg_Calibrated,supplier_delay,cd_moderate_4,moderate,2015,0.0,0.4910110712090061,0.5089889287909939,demand_surge,False,0.5089889287909939,supplier_delay,0.5181394592636069,0.7112886031546438
PerfectSemantic,supplier_delay,cd_moderate_4,moderate,2015,0.0,1.0,0.0,supplier_delay,True,1.0,supplier_delay,0.0,-0.0
NoInfo,supplier_delay,cd_vague_1,vague,2015,0.35,0.35,0.3,normal,False,0.35,supplier_delay,0.635,1.0498221244986778
RuleBased,supplier_delay,cd_vague_1,vague,2015,0.0,0.6,0.39999999999999997,supplier_delay,True,0.6,supplier_delay,0.32,0.5108256237659907
TFIDF_LogReg,supplier_delay,cd_vague_1,vague,2015,0.2881220537123606,0.37847674291890326,0.33340120336873624,supplier_delay,True,0.37847674291890326,supplier_delay,0.5804618393358448,0.9716006533850728
TFIDF_LogReg_Calibrated,supplier_delay,cd_vague_1,vague,2015,0.0,0.7343909653328656,0.2656090346671343,supplier_delay,True,0.7343909653328656,supplier_delay,0.14109631859361393,0.30871374185819234
PerfectSemantic,supplier_delay,cd_vague_1,vague,2015,0.0,1.0,0.0,supplier_delay,True,1.0,supplier_delay,0.0,-0.0
NoInfo,supplier_delay,cd_vague_2,vague,2015,0.35,0.35,0.3,normal,False,0.35,supplier_delay,0.635,1.0498221244986778
RuleBased,supplier_delay,cd_vague_2,vague,2015,0.0,1.0,0.0,supplier_delay,True,1.0,supplier_delay,0.0,-0.0
TFIDF_LogReg,supplier_delay,cd_vague_2,vague,2015,0.33267715716288576,0.4004783181701407,0.26684452466697356,supplier_delay,True,0.4004783181701407,supplier_delay,0.5413063382268255,0.9150956508426971
TFIDF_LogReg_Calibrated,supplier_delay,cd_vague_2,vague,2015,0.11851130242360192,0.8814886975763981,0.0,supplier_delay,True,0.8814886975763981,supplier_delay,0.028089857604276854,0.1261430990342419
PerfectSemantic,supplier_delay,cd_vague_2,vague,2015,0.0,1.0,0.0,supplier_delay,True,1.0,supplier_delay,0.0,-0.0
NoInfo,supplier_delay,cd_vague_3,vague,2015,0.35,0.35,0.3,normal,False,0.35,supplier_delay,0.635,1.0498221244986778
RuleBased,supplier_delay,cd_vague_3,vague,2015,0.0,1.0,0.0,supplier_delay,True,1.0,supplier_delay,0.0,-0.0
TFIDF_LogReg,supplier_delay,cd_vague_3,vague,2015,0.3570807868648029,0.3838498215400494,0.2590693915951477,supplier_delay,True,0.3838498215400494,supplier_delay,0.5742646804256957,0.9575038926294022
TFIDF_LogReg_Calibrated,supplier_delay,cd_vague_3,vague,2015,0.3349590287226755,0.6650409712773245,0.0,supplier_delay,True,0.6650409712773245,supplier_delay,0.2243951018456763,0.40790662928081395
PerfectSemantic,supplier_delay,cd_vague_3,vague,2015,0.0,1.0,0.0,supplier_delay,True,1.0,supplier_delay,0.0,-0.0
NoInfo,supplier_delay,cd_vague_4,vague,2015,0.35,0.35,0.3,normal,False,0.35,supplier_delay,0.635,1.0498221244986778
RuleBased,supplier_delay,cd_vague_4,vague,2015,0.3333333333333333,0.3333333333333333,0.3333333333333333,normal,False,0.3333333333333333,supplier_delay,0.6666666666666667,1.0986122886681098
TFIDF_LogReg,supplier_delay,cd_vague_4,vague,2015,0.31434998660035207,0.3755374612789805,0.31011255212066746,supplier_delay,True,0.3755374612789805,supplier_delay,0.5849391713243358,0.97939704902837
TFIDF_LogReg_Calibrated,supplier_delay,cd_vague_4,vague,2015,0.0,0.8974611235238154,0.10253887647618465,supplier_delay,True,0.8974611235238154,supplier_delay,0.021028442377996507,0.10818547596589098
PerfectSemantic,supplier_delay,cd_vague_4,vague,2015,0.0,1.0,0.0,supplier_delay,True,1.0,supplier_delay,0.0,-0.0
NoInfo,supplier_delay,cd_clear_1,clear,2016,0.35,0.35,0.3,normal,False,0.35,supplier_delay,0.635,1.0498221244986778
RuleBased,supplier_delay,cd_clear_1,clear,2016,0.0,1.0,0.0,supplier_delay,True,1.0,supplier_delay,0.0,-0.0
TFIDF_LogReg,supplier_delay,cd_clear_1,clear,2016,0.23745986963093338,0.421500123431182,0.3410400069378847,supplier_delay,True,0.421500123431182,supplier_delay,0.50735758320747,0.8639352087023529
TFIDF_LogReg_Calibrated,supplier_delay,cd_clear_1,clear,2016,0.0,0.47360751585061306,0.5263924841493869,demand_surge,False,0.5263924841493869,supplier_delay,0.5541780947379251,0.7473763259212582
PerfectSemantic,supplier_delay,cd_clear_1,clear,2016,0.0,1.0,0.0,supplier_delay,True,1.0,supplier_delay,0.0,-0.0
NoInfo,supplier_delay,cd_clear_2,clear,2016,0.35,0.35,0.3,normal,False,0.35,supplier_delay,0.635,1.0498221244986778
RuleBased,supplier_delay,cd_clear_2,clear,2016,0.2758620689655173,0.5172413793103449,0.20689655172413793,supplier_delay,True,0.5172413793103449,supplier_delay,0.3519619500594531,0.6592456288842639
TFIDF_LogReg,supplier_delay,cd_clear_2,clear,2016,0.2897803462021731,0.39133920753656015,0.3188804462612668,supplier_delay,True,0.39133920753656015,supplier_delay,0.5561253483350586,0.938180556634081
TFIDF_LogReg_Calibrated,supplier_delay,cd_clear_2,clear,2016,0.09372902690017108,0.7316791500552591,0.17459182304456988,supplier_delay,True,0.7316791500552591,supplier_delay,0.11126351367274757,0.31241318070758034
PerfectSemantic,supplier_delay,cd_clear_2,clear,2016,0.0,1.0,0.0,supplier_delay,True,1.0,supplier_delay,0.0,-0.0
NoInfo,supplier_delay,cd_clear_3,clear,2016,0.35,0.35,0.3,normal,False,0.35,supplier_delay,0.635,1.0498221244986778
RuleBased,supplier_delay,cd_clear_3,clear,2016,0.0,0.5,0.5,supplier_delay,True,0.5,supplier_delay,0.5,0.6931471805599453
TFIDF_LogReg,supplier_delay,cd_clear_3,clear,2016,0.26709012841761415,0.3942047504194853,0.3387051211629006,supplier_delay,True,0.3942047504194853,supplier_delay,0.553046180214431,0.9308848335510302
TFIDF_LogReg_Calibrated,supplier_delay,cd_clear_3,clear,2016,0.296713271444418,0.3675360099397193,0.33575071861586275,supplier_delay,True,0.3675360099397193,supplier_delay,0.6007780092252879,1.000933978899054
PerfectSemantic,supplier_delay,cd_clear_3,clear,2016,0.0,1.0,0.0,supplier_delay,True,1.0,supplier_delay,0.0,-0.0
NoInfo,supplier_delay,cd_clear_4,clear,2016,0.35,0.35,0.3,normal,False,0.35,supplier_delay,0.635,1.0498221244986778
RuleBased,supplier_delay,cd_clear_4,clear,2016,0.0,0.5,0.5,supplier_delay,True,0.5,supplier_delay,0.5,0.6931471805599453
TFIDF_LogReg,supplier_delay,cd_clear_4,clear,2016,0.2868313071460786,0.4163072417412755,0.296861451112646,supplier_delay,True,0.4163072417412755,supplier_delay,0.5110961559595119,0.8763317294454173
TFIDF_LogReg_Calibrated,supplier_delay,cd_clear_4,clear,2016,0.3333333333333333,0.6666666666666666,0.0,supplier_delay,True,0.6666666666666666,supplier_delay,0.22222222222222224,0.40546510810816444
PerfectSemantic,supplier_delay,cd_clear_4,clear,2016,0.0,1.0,0.0,supplier_delay,True,1.0,supplier_delay,0.0,-0.0
NoInfo,supplier_delay,cd_moderate_1,moderate,2016,0.35,0.35,0.3,normal,False,0.35,supplier_delay,0.635,1.0498221244986778
RuleBased,supplier_delay,cd_moderate_1,moderate,2016,0.0,1.0,0.0,supplier_delay,True,1.0,supplier_delay,0.0,-0.0
TFIDF_LogReg,supplier_delay,cd_moderate_1,moderate,2016,0.2872828661830683,0.39625265306539953,0.31646448075153216,supplier_delay,True,0.39625265306539953,supplier_delay,0.5471920717102644,0.9257032583798761
TFIDF_LogReg_Calibrated,supplier_delay,cd_moderate_1,moderate,2016,0.0,0.9331483694069662,0.06685163059303378,supplier_delay,True,0.9331483694069662,supplier_delay,0.008938281025894902,0.06919106676173077
PerfectSemantic,supplier_delay,cd_moderate_1,moderate,2016,0.0,1.0,0.0,supplier_delay,True,1.0,supplier_delay,0.0,-0.0
NoInfo,supplier_delay,cd_moderate_2,moderate,2016,0.35,0.35,0.3,normal,False,0.35,supplier_delay,0.635,1.0498221244986778
RuleBased,supplier_delay,cd_moderate_2,moderate,2016,0.0,1.0,0.0,supplier_delay,True,1.0,supplier_delay,0.0,-0.0
TFIDF_LogReg,supplier_delay,cd_moderate_2,moderate,2016,0.2549948483684219,0.3899664262355114,0.3550387253960666,supplier_delay,True,0.3899664262355114,supplier_delay,0.5632158303451719,0.9416946301397187
TFIDF_LogReg_Calibrated,supplier_delay,cd_moderate_2,moderate,2016,0.0,0.5579503605938493,0.4420496394061508,supplier_delay,True,0.5579503605938493,supplier_delay,0.3908157673982158,0.5834852800671886
PerfectSemantic,supplier_delay,cd_moderate_2,moderate,2016,0.0,1.0,0.0,supplier_delay,True,1.0,supplier_delay,0.0,-0.0
NoInfo,supplier_delay,cd_moderate_3,moderate,2016,0.35,0.35,0.3,normal,False,0.35,supplier_delay,0.635,1.0498221244986778
RuleBased,supplier_delay,cd_moderate_3,moderate,2016,0.0,1.0,0.0,supplier_delay,True,1.0,supplier_delay,0.0,-0.0
TFIDF_LogReg,supplier_delay,cd_moderate_3,moderate,2016,0.2972294001921947,0.43821517289032413,0.26455542691748124,supplier_delay,True,0.43821517289032413,supplier_delay,0.47393708222075104,0.8250452269288362
TFIDF_LogReg_Calibrated,supplier_delay,cd_moderate_3,moderate,2016,0.0,1.0,0.0,supplier_delay,True,1.0,supplier_delay,0.0,-0.0
PerfectSemantic,supplier_delay,cd_moderate_3,moderate,2016,0.0,1.0,0.0,supplier_delay,True,1.0,supplier_delay,0.0,-0.0
NoInfo,supplier_delay,cd_moderate_4,moderate,2016,0.35,0.35,0.3,normal,False,0.35,supplier_delay,0.635,1.0498221244986778
RuleBased,supplier_delay,cd_moderate_4,moderate,2016,0.0,1.0,0.0,supplier_delay,True,1.0,supplier_delay,0.0,-0.0
TFIDF_LogReg,supplier_delay,cd_moderate_4,moderate,2016,0.2700074678575591,0.3735873147032703,0.35640521743917064,supplier_delay,True,0.3735873147032703,supplier_delay,0.5923215640173731,0.9846035274242757
TFIDF_LogReg_Calibrated,supplier_delay,cd_moderate_4,moderate,2016,0.0,0.4910110712090061,0.5089889287909939,demand_surge,False,0.5089889287909939,supplier_delay,0.5181394592636069,0.7112886031546438
PerfectSemantic,supplier_delay,cd_moderate_4,moderate,2016,0.0,1.0,0.0,supplier_delay,True,1.0,supplier_delay,0.0,-0.0
NoInfo,supplier_delay,cd_vague_1,vague,2016,0.35,0.35,0.3,normal,False,0.35,supplier_delay,0.635,1.0498221244986778
RuleBased,supplier_delay,cd_vague_1,vague,2016,0.0,0.6,0.39999999999999997,supplier_delay,True,0.6,supplier_delay,0.32,0.5108256237659907
TFIDF_LogReg,supplier_delay,cd_vague_1,vague,2016,0.2881220537123606,0.37847674291890326,0.33340120336873624,supplier_delay,True,0.37847674291890326,supplier_delay,0.5804618393358448,0.9716006533850728
TFIDF_LogReg_Calibrated,supplier_delay,cd_vague_1,vague,2016,0.0,0.7343909653328656,0.2656090346671343,supplier_delay,True,0.7343909653328656,supplier_delay,0.14109631859361393,0.30871374185819234
PerfectSemantic,supplier_delay,cd_vague_1,vague,2016,0.0,1.0,0.0,supplier_delay,True,1.0,supplier_delay,0.0,-0.0
NoInfo,supplier_delay,cd_vague_2,vague,2016,0.35,0.35,0.3,normal,False,0.35,supplier_delay,0.635,1.0498221244986778
RuleBased,supplier_delay,cd_vague_2,vague,2016,0.0,1.0,0.0,supplier_delay,True,1.0,supplier_delay,0.0,-0.0
TFIDF_LogReg,supplier_delay,cd_vague_2,vague,2016,0.33267715716288576,0.4004783181701407,0.26684452466697356,supplier_delay,True,0.4004783181701407,supplier_delay,0.5413063382268255,0.9150956508426971
TFIDF_LogReg_Calibrated,supplier_delay,cd_vague_2,vague,2016,0.11851130242360192,0.8814886975763981,0.0,supplier_delay,True,0.8814886975763981,supplier_delay,0.028089857604276854,0.1261430990342419
PerfectSemantic,supplier_delay,cd_vague_2,vague,2016,0.0,1.0,0.0,supplier_delay,True,1.0,supplier_delay,0.0,-0.0
NoInfo,supplier_delay,cd_vague_3,vague,2016,0.35,0.35,0.3,normal,False,0.35,supplier_delay,0.635,1.0498221244986778
RuleBased,supplier_delay,cd_vague_3,vague,2016,0.0,1.0,0.0,supplier_delay,True,1.0,supplier_delay,0.0,-0.0
TFIDF_LogReg,supplier_delay,cd_vague_3,vague,2016,0.3570807868648029,0.3838498215400494,0.2590693915951477,supplier_delay,True,0.3838498215400494,supplier_delay,0.5742646804256957,0.9575038926294022
TFIDF_LogReg_Calibrated,supplier_delay,cd_vague_3,vague,2016,0.3349590287226755,0.6650409712773245,0.0,supplier_delay,True,0.6650409712773245,supplier_delay,0.2243951018456763,0.40790662928081395
PerfectSemantic,supplier_delay,cd_vague_3,vague,2016,0.0,1.0,0.0,supplier_delay,True,1.0,supplier_delay,0.0,-0.0
NoInfo,supplier_delay,cd_vague_4,vague,2016,0.35,0.35,0.3,normal,False,0.35,supplier_delay,0.635,1.0498221244986778
RuleBased,supplier_delay,cd_vague_4,vague,2016,0.3333333333333333,0.3333333333333333,0.3333333333333333,normal,False,0.3333333333333333,supplier_delay,0.6666666666666667,1.0986122886681098
TFIDF_LogReg,supplier_delay,cd_vague_4,vague,2016,0.31434998660035207,0.3755374612789805,0.31011255212066746,supplier_delay,True,0.3755374612789805,supplier_delay,0.5849391713243358,0.97939704902837
TFIDF_LogReg_Calibrated,supplier_delay,cd_vague_4,vague,2016,0.0,0.8974611235238154,0.10253887647618465,supplier_delay,True,0.8974611235238154,supplier_delay,0.021028442377996507,0.10818547596589098
PerfectSemantic,supplier_delay,cd_vague_4,vague,2016,0.0,1.0,0.0,supplier_delay,True,1.0,supplier_delay,0.0,-0.0
NoInfo,supplier_delay,cd_clear_1,clear,2017,0.35,0.35,0.3,normal,False,0.35,supplier_delay,0.635,1.0498221244986778
RuleBased,supplier_delay,cd_clear_1,clear,2017,0.0,1.0,0.0,supplier_delay,True,1.0,supplier_delay,0.0,-0.0
TFIDF_LogReg,supplier_delay,cd_clear_1,clear,2017,0.23745986963093338,0.421500123431182,0.3410400069378847,supplier_delay,True,0.421500123431182,supplier_delay,0.50735758320747,0.8639352087023529
TFIDF_LogReg_Calibrated,supplier_delay,cd_clear_1,clear,2017,0.0,0.47360751585061306,0.5263924841493869,demand_surge,False,0.5263924841493869,supplier_delay,0.5541780947379251,0.7473763259212582
PerfectSemantic,supplier_delay,cd_clear_1,clear,2017,0.0,1.0,0.0,supplier_delay,True,1.0,supplier_delay,0.0,-0.0
NoInfo,supplier_delay,cd_clear_2,clear,2017,0.35,0.35,0.3,normal,False,0.35,supplier_delay,0.635,1.0498221244986778
RuleBased,supplier_delay,cd_clear_2,clear,2017,0.2758620689655173,0.5172413793103449,0.20689655172413793,supplier_delay,True,0.5172413793103449,supplier_delay,0.3519619500594531,0.6592456288842639
TFIDF_LogReg,supplier_delay,cd_clear_2,clear,2017,0.2897803462021731,0.39133920753656015,0.3188804462612668,supplier_delay,True,0.39133920753656015,supplier_delay,0.5561253483350586,0.938180556634081
TFIDF_LogReg_Calibrated,supplier_delay,cd_clear_2,clear,2017,0.09372902690017108,0.7316791500552591,0.17459182304456988,supplier_delay,True,0.7316791500552591,supplier_delay,0.11126351367274757,0.31241318070758034
PerfectSemantic,supplier_delay,cd_clear_2,clear,2017,0.0,1.0,0.0,supplier_delay,True,1.0,supplier_delay,0.0,-0.0
NoInfo,supplier_delay,cd_clear_3,clear,2017,0.35,0.35,0.3,normal,False,0.35,supplier_delay,0.635,1.0498221244986778
RuleBased,supplier_delay,cd_clear_3,clear,2017,0.0,0.5,0.5,supplier_delay,True,0.5,supplier_delay,0.5,0.6931471805599453
TFIDF_LogReg,supplier_delay,cd_clear_3,clear,2017,0.26709012841761415,0.3942047504194853,0.3387051211629006,supplier_delay,True,0.3942047504194853,supplier_delay,0.553046180214431,0.9308848335510302
TFIDF_LogReg_Calibrated,supplier_delay,cd_clear_3,clear,2017,0.296713271444418,0.3675360099397193,0.33575071861586275,supplier_delay,True,0.3675360099397193,supplier_delay,0.6007780092252879,1.000933978899054
PerfectSemantic,supplier_delay,cd_clear_3,clear,2017,0.0,1.0,0.0,supplier_delay,True,1.0,supplier_delay,0.0,-0.0
NoInfo,supplier_delay,cd_clear_4,clear,2017,0.35,0.35,0.3,normal,False,0.35,supplier_delay,0.635,1.0498221244986778
RuleBased,supplier_delay,cd_clear_4,clear,2017,0.0,0.5,0.5,supplier_delay,True,0.5,supplier_delay,0.5,0.6931471805599453
TFIDF_LogReg,supplier_delay,cd_clear_4,clear,2017,0.2868313071460786,0.4163072417412755,0.296861451112646,supplier_delay,True,0.4163072417412755,supplier_delay,0.5110961559595119,0.8763317294454173
TFIDF_LogReg_Calibrated,supplier_delay,cd_clear_4,clear,2017,0.3333333333333333,0.6666666666666666,0.0,supplier_delay,True,0.6666666666666666,supplier_delay,0.22222222222222224,0.40546510810816444
PerfectSemantic,supplier_delay,cd_clear_4,clear,2017,0.0,1.0,0.0,supplier_delay,True,1.0,supplier_delay,0.0,-0.0
NoInfo,supplier_delay,cd_moderate_1,moderate,2017,0.35,0.35,0.3,normal,False,0.35,supplier_delay,0.635,1.0498221244986778
RuleBased,supplier_delay,cd_moderate_1,moderate,2017,0.0,1.0,0.0,supplier_delay,True,1.0,supplier_delay,0.0,-0.0
TFIDF_LogReg,supplier_delay,cd_moderate_1,moderate,2017,0.2872828661830683,0.39625265306539953,0.31646448075153216,supplier_delay,True,0.39625265306539953,supplier_delay,0.5471920717102644,0.9257032583798761
TFIDF_LogReg_Calibrated,supplier_delay,cd_moderate_1,moderate,2017,0.0,0.9331483694069662,0.06685163059303378,supplier_delay,True,0.9331483694069662,supplier_delay,0.008938281025894902,0.06919106676173077
PerfectSemantic,supplier_delay,cd_moderate_1,moderate,2017,0.0,1.0,0.0,supplier_delay,True,1.0,supplier_delay,0.0,-0.0
NoInfo,supplier_delay,cd_moderate_2,moderate,2017,0.35,0.35,0.3,normal,False,0.35,supplier_delay,0.635,1.0498221244986778
RuleBased,supplier_delay,cd_moderate_2,moderate,2017,0.0,1.0,0.0,supplier_delay,True,1.0,supplier_delay,0.0,-0.0
TFIDF_LogReg,supplier_delay,cd_moderate_2,moderate,2017,0.2549948483684219,0.3899664262355114,0.3550387253960666,supplier_delay,True,0.3899664262355114,supplier_delay,0.5632158303451719,0.9416946301397187
TFIDF_LogReg_Calibrated,supplier_delay,cd_moderate_2,moderate,2017,0.0,0.5579503605938493,0.4420496394061508,supplier_delay,True,0.5579503605938493,supplier_delay,0.3908157673982158,0.5834852800671886
PerfectSemantic,supplier_delay,cd_moderate_2,moderate,2017,0.0,1.0,0.0,supplier_delay,True,1.0,supplier_delay,0.0,-0.0
NoInfo,supplier_delay,cd_moderate_3,moderate,2017,0.35,0.35,0.3,normal,False,0.35,supplier_delay,0.635,1.0498221244986778
RuleBased,supplier_delay,cd_moderate_3,moderate,2017,0.0,1.0,0.0,supplier_delay,True,1.0,supplier_delay,0.0,-0.0
TFIDF_LogReg,supplier_delay,cd_moderate_3,moderate,2017,0.2972294001921947,0.43821517289032413,0.26455542691748124,supplier_delay,True,0.43821517289032413,supplier_delay,0.47393708222075104,0.8250452269288362
TFIDF_LogReg_Calibrated,supplier_delay,cd_moderate_3,moderate,2017,0.0,1.0,0.0,supplier_delay,True,1.0,supplier_delay,0.0,-0.0
PerfectSemantic,supplier_delay,cd_moderate_3,moderate,2017,0.0,1.0,0.0,supplier_delay,True,1.0,supplier_delay,0.0,-0.0
NoInfo,supplier_delay,cd_moderate_4,moderate,2017,0.35,0.35,0.3,normal,False,0.35,supplier_delay,0.635,1.0498221244986778
RuleBased,supplier_delay,cd_moderate_4,moderate,2017,0.0,1.0,0.0,supplier_delay,True,1.0,supplier_delay,0.0,-0.0
TFIDF_LogReg,supplier_delay,cd_moderate_4,moderate,2017,0.2700074678575591,0.3735873147032703,0.35640521743917064,supplier_delay,True,0.3735873147032703,supplier_delay,0.5923215640173731,0.9846035274242757
TFIDF_LogReg_Calibrated,supplier_delay,cd_moderate_4,moderate,2017,0.0,0.4910110712090061,0.5089889287909939,demand_surge,False,0.5089889287909939,supplier_delay,0.5181394592636069,0.7112886031546438
PerfectSemantic,supplier_delay,cd_moderate_4,moderate,2017,0.0,1.0,0.0,supplier_delay,True,1.0,supplier_delay,0.0,-0.0
NoInfo,supplier_delay,cd_vague_1,vague,2017,0.35,0.35,0.3,normal,False,0.35,supplier_delay,0.635,1.0498221244986778
RuleBased,supplier_delay,cd_vague_1,vague,2017,0.0,0.6,0.39999999999999997,supplier_delay,True,0.6,supplier_delay,0.32,0.5108256237659907
TFIDF_LogReg,supplier_delay,cd_vague_1,vague,2017,0.2881220537123606,0.37847674291890326,0.33340120336873624,supplier_delay,True,0.37847674291890326,supplier_delay,0.5804618393358448,0.9716006533850728
TFIDF_LogReg_Calibrated,supplier_delay,cd_vague_1,vague,2017,0.0,0.7343909653328656,0.2656090346671343,supplier_delay,True,0.7343909653328656,supplier_delay,0.14109631859361393,0.30871374185819234
PerfectSemantic,supplier_delay,cd_vague_1,vague,2017,0.0,1.0,0.0,supplier_delay,True,1.0,supplier_delay,0.0,-0.0
NoInfo,supplier_delay,cd_vague_2,vague,2017,0.35,0.35,0.3,normal,False,0.35,supplier_delay,0.635,1.0498221244986778
RuleBased,supplier_delay,cd_vague_2,vague,2017,0.0,1.0,0.0,supplier_delay,True,1.0,supplier_delay,0.0,-0.0
TFIDF_LogReg,supplier_delay,cd_vague_2,vague,2017,0.33267715716288576,0.4004783181701407,0.26684452466697356,supplier_delay,True,0.4004783181701407,supplier_delay,0.5413063382268255,0.9150956508426971
TFIDF_LogReg_Calibrated,supplier_delay,cd_vague_2,vague,2017,0.11851130242360192,0.8814886975763981,0.0,supplier_delay,True,0.8814886975763981,supplier_delay,0.028089857604276854,0.1261430990342419
PerfectSemantic,supplier_delay,cd_vague_2,vague,2017,0.0,1.0,0.0,supplier_delay,True,1.0,supplier_delay,0.0,-0.0
NoInfo,supplier_delay,cd_vague_3,vague,2017,0.35,0.35,0.3,normal,False,0.35,supplier_delay,0.635,1.0498221244986778
RuleBased,supplier_delay,cd_vague_3,vague,2017,0.0,1.0,0.0,supplier_delay,True,1.0,supplier_delay,0.0,-0.0
TFIDF_LogReg,supplier_delay,cd_vague_3,vague,2017,0.3570807868648029,0.3838498215400494,0.2590693915951477,supplier_delay,True,0.3838498215400494,supplier_delay,0.5742646804256957,0.9575038926294022
TFIDF_LogReg_Calibrated,supplier_delay,cd_vague_3,vague,2017,0.3349590287226755,0.6650409712773245,0.0,supplier_delay,True,0.6650409712773245,supplier_delay,0.2243951018456763,0.40790662928081395
PerfectSemantic,supplier_delay,cd_vague_3,vague,2017,0.0,1.0,0.0,supplier_delay,True,1.0,supplier_delay,0.0,-0.0
NoInfo,supplier_delay,cd_vague_4,vague,2017,0.35,0.35,0.3,normal,False,0.35,supplier_delay,0.635,1.0498221244986778
RuleBased,supplier_delay,cd_vague_4,vague,2017,0.3333333333333333,0.3333333333333333,0.3333333333333333,normal,False,0.3333333333333333,supplier_delay,0.6666666666666667,1.0986122886681098
TFIDF_LogReg,supplier_delay,cd_vague_4,vague,2017,0.31434998660035207,0.3755374612789805,0.31011255212066746,supplier_delay,True,0.3755374612789805,supplier_delay,0.5849391713243358,0.97939704902837
TFIDF_LogReg_Calibrated,supplier_delay,cd_vague_4,vague,2017,0.0,0.8974611235238154,0.10253887647618465,supplier_delay,True,0.8974611235238154,supplier_delay,0.021028442377996507,0.10818547596589098
PerfectSemantic,supplier_delay,cd_vague_4,vague,2017,0.0,1.0,0.0,supplier_delay,True,1.0,supplier_delay,0.0,-0.0
NoInfo,supplier_delay,cd_clear_1,clear,2018,0.35,0.35,0.3,normal,False,0.35,supplier_delay,0.635,1.0498221244986778
RuleBased,supplier_delay,cd_clear_1,clear,2018,0.0,1.0,0.0,supplier_delay,True,1.0,supplier_delay,0.0,-0.0
TFIDF_LogReg,supplier_delay,cd_clear_1,clear,2018,0.23745986963093338,0.421500123431182,0.3410400069378847,supplier_delay,True,0.421500123431182,supplier_delay,0.50735758320747,0.8639352087023529
TFIDF_LogReg_Calibrated,supplier_delay,cd_clear_1,clear,2018,0.0,0.47360751585061306,0.5263924841493869,demand_surge,False,0.5263924841493869,supplier_delay,0.5541780947379251,0.7473763259212582
PerfectSemantic,supplier_delay,cd_clear_1,clear,2018,0.0,1.0,0.0,supplier_delay,True,1.0,supplier_delay,0.0,-0.0
NoInfo,supplier_delay,cd_clear_2,clear,2018,0.35,0.35,0.3,normal,False,0.35,supplier_delay,0.635,1.0498221244986778
RuleBased,supplier_delay,cd_clear_2,clear,2018,0.2758620689655173,0.5172413793103449,0.20689655172413793,supplier_delay,True,0.5172413793103449,supplier_delay,0.3519619500594531,0.6592456288842639
TFIDF_LogReg,supplier_delay,cd_clear_2,clear,2018,0.2897803462021731,0.39133920753656015,0.3188804462612668,supplier_delay,True,0.39133920753656015,supplier_delay,0.5561253483350586,0.938180556634081
TFIDF_LogReg_Calibrated,supplier_delay,cd_clear_2,clear,2018,0.09372902690017108,0.7316791500552591,0.17459182304456988,supplier_delay,True,0.7316791500552591,supplier_delay,0.11126351367274757,0.31241318070758034
PerfectSemantic,supplier_delay,cd_clear_2,clear,2018,0.0,1.0,0.0,supplier_delay,True,1.0,supplier_delay,0.0,-0.0
NoInfo,supplier_delay,cd_clear_3,clear,2018,0.35,0.35,0.3,normal,False,0.35,supplier_delay,0.635,1.0498221244986778
RuleBased,supplier_delay,cd_clear_3,clear,2018,0.0,0.5,0.5,supplier_delay,True,0.5,supplier_delay,0.5,0.6931471805599453
TFIDF_LogReg,supplier_delay,cd_clear_3,clear,2018,0.26709012841761415,0.3942047504194853,0.3387051211629006,supplier_delay,True,0.3942047504194853,supplier_delay,0.553046180214431,0.9308848335510302
TFIDF_LogReg_Calibrated,supplier_delay,cd_clear_3,clear,2018,0.296713271444418,0.3675360099397193,0.33575071861586275,supplier_delay,True,0.3675360099397193,supplier_delay,0.6007780092252879,1.000933978899054
PerfectSemantic,supplier_delay,cd_clear_3,clear,2018,0.0,1.0,0.0,supplier_delay,True,1.0,supplier_delay,0.0,-0.0
NoInfo,supplier_delay,cd_clear_4,clear,2018,0.35,0.35,0.3,normal,False,0.35,supplier_delay,0.635,1.0498221244986778
RuleBased,supplier_delay,cd_clear_4,clear,2018,0.0,0.5,0.5,supplier_delay,True,0.5,supplier_delay,0.5,0.6931471805599453
TFIDF_LogReg,supplier_delay,cd_clear_4,clear,2018,0.2868313071460786,0.4163072417412755,0.296861451112646,supplier_delay,True,0.4163072417412755,supplier_delay,0.5110961559595119,0.8763317294454173
TFIDF_LogReg_Calibrated,supplier_delay,cd_clear_4,clear,2018,0.3333333333333333,0.6666666666666666,0.0,supplier_delay,True,0.6666666666666666,supplier_delay,0.22222222222222224,0.40546510810816444
PerfectSemantic,supplier_delay,cd_clear_4,clear,2018,0.0,1.0,0.0,supplier_delay,True,1.0,supplier_delay,0.0,-0.0
NoInfo,supplier_delay,cd_moderate_1,moderate,2018,0.35,0.35,0.3,normal,False,0.35,supplier_delay,0.635,1.0498221244986778
RuleBased,supplier_delay,cd_moderate_1,moderate,2018,0.0,1.0,0.0,supplier_delay,True,1.0,supplier_delay,0.0,-0.0
TFIDF_LogReg,supplier_delay,cd_moderate_1,moderate,2018,0.2872828661830683,0.39625265306539953,0.31646448075153216,supplier_delay,True,0.39625265306539953,supplier_delay,0.5471920717102644,0.9257032583798761
TFIDF_LogReg_Calibrated,supplier_delay,cd_moderate_1,moderate,2018,0.0,0.9331483694069662,0.06685163059303378,supplier_delay,True,0.9331483694069662,supplier_delay,0.008938281025894902,0.06919106676173077
PerfectSemantic,supplier_delay,cd_moderate_1,moderate,2018,0.0,1.0,0.0,supplier_delay,True,1.0,supplier_delay,0.0,-0.0
NoInfo,supplier_delay,cd_moderate_2,moderate,2018,0.35,0.35,0.3,normal,False,0.35,supplier_delay,0.635,1.0498221244986778
RuleBased,supplier_delay,cd_moderate_2,moderate,2018,0.0,1.0,0.0,supplier_delay,True,1.0,supplier_delay,0.0,-0.0
TFIDF_LogReg,supplier_delay,cd_moderate_2,moderate,2018,0.2549948483684219,0.3899664262355114,0.3550387253960666,supplier_delay,True,0.3899664262355114,supplier_delay,0.5632158303451719,0.9416946301397187
TFIDF_LogReg_Calibrated,supplier_delay,cd_moderate_2,moderate,2018,0.0,0.5579503605938493,0.4420496394061508,supplier_delay,True,0.5579503605938493,supplier_delay,0.3908157673982158,0.5834852800671886
PerfectSemantic,supplier_delay,cd_moderate_2,moderate,2018,0.0,1.0,0.0,supplier_delay,True,1.0,supplier_delay,0.0,-0.0
NoInfo,supplier_delay,cd_moderate_3,moderate,2018,0.35,0.35,0.3,normal,False,0.35,supplier_delay,0.635,1.0498221244986778
RuleBased,supplier_delay,cd_moderate_3,moderate,2018,0.0,1.0,0.0,supplier_delay,True,1.0,supplier_delay,0.0,-0.0
TFIDF_LogReg,supplier_delay,cd_moderate_3,moderate,2018,0.2972294001921947,0.43821517289032413,0.26455542691748124,supplier_delay,True,0.43821517289032413,supplier_delay,0.47393708222075104,0.8250452269288362
TFIDF_LogReg_Calibrated,supplier_delay,cd_moderate_3,moderate,2018,0.0,1.0,0.0,supplier_delay,True,1.0,supplier_delay,0.0,-0.0
PerfectSemantic,supplier_delay,cd_moderate_3,moderate,2018,0.0,1.0,0.0,supplier_delay,True,1.0,supplier_delay,0.0,-0.0
NoInfo,supplier_delay,cd_moderate_4,moderate,2018,0.35,0.35,0.3,normal,False,0.35,supplier_delay,0.635,1.0498221244986778
RuleBased,supplier_delay,cd_moderate_4,moderate,2018,0.0,1.0,0.0,supplier_delay,True,1.0,supplier_delay,0.0,-0.0
TFIDF_LogReg,supplier_delay,cd_moderate_4,moderate,2018,0.2700074678575591,0.3735873147032703,0.35640521743917064,supplier_delay,True,0.3735873147032703,supplier_delay,0.5923215640173731,0.9846035274242757
TFIDF_LogReg_Calibrated,supplier_delay,cd_moderate_4,moderate,2018,0.0,0.4910110712090061,0.5089889287909939,demand_surge,False,0.5089889287909939,supplier_delay,0.5181394592636069,0.7112886031546438
PerfectSemantic,supplier_delay,cd_moderate_4,moderate,2018,0.0,1.0,0.0,supplier_delay,True,1.0,supplier_delay,0.0,-0.0
NoInfo,supplier_delay,cd_vague_1,vague,2018,0.35,0.35,0.3,normal,False,0.35,supplier_delay,0.635,1.0498221244986778
RuleBased,supplier_delay,cd_vague_1,vague,2018,0.0,0.6,0.39999999999999997,supplier_delay,True,0.6,supplier_delay,0.32,0.5108256237659907
TFIDF_LogReg,supplier_delay,cd_vague_1,vague,2018,0.2881220537123606,0.37847674291890326,0.33340120336873624,supplier_delay,True,0.37847674291890326,supplier_delay,0.5804618393358448,0.9716006533850728
TFIDF_LogReg_Calibrated,supplier_delay,cd_vague_1,vague,2018,0.0,0.7343909653328656,0.2656090346671343,supplier_delay,True,0.7343909653328656,supplier_delay,0.14109631859361393,0.30871374185819234
PerfectSemantic,supplier_delay,cd_vague_1,vague,2018,0.0,1.0,0.0,supplier_delay,True,1.0,supplier_delay,0.0,-0.0
NoInfo,supplier_delay,cd_vague_2,vague,2018,0.35,0.35,0.3,normal,False,0.35,supplier_delay,0.635,1.0498221244986778
RuleBased,supplier_delay,cd_vague_2,vague,2018,0.0,1.0,0.0,supplier_delay,True,1.0,supplier_delay,0.0,-0.0
TFIDF_LogReg,supplier_delay,cd_vague_2,vague,2018,0.33267715716288576,0.4004783181701407,0.26684452466697356,supplier_delay,True,0.4004783181701407,supplier_delay,0.5413063382268255,0.9150956508426971
TFIDF_LogReg_Calibrated,supplier_delay,cd_vague_2,vague,2018,0.11851130242360192,0.8814886975763981,0.0,supplier_delay,True,0.8814886975763981,supplier_delay,0.028089857604276854,0.1261430990342419
PerfectSemantic,supplier_delay,cd_vague_2,vague,2018,0.0,1.0,0.0,supplier_delay,True,1.0,supplier_delay,0.0,-0.0
NoInfo,supplier_delay,cd_vague_3,vague,2018,0.35,0.35,0.3,normal,False,0.35,supplier_delay,0.635,1.0498221244986778
RuleBased,supplier_delay,cd_vague_3,vague,2018,0.0,1.0,0.0,supplier_delay,True,1.0,supplier_delay,0.0,-0.0
TFIDF_LogReg,supplier_delay,cd_vague_3,vague,2018,0.3570807868648029,0.3838498215400494,0.2590693915951477,supplier_delay,True,0.3838498215400494,supplier_delay,0.5742646804256957,0.9575038926294022
TFIDF_LogReg_Calibrated,supplier_delay,cd_vague_3,vague,2018,0.3349590287226755,0.6650409712773245,0.0,supplier_delay,True,0.6650409712773245,supplier_delay,0.2243951018456763,0.40790662928081395
PerfectSemantic,supplier_delay,cd_vague_3,vague,2018,0.0,1.0,0.0,supplier_delay,True,1.0,supplier_delay,0.0,-0.0
NoInfo,supplier_delay,cd_vague_4,vague,2018,0.35,0.35,0.3,normal,False,0.35,supplier_delay,0.635,1.0498221244986778
RuleBased,supplier_delay,cd_vague_4,vague,2018,0.3333333333333333,0.3333333333333333,0.3333333333333333,normal,False,0.3333333333333333,supplier_delay,0.6666666666666667,1.0986122886681098
TFIDF_LogReg,supplier_delay,cd_vague_4,vague,2018,0.31434998660035207,0.3755374612789805,0.31011255212066746,supplier_delay,True,0.3755374612789805,supplier_delay,0.5849391713243358,0.97939704902837
TFIDF_LogReg_Calibrated,supplier_delay,cd_vague_4,vague,2018,0.0,0.8974611235238154,0.10253887647618465,supplier_delay,True,0.8974611235238154,supplier_delay,0.021028442377996507,0.10818547596589098
PerfectSemantic,supplier_delay,cd_vague_4,vague,2018,0.0,1.0,0.0,supplier_delay,True,1.0,supplier_delay,0.0,-0.0
NoInfo,supplier_delay,cd_clear_1,clear,2019,0.35,0.35,0.3,normal,False,0.35,supplier_delay,0.635,1.0498221244986778
RuleBased,supplier_delay,cd_clear_1,clear,2019,0.0,1.0,0.0,supplier_delay,True,1.0,supplier_delay,0.0,-0.0
TFIDF_LogReg,supplier_delay,cd_clear_1,clear,2019,0.23745986963093338,0.421500123431182,0.3410400069378847,supplier_delay,True,0.421500123431182,supplier_delay,0.50735758320747,0.8639352087023529
TFIDF_LogReg_Calibrated,supplier_delay,cd_clear_1,clear,2019,0.0,0.47360751585061306,0.5263924841493869,demand_surge,False,0.5263924841493869,supplier_delay,0.5541780947379251,0.7473763259212582
PerfectSemantic,supplier_delay,cd_clear_1,clear,2019,0.0,1.0,0.0,supplier_delay,True,1.0,supplier_delay,0.0,-0.0
NoInfo,supplier_delay,cd_clear_2,clear,2019,0.35,0.35,0.3,normal,False,0.35,supplier_delay,0.635,1.0498221244986778
RuleBased,supplier_delay,cd_clear_2,clear,2019,0.2758620689655173,0.5172413793103449,0.20689655172413793,supplier_delay,True,0.5172413793103449,supplier_delay,0.3519619500594531,0.6592456288842639
TFIDF_LogReg,supplier_delay,cd_clear_2,clear,2019,0.2897803462021731,0.39133920753656015,0.3188804462612668,supplier_delay,True,0.39133920753656015,supplier_delay,0.5561253483350586,0.938180556634081
TFIDF_LogReg_Calibrated,supplier_delay,cd_clear_2,clear,2019,0.09372902690017108,0.7316791500552591,0.17459182304456988,supplier_delay,True,0.7316791500552591,supplier_delay,0.11126351367274757,0.31241318070758034
PerfectSemantic,supplier_delay,cd_clear_2,clear,2019,0.0,1.0,0.0,supplier_delay,True,1.0,supplier_delay,0.0,-0.0
NoInfo,supplier_delay,cd_clear_3,clear,2019,0.35,0.35,0.3,normal,False,0.35,supplier_delay,0.635,1.0498221244986778
RuleBased,supplier_delay,cd_clear_3,clear,2019,0.0,0.5,0.5,supplier_delay,True,0.5,supplier_delay,0.5,0.6931471805599453
TFIDF_LogReg,supplier_delay,cd_clear_3,clear,2019,0.26709012841761415,0.3942047504194853,0.3387051211629006,supplier_delay,True,0.3942047504194853,supplier_delay,0.553046180214431,0.9308848335510302
TFIDF_LogReg_Calibrated,supplier_delay,cd_clear_3,clear,2019,0.296713271444418,0.3675360099397193,0.33575071861586275,supplier_delay,True,0.3675360099397193,supplier_delay,0.6007780092252879,1.000933978899054
PerfectSemantic,supplier_delay,cd_clear_3,clear,2019,0.0,1.0,0.0,supplier_delay,True,1.0,supplier_delay,0.0,-0.0
NoInfo,supplier_delay,cd_clear_4,clear,2019,0.35,0.35,0.3,normal,False,0.35,supplier_delay,0.635,1.0498221244986778
RuleBased,supplier_delay,cd_clear_4,clear,2019,0.0,0.5,0.5,supplier_delay,True,0.5,supplier_delay,0.5,0.6931471805599453
TFIDF_LogReg,supplier_delay,cd_clear_4,clear,2019,0.2868313071460786,0.4163072417412755,0.296861451112646,supplier_delay,True,0.4163072417412755,supplier_delay,0.5110961559595119,0.8763317294454173
TFIDF_LogReg_Calibrated,supplier_delay,cd_clear_4,clear,2019,0.3333333333333333,0.6666666666666666,0.0,supplier_delay,True,0.6666666666666666,supplier_delay,0.22222222222222224,0.40546510810816444
PerfectSemantic,supplier_delay,cd_clear_4,clear,2019,0.0,1.0,0.0,supplier_delay,True,1.0,supplier_delay,0.0,-0.0
NoInfo,supplier_delay,cd_moderate_1,moderate,2019,0.35,0.35,0.3,normal,False,0.35,supplier_delay,0.635,1.0498221244986778
RuleBased,supplier_delay,cd_moderate_1,moderate,2019,0.0,1.0,0.0,supplier_delay,True,1.0,supplier_delay,0.0,-0.0
TFIDF_LogReg,supplier_delay,cd_moderate_1,moderate,2019,0.2872828661830683,0.39625265306539953,0.31646448075153216,supplier_delay,True,0.39625265306539953,supplier_delay,0.5471920717102644,0.9257032583798761
TFIDF_LogReg_Calibrated,supplier_delay,cd_moderate_1,moderate,2019,0.0,0.9331483694069662,0.06685163059303378,supplier_delay,True,0.9331483694069662,supplier_delay,0.008938281025894902,0.06919106676173077
PerfectSemantic,supplier_delay,cd_moderate_1,moderate,2019,0.0,1.0,0.0,supplier_delay,True,1.0,supplier_delay,0.0,-0.0
NoInfo,supplier_delay,cd_moderate_2,moderate,2019,0.35,0.35,0.3,normal,False,0.35,supplier_delay,0.635,1.0498221244986778
RuleBased,supplier_delay,cd_moderate_2,moderate,2019,0.0,1.0,0.0,supplier_delay,True,1.0,supplier_delay,0.0,-0.0
TFIDF_LogReg,supplier_delay,cd_moderate_2,moderate,2019,0.2549948483684219,0.3899664262355114,0.3550387253960666,supplier_delay,True,0.3899664262355114,supplier_delay,0.5632158303451719,0.9416946301397187
TFIDF_LogReg_Calibrated,supplier_delay,cd_moderate_2,moderate,2019,0.0,0.5579503605938493,0.4420496394061508,supplier_delay,True,0.5579503605938493,supplier_delay,0.3908157673982158,0.5834852800671886
PerfectSemantic,supplier_delay,cd_moderate_2,moderate,2019,0.0,1.0,0.0,supplier_delay,True,1.0,supplier_delay,0.0,-0.0
NoInfo,supplier_delay,cd_moderate_3,moderate,2019,0.35,0.35,0.3,normal,False,0.35,supplier_delay,0.635,1.0498221244986778
RuleBased,supplier_delay,cd_moderate_3,moderate,2019,0.0,1.0,0.0,supplier_delay,True,1.0,supplier_delay,0.0,-0.0
TFIDF_LogReg,supplier_delay,cd_moderate_3,moderate,2019,0.2972294001921947,0.43821517289032413,0.26455542691748124,supplier_delay,True,0.43821517289032413,supplier_delay,0.47393708222075104,0.8250452269288362
TFIDF_LogReg_Calibrated,supplier_delay,cd_moderate_3,moderate,2019,0.0,1.0,0.0,supplier_delay,True,1.0,supplier_delay,0.0,-0.0
PerfectSemantic,supplier_delay,cd_moderate_3,moderate,2019,0.0,1.0,0.0,supplier_delay,True,1.0,supplier_delay,0.0,-0.0
NoInfo,supplier_delay,cd_moderate_4,moderate,2019,0.35,0.35,0.3,normal,False,0.35,supplier_delay,0.635,1.0498221244986778
RuleBased,supplier_delay,cd_moderate_4,moderate,2019,0.0,1.0,0.0,supplier_delay,True,1.0,supplier_delay,0.0,-0.0
TFIDF_LogReg,supplier_delay,cd_moderate_4,moderate,2019,0.2700074678575591,0.3735873147032703,0.35640521743917064,supplier_delay,True,0.3735873147032703,supplier_delay,0.5923215640173731,0.9846035274242757
TFIDF_LogReg_Calibrated,supplier_delay,cd_moderate_4,moderate,2019,0.0,0.4910110712090061,0.5089889287909939,demand_surge,False,0.5089889287909939,supplier_delay,0.5181394592636069,0.7112886031546438
PerfectSemantic,supplier_delay,cd_moderate_4,moderate,2019,0.0,1.0,0.0,supplier_delay,True,1.0,supplier_delay,0.0,-0.0
NoInfo,supplier_delay,cd_vague_1,vague,2019,0.35,0.35,0.3,normal,False,0.35,supplier_delay,0.635,1.0498221244986778
RuleBased,supplier_delay,cd_vague_1,vague,2019,0.0,0.6,0.39999999999999997,supplier_delay,True,0.6,supplier_delay,0.32,0.5108256237659907
TFIDF_LogReg,supplier_delay,cd_vague_1,vague,2019,0.2881220537123606,0.37847674291890326,0.33340120336873624,supplier_delay,True,0.37847674291890326,supplier_delay,0.5804618393358448,0.9716006533850728
TFIDF_LogReg_Calibrated,supplier_delay,cd_vague_1,vague,2019,0.0,0.7343909653328656,0.2656090346671343,supplier_delay,True,0.7343909653328656,supplier_delay,0.14109631859361393,0.30871374185819234
PerfectSemantic,supplier_delay,cd_vague_1,vague,2019,0.0,1.0,0.0,supplier_delay,True,1.0,supplier_delay,0.0,-0.0
NoInfo,supplier_delay,cd_vague_2,vague,2019,0.35,0.35,0.3,normal,False,0.35,supplier_delay,0.635,1.0498221244986778
RuleBased,supplier_delay,cd_vague_2,vague,2019,0.0,1.0,0.0,supplier_delay,True,1.0,supplier_delay,0.0,-0.0
TFIDF_LogReg,supplier_delay,cd_vague_2,vague,2019,0.33267715716288576,0.4004783181701407,0.26684452466697356,supplier_delay,True,0.4004783181701407,supplier_delay,0.5413063382268255,0.9150956508426971
TFIDF_LogReg_Calibrated,supplier_delay,cd_vague_2,vague,2019,0.11851130242360192,0.8814886975763981,0.0,supplier_delay,True,0.8814886975763981,supplier_delay,0.028089857604276854,0.1261430990342419
PerfectSemantic,supplier_delay,cd_vague_2,vague,2019,0.0,1.0,0.0,supplier_delay,True,1.0,supplier_delay,0.0,-0.0
NoInfo,supplier_delay,cd_vague_3,vague,2019,0.35,0.35,0.3,normal,False,0.35,supplier_delay,0.635,1.0498221244986778
RuleBased,supplier_delay,cd_vague_3,vague,2019,0.0,1.0,0.0,supplier_delay,True,1.0,supplier_delay,0.0,-0.0
TFIDF_LogReg,supplier_delay,cd_vague_3,vague,2019,0.3570807868648029,0.3838498215400494,0.2590693915951477,supplier_delay,True,0.3838498215400494,supplier_delay,0.5742646804256957,0.9575038926294022
TFIDF_LogReg_Calibrated,supplier_delay,cd_vague_3,vague,2019,0.3349590287226755,0.6650409712773245,0.0,supplier_delay,True,0.6650409712773245,supplier_delay,0.2243951018456763,0.40790662928081395
PerfectSemantic,supplier_delay,cd_vague_3,vague,2019,0.0,1.0,0.0,supplier_delay,True,1.0,supplier_delay,0.0,-0.0
NoInfo,supplier_delay,cd_vague_4,vague,2019,0.35,0.35,0.3,normal,False,0.35,supplier_delay,0.635,1.0498221244986778
RuleBased,supplier_delay,cd_vague_4,vague,2019,0.3333333333333333,0.3333333333333333,0.3333333333333333,normal,False,0.3333333333333333,supplier_delay,0.6666666666666667,1.0986122886681098
TFIDF_LogReg,supplier_delay,cd_vague_4,vague,2019,0.31434998660035207,0.3755374612789805,0.31011255212066746,supplier_delay,True,0.3755374612789805,supplier_delay,0.5849391713243358,0.97939704902837
TFIDF_LogReg_Calibrated,supplier_delay,cd_vague_4,vague,2019,0.0,0.8974611235238154,0.10253887647618465,supplier_delay,True,0.8974611235238154,supplier_delay,0.021028442377996507,0.10818547596589098
PerfectSemantic,supplier_delay,cd_vague_4,vague,2019,0.0,1.0,0.0,supplier_delay,True,1.0,supplier_delay,0.0,-0.0
NoInfo,demand_surge,cs_clear_1,clear,2000,0.35,0.35,0.3,normal,False,0.35,demand_surge,0.7349999999999999,1.2039728043259361
RuleBased,demand_surge,cs_clear_1,clear,2000,0.0,0.2857142857142857,0.7142857142857143,demand_surge,True,0.7142857142857143,demand_surge,0.16326530612244897,0.3364722366212129
TFIDF_LogReg,demand_surge,cs_clear_1,clear,2000,0.25306016922754665,0.30839962678739646,0.4385402039850568,demand_surge,True,0.4385402039850568,demand_surge,0.4743868815932216,0.8243037861160497
TFIDF_LogReg_Calibrated,demand_surge,cs_clear_1,clear,2000,0.028235133975045103,0.16019225873540613,0.8115726072895488,demand_surge,True,0.8115726072895488,demand_surge,0.06196366487299863,0.20878142309150988
PerfectSemantic,demand_surge,cs_clear_1,clear,2000,0.0,0.0,1.0,demand_surge,True,1.0,demand_surge,0.0,-0.0
NoInfo,demand_surge,cs_clear_2,clear,2000,0.35,0.35,0.3,normal,False,0.35,demand_surge,0.7349999999999999,1.2039728043259361
RuleBased,demand_surge,cs_clear_2,clear,2000,0.0,0.0,1.0,demand_surge,True,1.0,demand_surge,0.0,-0.0
TFIDF_LogReg,demand_surge,cs_clear_2,clear,2000,0.2382103439647175,0.3321256800391768,0.42966397599610573,demand_surge,True,0.42966397599610573,demand_surge,0.4923348155898453,0.8447518269585049
TFIDF_LogReg_Calibrated,demand_surge,cs_clear_2,clear,2000,0.04291673587658595,0.25678803313344095,0.7002952309899731,demand_surge,True,0.7002952309899731,demand_surge,0.15760488874619535,0.3562532742967685
PerfectSemantic,demand_surge,cs_clear_2,clear,2000,0.0,0.0,1.0,demand_surge,True,1.0,demand_surge,0.0,-0.0
NoInfo,demand_surge,cs_clear_3,clear,2000,0.35,0.35,0.3,normal,False,0.35,demand_surge,0.7349999999999999,1.2039728043259361
RuleBased,demand_surge,cs_clear_3,clear,2000,0.0,0.0,1.0,demand_surge,True,1.0,demand_surge,0.0,-0.0
TFIDF_LogReg,demand_surge,cs_clear_3,clear,2000,0.2678348108474828,0.3025752897319048,0.4295898994206125,demand_surge,True,0.4295898994206125,demand_surge,0.4886549747010401,0.8449242476546369
TFIDF_LogReg_Calibrated,demand_surge,cs_clear_3,clear,2000,0.0,0.0435500199470249,0.9564499800529752,demand_surge,True,0.9564499800529752,demand_surge,0.0037932084747725235,0.04452678623874656
PerfectSemantic,demand_surge,cs_clear_3,clear,2000,0.0,0.0,1.0,demand_surge,True,1.0,demand_surge,0.0,-0.0
NoInfo,demand_surge,cs_clear_4,clear,2000,0.35,0.35,0.3,normal,False,0.35,demand_surge,0.7349999999999999,1.2039728043259361
RuleBased,demand_surge,cs_clear_4,clear,2000,0.0,0.0,1.0,demand_surge,True,1.0,demand_surge,0.0,-0.0
TFIDF_LogReg,demand_surge,cs_clear_4,clear,2000,0.2541504656514546,0.30970972937406327,0.4361398049744822,demand_surge,True,0.4361398049744822,demand_surge,0.4784508951940216,0.8297924334202872
TFIDF_LogReg_Calibrated,demand_surge,cs_clear_4,clear,2000,0.024110660431078526,0.0,0.9758893395689214,demand_surge,True,0.9758893395689214,demand_surge,0.0011626478928455535,0.024406080586442693
PerfectSemantic,demand_surge,cs_clear_4,clear,2000,0.0,0.0,1.0,demand_surge,True,1.0,demand_surge,0.0,-0.0
NoInfo,demand_surge,cs_moderate_1,moderate,2000,0.35,0.35,0.3,normal,False,0.35,demand_surge,0.7349999999999999,1.2039728043259361
RuleBased,demand_surge,cs_moderate_1,moderate,2000,0.0,0.0,1.0,demand_surge,True,1.0,demand_surge,0.0,-0.0
TFIDF_LogReg,demand_surge,cs_moderate_1,moderate,2000,0.2562401671770621,0.28983321507626014,0.4539266177466778,demand_surge,True,0.4539266177466778,demand_surge,0.4478584546419533,0.7898197289243323
TFIDF_LogReg_Calibrated,demand_surge,cs_moderate_1,moderate,2000,0.0,0.0,1.0,demand_surge,True,1.0,demand_surge,0.0,-0.0
PerfectSemantic,demand_surge,cs_moderate_1,moderate,2000,0.0,0.0,1.0,demand_surge,True,1.0,demand_surge,0.0,-0.0
NoInfo,demand_surge,cs_moderate_2,moderate,2000,0.35,0.35,0.3,normal,False,0.35,demand_surge,0.7349999999999999,1.2039728043259361
RuleBased,demand_surge,cs_moderate_2,moderate,2000,0.0,0.0,1.0,demand_surge,True,1.0,demand_surge,0.0,-0.0
TFIDF_LogReg,demand_surge,cs_moderate_2,moderate,2000,0.3050606623633326,0.33171895681290353,0.3632203808237639,demand_surge,True,0.3632203808237639,demand_surge,0.6085877574288284,1.01274551922649
TFIDF_LogReg_Calibrated,demand_surge,cs_moderate_2,moderate,2000,0.030549867687620986,0.20374150666771496,0.765708625644664,demand_surge,True,0.765708625644664,demand_surge,0.09733634405227387,0.2669535658818914
PerfectSemantic,demand_surge,cs_moderate_2,moderate,2000,0.0,0.0,1.0,demand_surge,True,1.0,demand_surge,0.0,-0.0
NoInfo,demand_surge,cs_moderate_3,moderate,2000,0.35,0.35,0.3,normal,False,0.35,demand_surge,0.7349999999999999,1.2039728043259361
RuleBased,demand_surge,cs_moderate_3,moderate,2000,0.0,0.0,1.0,demand_surge,True,1.0,demand_surge,0.0,-0.0
TFIDF_LogReg,demand_surge,cs_moderate_3,moderate,2000,0.27367353039753234,0.3265897568841102,0.3997367127183575,demand_surge,True,0.3997367127183575,demand_surge,0.5418740846000349,0.9169491667989683
TFIDF_LogReg_Calibrated,demand_surge,cs_moderate_3,moderate,2000,0.0,0.10398220511940719,0.8960177948805929,demand_surge,True,0.8960177948805929,demand_surge,0.021624597962988934,0.10979500584661635
PerfectSemantic,demand_surge,cs_moderate_3,moderate,2000,0.0,0.0,1.0,demand_surge,True,1.0,demand_surge,0.0,-0.0
NoInfo,demand_surge,cs_moderate_4,moderate,2000,0.35,0.35,0.3,normal,False,0.35,demand_surge,0.7349999999999999,1.2039728043259361
RuleBased,demand_surge,cs_moderate_4,moderate,2000,0.0,0.33333333333333337,0.6666666666666667,demand_surge,True,0.6666666666666667,demand_surge,0.2222222222222222,0.4054651081081643
TFIDF_LogReg,demand_surge,cs_moderate_4,moderate,2000,0.2679551803248051,0.3437491372354677,0.3882956824397273,demand_surge,True,0.3882956824397273,demand_surge,0.5641456201349062,0.9459881614417255
TFIDF_LogReg_Calibrated,demand_surge,cs_moderate_4,moderate,2000,0.0,0.3339444961360196,0.6660555038639805,demand_surge,True,0.6660555038639805,demand_surge,0.22303785299907997,0.40638227277915484
PerfectSemantic,demand_surge,cs_moderate_4,moderate,2000,0.0,0.0,1.0,demand_surge,True,1.0,demand_surge,0.0,-0.0
NoInfo,demand_surge,cs_vague_1,vague,2000,0.35,0.35,0.3,normal,False,0.35,demand_surge,0.7349999999999999,1.2039728043259361
RuleBased,demand_surge,cs_vague_1,vague,2000,0.0,0.0,1.0,demand_surge,True,1.0,demand_surge,0.0,-0.0
TFIDF_LogReg,demand_surge,cs_vague_1,vague,2000,0.3840830589921588,0.28143683465626657,0.3344801063515746,normal,False,0.3840830589921588,demand_surge,0.6696432169479244,1.0951778739729399
TFIDF_LogReg_Calibrated,demand_surge,cs_vague_1,vague,2000,0.7480233048643404,0.0,0.2519766951356595,normal,False,0.7480233048643404,demand_surge,1.11907772924034,1.3784186753676162
PerfectSemantic,demand_surge,cs_vague_1,vague,2000,0.0,0.0,1.0,demand_surge,True,1.0,demand_surge,0.0,-0.0
NoInfo,demand_surge,cs_vague_2,vague,2000,0.35,0.35,0.3,normal,False,0.35,demand_surge,0.7349999999999999,1.2039728043259361
RuleBased,demand_surge,cs_vague_2,vague,2000,0.0,0.0,1.0,demand_surge,True,1.0,demand_surge,0.0,-0.0
TFIDF_LogReg,demand_surge,cs_vague_2,vague,2000,0.29028930827069516,0.3377852734758828,0.37192541825342207,demand_surge,True,0.37192541825342207,demand_surge,0.5928444537095945,0.9890619333755795
TFIDF_LogReg_Calibrated,demand_surge,cs_vague_2,vague,2000,0.0,0.24778405102107634,0.7522159489789236,demand_surge,True,0.7522159489789236,demand_surge,0.12279387188083074,0.28473183006124
PerfectSemantic,demand_surge,cs_vague_2,vague,2000,0.0,0.0,1.0,demand_surge,True,1.0,demand_surge,0.0,-0.0
NoInfo,demand_surge,cs_vague_3,vague,2000,0.35,0.35,0.3,normal,False,0.35,demand_surge,0.7349999999999999,1.2039728043259361
RuleBased,demand_surge,cs_vague_3,vague,2000,0.0,0.0,1.0,demand_surge,True,1.0,demand_surge,0.0,-0.0
TFIDF_LogReg,demand_surge,cs_vague_3,vague,2000,0.3540121558864553,0.32230769836888046,0.32368014574466425,normal,False,0.3540121558864553,demand_surge,0.6866154042031796,1.1279994552888775
TFIDF_LogReg_Calibrated,demand_surge,cs_vague_3,vague,2000,0.43873853985992667,0.0,0.5612614601400733,demand_surge,True,0.5612614601400733,demand_surge,0.384983012716841,0.5775684211763228
PerfectSemantic,demand_surge,cs_vague_3,vague,2000,0.0,0.0,1.0,demand_surge,True,1.0,demand_surge,0.0,-0.0
NoInfo,demand_surge,cs_vague_4,vague,2000,0.35,0.35,0.3,normal,False,0.35,demand_surge,0.7349999999999999,1.2039728043259361
RuleBased,demand_surge,cs_vague_4,vague,2000,0.0,0.0,1.0,demand_surge,True,1.0,demand_surge,0.0,-0.0
TFIDF_LogReg,demand_surge,cs_vague_4,vague,2000,0.31990511097456986,0.33819228792260086,0.3419026011028292,demand_surge,True,0.3419026011028292,demand_surge,0.6498054900731971,1.0732293745774928
TFIDF_LogReg_Calibrated,demand_surge,cs_vague_4,vague,2000,0.3333333333333333,0.32678805419351414,0.33987861247315254,demand_surge,True,0.33987861247315254,demand_surge,0.6536617897450645,1.0791667472572934
PerfectSemantic,demand_surge,cs_vague_4,vague,2000,0.0,0.0,1.0,demand_surge,True,1.0,demand_surge,0.0,-0.0
NoInfo,demand_surge,cs_clear_1,clear,2001,0.35,0.35,0.3,normal,False,0.35,demand_surge,0.7349999999999999,1.2039728043259361
RuleBased,demand_surge,cs_clear_1,clear,2001,0.0,0.2857142857142857,0.7142857142857143,demand_surge,True,0.7142857142857143,demand_surge,0.16326530612244897,0.3364722366212129
TFIDF_LogReg,demand_surge,cs_clear_1,clear,2001,0.25306016922754665,0.30839962678739646,0.4385402039850568,demand_surge,True,0.4385402039850568,demand_surge,0.4743868815932216,0.8243037861160497
TFIDF_LogReg_Calibrated,demand_surge,cs_clear_1,clear,2001,0.028235133975045103,0.16019225873540613,0.8115726072895488,demand_surge,True,0.8115726072895488,demand_surge,0.06196366487299863,0.20878142309150988
PerfectSemantic,demand_surge,cs_clear_1,clear,2001,0.0,0.0,1.0,demand_surge,True,1.0,demand_surge,0.0,-0.0
NoInfo,demand_surge,cs_clear_2,clear,2001,0.35,0.35,0.3,normal,False,0.35,demand_surge,0.7349999999999999,1.2039728043259361
RuleBased,demand_surge,cs_clear_2,clear,2001,0.0,0.0,1.0,demand_surge,True,1.0,demand_surge,0.0,-0.0
TFIDF_LogReg,demand_surge,cs_clear_2,clear,2001,0.2382103439647175,0.3321256800391768,0.42966397599610573,demand_surge,True,0.42966397599610573,demand_surge,0.4923348155898453,0.8447518269585049
TFIDF_LogReg_Calibrated,demand_surge,cs_clear_2,clear,2001,0.04291673587658595,0.25678803313344095,0.7002952309899731,demand_surge,True,0.7002952309899731,demand_surge,0.15760488874619535,0.3562532742967685
PerfectSemantic,demand_surge,cs_clear_2,clear,2001,0.0,0.0,1.0,demand_surge,True,1.0,demand_surge,0.0,-0.0
NoInfo,demand_surge,cs_clear_3,clear,2001,0.35,0.35,0.3,normal,False,0.35,demand_surge,0.7349999999999999,1.2039728043259361
RuleBased,demand_surge,cs_clear_3,clear,2001,0.0,0.0,1.0,demand_surge,True,1.0,demand_surge,0.0,-0.0
TFIDF_LogReg,demand_surge,cs_clear_3,clear,2001,0.2678348108474828,0.3025752897319048,0.4295898994206125,demand_surge,True,0.4295898994206125,demand_surge,0.4886549747010401,0.8449242476546369
TFIDF_LogReg_Calibrated,demand_surge,cs_clear_3,clear,2001,0.0,0.0435500199470249,0.9564499800529752,demand_surge,True,0.9564499800529752,demand_surge,0.0037932084747725235,0.04452678623874656
PerfectSemantic,demand_surge,cs_clear_3,clear,2001,0.0,0.0,1.0,demand_surge,True,1.0,demand_surge,0.0,-0.0
NoInfo,demand_surge,cs_clear_4,clear,2001,0.35,0.35,0.3,normal,False,0.35,demand_surge,0.7349999999999999,1.2039728043259361
RuleBased,demand_surge,cs_clear_4,clear,2001,0.0,0.0,1.0,demand_surge,True,1.0,demand_surge,0.0,-0.0
TFIDF_LogReg,demand_surge,cs_clear_4,clear,2001,0.2541504656514546,0.30970972937406327,0.4361398049744822,demand_surge,True,0.4361398049744822,demand_surge,0.4784508951940216,0.8297924334202872
TFIDF_LogReg_Calibrated,demand_surge,cs_clear_4,clear,2001,0.024110660431078526,0.0,0.9758893395689214,demand_surge,True,0.9758893395689214,demand_surge,0.0011626478928455535,0.024406080586442693
PerfectSemantic,demand_surge,cs_clear_4,clear,2001,0.0,0.0,1.0,demand_surge,True,1.0,demand_surge,0.0,-0.0
NoInfo,demand_surge,cs_moderate_1,moderate,2001,0.35,0.35,0.3,normal,False,0.35,demand_surge,0.7349999999999999,1.2039728043259361
RuleBased,demand_surge,cs_moderate_1,moderate,2001,0.0,0.0,1.0,demand_surge,True,1.0,demand_surge,0.0,-0.0
TFIDF_LogReg,demand_surge,cs_moderate_1,moderate,2001,0.2562401671770621,0.28983321507626014,0.4539266177466778,demand_surge,True,0.4539266177466778,demand_surge,0.4478584546419533,0.7898197289243323
TFIDF_LogReg_Calibrated,demand_surge,cs_moderate_1,moderate,2001,0.0,0.0,1.0,demand_surge,True,1.0,demand_surge,0.0,-0.0
PerfectSemantic,demand_surge,cs_moderate_1,moderate,2001,0.0,0.0,1.0,demand_surge,True,1.0,demand_surge,0.0,-0.0
NoInfo,demand_surge,cs_moderate_2,moderate,2001,0.35,0.35,0.3,normal,False,0.35,demand_surge,0.7349999999999999,1.2039728043259361
RuleBased,demand_surge,cs_moderate_2,moderate,2001,0.0,0.0,1.0,demand_surge,True,1.0,demand_surge,0.0,-0.0
TFIDF_LogReg,demand_surge,cs_moderate_2,moderate,2001,0.3050606623633326,0.33171895681290353,0.3632203808237639,demand_surge,True,0.3632203808237639,demand_surge,0.6085877574288284,1.01274551922649
TFIDF_LogReg_Calibrated,demand_surge,cs_moderate_2,moderate,2001,0.030549867687620986,0.20374150666771496,0.765708625644664,demand_surge,True,0.765708625644664,demand_surge,0.09733634405227387,0.2669535658818914
PerfectSemantic,demand_surge,cs_moderate_2,moderate,2001,0.0,0.0,1.0,demand_surge,True,1.0,demand_surge,0.0,-0.0
NoInfo,demand_surge,cs_moderate_3,moderate,2001,0.35,0.35,0.3,normal,False,0.35,demand_surge,0.7349999999999999,1.2039728043259361
RuleBased,demand_surge,cs_moderate_3,moderate,2001,0.0,0.0,1.0,demand_surge,True,1.0,demand_surge,0.0,-0.0
TFIDF_LogReg,demand_surge,cs_moderate_3,moderate,2001,0.27367353039753234,0.3265897568841102,0.3997367127183575,demand_surge,True,0.3997367127183575,demand_surge,0.5418740846000349,0.9169491667989683
TFIDF_LogReg_Calibrated,demand_surge,cs_moderate_3,moderate,2001,0.0,0.10398220511940719,0.8960177948805929,demand_surge,True,0.8960177948805929,demand_surge,0.021624597962988934,0.10979500584661635
PerfectSemantic,demand_surge,cs_moderate_3,moderate,2001,0.0,0.0,1.0,demand_surge,True,1.0,demand_surge,0.0,-0.0
NoInfo,demand_surge,cs_moderate_4,moderate,2001,0.35,0.35,0.3,normal,False,0.35,demand_surge,0.7349999999999999,1.2039728043259361
RuleBased,demand_surge,cs_moderate_4,moderate,2001,0.0,0.33333333333333337,0.6666666666666667,demand_surge,True,0.6666666666666667,demand_surge,0.2222222222222222,0.4054651081081643
TFIDF_LogReg,demand_surge,cs_moderate_4,moderate,2001,0.2679551803248051,0.3437491372354677,0.3882956824397273,demand_surge,True,0.3882956824397273,demand_surge,0.5641456201349062,0.9459881614417255
TFIDF_LogReg_Calibrated,demand_surge,cs_moderate_4,moderate,2001,0.0,0.3339444961360196,0.6660555038639805,demand_surge,True,0.6660555038639805,demand_surge,0.22303785299907997,0.40638227277915484
PerfectSemantic,demand_surge,cs_moderate_4,moderate,2001,0.0,0.0,1.0,demand_surge,True,1.0,demand_surge,0.0,-0.0
NoInfo,demand_surge,cs_vague_1,vague,2001,0.35,0.35,0.3,normal,False,0.35,demand_surge,0.7349999999999999,1.2039728043259361
RuleBased,demand_surge,cs_vague_1,vague,2001,0.0,0.0,1.0,demand_surge,True,1.0,demand_surge,0.0,-0.0
TFIDF_LogReg,demand_surge,cs_vague_1,vague,2001,0.3840830589921588,0.28143683465626657,0.3344801063515746,normal,False,0.3840830589921588,demand_surge,0.6696432169479244,1.0951778739729399
TFIDF_LogReg_Calibrated,demand_surge,cs_vague_1,vague,2001,0.7480233048643404,0.0,0.2519766951356595,normal,False,0.7480233048643404,demand_surge,1.11907772924034,1.3784186753676162
PerfectSemantic,demand_surge,cs_vague_1,vague,2001,0.0,0.0,1.0,demand_surge,True,1.0,demand_surge,0.0,-0.0
NoInfo,demand_surge,cs_vague_2,vague,2001,0.35,0.35,0.3,normal,False,0.35,demand_surge,0.7349999999999999,1.2039728043259361
RuleBased,demand_surge,cs_vague_2,vague,2001,0.0,0.0,1.0,demand_surge,True,1.0,demand_surge,0.0,-0.0
TFIDF_LogReg,demand_surge,cs_vague_2,vague,2001,0.29028930827069516,0.3377852734758828,0.37192541825342207,demand_surge,True,0.37192541825342207,demand_surge,0.5928444537095945,0.9890619333755795
TFIDF_LogReg_Calibrated,demand_surge,cs_vague_2,vague,2001,0.0,0.24778405102107634,0.7522159489789236,demand_surge,True,0.7522159489789236,demand_surge,0.12279387188083074,0.28473183006124
PerfectSemantic,demand_surge,cs_vague_2,vague,2001,0.0,0.0,1.0,demand_surge,True,1.0,demand_surge,0.0,-0.0
NoInfo,demand_surge,cs_vague_3,vague,2001,0.35,0.35,0.3,normal,False,0.35,demand_surge,0.7349999999999999,1.2039728043259361
RuleBased,demand_surge,cs_vague_3,vague,2001,0.0,0.0,1.0,demand_surge,True,1.0,demand_surge,0.0,-0.0
TFIDF_LogReg,demand_surge,cs_vague_3,vague,2001,0.3540121558864553,0.32230769836888046,0.32368014574466425,normal,False,0.3540121558864553,demand_surge,0.6866154042031796,1.1279994552888775
TFIDF_LogReg_Calibrated,demand_surge,cs_vague_3,vague,2001,0.43873853985992667,0.0,0.5612614601400733,demand_surge,True,0.5612614601400733,demand_surge,0.384983012716841,0.5775684211763228
PerfectSemantic,demand_surge,cs_vague_3,vague,2001,0.0,0.0,1.0,demand_surge,True,1.0,demand_surge,0.0,-0.0
NoInfo,demand_surge,cs_vague_4,vague,2001,0.35,0.35,0.3,normal,False,0.35,demand_surge,0.7349999999999999,1.2039728043259361
RuleBased,demand_surge,cs_vague_4,vague,2001,0.0,0.0,1.0,demand_surge,True,1.0,demand_surge,0.0,-0.0
TFIDF_LogReg,demand_surge,cs_vague_4,vague,2001,0.31990511097456986,0.33819228792260086,0.3419026011028292,demand_surge,True,0.3419026011028292,demand_surge,0.6498054900731971,1.0732293745774928
TFIDF_LogReg_Calibrated,demand_surge,cs_vague_4,vague,2001,0.3333333333333333,0.32678805419351414,0.33987861247315254,demand_surge,True,0.33987861247315254,demand_surge,0.6536617897450645,1.0791667472572934
PerfectSemantic,demand_surge,cs_vague_4,vague,2001,0.0,0.0,1.0,demand_surge,True,1.0,demand_surge,0.0,-0.0
NoInfo,demand_surge,cs_clear_1,clear,2002,0.35,0.35,0.3,normal,False,0.35,demand_surge,0.7349999999999999,1.2039728043259361
RuleBased,demand_surge,cs_clear_1,clear,2002,0.0,0.2857142857142857,0.7142857142857143,demand_surge,True,0.7142857142857143,demand_surge,0.16326530612244897,0.3364722366212129
TFIDF_LogReg,demand_surge,cs_clear_1,clear,2002,0.25306016922754665,0.30839962678739646,0.4385402039850568,demand_surge,True,0.4385402039850568,demand_surge,0.4743868815932216,0.8243037861160497
TFIDF_LogReg_Calibrated,demand_surge,cs_clear_1,clear,2002,0.028235133975045103,0.16019225873540613,0.8115726072895488,demand_surge,True,0.8115726072895488,demand_surge,0.06196366487299863,0.20878142309150988
PerfectSemantic,demand_surge,cs_clear_1,clear,2002,0.0,0.0,1.0,demand_surge,True,1.0,demand_surge,0.0,-0.0
NoInfo,demand_surge,cs_clear_2,clear,2002,0.35,0.35,0.3,normal,False,0.35,demand_surge,0.7349999999999999,1.2039728043259361
RuleBased,demand_surge,cs_clear_2,clear,2002,0.0,0.0,1.0,demand_surge,True,1.0,demand_surge,0.0,-0.0
TFIDF_LogReg,demand_surge,cs_clear_2,clear,2002,0.2382103439647175,0.3321256800391768,0.42966397599610573,demand_surge,True,0.42966397599610573,demand_surge,0.4923348155898453,0.8447518269585049
TFIDF_LogReg_Calibrated,demand_surge,cs_clear_2,clear,2002,0.04291673587658595,0.25678803313344095,0.7002952309899731,demand_surge,True,0.7002952309899731,demand_surge,0.15760488874619535,0.3562532742967685
PerfectSemantic,demand_surge,cs_clear_2,clear,2002,0.0,0.0,1.0,demand_surge,True,1.0,demand_surge,0.0,-0.0
NoInfo,demand_surge,cs_clear_3,clear,2002,0.35,0.35,0.3,normal,False,0.35,demand_surge,0.7349999999999999,1.2039728043259361
RuleBased,demand_surge,cs_clear_3,clear,2002,0.0,0.0,1.0,demand_surge,True,1.0,demand_surge,0.0,-0.0
TFIDF_LogReg,demand_surge,cs_clear_3,clear,2002,0.2678348108474828,0.3025752897319048,0.4295898994206125,demand_surge,True,0.4295898994206125,demand_surge,0.4886549747010401,0.8449242476546369
TFIDF_LogReg_Calibrated,demand_surge,cs_clear_3,clear,2002,0.0,0.0435500199470249,0.9564499800529752,demand_surge,True,0.9564499800529752,demand_surge,0.0037932084747725235,0.04452678623874656
PerfectSemantic,demand_surge,cs_clear_3,clear,2002,0.0,0.0,1.0,demand_surge,True,1.0,demand_surge,0.0,-0.0
NoInfo,demand_surge,cs_clear_4,clear,2002,0.35,0.35,0.3,normal,False,0.35,demand_surge,0.7349999999999999,1.2039728043259361
RuleBased,demand_surge,cs_clear_4,clear,2002,0.0,0.0,1.0,demand_surge,True,1.0,demand_surge,0.0,-0.0
TFIDF_LogReg,demand_surge,cs_clear_4,clear,2002,0.2541504656514546,0.30970972937406327,0.4361398049744822,demand_surge,True,0.4361398049744822,demand_surge,0.4784508951940216,0.8297924334202872
TFIDF_LogReg_Calibrated,demand_surge,cs_clear_4,clear,2002,0.024110660431078526,0.0,0.9758893395689214,demand_surge,True,0.9758893395689214,demand_surge,0.0011626478928455535,0.024406080586442693
PerfectSemantic,demand_surge,cs_clear_4,clear,2002,0.0,0.0,1.0,demand_surge,True,1.0,demand_surge,0.0,-0.0
NoInfo,demand_surge,cs_moderate_1,moderate,2002,0.35,0.35,0.3,normal,False,0.35,demand_surge,0.7349999999999999,1.2039728043259361
RuleBased,demand_surge,cs_moderate_1,moderate,2002,0.0,0.0,1.0,demand_surge,True,1.0,demand_surge,0.0,-0.0
TFIDF_LogReg,demand_surge,cs_moderate_1,moderate,2002,0.2562401671770621,0.28983321507626014,0.4539266177466778,demand_surge,True,0.4539266177466778,demand_surge,0.4478584546419533,0.7898197289243323
TFIDF_LogReg_Calibrated,demand_surge,cs_moderate_1,moderate,2002,0.0,0.0,1.0,demand_surge,True,1.0,demand_surge,0.0,-0.0
PerfectSemantic,demand_surge,cs_moderate_1,moderate,2002,0.0,0.0,1.0,demand_surge,True,1.0,demand_surge,0.0,-0.0
NoInfo,demand_surge,cs_moderate_2,moderate,2002,0.35,0.35,0.3,normal,False,0.35,demand_surge,0.7349999999999999,1.2039728043259361
RuleBased,demand_surge,cs_moderate_2,moderate,2002,0.0,0.0,1.0,demand_surge,True,1.0,demand_surge,0.0,-0.0
TFIDF_LogReg,demand_surge,cs_moderate_2,moderate,2002,0.3050606623633326,0.33171895681290353,0.3632203808237639,demand_surge,True,0.3632203808237639,demand_surge,0.6085877574288284,1.01274551922649
TFIDF_LogReg_Calibrated,demand_surge,cs_moderate_2,moderate,2002,0.030549867687620986,0.20374150666771496,0.765708625644664,demand_surge,True,0.765708625644664,demand_surge,0.09733634405227387,0.2669535658818914
PerfectSemantic,demand_surge,cs_moderate_2,moderate,2002,0.0,0.0,1.0,demand_surge,True,1.0,demand_surge,0.0,-0.0
NoInfo,demand_surge,cs_moderate_3,moderate,2002,0.35,0.35,0.3,normal,False,0.35,demand_surge,0.7349999999999999,1.2039728043259361
RuleBased,demand_surge,cs_moderate_3,moderate,2002,0.0,0.0,1.0,demand_surge,True,1.0,demand_surge,0.0,-0.0
TFIDF_LogReg,demand_surge,cs_moderate_3,moderate,2002,0.27367353039753234,0.3265897568841102,0.3997367127183575,demand_surge,True,0.3997367127183575,demand_surge,0.5418740846000349,0.9169491667989683
TFIDF_LogReg_Calibrated,demand_surge,cs_moderate_3,moderate,2002,0.0,0.10398220511940719,0.8960177948805929,demand_surge,True,0.8960177948805929,demand_surge,0.021624597962988934,0.10979500584661635
PerfectSemantic,demand_surge,cs_moderate_3,moderate,2002,0.0,0.0,1.0,demand_surge,True,1.0,demand_surge,0.0,-0.0
NoInfo,demand_surge,cs_moderate_4,moderate,2002,0.35,0.35,0.3,normal,False,0.35,demand_surge,0.7349999999999999,1.2039728043259361
RuleBased,demand_surge,cs_moderate_4,moderate,2002,0.0,0.33333333333333337,0.6666666666666667,demand_surge,True,0.6666666666666667,demand_surge,0.2222222222222222,0.4054651081081643
TFIDF_LogReg,demand_surge,cs_moderate_4,moderate,2002,0.2679551803248051,0.3437491372354677,0.3882956824397273,demand_surge,True,0.3882956824397273,demand_surge,0.5641456201349062,0.9459881614417255
TFIDF_LogReg_Calibrated,demand_surge,cs_moderate_4,moderate,2002,0.0,0.3339444961360196,0.6660555038639805,demand_surge,True,0.6660555038639805,demand_surge,0.22303785299907997,0.40638227277915484
PerfectSemantic,demand_surge,cs_moderate_4,moderate,2002,0.0,0.0,1.0,demand_surge,True,1.0,demand_surge,0.0,-0.0
NoInfo,demand_surge,cs_vague_1,vague,2002,0.35,0.35,0.3,normal,False,0.35,demand_surge,0.7349999999999999,1.2039728043259361
RuleBased,demand_surge,cs_vague_1,vague,2002,0.0,0.0,1.0,demand_surge,True,1.0,demand_surge,0.0,-0.0
TFIDF_LogReg,demand_surge,cs_vague_1,vague,2002,0.3840830589921588,0.28143683465626657,0.3344801063515746,normal,False,0.3840830589921588,demand_surge,0.6696432169479244,1.0951778739729399
TFIDF_LogReg_Calibrated,demand_surge,cs_vague_1,vague,2002,0.7480233048643404,0.0,0.2519766951356595,normal,False,0.7480233048643404,demand_surge,1.11907772924034,1.3784186753676162
PerfectSemantic,demand_surge,cs_vague_1,vague,2002,0.0,0.0,1.0,demand_surge,True,1.0,demand_surge,0.0,-0.0
NoInfo,demand_surge,cs_vague_2,vague,2002,0.35,0.35,0.3,normal,False,0.35,demand_surge,0.7349999999999999,1.2039728043259361
RuleBased,demand_surge,cs_vague_2,vague,2002,0.0,0.0,1.0,demand_surge,True,1.0,demand_surge,0.0,-0.0
TFIDF_LogReg,demand_surge,cs_vague_2,vague,2002,0.29028930827069516,0.3377852734758828,0.37192541825342207,demand_surge,True,0.37192541825342207,demand_surge,0.5928444537095945,0.9890619333755795
TFIDF_LogReg_Calibrated,demand_surge,cs_vague_2,vague,2002,0.0,0.24778405102107634,0.7522159489789236,demand_surge,True,0.7522159489789236,demand_surge,0.12279387188083074,0.28473183006124
PerfectSemantic,demand_surge,cs_vague_2,vague,2002,0.0,0.0,1.0,demand_surge,True,1.0,demand_surge,0.0,-0.0
NoInfo,demand_surge,cs_vague_3,vague,2002,0.35,0.35,0.3,normal,False,0.35,demand_surge,0.7349999999999999,1.2039728043259361
RuleBased,demand_surge,cs_vague_3,vague,2002,0.0,0.0,1.0,demand_surge,True,1.0,demand_surge,0.0,-0.0
TFIDF_LogReg,demand_surge,cs_vague_3,vague,2002,0.3540121558864553,0.32230769836888046,0.32368014574466425,normal,False,0.3540121558864553,demand_surge,0.6866154042031796,1.1279994552888775
TFIDF_LogReg_Calibrated,demand_surge,cs_vague_3,vague,2002,0.43873853985992667,0.0,0.5612614601400733,demand_surge,True,0.5612614601400733,demand_surge,0.384983012716841,0.5775684211763228
PerfectSemantic,demand_surge,cs_vague_3,vague,2002,0.0,0.0,1.0,demand_surge,True,1.0,demand_surge,0.0,-0.0
NoInfo,demand_surge,cs_vague_4,vague,2002,0.35,0.35,0.3,normal,False,0.35,demand_surge,0.7349999999999999,1.2039728043259361
RuleBased,demand_surge,cs_vague_4,vague,2002,0.0,0.0,1.0,demand_surge,True,1.0,demand_surge,0.0,-0.0
TFIDF_LogReg,demand_surge,cs_vague_4,vague,2002,0.31990511097456986,0.33819228792260086,0.3419026011028292,demand_surge,True,0.3419026011028292,demand_surge,0.6498054900731971,1.0732293745774928
TFIDF_LogReg_Calibrated,demand_surge,cs_vague_4,vague,2002,0.3333333333333333,0.32678805419351414,0.33987861247315254,demand_surge,True,0.33987861247315254,demand_surge,0.6536617897450645,1.0791667472572934
PerfectSemantic,demand_surge,cs_vague_4,vague,2002,0.0,0.0,1.0,demand_surge,True,1.0,demand_surge,0.0,-0.0
NoInfo,demand_surge,cs_clear_1,clear,2003,0.35,0.35,0.3,normal,False,0.35,demand_surge,0.7349999999999999,1.2039728043259361
RuleBased,demand_surge,cs_clear_1,clear,2003,0.0,0.2857142857142857,0.7142857142857143,demand_surge,True,0.7142857142857143,demand_surge,0.16326530612244897,0.3364722366212129
TFIDF_LogReg,demand_surge,cs_clear_1,clear,2003,0.25306016922754665,0.30839962678739646,0.4385402039850568,demand_surge,True,0.4385402039850568,demand_surge,0.4743868815932216,0.8243037861160497
TFIDF_LogReg_Calibrated,demand_surge,cs_clear_1,clear,2003,0.028235133975045103,0.16019225873540613,0.8115726072895488,demand_surge,True,0.8115726072895488,demand_surge,0.06196366487299863,0.20878142309150988
PerfectSemantic,demand_surge,cs_clear_1,clear,2003,0.0,0.0,1.0,demand_surge,True,1.0,demand_surge,0.0,-0.0
NoInfo,demand_surge,cs_clear_2,clear,2003,0.35,0.35,0.3,normal,False,0.35,demand_surge,0.7349999999999999,1.2039728043259361
RuleBased,demand_surge,cs_clear_2,clear,2003,0.0,0.0,1.0,demand_surge,True,1.0,demand_surge,0.0,-0.0
TFIDF_LogReg,demand_surge,cs_clear_2,clear,2003,0.2382103439647175,0.3321256800391768,0.42966397599610573,demand_surge,True,0.42966397599610573,demand_surge,0.4923348155898453,0.8447518269585049
TFIDF_LogReg_Calibrated,demand_surge,cs_clear_2,clear,2003,0.04291673587658595,0.25678803313344095,0.7002952309899731,demand_surge,True,0.7002952309899731,demand_surge,0.15760488874619535,0.3562532742967685
PerfectSemantic,demand_surge,cs_clear_2,clear,2003,0.0,0.0,1.0,demand_surge,True,1.0,demand_surge,0.0,-0.0
NoInfo,demand_surge,cs_clear_3,clear,2003,0.35,0.35,0.3,normal,False,0.35,demand_surge,0.7349999999999999,1.2039728043259361
RuleBased,demand_surge,cs_clear_3,clear,2003,0.0,0.0,1.0,demand_surge,True,1.0,demand_surge,0.0,-0.0
TFIDF_LogReg,demand_surge,cs_clear_3,clear,2003,0.2678348108474828,0.3025752897319048,0.4295898994206125,demand_surge,True,0.4295898994206125,demand_surge,0.4886549747010401,0.8449242476546369
TFIDF_LogReg_Calibrated,demand_surge,cs_clear_3,clear,2003,0.0,0.0435500199470249,0.9564499800529752,demand_surge,True,0.9564499800529752,demand_surge,0.0037932084747725235,0.04452678623874656
PerfectSemantic,demand_surge,cs_clear_3,clear,2003,0.0,0.0,1.0,demand_surge,True,1.0,demand_surge,0.0,-0.0
NoInfo,demand_surge,cs_clear_4,clear,2003,0.35,0.35,0.3,normal,False,0.35,demand_surge,0.7349999999999999,1.2039728043259361
RuleBased,demand_surge,cs_clear_4,clear,2003,0.0,0.0,1.0,demand_surge,True,1.0,demand_surge,0.0,-0.0
TFIDF_LogReg,demand_surge,cs_clear_4,clear,2003,0.2541504656514546,0.30970972937406327,0.4361398049744822,demand_surge,True,0.4361398049744822,demand_surge,0.4784508951940216,0.8297924334202872
TFIDF_LogReg_Calibrated,demand_surge,cs_clear_4,clear,2003,0.024110660431078526,0.0,0.9758893395689214,demand_surge,True,0.9758893395689214,demand_surge,0.0011626478928455535,0.024406080586442693
PerfectSemantic,demand_surge,cs_clear_4,clear,2003,0.0,0.0,1.0,demand_surge,True,1.0,demand_surge,0.0,-0.0
NoInfo,demand_surge,cs_moderate_1,moderate,2003,0.35,0.35,0.3,normal,False,0.35,demand_surge,0.7349999999999999,1.2039728043259361
RuleBased,demand_surge,cs_moderate_1,moderate,2003,0.0,0.0,1.0,demand_surge,True,1.0,demand_surge,0.0,-0.0
TFIDF_LogReg,demand_surge,cs_moderate_1,moderate,2003,0.2562401671770621,0.28983321507626014,0.4539266177466778,demand_surge,True,0.4539266177466778,demand_surge,0.4478584546419533,0.7898197289243323
TFIDF_LogReg_Calibrated,demand_surge,cs_moderate_1,moderate,2003,0.0,0.0,1.0,demand_surge,True,1.0,demand_surge,0.0,-0.0
PerfectSemantic,demand_surge,cs_moderate_1,moderate,2003,0.0,0.0,1.0,demand_surge,True,1.0,demand_surge,0.0,-0.0
NoInfo,demand_surge,cs_moderate_2,moderate,2003,0.35,0.35,0.3,normal,False,0.35,demand_surge,0.7349999999999999,1.2039728043259361
RuleBased,demand_surge,cs_moderate_2,moderate,2003,0.0,0.0,1.0,demand_surge,True,1.0,demand_surge,0.0,-0.0
TFIDF_LogReg,demand_surge,cs_moderate_2,moderate,2003,0.3050606623633326,0.33171895681290353,0.3632203808237639,demand_surge,True,0.3632203808237639,demand_surge,0.6085877574288284,1.01274551922649
TFIDF_LogReg_Calibrated,demand_surge,cs_moderate_2,moderate,2003,0.030549867687620986,0.20374150666771496,0.765708625644664,demand_surge,True,0.765708625644664,demand_surge,0.09733634405227387,0.2669535658818914
PerfectSemantic,demand_surge,cs_moderate_2,moderate,2003,0.0,0.0,1.0,demand_surge,True,1.0,demand_surge,0.0,-0.0
NoInfo,demand_surge,cs_moderate_3,moderate,2003,0.35,0.35,0.3,normal,False,0.35,demand_surge,0.7349999999999999,1.2039728043259361
RuleBased,demand_surge,cs_moderate_3,moderate,2003,0.0,0.0,1.0,demand_surge,True,1.0,demand_surge,0.0,-0.0
TFIDF_LogReg,demand_surge,cs_moderate_3,moderate,2003,0.27367353039753234,0.3265897568841102,0.3997367127183575,demand_surge,True,0.3997367127183575,demand_surge,0.5418740846000349,0.9169491667989683
TFIDF_LogReg_Calibrated,demand_surge,cs_moderate_3,moderate,2003,0.0,0.10398220511940719,0.8960177948805929,demand_surge,True,0.8960177948805929,demand_surge,0.021624597962988934,0.10979500584661635
PerfectSemantic,demand_surge,cs_moderate_3,moderate,2003,0.0,0.0,1.0,demand_surge,True,1.0,demand_surge,0.0,-0.0
NoInfo,demand_surge,cs_moderate_4,moderate,2003,0.35,0.35,0.3,normal,False,0.35,demand_surge,0.7349999999999999,1.2039728043259361
RuleBased,demand_surge,cs_moderate_4,moderate,2003,0.0,0.33333333333333337,0.6666666666666667,demand_surge,True,0.6666666666666667,demand_surge,0.2222222222222222,0.4054651081081643
TFIDF_LogReg,demand_surge,cs_moderate_4,moderate,2003,0.2679551803248051,0.3437491372354677,0.3882956824397273,demand_surge,True,0.3882956824397273,demand_surge,0.5641456201349062,0.9459881614417255
TFIDF_LogReg_Calibrated,demand_surge,cs_moderate_4,moderate,2003,0.0,0.3339444961360196,0.6660555038639805,demand_surge,True,0.6660555038639805,demand_surge,0.22303785299907997,0.40638227277915484
PerfectSemantic,demand_surge,cs_moderate_4,moderate,2003,0.0,0.0,1.0,demand_surge,True,1.0,demand_surge,0.0,-0.0
NoInfo,demand_surge,cs_vague_1,vague,2003,0.35,0.35,0.3,normal,False,0.35,demand_surge,0.7349999999999999,1.2039728043259361
RuleBased,demand_surge,cs_vague_1,vague,2003,0.0,0.0,1.0,demand_surge,True,1.0,demand_surge,0.0,-0.0
TFIDF_LogReg,demand_surge,cs_vague_1,vague,2003,0.3840830589921588,0.28143683465626657,0.3344801063515746,normal,False,0.3840830589921588,demand_surge,0.6696432169479244,1.0951778739729399
TFIDF_LogReg_Calibrated,demand_surge,cs_vague_1,vague,2003,0.7480233048643404,0.0,0.2519766951356595,normal,False,0.7480233048643404,demand_surge,1.11907772924034,1.3784186753676162
PerfectSemantic,demand_surge,cs_vague_1,vague,2003,0.0,0.0,1.0,demand_surge,True,1.0,demand_surge,0.0,-0.0
NoInfo,demand_surge,cs_vague_2,vague,2003,0.35,0.35,0.3,normal,False,0.35,demand_surge,0.7349999999999999,1.2039728043259361
RuleBased,demand_surge,cs_vague_2,vague,2003,0.0,0.0,1.0,demand_surge,True,1.0,demand_surge,0.0,-0.0
TFIDF_LogReg,demand_surge,cs_vague_2,vague,2003,0.29028930827069516,0.3377852734758828,0.37192541825342207,demand_surge,True,0.37192541825342207,demand_surge,0.5928444537095945,0.9890619333755795
TFIDF_LogReg_Calibrated,demand_surge,cs_vague_2,vague,2003,0.0,0.24778405102107634,0.7522159489789236,demand_surge,True,0.7522159489789236,demand_surge,0.12279387188083074,0.28473183006124
PerfectSemantic,demand_surge,cs_vague_2,vague,2003,0.0,0.0,1.0,demand_surge,True,1.0,demand_surge,0.0,-0.0
NoInfo,demand_surge,cs_vague_3,vague,2003,0.35,0.35,0.3,normal,False,0.35,demand_surge,0.7349999999999999,1.2039728043259361
RuleBased,demand_surge,cs_vague_3,vague,2003,0.0,0.0,1.0,demand_surge,True,1.0,demand_surge,0.0,-0.0
TFIDF_LogReg,demand_surge,cs_vague_3,vague,2003,0.3540121558864553,0.32230769836888046,0.32368014574466425,normal,False,0.3540121558864553,demand_surge,0.6866154042031796,1.1279994552888775
TFIDF_LogReg_Calibrated,demand_surge,cs_vague_3,vague,2003,0.43873853985992667,0.0,0.5612614601400733,demand_surge,True,0.5612614601400733,demand_surge,0.384983012716841,0.5775684211763228
PerfectSemantic,demand_surge,cs_vague_3,vague,2003,0.0,0.0,1.0,demand_surge,True,1.0,demand_surge,0.0,-0.0
NoInfo,demand_surge,cs_vague_4,vague,2003,0.35,0.35,0.3,normal,False,0.35,demand_surge,0.7349999999999999,1.2039728043259361
RuleBased,demand_surge,cs_vague_4,vague,2003,0.0,0.0,1.0,demand_surge,True,1.0,demand_surge,0.0,-0.0
TFIDF_LogReg,demand_surge,cs_vague_4,vague,2003,0.31990511097456986,0.33819228792260086,0.3419026011028292,demand_surge,True,0.3419026011028292,demand_surge,0.6498054900731971,1.0732293745774928
TFIDF_LogReg_Calibrated,demand_surge,cs_vague_4,vague,2003,0.3333333333333333,0.32678805419351414,0.33987861247315254,demand_surge,True,0.33987861247315254,demand_surge,0.6536617897450645,1.0791667472572934
PerfectSemantic,demand_surge,cs_vague_4,vague,2003,0.0,0.0,1.0,demand_surge,True,1.0,demand_surge,0.0,-0.0
NoInfo,demand_surge,cs_clear_1,clear,2004,0.35,0.35,0.3,normal,False,0.35,demand_surge,0.7349999999999999,1.2039728043259361
RuleBased,demand_surge,cs_clear_1,clear,2004,0.0,0.2857142857142857,0.7142857142857143,demand_surge,True,0.7142857142857143,demand_surge,0.16326530612244897,0.3364722366212129
TFIDF_LogReg,demand_surge,cs_clear_1,clear,2004,0.25306016922754665,0.30839962678739646,0.4385402039850568,demand_surge,True,0.4385402039850568,demand_surge,0.4743868815932216,0.8243037861160497
TFIDF_LogReg_Calibrated,demand_surge,cs_clear_1,clear,2004,0.028235133975045103,0.16019225873540613,0.8115726072895488,demand_surge,True,0.8115726072895488,demand_surge,0.06196366487299863,0.20878142309150988
PerfectSemantic,demand_surge,cs_clear_1,clear,2004,0.0,0.0,1.0,demand_surge,True,1.0,demand_surge,0.0,-0.0
NoInfo,demand_surge,cs_clear_2,clear,2004,0.35,0.35,0.3,normal,False,0.35,demand_surge,0.7349999999999999,1.2039728043259361
RuleBased,demand_surge,cs_clear_2,clear,2004,0.0,0.0,1.0,demand_surge,True,1.0,demand_surge,0.0,-0.0
TFIDF_LogReg,demand_surge,cs_clear_2,clear,2004,0.2382103439647175,0.3321256800391768,0.42966397599610573,demand_surge,True,0.42966397599610573,demand_surge,0.4923348155898453,0.8447518269585049
TFIDF_LogReg_Calibrated,demand_surge,cs_clear_2,clear,2004,0.04291673587658595,0.25678803313344095,0.7002952309899731,demand_surge,True,0.7002952309899731,demand_surge,0.15760488874619535,0.3562532742967685
PerfectSemantic,demand_surge,cs_clear_2,clear,2004,0.0,0.0,1.0,demand_surge,True,1.0,demand_surge,0.0,-0.0
NoInfo,demand_surge,cs_clear_3,clear,2004,0.35,0.35,0.3,normal,False,0.35,demand_surge,0.7349999999999999,1.2039728043259361
RuleBased,demand_surge,cs_clear_3,clear,2004,0.0,0.0,1.0,demand_surge,True,1.0,demand_surge,0.0,-0.0
TFIDF_LogReg,demand_surge,cs_clear_3,clear,2004,0.2678348108474828,0.3025752897319048,0.4295898994206125,demand_surge,True,0.4295898994206125,demand_surge,0.4886549747010401,0.8449242476546369
TFIDF_LogReg_Calibrated,demand_surge,cs_clear_3,clear,2004,0.0,0.0435500199470249,0.9564499800529752,demand_surge,True,0.9564499800529752,demand_surge,0.0037932084747725235,0.04452678623874656
PerfectSemantic,demand_surge,cs_clear_3,clear,2004,0.0,0.0,1.0,demand_surge,True,1.0,demand_surge,0.0,-0.0
NoInfo,demand_surge,cs_clear_4,clear,2004,0.35,0.35,0.3,normal,False,0.35,demand_surge,0.7349999999999999,1.2039728043259361
RuleBased,demand_surge,cs_clear_4,clear,2004,0.0,0.0,1.0,demand_surge,True,1.0,demand_surge,0.0,-0.0
TFIDF_LogReg,demand_surge,cs_clear_4,clear,2004,0.2541504656514546,0.30970972937406327,0.4361398049744822,demand_surge,True,0.4361398049744822,demand_surge,0.4784508951940216,0.8297924334202872
TFIDF_LogReg_Calibrated,demand_surge,cs_clear_4,clear,2004,0.024110660431078526,0.0,0.9758893395689214,demand_surge,True,0.9758893395689214,demand_surge,0.0011626478928455535,0.024406080586442693
PerfectSemantic,demand_surge,cs_clear_4,clear,2004,0.0,0.0,1.0,demand_surge,True,1.0,demand_surge,0.0,-0.0
NoInfo,demand_surge,cs_moderate_1,moderate,2004,0.35,0.35,0.3,normal,False,0.35,demand_surge,0.7349999999999999,1.2039728043259361
RuleBased,demand_surge,cs_moderate_1,moderate,2004,0.0,0.0,1.0,demand_surge,True,1.0,demand_surge,0.0,-0.0
TFIDF_LogReg,demand_surge,cs_moderate_1,moderate,2004,0.2562401671770621,0.28983321507626014,0.4539266177466778,demand_surge,True,0.4539266177466778,demand_surge,0.4478584546419533,0.7898197289243323
TFIDF_LogReg_Calibrated,demand_surge,cs_moderate_1,moderate,2004,0.0,0.0,1.0,demand_surge,True,1.0,demand_surge,0.0,-0.0
PerfectSemantic,demand_surge,cs_moderate_1,moderate,2004,0.0,0.0,1.0,demand_surge,True,1.0,demand_surge,0.0,-0.0
NoInfo,demand_surge,cs_moderate_2,moderate,2004,0.35,0.35,0.3,normal,False,0.35,demand_surge,0.7349999999999999,1.2039728043259361
RuleBased,demand_surge,cs_moderate_2,moderate,2004,0.0,0.0,1.0,demand_surge,True,1.0,demand_surge,0.0,-0.0
TFIDF_LogReg,demand_surge,cs_moderate_2,moderate,2004,0.3050606623633326,0.33171895681290353,0.3632203808237639,demand_surge,True,0.3632203808237639,demand_surge,0.6085877574288284,1.01274551922649
TFIDF_LogReg_Calibrated,demand_surge,cs_moderate_2,moderate,2004,0.030549867687620986,0.20374150666771496,0.765708625644664,demand_surge,True,0.765708625644664,demand_surge,0.09733634405227387,0.2669535658818914
PerfectSemantic,demand_surge,cs_moderate_2,moderate,2004,0.0,0.0,1.0,demand_surge,True,1.0,demand_surge,0.0,-0.0
NoInfo,demand_surge,cs_moderate_3,moderate,2004,0.35,0.35,0.3,normal,False,0.35,demand_surge,0.7349999999999999,1.2039728043259361
RuleBased,demand_surge,cs_moderate_3,moderate,2004,0.0,0.0,1.0,demand_surge,True,1.0,demand_surge,0.0,-0.0
TFIDF_LogReg,demand_surge,cs_moderate_3,moderate,2004,0.27367353039753234,0.3265897568841102,0.3997367127183575,demand_surge,True,0.3997367127183575,demand_surge,0.5418740846000349,0.9169491667989683
TFIDF_LogReg_Calibrated,demand_surge,cs_moderate_3,moderate,2004,0.0,0.10398220511940719,0.8960177948805929,demand_surge,True,0.8960177948805929,demand_surge,0.021624597962988934,0.10979500584661635
PerfectSemantic,demand_surge,cs_moderate_3,moderate,2004,0.0,0.0,1.0,demand_surge,True,1.0,demand_surge,0.0,-0.0
NoInfo,demand_surge,cs_moderate_4,moderate,2004,0.35,0.35,0.3,normal,False,0.35,demand_surge,0.7349999999999999,1.2039728043259361
RuleBased,demand_surge,cs_moderate_4,moderate,2004,0.0,0.33333333333333337,0.6666666666666667,demand_surge,True,0.6666666666666667,demand_surge,0.2222222222222222,0.4054651081081643
TFIDF_LogReg,demand_surge,cs_moderate_4,moderate,2004,0.2679551803248051,0.3437491372354677,0.3882956824397273,demand_surge,True,0.3882956824397273,demand_surge,0.5641456201349062,0.9459881614417255
TFIDF_LogReg_Calibrated,demand_surge,cs_moderate_4,moderate,2004,0.0,0.3339444961360196,0.6660555038639805,demand_surge,True,0.6660555038639805,demand_surge,0.22303785299907997,0.40638227277915484
PerfectSemantic,demand_surge,cs_moderate_4,moderate,2004,0.0,0.0,1.0,demand_surge,True,1.0,demand_surge,0.0,-0.0
NoInfo,demand_surge,cs_vague_1,vague,2004,0.35,0.35,0.3,normal,False,0.35,demand_surge,0.7349999999999999,1.2039728043259361
RuleBased,demand_surge,cs_vague_1,vague,2004,0.0,0.0,1.0,demand_surge,True,1.0,demand_surge,0.0,-0.0
TFIDF_LogReg,demand_surge,cs_vague_1,vague,2004,0.3840830589921588,0.28143683465626657,0.3344801063515746,normal,False,0.3840830589921588,demand_surge,0.6696432169479244,1.0951778739729399
TFIDF_LogReg_Calibrated,demand_surge,cs_vague_1,vague,2004,0.7480233048643404,0.0,0.2519766951356595,normal,False,0.7480233048643404,demand_surge,1.11907772924034,1.3784186753676162
PerfectSemantic,demand_surge,cs_vague_1,vague,2004,0.0,0.0,1.0,demand_surge,True,1.0,demand_surge,0.0,-0.0
NoInfo,demand_surge,cs_vague_2,vague,2004,0.35,0.35,0.3,normal,False,0.35,demand_surge,0.7349999999999999,1.2039728043259361
RuleBased,demand_surge,cs_vague_2,vague,2004,0.0,0.0,1.0,demand_surge,True,1.0,demand_surge,0.0,-0.0
TFIDF_LogReg,demand_surge,cs_vague_2,vague,2004,0.29028930827069516,0.3377852734758828,0.37192541825342207,demand_surge,True,0.37192541825342207,demand_surge,0.5928444537095945,0.9890619333755795
TFIDF_LogReg_Calibrated,demand_surge,cs_vague_2,vague,2004,0.0,0.24778405102107634,0.7522159489789236,demand_surge,True,0.7522159489789236,demand_surge,0.12279387188083074,0.28473183006124
PerfectSemantic,demand_surge,cs_vague_2,vague,2004,0.0,0.0,1.0,demand_surge,True,1.0,demand_surge,0.0,-0.0
NoInfo,demand_surge,cs_vague_3,vague,2004,0.35,0.35,0.3,normal,False,0.35,demand_surge,0.7349999999999999,1.2039728043259361
RuleBased,demand_surge,cs_vague_3,vague,2004,0.0,0.0,1.0,demand_surge,True,1.0,demand_surge,0.0,-0.0
TFIDF_LogReg,demand_surge,cs_vague_3,vague,2004,0.3540121558864553,0.32230769836888046,0.32368014574466425,normal,False,0.3540121558864553,demand_surge,0.6866154042031796,1.1279994552888775
TFIDF_LogReg_Calibrated,demand_surge,cs_vague_3,vague,2004,0.43873853985992667,0.0,0.5612614601400733,demand_surge,True,0.5612614601400733,demand_surge,0.384983012716841,0.5775684211763228
PerfectSemantic,demand_surge,cs_vague_3,vague,2004,0.0,0.0,1.0,demand_surge,True,1.0,demand_surge,0.0,-0.0
NoInfo,demand_surge,cs_vague_4,vague,2004,0.35,0.35,0.3,normal,False,0.35,demand_surge,0.7349999999999999,1.2039728043259361
RuleBased,demand_surge,cs_vague_4,vague,2004,0.0,0.0,1.0,demand_surge,True,1.0,demand_surge,0.0,-0.0
TFIDF_LogReg,demand_surge,cs_vague_4,vague,2004,0.31990511097456986,0.33819228792260086,0.3419026011028292,demand_surge,True,0.3419026011028292,demand_surge,0.6498054900731971,1.0732293745774928
TFIDF_LogReg_Calibrated,demand_surge,cs_vague_4,vague,2004,0.3333333333333333,0.32678805419351414,0.33987861247315254,demand_surge,True,0.33987861247315254,demand_surge,0.6536617897450645,1.0791667472572934
PerfectSemantic,demand_surge,cs_vague_4,vague,2004,0.0,0.0,1.0,demand_surge,True,1.0,demand_surge,0.0,-0.0
NoInfo,demand_surge,cs_clear_1,clear,2005,0.35,0.35,0.3,normal,False,0.35,demand_surge,0.7349999999999999,1.2039728043259361
RuleBased,demand_surge,cs_clear_1,clear,2005,0.0,0.2857142857142857,0.7142857142857143,demand_surge,True,0.7142857142857143,demand_surge,0.16326530612244897,0.3364722366212129
TFIDF_LogReg,demand_surge,cs_clear_1,clear,2005,0.25306016922754665,0.30839962678739646,0.4385402039850568,demand_surge,True,0.4385402039850568,demand_surge,0.4743868815932216,0.8243037861160497
TFIDF_LogReg_Calibrated,demand_surge,cs_clear_1,clear,2005,0.028235133975045103,0.16019225873540613,0.8115726072895488,demand_surge,True,0.8115726072895488,demand_surge,0.06196366487299863,0.20878142309150988
PerfectSemantic,demand_surge,cs_clear_1,clear,2005,0.0,0.0,1.0,demand_surge,True,1.0,demand_surge,0.0,-0.0
NoInfo,demand_surge,cs_clear_2,clear,2005,0.35,0.35,0.3,normal,False,0.35,demand_surge,0.7349999999999999,1.2039728043259361
RuleBased,demand_surge,cs_clear_2,clear,2005,0.0,0.0,1.0,demand_surge,True,1.0,demand_surge,0.0,-0.0
TFIDF_LogReg,demand_surge,cs_clear_2,clear,2005,0.2382103439647175,0.3321256800391768,0.42966397599610573,demand_surge,True,0.42966397599610573,demand_surge,0.4923348155898453,0.8447518269585049
TFIDF_LogReg_Calibrated,demand_surge,cs_clear_2,clear,2005,0.04291673587658595,0.25678803313344095,0.7002952309899731,demand_surge,True,0.7002952309899731,demand_surge,0.15760488874619535,0.3562532742967685
PerfectSemantic,demand_surge,cs_clear_2,clear,2005,0.0,0.0,1.0,demand_surge,True,1.0,demand_surge,0.0,-0.0
NoInfo,demand_surge,cs_clear_3,clear,2005,0.35,0.35,0.3,normal,False,0.35,demand_surge,0.7349999999999999,1.2039728043259361
RuleBased,demand_surge,cs_clear_3,clear,2005,0.0,0.0,1.0,demand_surge,True,1.0,demand_surge,0.0,-0.0
TFIDF_LogReg,demand_surge,cs_clear_3,clear,2005,0.2678348108474828,0.3025752897319048,0.4295898994206125,demand_surge,True,0.4295898994206125,demand_surge,0.4886549747010401,0.8449242476546369
TFIDF_LogReg_Calibrated,demand_surge,cs_clear_3,clear,2005,0.0,0.0435500199470249,0.9564499800529752,demand_surge,True,0.9564499800529752,demand_surge,0.0037932084747725235,0.04452678623874656
PerfectSemantic,demand_surge,cs_clear_3,clear,2005,0.0,0.0,1.0,demand_surge,True,1.0,demand_surge,0.0,-0.0
NoInfo,demand_surge,cs_clear_4,clear,2005,0.35,0.35,0.3,normal,False,0.35,demand_surge,0.7349999999999999,1.2039728043259361
RuleBased,demand_surge,cs_clear_4,clear,2005,0.0,0.0,1.0,demand_surge,True,1.0,demand_surge,0.0,-0.0
TFIDF_LogReg,demand_surge,cs_clear_4,clear,2005,0.2541504656514546,0.30970972937406327,0.4361398049744822,demand_surge,True,0.4361398049744822,demand_surge,0.4784508951940216,0.8297924334202872
TFIDF_LogReg_Calibrated,demand_surge,cs_clear_4,clear,2005,0.024110660431078526,0.0,0.9758893395689214,demand_surge,True,0.9758893395689214,demand_surge,0.0011626478928455535,0.024406080586442693
PerfectSemantic,demand_surge,cs_clear_4,clear,2005,0.0,0.0,1.0,demand_surge,True,1.0,demand_surge,0.0,-0.0
NoInfo,demand_surge,cs_moderate_1,moderate,2005,0.35,0.35,0.3,normal,False,0.35,demand_surge,0.7349999999999999,1.2039728043259361
RuleBased,demand_surge,cs_moderate_1,moderate,2005,0.0,0.0,1.0,demand_surge,True,1.0,demand_surge,0.0,-0.0
TFIDF_LogReg,demand_surge,cs_moderate_1,moderate,2005,0.2562401671770621,0.28983321507626014,0.4539266177466778,demand_surge,True,0.4539266177466778,demand_surge,0.4478584546419533,0.7898197289243323
TFIDF_LogReg_Calibrated,demand_surge,cs_moderate_1,moderate,2005,0.0,0.0,1.0,demand_surge,True,1.0,demand_surge,0.0,-0.0
PerfectSemantic,demand_surge,cs_moderate_1,moderate,2005,0.0,0.0,1.0,demand_surge,True,1.0,demand_surge,0.0,-0.0
NoInfo,demand_surge,cs_moderate_2,moderate,2005,0.35,0.35,0.3,normal,False,0.35,demand_surge,0.7349999999999999,1.2039728043259361
RuleBased,demand_surge,cs_moderate_2,moderate,2005,0.0,0.0,1.0,demand_surge,True,1.0,demand_surge,0.0,-0.0
TFIDF_LogReg,demand_surge,cs_moderate_2,moderate,2005,0.3050606623633326,0.33171895681290353,0.3632203808237639,demand_surge,True,0.3632203808237639,demand_surge,0.6085877574288284,1.01274551922649
TFIDF_LogReg_Calibrated,demand_surge,cs_moderate_2,moderate,2005,0.030549867687620986,0.20374150666771496,0.765708625644664,demand_surge,True,0.765708625644664,demand_surge,0.09733634405227387,0.2669535658818914
PerfectSemantic,demand_surge,cs_moderate_2,moderate,2005,0.0,0.0,1.0,demand_surge,True,1.0,demand_surge,0.0,-0.0
NoInfo,demand_surge,cs_moderate_3,moderate,2005,0.35,0.35,0.3,normal,False,0.35,demand_surge,0.7349999999999999,1.2039728043259361
RuleBased,demand_surge,cs_moderate_3,moderate,2005,0.0,0.0,1.0,demand_surge,True,1.0,demand_surge,0.0,-0.0
TFIDF_LogReg,demand_surge,cs_moderate_3,moderate,2005,0.27367353039753234,0.3265897568841102,0.3997367127183575,demand_surge,True,0.3997367127183575,demand_surge,0.5418740846000349,0.9169491667989683
TFIDF_LogReg_Calibrated,demand_surge,cs_moderate_3,moderate,2005,0.0,0.10398220511940719,0.8960177948805929,demand_surge,True,0.8960177948805929,demand_surge,0.021624597962988934,0.10979500584661635
PerfectSemantic,demand_surge,cs_moderate_3,moderate,2005,0.0,0.0,1.0,demand_surge,True,1.0,demand_surge,0.0,-0.0
NoInfo,demand_surge,cs_moderate_4,moderate,2005,0.35,0.35,0.3,normal,False,0.35,demand_surge,0.7349999999999999,1.2039728043259361
RuleBased,demand_surge,cs_moderate_4,moderate,2005,0.0,0.33333333333333337,0.6666666666666667,demand_surge,True,0.6666666666666667,demand_surge,0.2222222222222222,0.4054651081081643
TFIDF_LogReg,demand_surge,cs_moderate_4,moderate,2005,0.2679551803248051,0.3437491372354677,0.3882956824397273,demand_surge,True,0.3882956824397273,demand_surge,0.5641456201349062,0.9459881614417255
TFIDF_LogReg_Calibrated,demand_surge,cs_moderate_4,moderate,2005,0.0,0.3339444961360196,0.6660555038639805,demand_surge,True,0.6660555038639805,demand_surge,0.22303785299907997,0.40638227277915484
PerfectSemantic,demand_surge,cs_moderate_4,moderate,2005,0.0,0.0,1.0,demand_surge,True,1.0,demand_surge,0.0,-0.0
NoInfo,demand_surge,cs_vague_1,vague,2005,0.35,0.35,0.3,normal,False,0.35,demand_surge,0.7349999999999999,1.2039728043259361
RuleBased,demand_surge,cs_vague_1,vague,2005,0.0,0.0,1.0,demand_surge,True,1.0,demand_surge,0.0,-0.0
TFIDF_LogReg,demand_surge,cs_vague_1,vague,2005,0.3840830589921588,0.28143683465626657,0.3344801063515746,normal,False,0.3840830589921588,demand_surge,0.6696432169479244,1.0951778739729399
TFIDF_LogReg_Calibrated,demand_surge,cs_vague_1,vague,2005,0.7480233048643404,0.0,0.2519766951356595,normal,False,0.7480233048643404,demand_surge,1.11907772924034,1.3784186753676162
PerfectSemantic,demand_surge,cs_vague_1,vague,2005,0.0,0.0,1.0,demand_surge,True,1.0,demand_surge,0.0,-0.0
NoInfo,demand_surge,cs_vague_2,vague,2005,0.35,0.35,0.3,normal,False,0.35,demand_surge,0.7349999999999999,1.2039728043259361
RuleBased,demand_surge,cs_vague_2,vague,2005,0.0,0.0,1.0,demand_surge,True,1.0,demand_surge,0.0,-0.0
TFIDF_LogReg,demand_surge,cs_vague_2,vague,2005,0.29028930827069516,0.3377852734758828,0.37192541825342207,demand_surge,True,0.37192541825342207,demand_surge,0.5928444537095945,0.9890619333755795
TFIDF_LogReg_Calibrated,demand_surge,cs_vague_2,vague,2005,0.0,0.24778405102107634,0.7522159489789236,demand_surge,True,0.7522159489789236,demand_surge,0.12279387188083074,0.28473183006124
PerfectSemantic,demand_surge,cs_vague_2,vague,2005,0.0,0.0,1.0,demand_surge,True,1.0,demand_surge,0.0,-0.0
NoInfo,demand_surge,cs_vague_3,vague,2005,0.35,0.35,0.3,normal,False,0.35,demand_surge,0.7349999999999999,1.2039728043259361
RuleBased,demand_surge,cs_vague_3,vague,2005,0.0,0.0,1.0,demand_surge,True,1.0,demand_surge,0.0,-0.0
TFIDF_LogReg,demand_surge,cs_vague_3,vague,2005,0.3540121558864553,0.32230769836888046,0.32368014574466425,normal,False,0.3540121558864553,demand_surge,0.6866154042031796,1.1279994552888775
TFIDF_LogReg_Calibrated,demand_surge,cs_vague_3,vague,2005,0.43873853985992667,0.0,0.5612614601400733,demand_surge,True,0.5612614601400733,demand_surge,0.384983012716841,0.5775684211763228
PerfectSemantic,demand_surge,cs_vague_3,vague,2005,0.0,0.0,1.0,demand_surge,True,1.0,demand_surge,0.0,-0.0
NoInfo,demand_surge,cs_vague_4,vague,2005,0.35,0.35,0.3,normal,False,0.35,demand_surge,0.7349999999999999,1.2039728043259361
RuleBased,demand_surge,cs_vague_4,vague,2005,0.0,0.0,1.0,demand_surge,True,1.0,demand_surge,0.0,-0.0
TFIDF_LogReg,demand_surge,cs_vague_4,vague,2005,0.31990511097456986,0.33819228792260086,0.3419026011028292,demand_surge,True,0.3419026011028292,demand_surge,0.6498054900731971,1.0732293745774928
TFIDF_LogReg_Calibrated,demand_surge,cs_vague_4,vague,2005,0.3333333333333333,0.32678805419351414,0.33987861247315254,demand_surge,True,0.33987861247315254,demand_surge,0.6536617897450645,1.0791667472572934
PerfectSemantic,demand_surge,cs_vague_4,vague,2005,0.0,0.0,1.0,demand_surge,True,1.0,demand_surge,0.0,-0.0
NoInfo,demand_surge,cs_clear_1,clear,2006,0.35,0.35,0.3,normal,False,0.35,demand_surge,0.7349999999999999,1.2039728043259361
RuleBased,demand_surge,cs_clear_1,clear,2006,0.0,0.2857142857142857,0.7142857142857143,demand_surge,True,0.7142857142857143,demand_surge,0.16326530612244897,0.3364722366212129
TFIDF_LogReg,demand_surge,cs_clear_1,clear,2006,0.25306016922754665,0.30839962678739646,0.4385402039850568,demand_surge,True,0.4385402039850568,demand_surge,0.4743868815932216,0.8243037861160497
TFIDF_LogReg_Calibrated,demand_surge,cs_clear_1,clear,2006,0.028235133975045103,0.16019225873540613,0.8115726072895488,demand_surge,True,0.8115726072895488,demand_surge,0.06196366487299863,0.20878142309150988
PerfectSemantic,demand_surge,cs_clear_1,clear,2006,0.0,0.0,1.0,demand_surge,True,1.0,demand_surge,0.0,-0.0
NoInfo,demand_surge,cs_clear_2,clear,2006,0.35,0.35,0.3,normal,False,0.35,demand_surge,0.7349999999999999,1.2039728043259361
RuleBased,demand_surge,cs_clear_2,clear,2006,0.0,0.0,1.0,demand_surge,True,1.0,demand_surge,0.0,-0.0
TFIDF_LogReg,demand_surge,cs_clear_2,clear,2006,0.2382103439647175,0.3321256800391768,0.42966397599610573,demand_surge,True,0.42966397599610573,demand_surge,0.4923348155898453,0.8447518269585049
TFIDF_LogReg_Calibrated,demand_surge,cs_clear_2,clear,2006,0.04291673587658595,0.25678803313344095,0.7002952309899731,demand_surge,True,0.7002952309899731,demand_surge,0.15760488874619535,0.3562532742967685
PerfectSemantic,demand_surge,cs_clear_2,clear,2006,0.0,0.0,1.0,demand_surge,True,1.0,demand_surge,0.0,-0.0
NoInfo,demand_surge,cs_clear_3,clear,2006,0.35,0.35,0.3,normal,False,0.35,demand_surge,0.7349999999999999,1.2039728043259361
RuleBased,demand_surge,cs_clear_3,clear,2006,0.0,0.0,1.0,demand_surge,True,1.0,demand_surge,0.0,-0.0
TFIDF_LogReg,demand_surge,cs_clear_3,clear,2006,0.2678348108474828,0.3025752897319048,0.4295898994206125,demand_surge,True,0.4295898994206125,demand_surge,0.4886549747010401,0.8449242476546369
TFIDF_LogReg_Calibrated,demand_surge,cs_clear_3,clear,2006,0.0,0.0435500199470249,0.9564499800529752,demand_surge,True,0.9564499800529752,demand_surge,0.0037932084747725235,0.04452678623874656
PerfectSemantic,demand_surge,cs_clear_3,clear,2006,0.0,0.0,1.0,demand_surge,True,1.0,demand_surge,0.0,-0.0
NoInfo,demand_surge,cs_clear_4,clear,2006,0.35,0.35,0.3,normal,False,0.35,demand_surge,0.7349999999999999,1.2039728043259361
RuleBased,demand_surge,cs_clear_4,clear,2006,0.0,0.0,1.0,demand_surge,True,1.0,demand_surge,0.0,-0.0
TFIDF_LogReg,demand_surge,cs_clear_4,clear,2006,0.2541504656514546,0.30970972937406327,0.4361398049744822,demand_surge,True,0.4361398049744822,demand_surge,0.4784508951940216,0.8297924334202872
TFIDF_LogReg_Calibrated,demand_surge,cs_clear_4,clear,2006,0.024110660431078526,0.0,0.9758893395689214,demand_surge,True,0.9758893395689214,demand_surge,0.0011626478928455535,0.024406080586442693
PerfectSemantic,demand_surge,cs_clear_4,clear,2006,0.0,0.0,1.0,demand_surge,True,1.0,demand_surge,0.0,-0.0
NoInfo,demand_surge,cs_moderate_1,moderate,2006,0.35,0.35,0.3,normal,False,0.35,demand_surge,0.7349999999999999,1.2039728043259361
RuleBased,demand_surge,cs_moderate_1,moderate,2006,0.0,0.0,1.0,demand_surge,True,1.0,demand_surge,0.0,-0.0
TFIDF_LogReg,demand_surge,cs_moderate_1,moderate,2006,0.2562401671770621,0.28983321507626014,0.4539266177466778,demand_surge,True,0.4539266177466778,demand_surge,0.4478584546419533,0.7898197289243323
TFIDF_LogReg_Calibrated,demand_surge,cs_moderate_1,moderate,2006,0.0,0.0,1.0,demand_surge,True,1.0,demand_surge,0.0,-0.0
PerfectSemantic,demand_surge,cs_moderate_1,moderate,2006,0.0,0.0,1.0,demand_surge,True,1.0,demand_surge,0.0,-0.0
NoInfo,demand_surge,cs_moderate_2,moderate,2006,0.35,0.35,0.3,normal,False,0.35,demand_surge,0.7349999999999999,1.2039728043259361
RuleBased,demand_surge,cs_moderate_2,moderate,2006,0.0,0.0,1.0,demand_surge,True,1.0,demand_surge,0.0,-0.0
TFIDF_LogReg,demand_surge,cs_moderate_2,moderate,2006,0.3050606623633326,0.33171895681290353,0.3632203808237639,demand_surge,True,0.3632203808237639,demand_surge,0.6085877574288284,1.01274551922649
TFIDF_LogReg_Calibrated,demand_surge,cs_moderate_2,moderate,2006,0.030549867687620986,0.20374150666771496,0.765708625644664,demand_surge,True,0.765708625644664,demand_surge,0.09733634405227387,0.2669535658818914
PerfectSemantic,demand_surge,cs_moderate_2,moderate,2006,0.0,0.0,1.0,demand_surge,True,1.0,demand_surge,0.0,-0.0
NoInfo,demand_surge,cs_moderate_3,moderate,2006,0.35,0.35,0.3,normal,False,0.35,demand_surge,0.7349999999999999,1.2039728043259361
RuleBased,demand_surge,cs_moderate_3,moderate,2006,0.0,0.0,1.0,demand_surge,True,1.0,demand_surge,0.0,-0.0
TFIDF_LogReg,demand_surge,cs_moderate_3,moderate,2006,0.27367353039753234,0.3265897568841102,0.3997367127183575,demand_surge,True,0.3997367127183575,demand_surge,0.5418740846000349,0.9169491667989683
TFIDF_LogReg_Calibrated,demand_surge,cs_moderate_3,moderate,2006,0.0,0.10398220511940719,0.8960177948805929,demand_surge,True,0.8960177948805929,demand_surge,0.021624597962988934,0.10979500584661635
PerfectSemantic,demand_surge,cs_moderate_3,moderate,2006,0.0,0.0,1.0,demand_surge,True,1.0,demand_surge,0.0,-0.0
NoInfo,demand_surge,cs_moderate_4,moderate,2006,0.35,0.35,0.3,normal,False,0.35,demand_surge,0.7349999999999999,1.2039728043259361
RuleBased,demand_surge,cs_moderate_4,moderate,2006,0.0,0.33333333333333337,0.6666666666666667,demand_surge,True,0.6666666666666667,demand_surge,0.2222222222222222,0.4054651081081643
TFIDF_LogReg,demand_surge,cs_moderate_4,moderate,2006,0.2679551803248051,0.3437491372354677,0.3882956824397273,demand_surge,True,0.3882956824397273,demand_surge,0.5641456201349062,0.9459881614417255
TFIDF_LogReg_Calibrated,demand_surge,cs_moderate_4,moderate,2006,0.0,0.3339444961360196,0.6660555038639805,demand_surge,True,0.6660555038639805,demand_surge,0.22303785299907997,0.40638227277915484
PerfectSemantic,demand_surge,cs_moderate_4,moderate,2006,0.0,0.0,1.0,demand_surge,True,1.0,demand_surge,0.0,-0.0
NoInfo,demand_surge,cs_vague_1,vague,2006,0.35,0.35,0.3,normal,False,0.35,demand_surge,0.7349999999999999,1.2039728043259361
RuleBased,demand_surge,cs_vague_1,vague,2006,0.0,0.0,1.0,demand_surge,True,1.0,demand_surge,0.0,-0.0
TFIDF_LogReg,demand_surge,cs_vague_1,vague,2006,0.3840830589921588,0.28143683465626657,0.3344801063515746,normal,False,0.3840830589921588,demand_surge,0.6696432169479244,1.0951778739729399
TFIDF_LogReg_Calibrated,demand_surge,cs_vague_1,vague,2006,0.7480233048643404,0.0,0.2519766951356595,normal,False,0.7480233048643404,demand_surge,1.11907772924034,1.3784186753676162
PerfectSemantic,demand_surge,cs_vague_1,vague,2006,0.0,0.0,1.0,demand_surge,True,1.0,demand_surge,0.0,-0.0
NoInfo,demand_surge,cs_vague_2,vague,2006,0.35,0.35,0.3,normal,False,0.35,demand_surge,0.7349999999999999,1.2039728043259361
RuleBased,demand_surge,cs_vague_2,vague,2006,0.0,0.0,1.0,demand_surge,True,1.0,demand_surge,0.0,-0.0
TFIDF_LogReg,demand_surge,cs_vague_2,vague,2006,0.29028930827069516,0.3377852734758828,0.37192541825342207,demand_surge,True,0.37192541825342207,demand_surge,0.5928444537095945,0.9890619333755795
TFIDF_LogReg_Calibrated,demand_surge,cs_vague_2,vague,2006,0.0,0.24778405102107634,0.7522159489789236,demand_surge,True,0.7522159489789236,demand_surge,0.12279387188083074,0.28473183006124
PerfectSemantic,demand_surge,cs_vague_2,vague,2006,0.0,0.0,1.0,demand_surge,True,1.0,demand_surge,0.0,-0.0
NoInfo,demand_surge,cs_vague_3,vague,2006,0.35,0.35,0.3,normal,False,0.35,demand_surge,0.7349999999999999,1.2039728043259361
RuleBased,demand_surge,cs_vague_3,vague,2006,0.0,0.0,1.0,demand_surge,True,1.0,demand_surge,0.0,-0.0
TFIDF_LogReg,demand_surge,cs_vague_3,vague,2006,0.3540121558864553,0.32230769836888046,0.32368014574466425,normal,False,0.3540121558864553,demand_surge,0.6866154042031796,1.1279994552888775
TFIDF_LogReg_Calibrated,demand_surge,cs_vague_3,vague,2006,0.43873853985992667,0.0,0.5612614601400733,demand_surge,True,0.5612614601400733,demand_surge,0.384983012716841,0.5775684211763228
PerfectSemantic,demand_surge,cs_vague_3,vague,2006,0.0,0.0,1.0,demand_surge,True,1.0,demand_surge,0.0,-0.0
NoInfo,demand_surge,cs_vague_4,vague,2006,0.35,0.35,0.3,normal,False,0.35,demand_surge,0.7349999999999999,1.2039728043259361
RuleBased,demand_surge,cs_vague_4,vague,2006,0.0,0.0,1.0,demand_surge,True,1.0,demand_surge,0.0,-0.0
TFIDF_LogReg,demand_surge,cs_vague_4,vague,2006,0.31990511097456986,0.33819228792260086,0.3419026011028292,demand_surge,True,0.3419026011028292,demand_surge,0.6498054900731971,1.0732293745774928
TFIDF_LogReg_Calibrated,demand_surge,cs_vague_4,vague,2006,0.3333333333333333,0.32678805419351414,0.33987861247315254,demand_surge,True,0.33987861247315254,demand_surge,0.6536617897450645,1.0791667472572934
PerfectSemantic,demand_surge,cs_vague_4,vague,2006,0.0,0.0,1.0,demand_surge,True,1.0,demand_surge,0.0,-0.0
NoInfo,demand_surge,cs_clear_1,clear,2007,0.35,0.35,0.3,normal,False,0.35,demand_surge,0.7349999999999999,1.2039728043259361
RuleBased,demand_surge,cs_clear_1,clear,2007,0.0,0.2857142857142857,0.7142857142857143,demand_surge,True,0.7142857142857143,demand_surge,0.16326530612244897,0.3364722366212129
TFIDF_LogReg,demand_surge,cs_clear_1,clear,2007,0.25306016922754665,0.30839962678739646,0.4385402039850568,demand_surge,True,0.4385402039850568,demand_surge,0.4743868815932216,0.8243037861160497
TFIDF_LogReg_Calibrated,demand_surge,cs_clear_1,clear,2007,0.028235133975045103,0.16019225873540613,0.8115726072895488,demand_surge,True,0.8115726072895488,demand_surge,0.06196366487299863,0.20878142309150988
PerfectSemantic,demand_surge,cs_clear_1,clear,2007,0.0,0.0,1.0,demand_surge,True,1.0,demand_surge,0.0,-0.0
NoInfo,demand_surge,cs_clear_2,clear,2007,0.35,0.35,0.3,normal,False,0.35,demand_surge,0.7349999999999999,1.2039728043259361
RuleBased,demand_surge,cs_clear_2,clear,2007,0.0,0.0,1.0,demand_surge,True,1.0,demand_surge,0.0,-0.0
TFIDF_LogReg,demand_surge,cs_clear_2,clear,2007,0.2382103439647175,0.3321256800391768,0.42966397599610573,demand_surge,True,0.42966397599610573,demand_surge,0.4923348155898453,0.8447518269585049
TFIDF_LogReg_Calibrated,demand_surge,cs_clear_2,clear,2007,0.04291673587658595,0.25678803313344095,0.7002952309899731,demand_surge,True,0.7002952309899731,demand_surge,0.15760488874619535,0.3562532742967685
PerfectSemantic,demand_surge,cs_clear_2,clear,2007,0.0,0.0,1.0,demand_surge,True,1.0,demand_surge,0.0,-0.0
NoInfo,demand_surge,cs_clear_3,clear,2007,0.35,0.35,0.3,normal,False,0.35,demand_surge,0.7349999999999999,1.2039728043259361
RuleBased,demand_surge,cs_clear_3,clear,2007,0.0,0.0,1.0,demand_surge,True,1.0,demand_surge,0.0,-0.0
TFIDF_LogReg,demand_surge,cs_clear_3,clear,2007,0.2678348108474828,0.3025752897319048,0.4295898994206125,demand_surge,True,0.4295898994206125,demand_surge,0.4886549747010401,0.8449242476546369
TFIDF_LogReg_Calibrated,demand_surge,cs_clear_3,clear,2007,0.0,0.0435500199470249,0.9564499800529752,demand_surge,True,0.9564499800529752,demand_surge,0.0037932084747725235,0.04452678623874656
PerfectSemantic,demand_surge,cs_clear_3,clear,2007,0.0,0.0,1.0,demand_surge,True,1.0,demand_surge,0.0,-0.0
NoInfo,demand_surge,cs_clear_4,clear,2007,0.35,0.35,0.3,normal,False,0.35,demand_surge,0.7349999999999999,1.2039728043259361
RuleBased,demand_surge,cs_clear_4,clear,2007,0.0,0.0,1.0,demand_surge,True,1.0,demand_surge,0.0,-0.0
TFIDF_LogReg,demand_surge,cs_clear_4,clear,2007,0.2541504656514546,0.30970972937406327,0.4361398049744822,demand_surge,True,0.4361398049744822,demand_surge,0.4784508951940216,0.8297924334202872
TFIDF_LogReg_Calibrated,demand_surge,cs_clear_4,clear,2007,0.024110660431078526,0.0,0.9758893395689214,demand_surge,True,0.9758893395689214,demand_surge,0.0011626478928455535,0.024406080586442693
PerfectSemantic,demand_surge,cs_clear_4,clear,2007,0.0,0.0,1.0,demand_surge,True,1.0,demand_surge,0.0,-0.0
NoInfo,demand_surge,cs_moderate_1,moderate,2007,0.35,0.35,0.3,normal,False,0.35,demand_surge,0.7349999999999999,1.2039728043259361
RuleBased,demand_surge,cs_moderate_1,moderate,2007,0.0,0.0,1.0,demand_surge,True,1.0,demand_surge,0.0,-0.0
TFIDF_LogReg,demand_surge,cs_moderate_1,moderate,2007,0.2562401671770621,0.28983321507626014,0.4539266177466778,demand_surge,True,0.4539266177466778,demand_surge,0.4478584546419533,0.7898197289243323
TFIDF_LogReg_Calibrated,demand_surge,cs_moderate_1,moderate,2007,0.0,0.0,1.0,demand_surge,True,1.0,demand_surge,0.0,-0.0
PerfectSemantic,demand_surge,cs_moderate_1,moderate,2007,0.0,0.0,1.0,demand_surge,True,1.0,demand_surge,0.0,-0.0
NoInfo,demand_surge,cs_moderate_2,moderate,2007,0.35,0.35,0.3,normal,False,0.35,demand_surge,0.7349999999999999,1.2039728043259361
RuleBased,demand_surge,cs_moderate_2,moderate,2007,0.0,0.0,1.0,demand_surge,True,1.0,demand_surge,0.0,-0.0
TFIDF_LogReg,demand_surge,cs_moderate_2,moderate,2007,0.3050606623633326,0.33171895681290353,0.3632203808237639,demand_surge,True,0.3632203808237639,demand_surge,0.6085877574288284,1.01274551922649
TFIDF_LogReg_Calibrated,demand_surge,cs_moderate_2,moderate,2007,0.030549867687620986,0.20374150666771496,0.765708625644664,demand_surge,True,0.765708625644664,demand_surge,0.09733634405227387,0.2669535658818914
PerfectSemantic,demand_surge,cs_moderate_2,moderate,2007,0.0,0.0,1.0,demand_surge,True,1.0,demand_surge,0.0,-0.0
NoInfo,demand_surge,cs_moderate_3,moderate,2007,0.35,0.35,0.3,normal,False,0.35,demand_surge,0.7349999999999999,1.2039728043259361
RuleBased,demand_surge,cs_moderate_3,moderate,2007,0.0,0.0,1.0,demand_surge,True,1.0,demand_surge,0.0,-0.0
TFIDF_LogReg,demand_surge,cs_moderate_3,moderate,2007,0.27367353039753234,0.3265897568841102,0.3997367127183575,demand_surge,True,0.3997367127183575,demand_surge,0.5418740846000349,0.9169491667989683
TFIDF_LogReg_Calibrated,demand_surge,cs_moderate_3,moderate,2007,0.0,0.10398220511940719,0.8960177948805929,demand_surge,True,0.8960177948805929,demand_surge,0.021624597962988934,0.10979500584661635
PerfectSemantic,demand_surge,cs_moderate_3,moderate,2007,0.0,0.0,1.0,demand_surge,True,1.0,demand_surge,0.0,-0.0
NoInfo,demand_surge,cs_moderate_4,moderate,2007,0.35,0.35,0.3,normal,False,0.35,demand_surge,0.7349999999999999,1.2039728043259361
RuleBased,demand_surge,cs_moderate_4,moderate,2007,0.0,0.33333333333333337,0.6666666666666667,demand_surge,True,0.6666666666666667,demand_surge,0.2222222222222222,0.4054651081081643
TFIDF_LogReg,demand_surge,cs_moderate_4,moderate,2007,0.2679551803248051,0.3437491372354677,0.3882956824397273,demand_surge,True,0.3882956824397273,demand_surge,0.5641456201349062,0.9459881614417255
TFIDF_LogReg_Calibrated,demand_surge,cs_moderate_4,moderate,2007,0.0,0.3339444961360196,0.6660555038639805,demand_surge,True,0.6660555038639805,demand_surge,0.22303785299907997,0.40638227277915484
PerfectSemantic,demand_surge,cs_moderate_4,moderate,2007,0.0,0.0,1.0,demand_surge,True,1.0,demand_surge,0.0,-0.0
NoInfo,demand_surge,cs_vague_1,vague,2007,0.35,0.35,0.3,normal,False,0.35,demand_surge,0.7349999999999999,1.2039728043259361
RuleBased,demand_surge,cs_vague_1,vague,2007,0.0,0.0,1.0,demand_surge,True,1.0,demand_surge,0.0,-0.0
TFIDF_LogReg,demand_surge,cs_vague_1,vague,2007,0.3840830589921588,0.28143683465626657,0.3344801063515746,normal,False,0.3840830589921588,demand_surge,0.6696432169479244,1.0951778739729399
TFIDF_LogReg_Calibrated,demand_surge,cs_vague_1,vague,2007,0.7480233048643404,0.0,0.2519766951356595,normal,False,0.7480233048643404,demand_surge,1.11907772924034,1.3784186753676162
PerfectSemantic,demand_surge,cs_vague_1,vague,2007,0.0,0.0,1.0,demand_surge,True,1.0,demand_surge,0.0,-0.0
NoInfo,demand_surge,cs_vague_2,vague,2007,0.35,0.35,0.3,normal,False,0.35,demand_surge,0.7349999999999999,1.2039728043259361
RuleBased,demand_surge,cs_vague_2,vague,2007,0.0,0.0,1.0,demand_surge,True,1.0,demand_surge,0.0,-0.0
TFIDF_LogReg,demand_surge,cs_vague_2,vague,2007,0.29028930827069516,0.3377852734758828,0.37192541825342207,demand_surge,True,0.37192541825342207,demand_surge,0.5928444537095945,0.9890619333755795
TFIDF_LogReg_Calibrated,demand_surge,cs_vague_2,vague,2007,0.0,0.24778405102107634,0.7522159489789236,demand_surge,True,0.7522159489789236,demand_surge,0.12279387188083074,0.28473183006124
PerfectSemantic,demand_surge,cs_vague_2,vague,2007,0.0,0.0,1.0,demand_surge,True,1.0,demand_surge,0.0,-0.0
NoInfo,demand_surge,cs_vague_3,vague,2007,0.35,0.35,0.3,normal,False,0.35,demand_surge,0.7349999999999999,1.2039728043259361
RuleBased,demand_surge,cs_vague_3,vague,2007,0.0,0.0,1.0,demand_surge,True,1.0,demand_surge,0.0,-0.0
TFIDF_LogReg,demand_surge,cs_vague_3,vague,2007,0.3540121558864553,0.32230769836888046,0.32368014574466425,normal,False,0.3540121558864553,demand_surge,0.6866154042031796,1.1279994552888775
TFIDF_LogReg_Calibrated,demand_surge,cs_vague_3,vague,2007,0.43873853985992667,0.0,0.5612614601400733,demand_surge,True,0.5612614601400733,demand_surge,0.384983012716841,0.5775684211763228
PerfectSemantic,demand_surge,cs_vague_3,vague,2007,0.0,0.0,1.0,demand_surge,True,1.0,demand_surge,0.0,-0.0
NoInfo,demand_surge,cs_vague_4,vague,2007,0.35,0.35,0.3,normal,False,0.35,demand_surge,0.7349999999999999,1.2039728043259361
RuleBased,demand_surge,cs_vague_4,vague,2007,0.0,0.0,1.0,demand_surge,True,1.0,demand_surge,0.0,-0.0
TFIDF_LogReg,demand_surge,cs_vague_4,vague,2007,0.31990511097456986,0.33819228792260086,0.3419026011028292,demand_surge,True,0.3419026011028292,demand_surge,0.6498054900731971,1.0732293745774928
TFIDF_LogReg_Calibrated,demand_surge,cs_vague_4,vague,2007,0.3333333333333333,0.32678805419351414,0.33987861247315254,demand_surge,True,0.33987861247315254,demand_surge,0.6536617897450645,1.0791667472572934
PerfectSemantic,demand_surge,cs_vague_4,vague,2007,0.0,0.0,1.0,demand_surge,True,1.0,demand_surge,0.0,-0.0
NoInfo,demand_surge,cs_clear_1,clear,2008,0.35,0.35,0.3,normal,False,0.35,demand_surge,0.7349999999999999,1.2039728043259361
RuleBased,demand_surge,cs_clear_1,clear,2008,0.0,0.2857142857142857,0.7142857142857143,demand_surge,True,0.7142857142857143,demand_surge,0.16326530612244897,0.3364722366212129
TFIDF_LogReg,demand_surge,cs_clear_1,clear,2008,0.25306016922754665,0.30839962678739646,0.4385402039850568,demand_surge,True,0.4385402039850568,demand_surge,0.4743868815932216,0.8243037861160497
TFIDF_LogReg_Calibrated,demand_surge,cs_clear_1,clear,2008,0.028235133975045103,0.16019225873540613,0.8115726072895488,demand_surge,True,0.8115726072895488,demand_surge,0.06196366487299863,0.20878142309150988
PerfectSemantic,demand_surge,cs_clear_1,clear,2008,0.0,0.0,1.0,demand_surge,True,1.0,demand_surge,0.0,-0.0
NoInfo,demand_surge,cs_clear_2,clear,2008,0.35,0.35,0.3,normal,False,0.35,demand_surge,0.7349999999999999,1.2039728043259361
RuleBased,demand_surge,cs_clear_2,clear,2008,0.0,0.0,1.0,demand_surge,True,1.0,demand_surge,0.0,-0.0
TFIDF_LogReg,demand_surge,cs_clear_2,clear,2008,0.2382103439647175,0.3321256800391768,0.42966397599610573,demand_surge,True,0.42966397599610573,demand_surge,0.4923348155898453,0.8447518269585049
TFIDF_LogReg_Calibrated,demand_surge,cs_clear_2,clear,2008,0.04291673587658595,0.25678803313344095,0.7002952309899731,demand_surge,True,0.7002952309899731,demand_surge,0.15760488874619535,0.3562532742967685
PerfectSemantic,demand_surge,cs_clear_2,clear,2008,0.0,0.0,1.0,demand_surge,True,1.0,demand_surge,0.0,-0.0
NoInfo,demand_surge,cs_clear_3,clear,2008,0.35,0.35,0.3,normal,False,0.35,demand_surge,0.7349999999999999,1.2039728043259361
RuleBased,demand_surge,cs_clear_3,clear,2008,0.0,0.0,1.0,demand_surge,True,1.0,demand_surge,0.0,-0.0
TFIDF_LogReg,demand_surge,cs_clear_3,clear,2008,0.2678348108474828,0.3025752897319048,0.4295898994206125,demand_surge,True,0.4295898994206125,demand_surge,0.4886549747010401,0.8449242476546369
TFIDF_LogReg_Calibrated,demand_surge,cs_clear_3,clear,2008,0.0,0.0435500199470249,0.9564499800529752,demand_surge,True,0.9564499800529752,demand_surge,0.0037932084747725235,0.04452678623874656
PerfectSemantic,demand_surge,cs_clear_3,clear,2008,0.0,0.0,1.0,demand_surge,True,1.0,demand_surge,0.0,-0.0
NoInfo,demand_surge,cs_clear_4,clear,2008,0.35,0.35,0.3,normal,False,0.35,demand_surge,0.7349999999999999,1.2039728043259361
RuleBased,demand_surge,cs_clear_4,clear,2008,0.0,0.0,1.0,demand_surge,True,1.0,demand_surge,0.0,-0.0
TFIDF_LogReg,demand_surge,cs_clear_4,clear,2008,0.2541504656514546,0.30970972937406327,0.4361398049744822,demand_surge,True,0.4361398049744822,demand_surge,0.4784508951940216,0.8297924334202872
TFIDF_LogReg_Calibrated,demand_surge,cs_clear_4,clear,2008,0.024110660431078526,0.0,0.9758893395689214,demand_surge,True,0.9758893395689214,demand_surge,0.0011626478928455535,0.024406080586442693
PerfectSemantic,demand_surge,cs_clear_4,clear,2008,0.0,0.0,1.0,demand_surge,True,1.0,demand_surge,0.0,-0.0
NoInfo,demand_surge,cs_moderate_1,moderate,2008,0.35,0.35,0.3,normal,False,0.35,demand_surge,0.7349999999999999,1.2039728043259361
RuleBased,demand_surge,cs_moderate_1,moderate,2008,0.0,0.0,1.0,demand_surge,True,1.0,demand_surge,0.0,-0.0
TFIDF_LogReg,demand_surge,cs_moderate_1,moderate,2008,0.2562401671770621,0.28983321507626014,0.4539266177466778,demand_surge,True,0.4539266177466778,demand_surge,0.4478584546419533,0.7898197289243323
TFIDF_LogReg_Calibrated,demand_surge,cs_moderate_1,moderate,2008,0.0,0.0,1.0,demand_surge,True,1.0,demand_surge,0.0,-0.0
PerfectSemantic,demand_surge,cs_moderate_1,moderate,2008,0.0,0.0,1.0,demand_surge,True,1.0,demand_surge,0.0,-0.0
NoInfo,demand_surge,cs_moderate_2,moderate,2008,0.35,0.35,0.3,normal,False,0.35,demand_surge,0.7349999999999999,1.2039728043259361
RuleBased,demand_surge,cs_moderate_2,moderate,2008,0.0,0.0,1.0,demand_surge,True,1.0,demand_surge,0.0,-0.0
TFIDF_LogReg,demand_surge,cs_moderate_2,moderate,2008,0.3050606623633326,0.33171895681290353,0.3632203808237639,demand_surge,True,0.3632203808237639,demand_surge,0.6085877574288284,1.01274551922649
TFIDF_LogReg_Calibrated,demand_surge,cs_moderate_2,moderate,2008,0.030549867687620986,0.20374150666771496,0.765708625644664,demand_surge,True,0.765708625644664,demand_surge,0.09733634405227387,0.2669535658818914
PerfectSemantic,demand_surge,cs_moderate_2,moderate,2008,0.0,0.0,1.0,demand_surge,True,1.0,demand_surge,0.0,-0.0
NoInfo,demand_surge,cs_moderate_3,moderate,2008,0.35,0.35,0.3,normal,False,0.35,demand_surge,0.7349999999999999,1.2039728043259361
RuleBased,demand_surge,cs_moderate_3,moderate,2008,0.0,0.0,1.0,demand_surge,True,1.0,demand_surge,0.0,-0.0
TFIDF_LogReg,demand_surge,cs_moderate_3,moderate,2008,0.27367353039753234,0.3265897568841102,0.3997367127183575,demand_surge,True,0.3997367127183575,demand_surge,0.5418740846000349,0.9169491667989683
TFIDF_LogReg_Calibrated,demand_surge,cs_moderate_3,moderate,2008,0.0,0.10398220511940719,0.8960177948805929,demand_surge,True,0.8960177948805929,demand_surge,0.021624597962988934,0.10979500584661635
PerfectSemantic,demand_surge,cs_moderate_3,moderate,2008,0.0,0.0,1.0,demand_surge,True,1.0,demand_surge,0.0,-0.0
NoInfo,demand_surge,cs_moderate_4,moderate,2008,0.35,0.35,0.3,normal,False,0.35,demand_surge,0.7349999999999999,1.2039728043259361
RuleBased,demand_surge,cs_moderate_4,moderate,2008,0.0,0.33333333333333337,0.6666666666666667,demand_surge,True,0.6666666666666667,demand_surge,0.2222222222222222,0.4054651081081643
TFIDF_LogReg,demand_surge,cs_moderate_4,moderate,2008,0.2679551803248051,0.3437491372354677,0.3882956824397273,demand_surge,True,0.3882956824397273,demand_surge,0.5641456201349062,0.9459881614417255
TFIDF_LogReg_Calibrated,demand_surge,cs_moderate_4,moderate,2008,0.0,0.3339444961360196,0.6660555038639805,demand_surge,True,0.6660555038639805,demand_surge,0.22303785299907997,0.40638227277915484
PerfectSemantic,demand_surge,cs_moderate_4,moderate,2008,0.0,0.0,1.0,demand_surge,True,1.0,demand_surge,0.0,-0.0
NoInfo,demand_surge,cs_vague_1,vague,2008,0.35,0.35,0.3,normal,False,0.35,demand_surge,0.7349999999999999,1.2039728043259361
RuleBased,demand_surge,cs_vague_1,vague,2008,0.0,0.0,1.0,demand_surge,True,1.0,demand_surge,0.0,-0.0
TFIDF_LogReg,demand_surge,cs_vague_1,vague,2008,0.3840830589921588,0.28143683465626657,0.3344801063515746,normal,False,0.3840830589921588,demand_surge,0.6696432169479244,1.0951778739729399
TFIDF_LogReg_Calibrated,demand_surge,cs_vague_1,vague,2008,0.7480233048643404,0.0,0.2519766951356595,normal,False,0.7480233048643404,demand_surge,1.11907772924034,1.3784186753676162
PerfectSemantic,demand_surge,cs_vague_1,vague,2008,0.0,0.0,1.0,demand_surge,True,1.0,demand_surge,0.0,-0.0
NoInfo,demand_surge,cs_vague_2,vague,2008,0.35,0.35,0.3,normal,False,0.35,demand_surge,0.7349999999999999,1.2039728043259361
RuleBased,demand_surge,cs_vague_2,vague,2008,0.0,0.0,1.0,demand_surge,True,1.0,demand_surge,0.0,-0.0
TFIDF_LogReg,demand_surge,cs_vague_2,vague,2008,0.29028930827069516,0.3377852734758828,0.37192541825342207,demand_surge,True,0.37192541825342207,demand_surge,0.5928444537095945,0.9890619333755795
TFIDF_LogReg_Calibrated,demand_surge,cs_vague_2,vague,2008,0.0,0.24778405102107634,0.7522159489789236,demand_surge,True,0.7522159489789236,demand_surge,0.12279387188083074,0.28473183006124
PerfectSemantic,demand_surge,cs_vague_2,vague,2008,0.0,0.0,1.0,demand_surge,True,1.0,demand_surge,0.0,-0.0
NoInfo,demand_surge,cs_vague_3,vague,2008,0.35,0.35,0.3,normal,False,0.35,demand_surge,0.7349999999999999,1.2039728043259361
RuleBased,demand_surge,cs_vague_3,vague,2008,0.0,0.0,1.0,demand_surge,True,1.0,demand_surge,0.0,-0.0
TFIDF_LogReg,demand_surge,cs_vague_3,vague,2008,0.3540121558864553,0.32230769836888046,0.32368014574466425,normal,False,0.3540121558864553,demand_surge,0.6866154042031796,1.1279994552888775
TFIDF_LogReg_Calibrated,demand_surge,cs_vague_3,vague,2008,0.43873853985992667,0.0,0.5612614601400733,demand_surge,True,0.5612614601400733,demand_surge,0.384983012716841,0.5775684211763228
PerfectSemantic,demand_surge,cs_vague_3,vague,2008,0.0,0.0,1.0,demand_surge,True,1.0,demand_surge,0.0,-0.0
NoInfo,demand_surge,cs_vague_4,vague,2008,0.35,0.35,0.3,normal,False,0.35,demand_surge,0.7349999999999999,1.2039728043259361
RuleBased,demand_surge,cs_vague_4,vague,2008,0.0,0.0,1.0,demand_surge,True,1.0,demand_surge,0.0,-0.0
TFIDF_LogReg,demand_surge,cs_vague_4,vague,2008,0.31990511097456986,0.33819228792260086,0.3419026011028292,demand_surge,True,0.3419026011028292,demand_surge,0.6498054900731971,1.0732293745774928
TFIDF_LogReg_Calibrated,demand_surge,cs_vague_4,vague,2008,0.3333333333333333,0.32678805419351414,0.33987861247315254,demand_surge,True,0.33987861247315254,demand_surge,0.6536617897450645,1.0791667472572934
PerfectSemantic,demand_surge,cs_vague_4,vague,2008,0.0,0.0,1.0,demand_surge,True,1.0,demand_surge,0.0,-0.0
NoInfo,demand_surge,cs_clear_1,clear,2009,0.35,0.35,0.3,normal,False,0.35,demand_surge,0.7349999999999999,1.2039728043259361
RuleBased,demand_surge,cs_clear_1,clear,2009,0.0,0.2857142857142857,0.7142857142857143,demand_surge,True,0.7142857142857143,demand_surge,0.16326530612244897,0.3364722366212129
TFIDF_LogReg,demand_surge,cs_clear_1,clear,2009,0.25306016922754665,0.30839962678739646,0.4385402039850568,demand_surge,True,0.4385402039850568,demand_surge,0.4743868815932216,0.8243037861160497
TFIDF_LogReg_Calibrated,demand_surge,cs_clear_1,clear,2009,0.028235133975045103,0.16019225873540613,0.8115726072895488,demand_surge,True,0.8115726072895488,demand_surge,0.06196366487299863,0.20878142309150988
PerfectSemantic,demand_surge,cs_clear_1,clear,2009,0.0,0.0,1.0,demand_surge,True,1.0,demand_surge,0.0,-0.0
NoInfo,demand_surge,cs_clear_2,clear,2009,0.35,0.35,0.3,normal,False,0.35,demand_surge,0.7349999999999999,1.2039728043259361
RuleBased,demand_surge,cs_clear_2,clear,2009,0.0,0.0,1.0,demand_surge,True,1.0,demand_surge,0.0,-0.0
TFIDF_LogReg,demand_surge,cs_clear_2,clear,2009,0.2382103439647175,0.3321256800391768,0.42966397599610573,demand_surge,True,0.42966397599610573,demand_surge,0.4923348155898453,0.8447518269585049
TFIDF_LogReg_Calibrated,demand_surge,cs_clear_2,clear,2009,0.04291673587658595,0.25678803313344095,0.7002952309899731,demand_surge,True,0.7002952309899731,demand_surge,0.15760488874619535,0.3562532742967685
PerfectSemantic,demand_surge,cs_clear_2,clear,2009,0.0,0.0,1.0,demand_surge,True,1.0,demand_surge,0.0,-0.0
NoInfo,demand_surge,cs_clear_3,clear,2009,0.35,0.35,0.3,normal,False,0.35,demand_surge,0.7349999999999999,1.2039728043259361
RuleBased,demand_surge,cs_clear_3,clear,2009,0.0,0.0,1.0,demand_surge,True,1.0,demand_surge,0.0,-0.0
TFIDF_LogReg,demand_surge,cs_clear_3,clear,2009,0.2678348108474828,0.3025752897319048,0.4295898994206125,demand_surge,True,0.4295898994206125,demand_surge,0.4886549747010401,0.8449242476546369
TFIDF_LogReg_Calibrated,demand_surge,cs_clear_3,clear,2009,0.0,0.0435500199470249,0.9564499800529752,demand_surge,True,0.9564499800529752,demand_surge,0.0037932084747725235,0.04452678623874656
PerfectSemantic,demand_surge,cs_clear_3,clear,2009,0.0,0.0,1.0,demand_surge,True,1.0,demand_surge,0.0,-0.0
NoInfo,demand_surge,cs_clear_4,clear,2009,0.35,0.35,0.3,normal,False,0.35,demand_surge,0.7349999999999999,1.2039728043259361
RuleBased,demand_surge,cs_clear_4,clear,2009,0.0,0.0,1.0,demand_surge,True,1.0,demand_surge,0.0,-0.0
TFIDF_LogReg,demand_surge,cs_clear_4,clear,2009,0.2541504656514546,0.30970972937406327,0.4361398049744822,demand_surge,True,0.4361398049744822,demand_surge,0.4784508951940216,0.8297924334202872
TFIDF_LogReg_Calibrated,demand_surge,cs_clear_4,clear,2009,0.024110660431078526,0.0,0.9758893395689214,demand_surge,True,0.9758893395689214,demand_surge,0.0011626478928455535,0.024406080586442693
PerfectSemantic,demand_surge,cs_clear_4,clear,2009,0.0,0.0,1.0,demand_surge,True,1.0,demand_surge,0.0,-0.0
NoInfo,demand_surge,cs_moderate_1,moderate,2009,0.35,0.35,0.3,normal,False,0.35,demand_surge,0.7349999999999999,1.2039728043259361
RuleBased,demand_surge,cs_moderate_1,moderate,2009,0.0,0.0,1.0,demand_surge,True,1.0,demand_surge,0.0,-0.0
TFIDF_LogReg,demand_surge,cs_moderate_1,moderate,2009,0.2562401671770621,0.28983321507626014,0.4539266177466778,demand_surge,True,0.4539266177466778,demand_surge,0.4478584546419533,0.7898197289243323
TFIDF_LogReg_Calibrated,demand_surge,cs_moderate_1,moderate,2009,0.0,0.0,1.0,demand_surge,True,1.0,demand_surge,0.0,-0.0
PerfectSemantic,demand_surge,cs_moderate_1,moderate,2009,0.0,0.0,1.0,demand_surge,True,1.0,demand_surge,0.0,-0.0
NoInfo,demand_surge,cs_moderate_2,moderate,2009,0.35,0.35,0.3,normal,False,0.35,demand_surge,0.7349999999999999,1.2039728043259361
RuleBased,demand_surge,cs_moderate_2,moderate,2009,0.0,0.0,1.0,demand_surge,True,1.0,demand_surge,0.0,-0.0
TFIDF_LogReg,demand_surge,cs_moderate_2,moderate,2009,0.3050606623633326,0.33171895681290353,0.3632203808237639,demand_surge,True,0.3632203808237639,demand_surge,0.6085877574288284,1.01274551922649
TFIDF_LogReg_Calibrated,demand_surge,cs_moderate_2,moderate,2009,0.030549867687620986,0.20374150666771496,0.765708625644664,demand_surge,True,0.765708625644664,demand_surge,0.09733634405227387,0.2669535658818914
PerfectSemantic,demand_surge,cs_moderate_2,moderate,2009,0.0,0.0,1.0,demand_surge,True,1.0,demand_surge,0.0,-0.0
NoInfo,demand_surge,cs_moderate_3,moderate,2009,0.35,0.35,0.3,normal,False,0.35,demand_surge,0.7349999999999999,1.2039728043259361
RuleBased,demand_surge,cs_moderate_3,moderate,2009,0.0,0.0,1.0,demand_surge,True,1.0,demand_surge,0.0,-0.0
TFIDF_LogReg,demand_surge,cs_moderate_3,moderate,2009,0.27367353039753234,0.3265897568841102,0.3997367127183575,demand_surge,True,0.3997367127183575,demand_surge,0.5418740846000349,0.9169491667989683
TFIDF_LogReg_Calibrated,demand_surge,cs_moderate_3,moderate,2009,0.0,0.10398220511940719,0.8960177948805929,demand_surge,True,0.8960177948805929,demand_surge,0.021624597962988934,0.10979500584661635
PerfectSemantic,demand_surge,cs_moderate_3,moderate,2009,0.0,0.0,1.0,demand_surge,True,1.0,demand_surge,0.0,-0.0
NoInfo,demand_surge,cs_moderate_4,moderate,2009,0.35,0.35,0.3,normal,False,0.35,demand_surge,0.7349999999999999,1.2039728043259361
RuleBased,demand_surge,cs_moderate_4,moderate,2009,0.0,0.33333333333333337,0.6666666666666667,demand_surge,True,0.6666666666666667,demand_surge,0.2222222222222222,0.4054651081081643
TFIDF_LogReg,demand_surge,cs_moderate_4,moderate,2009,0.2679551803248051,0.3437491372354677,0.3882956824397273,demand_surge,True,0.3882956824397273,demand_surge,0.5641456201349062,0.9459881614417255
TFIDF_LogReg_Calibrated,demand_surge,cs_moderate_4,moderate,2009,0.0,0.3339444961360196,0.6660555038639805,demand_surge,True,0.6660555038639805,demand_surge,0.22303785299907997,0.40638227277915484
PerfectSemantic,demand_surge,cs_moderate_4,moderate,2009,0.0,0.0,1.0,demand_surge,True,1.0,demand_surge,0.0,-0.0
NoInfo,demand_surge,cs_vague_1,vague,2009,0.35,0.35,0.3,normal,False,0.35,demand_surge,0.7349999999999999,1.2039728043259361
RuleBased,demand_surge,cs_vague_1,vague,2009,0.0,0.0,1.0,demand_surge,True,1.0,demand_surge,0.0,-0.0
TFIDF_LogReg,demand_surge,cs_vague_1,vague,2009,0.3840830589921588,0.28143683465626657,0.3344801063515746,normal,False,0.3840830589921588,demand_surge,0.6696432169479244,1.0951778739729399
TFIDF_LogReg_Calibrated,demand_surge,cs_vague_1,vague,2009,0.7480233048643404,0.0,0.2519766951356595,normal,False,0.7480233048643404,demand_surge,1.11907772924034,1.3784186753676162
PerfectSemantic,demand_surge,cs_vague_1,vague,2009,0.0,0.0,1.0,demand_surge,True,1.0,demand_surge,0.0,-0.0
NoInfo,demand_surge,cs_vague_2,vague,2009,0.35,0.35,0.3,normal,False,0.35,demand_surge,0.7349999999999999,1.2039728043259361
RuleBased,demand_surge,cs_vague_2,vague,2009,0.0,0.0,1.0,demand_surge,True,1.0,demand_surge,0.0,-0.0
TFIDF_LogReg,demand_surge,cs_vague_2,vague,2009,0.29028930827069516,0.3377852734758828,0.37192541825342207,demand_surge,True,0.37192541825342207,demand_surge,0.5928444537095945,0.9890619333755795
TFIDF_LogReg_Calibrated,demand_surge,cs_vague_2,vague,2009,0.0,0.24778405102107634,0.7522159489789236,demand_surge,True,0.7522159489789236,demand_surge,0.12279387188083074,0.28473183006124
PerfectSemantic,demand_surge,cs_vague_2,vague,2009,0.0,0.0,1.0,demand_surge,True,1.0,demand_surge,0.0,-0.0
NoInfo,demand_surge,cs_vague_3,vague,2009,0.35,0.35,0.3,normal,False,0.35,demand_surge,0.7349999999999999,1.2039728043259361
RuleBased,demand_surge,cs_vague_3,vague,2009,0.0,0.0,1.0,demand_surge,True,1.0,demand_surge,0.0,-0.0
TFIDF_LogReg,demand_surge,cs_vague_3,vague,2009,0.3540121558864553,0.32230769836888046,0.32368014574466425,normal,False,0.3540121558864553,demand_surge,0.6866154042031796,1.1279994552888775
TFIDF_LogReg_Calibrated,demand_surge,cs_vague_3,vague,2009,0.43873853985992667,0.0,0.5612614601400733,demand_surge,True,0.5612614601400733,demand_surge,0.384983012716841,0.5775684211763228
PerfectSemantic,demand_surge,cs_vague_3,vague,2009,0.0,0.0,1.0,demand_surge,True,1.0,demand_surge,0.0,-0.0
NoInfo,demand_surge,cs_vague_4,vague,2009,0.35,0.35,0.3,normal,False,0.35,demand_surge,0.7349999999999999,1.2039728043259361
RuleBased,demand_surge,cs_vague_4,vague,2009,0.0,0.0,1.0,demand_surge,True,1.0,demand_surge,0.0,-0.0
TFIDF_LogReg,demand_surge,cs_vague_4,vague,2009,0.31990511097456986,0.33819228792260086,0.3419026011028292,demand_surge,True,0.3419026011028292,demand_surge,0.6498054900731971,1.0732293745774928
TFIDF_LogReg_Calibrated,demand_surge,cs_vague_4,vague,2009,0.3333333333333333,0.32678805419351414,0.33987861247315254,demand_surge,True,0.33987861247315254,demand_surge,0.6536617897450645,1.0791667472572934
PerfectSemantic,demand_surge,cs_vague_4,vague,2009,0.0,0.0,1.0,demand_surge,True,1.0,demand_surge,0.0,-0.0
NoInfo,demand_surge,cs_clear_1,clear,2010,0.35,0.35,0.3,normal,False,0.35,demand_surge,0.7349999999999999,1.2039728043259361
RuleBased,demand_surge,cs_clear_1,clear,2010,0.0,0.2857142857142857,0.7142857142857143,demand_surge,True,0.7142857142857143,demand_surge,0.16326530612244897,0.3364722366212129
TFIDF_LogReg,demand_surge,cs_clear_1,clear,2010,0.25306016922754665,0.30839962678739646,0.4385402039850568,demand_surge,True,0.4385402039850568,demand_surge,0.4743868815932216,0.8243037861160497
TFIDF_LogReg_Calibrated,demand_surge,cs_clear_1,clear,2010,0.028235133975045103,0.16019225873540613,0.8115726072895488,demand_surge,True,0.8115726072895488,demand_surge,0.06196366487299863,0.20878142309150988
PerfectSemantic,demand_surge,cs_clear_1,clear,2010,0.0,0.0,1.0,demand_surge,True,1.0,demand_surge,0.0,-0.0
NoInfo,demand_surge,cs_clear_2,clear,2010,0.35,0.35,0.3,normal,False,0.35,demand_surge,0.7349999999999999,1.2039728043259361
RuleBased,demand_surge,cs_clear_2,clear,2010,0.0,0.0,1.0,demand_surge,True,1.0,demand_surge,0.0,-0.0
TFIDF_LogReg,demand_surge,cs_clear_2,clear,2010,0.2382103439647175,0.3321256800391768,0.42966397599610573,demand_surge,True,0.42966397599610573,demand_surge,0.4923348155898453,0.8447518269585049
TFIDF_LogReg_Calibrated,demand_surge,cs_clear_2,clear,2010,0.04291673587658595,0.25678803313344095,0.7002952309899731,demand_surge,True,0.7002952309899731,demand_surge,0.15760488874619535,0.3562532742967685
PerfectSemantic,demand_surge,cs_clear_2,clear,2010,0.0,0.0,1.0,demand_surge,True,1.0,demand_surge,0.0,-0.0
NoInfo,demand_surge,cs_clear_3,clear,2010,0.35,0.35,0.3,normal,False,0.35,demand_surge,0.7349999999999999,1.2039728043259361
RuleBased,demand_surge,cs_clear_3,clear,2010,0.0,0.0,1.0,demand_surge,True,1.0,demand_surge,0.0,-0.0
TFIDF_LogReg,demand_surge,cs_clear_3,clear,2010,0.2678348108474828,0.3025752897319048,0.4295898994206125,demand_surge,True,0.4295898994206125,demand_surge,0.4886549747010401,0.8449242476546369
TFIDF_LogReg_Calibrated,demand_surge,cs_clear_3,clear,2010,0.0,0.0435500199470249,0.9564499800529752,demand_surge,True,0.9564499800529752,demand_surge,0.0037932084747725235,0.04452678623874656
PerfectSemantic,demand_surge,cs_clear_3,clear,2010,0.0,0.0,1.0,demand_surge,True,1.0,demand_surge,0.0,-0.0
NoInfo,demand_surge,cs_clear_4,clear,2010,0.35,0.35,0.3,normal,False,0.35,demand_surge,0.7349999999999999,1.2039728043259361
RuleBased,demand_surge,cs_clear_4,clear,2010,0.0,0.0,1.0,demand_surge,True,1.0,demand_surge,0.0,-0.0
TFIDF_LogReg,demand_surge,cs_clear_4,clear,2010,0.2541504656514546,0.30970972937406327,0.4361398049744822,demand_surge,True,0.4361398049744822,demand_surge,0.4784508951940216,0.8297924334202872
TFIDF_LogReg_Calibrated,demand_surge,cs_clear_4,clear,2010,0.024110660431078526,0.0,0.9758893395689214,demand_surge,True,0.9758893395689214,demand_surge,0.0011626478928455535,0.024406080586442693
PerfectSemantic,demand_surge,cs_clear_4,clear,2010,0.0,0.0,1.0,demand_surge,True,1.0,demand_surge,0.0,-0.0
NoInfo,demand_surge,cs_moderate_1,moderate,2010,0.35,0.35,0.3,normal,False,0.35,demand_surge,0.7349999999999999,1.2039728043259361
RuleBased,demand_surge,cs_moderate_1,moderate,2010,0.0,0.0,1.0,demand_surge,True,1.0,demand_surge,0.0,-0.0
TFIDF_LogReg,demand_surge,cs_moderate_1,moderate,2010,0.2562401671770621,0.28983321507626014,0.4539266177466778,demand_surge,True,0.4539266177466778,demand_surge,0.4478584546419533,0.7898197289243323
TFIDF_LogReg_Calibrated,demand_surge,cs_moderate_1,moderate,2010,0.0,0.0,1.0,demand_surge,True,1.0,demand_surge,0.0,-0.0
PerfectSemantic,demand_surge,cs_moderate_1,moderate,2010,0.0,0.0,1.0,demand_surge,True,1.0,demand_surge,0.0,-0.0
NoInfo,demand_surge,cs_moderate_2,moderate,2010,0.35,0.35,0.3,normal,False,0.35,demand_surge,0.7349999999999999,1.2039728043259361
RuleBased,demand_surge,cs_moderate_2,moderate,2010,0.0,0.0,1.0,demand_surge,True,1.0,demand_surge,0.0,-0.0
TFIDF_LogReg,demand_surge,cs_moderate_2,moderate,2010,0.3050606623633326,0.33171895681290353,0.3632203808237639,demand_surge,True,0.3632203808237639,demand_surge,0.6085877574288284,1.01274551922649
TFIDF_LogReg_Calibrated,demand_surge,cs_moderate_2,moderate,2010,0.030549867687620986,0.20374150666771496,0.765708625644664,demand_surge,True,0.765708625644664,demand_surge,0.09733634405227387,0.2669535658818914
PerfectSemantic,demand_surge,cs_moderate_2,moderate,2010,0.0,0.0,1.0,demand_surge,True,1.0,demand_surge,0.0,-0.0
NoInfo,demand_surge,cs_moderate_3,moderate,2010,0.35,0.35,0.3,normal,False,0.35,demand_surge,0.7349999999999999,1.2039728043259361
RuleBased,demand_surge,cs_moderate_3,moderate,2010,0.0,0.0,1.0,demand_surge,True,1.0,demand_surge,0.0,-0.0
TFIDF_LogReg,demand_surge,cs_moderate_3,moderate,2010,0.27367353039753234,0.3265897568841102,0.3997367127183575,demand_surge,True,0.3997367127183575,demand_surge,0.5418740846000349,0.9169491667989683
TFIDF_LogReg_Calibrated,demand_surge,cs_moderate_3,moderate,2010,0.0,0.10398220511940719,0.8960177948805929,demand_surge,True,0.8960177948805929,demand_surge,0.021624597962988934,0.10979500584661635
PerfectSemantic,demand_surge,cs_moderate_3,moderate,2010,0.0,0.0,1.0,demand_surge,True,1.0,demand_surge,0.0,-0.0
NoInfo,demand_surge,cs_moderate_4,moderate,2010,0.35,0.35,0.3,normal,False,0.35,demand_surge,0.7349999999999999,1.2039728043259361
RuleBased,demand_surge,cs_moderate_4,moderate,2010,0.0,0.33333333333333337,0.6666666666666667,demand_surge,True,0.6666666666666667,demand_surge,0.2222222222222222,0.4054651081081643
TFIDF_LogReg,demand_surge,cs_moderate_4,moderate,2010,0.2679551803248051,0.3437491372354677,0.3882956824397273,demand_surge,True,0.3882956824397273,demand_surge,0.5641456201349062,0.9459881614417255
TFIDF_LogReg_Calibrated,demand_surge,cs_moderate_4,moderate,2010,0.0,0.3339444961360196,0.6660555038639805,demand_surge,True,0.6660555038639805,demand_surge,0.22303785299907997,0.40638227277915484
PerfectSemantic,demand_surge,cs_moderate_4,moderate,2010,0.0,0.0,1.0,demand_surge,True,1.0,demand_surge,0.0,-0.0
NoInfo,demand_surge,cs_vague_1,vague,2010,0.35,0.35,0.3,normal,False,0.35,demand_surge,0.7349999999999999,1.2039728043259361
RuleBased,demand_surge,cs_vague_1,vague,2010,0.0,0.0,1.0,demand_surge,True,1.0,demand_surge,0.0,-0.0
TFIDF_LogReg,demand_surge,cs_vague_1,vague,2010,0.3840830589921588,0.28143683465626657,0.3344801063515746,normal,False,0.3840830589921588,demand_surge,0.6696432169479244,1.0951778739729399
TFIDF_LogReg_Calibrated,demand_surge,cs_vague_1,vague,2010,0.7480233048643404,0.0,0.2519766951356595,normal,False,0.7480233048643404,demand_surge,1.11907772924034,1.3784186753676162
PerfectSemantic,demand_surge,cs_vague_1,vague,2010,0.0,0.0,1.0,demand_surge,True,1.0,demand_surge,0.0,-0.0
NoInfo,demand_surge,cs_vague_2,vague,2010,0.35,0.35,0.3,normal,False,0.35,demand_surge,0.7349999999999999,1.2039728043259361
RuleBased,demand_surge,cs_vague_2,vague,2010,0.0,0.0,1.0,demand_surge,True,1.0,demand_surge,0.0,-0.0
TFIDF_LogReg,demand_surge,cs_vague_2,vague,2010,0.29028930827069516,0.3377852734758828,0.37192541825342207,demand_surge,True,0.37192541825342207,demand_surge,0.5928444537095945,0.9890619333755795
TFIDF_LogReg_Calibrated,demand_surge,cs_vague_2,vague,2010,0.0,0.24778405102107634,0.7522159489789236,demand_surge,True,0.7522159489789236,demand_surge,0.12279387188083074,0.28473183006124
PerfectSemantic,demand_surge,cs_vague_2,vague,2010,0.0,0.0,1.0,demand_surge,True,1.0,demand_surge,0.0,-0.0
NoInfo,demand_surge,cs_vague_3,vague,2010,0.35,0.35,0.3,normal,False,0.35,demand_surge,0.7349999999999999,1.2039728043259361
RuleBased,demand_surge,cs_vague_3,vague,2010,0.0,0.0,1.0,demand_surge,True,1.0,demand_surge,0.0,-0.0
TFIDF_LogReg,demand_surge,cs_vague_3,vague,2010,0.3540121558864553,0.32230769836888046,0.32368014574466425,normal,False,0.3540121558864553,demand_surge,0.6866154042031796,1.1279994552888775
TFIDF_LogReg_Calibrated,demand_surge,cs_vague_3,vague,2010,0.43873853985992667,0.0,0.5612614601400733,demand_surge,True,0.5612614601400733,demand_surge,0.384983012716841,0.5775684211763228
PerfectSemantic,demand_surge,cs_vague_3,vague,2010,0.0,0.0,1.0,demand_surge,True,1.0,demand_surge,0.0,-0.0
NoInfo,demand_surge,cs_vague_4,vague,2010,0.35,0.35,0.3,normal,False,0.35,demand_surge,0.7349999999999999,1.2039728043259361
RuleBased,demand_surge,cs_vague_4,vague,2010,0.0,0.0,1.0,demand_surge,True,1.0,demand_surge,0.0,-0.0
TFIDF_LogReg,demand_surge,cs_vague_4,vague,2010,0.31990511097456986,0.33819228792260086,0.3419026011028292,demand_surge,True,0.3419026011028292,demand_surge,0.6498054900731971,1.0732293745774928
TFIDF_LogReg_Calibrated,demand_surge,cs_vague_4,vague,2010,0.3333333333333333,0.32678805419351414,0.33987861247315254,demand_surge,True,0.33987861247315254,demand_surge,0.6536617897450645,1.0791667472572934
PerfectSemantic,demand_surge,cs_vague_4,vague,2010,0.0,0.0,1.0,demand_surge,True,1.0,demand_surge,0.0,-0.0
NoInfo,demand_surge,cs_clear_1,clear,2011,0.35,0.35,0.3,normal,False,0.35,demand_surge,0.7349999999999999,1.2039728043259361
RuleBased,demand_surge,cs_clear_1,clear,2011,0.0,0.2857142857142857,0.7142857142857143,demand_surge,True,0.7142857142857143,demand_surge,0.16326530612244897,0.3364722366212129
TFIDF_LogReg,demand_surge,cs_clear_1,clear,2011,0.25306016922754665,0.30839962678739646,0.4385402039850568,demand_surge,True,0.4385402039850568,demand_surge,0.4743868815932216,0.8243037861160497
TFIDF_LogReg_Calibrated,demand_surge,cs_clear_1,clear,2011,0.028235133975045103,0.16019225873540613,0.8115726072895488,demand_surge,True,0.8115726072895488,demand_surge,0.06196366487299863,0.20878142309150988
PerfectSemantic,demand_surge,cs_clear_1,clear,2011,0.0,0.0,1.0,demand_surge,True,1.0,demand_surge,0.0,-0.0
NoInfo,demand_surge,cs_clear_2,clear,2011,0.35,0.35,0.3,normal,False,0.35,demand_surge,0.7349999999999999,1.2039728043259361
RuleBased,demand_surge,cs_clear_2,clear,2011,0.0,0.0,1.0,demand_surge,True,1.0,demand_surge,0.0,-0.0
TFIDF_LogReg,demand_surge,cs_clear_2,clear,2011,0.2382103439647175,0.3321256800391768,0.42966397599610573,demand_surge,True,0.42966397599610573,demand_surge,0.4923348155898453,0.8447518269585049
TFIDF_LogReg_Calibrated,demand_surge,cs_clear_2,clear,2011,0.04291673587658595,0.25678803313344095,0.7002952309899731,demand_surge,True,0.7002952309899731,demand_surge,0.15760488874619535,0.3562532742967685
PerfectSemantic,demand_surge,cs_clear_2,clear,2011,0.0,0.0,1.0,demand_surge,True,1.0,demand_surge,0.0,-0.0
NoInfo,demand_surge,cs_clear_3,clear,2011,0.35,0.35,0.3,normal,False,0.35,demand_surge,0.7349999999999999,1.2039728043259361
RuleBased,demand_surge,cs_clear_3,clear,2011,0.0,0.0,1.0,demand_surge,True,1.0,demand_surge,0.0,-0.0
TFIDF_LogReg,demand_surge,cs_clear_3,clear,2011,0.2678348108474828,0.3025752897319048,0.4295898994206125,demand_surge,True,0.4295898994206125,demand_surge,0.4886549747010401,0.8449242476546369
TFIDF_LogReg_Calibrated,demand_surge,cs_clear_3,clear,2011,0.0,0.0435500199470249,0.9564499800529752,demand_surge,True,0.9564499800529752,demand_surge,0.0037932084747725235,0.04452678623874656
PerfectSemantic,demand_surge,cs_clear_3,clear,2011,0.0,0.0,1.0,demand_surge,True,1.0,demand_surge,0.0,-0.0
NoInfo,demand_surge,cs_clear_4,clear,2011,0.35,0.35,0.3,normal,False,0.35,demand_surge,0.7349999999999999,1.2039728043259361
RuleBased,demand_surge,cs_clear_4,clear,2011,0.0,0.0,1.0,demand_surge,True,1.0,demand_surge,0.0,-0.0
TFIDF_LogReg,demand_surge,cs_clear_4,clear,2011,0.2541504656514546,0.30970972937406327,0.4361398049744822,demand_surge,True,0.4361398049744822,demand_surge,0.4784508951940216,0.8297924334202872
TFIDF_LogReg_Calibrated,demand_surge,cs_clear_4,clear,2011,0.024110660431078526,0.0,0.9758893395689214,demand_surge,True,0.9758893395689214,demand_surge,0.0011626478928455535,0.024406080586442693
PerfectSemantic,demand_surge,cs_clear_4,clear,2011,0.0,0.0,1.0,demand_surge,True,1.0,demand_surge,0.0,-0.0
NoInfo,demand_surge,cs_moderate_1,moderate,2011,0.35,0.35,0.3,normal,False,0.35,demand_surge,0.7349999999999999,1.2039728043259361
RuleBased,demand_surge,cs_moderate_1,moderate,2011,0.0,0.0,1.0,demand_surge,True,1.0,demand_surge,0.0,-0.0
TFIDF_LogReg,demand_surge,cs_moderate_1,moderate,2011,0.2562401671770621,0.28983321507626014,0.4539266177466778,demand_surge,True,0.4539266177466778,demand_surge,0.4478584546419533,0.7898197289243323
TFIDF_LogReg_Calibrated,demand_surge,cs_moderate_1,moderate,2011,0.0,0.0,1.0,demand_surge,True,1.0,demand_surge,0.0,-0.0
PerfectSemantic,demand_surge,cs_moderate_1,moderate,2011,0.0,0.0,1.0,demand_surge,True,1.0,demand_surge,0.0,-0.0
NoInfo,demand_surge,cs_moderate_2,moderate,2011,0.35,0.35,0.3,normal,False,0.35,demand_surge,0.7349999999999999,1.2039728043259361
RuleBased,demand_surge,cs_moderate_2,moderate,2011,0.0,0.0,1.0,demand_surge,True,1.0,demand_surge,0.0,-0.0
TFIDF_LogReg,demand_surge,cs_moderate_2,moderate,2011,0.3050606623633326,0.33171895681290353,0.3632203808237639,demand_surge,True,0.3632203808237639,demand_surge,0.6085877574288284,1.01274551922649
TFIDF_LogReg_Calibrated,demand_surge,cs_moderate_2,moderate,2011,0.030549867687620986,0.20374150666771496,0.765708625644664,demand_surge,True,0.765708625644664,demand_surge,0.09733634405227387,0.2669535658818914
PerfectSemantic,demand_surge,cs_moderate_2,moderate,2011,0.0,0.0,1.0,demand_surge,True,1.0,demand_surge,0.0,-0.0
NoInfo,demand_surge,cs_moderate_3,moderate,2011,0.35,0.35,0.3,normal,False,0.35,demand_surge,0.7349999999999999,1.2039728043259361
RuleBased,demand_surge,cs_moderate_3,moderate,2011,0.0,0.0,1.0,demand_surge,True,1.0,demand_surge,0.0,-0.0
TFIDF_LogReg,demand_surge,cs_moderate_3,moderate,2011,0.27367353039753234,0.3265897568841102,0.3997367127183575,demand_surge,True,0.3997367127183575,demand_surge,0.5418740846000349,0.9169491667989683
TFIDF_LogReg_Calibrated,demand_surge,cs_moderate_3,moderate,2011,0.0,0.10398220511940719,0.8960177948805929,demand_surge,True,0.8960177948805929,demand_surge,0.021624597962988934,0.10979500584661635
PerfectSemantic,demand_surge,cs_moderate_3,moderate,2011,0.0,0.0,1.0,demand_surge,True,1.0,demand_surge,0.0,-0.0
NoInfo,demand_surge,cs_moderate_4,moderate,2011,0.35,0.35,0.3,normal,False,0.35,demand_surge,0.7349999999999999,1.2039728043259361
RuleBased,demand_surge,cs_moderate_4,moderate,2011,0.0,0.33333333333333337,0.6666666666666667,demand_surge,True,0.6666666666666667,demand_surge,0.2222222222222222,0.4054651081081643
TFIDF_LogReg,demand_surge,cs_moderate_4,moderate,2011,0.2679551803248051,0.3437491372354677,0.3882956824397273,demand_surge,True,0.3882956824397273,demand_surge,0.5641456201349062,0.9459881614417255
TFIDF_LogReg_Calibrated,demand_surge,cs_moderate_4,moderate,2011,0.0,0.3339444961360196,0.6660555038639805,demand_surge,True,0.6660555038639805,demand_surge,0.22303785299907997,0.40638227277915484
PerfectSemantic,demand_surge,cs_moderate_4,moderate,2011,0.0,0.0,1.0,demand_surge,True,1.0,demand_surge,0.0,-0.0
NoInfo,demand_surge,cs_vague_1,vague,2011,0.35,0.35,0.3,normal,False,0.35,demand_surge,0.7349999999999999,1.2039728043259361
RuleBased,demand_surge,cs_vague_1,vague,2011,0.0,0.0,1.0,demand_surge,True,1.0,demand_surge,0.0,-0.0
TFIDF_LogReg,demand_surge,cs_vague_1,vague,2011,0.3840830589921588,0.28143683465626657,0.3344801063515746,normal,False,0.3840830589921588,demand_surge,0.6696432169479244,1.0951778739729399
TFIDF_LogReg_Calibrated,demand_surge,cs_vague_1,vague,2011,0.7480233048643404,0.0,0.2519766951356595,normal,False,0.7480233048643404,demand_surge,1.11907772924034,1.3784186753676162
PerfectSemantic,demand_surge,cs_vague_1,vague,2011,0.0,0.0,1.0,demand_surge,True,1.0,demand_surge,0.0,-0.0
NoInfo,demand_surge,cs_vague_2,vague,2011,0.35,0.35,0.3,normal,False,0.35,demand_surge,0.7349999999999999,1.2039728043259361
RuleBased,demand_surge,cs_vague_2,vague,2011,0.0,0.0,1.0,demand_surge,True,1.0,demand_surge,0.0,-0.0
TFIDF_LogReg,demand_surge,cs_vague_2,vague,2011,0.29028930827069516,0.3377852734758828,0.37192541825342207,demand_surge,True,0.37192541825342207,demand_surge,0.5928444537095945,0.9890619333755795
TFIDF_LogReg_Calibrated,demand_surge,cs_vague_2,vague,2011,0.0,0.24778405102107634,0.7522159489789236,demand_surge,True,0.7522159489789236,demand_surge,0.12279387188083074,0.28473183006124
PerfectSemantic,demand_surge,cs_vague_2,vague,2011,0.0,0.0,1.0,demand_surge,True,1.0,demand_surge,0.0,-0.0
NoInfo,demand_surge,cs_vague_3,vague,2011,0.35,0.35,0.3,normal,False,0.35,demand_surge,0.7349999999999999,1.2039728043259361
RuleBased,demand_surge,cs_vague_3,vague,2011,0.0,0.0,1.0,demand_surge,True,1.0,demand_surge,0.0,-0.0
TFIDF_LogReg,demand_surge,cs_vague_3,vague,2011,0.3540121558864553,0.32230769836888046,0.32368014574466425,normal,False,0.3540121558864553,demand_surge,0.6866154042031796,1.1279994552888775
TFIDF_LogReg_Calibrated,demand_surge,cs_vague_3,vague,2011,0.43873853985992667,0.0,0.5612614601400733,demand_surge,True,0.5612614601400733,demand_surge,0.384983012716841,0.5775684211763228
PerfectSemantic,demand_surge,cs_vague_3,vague,2011,0.0,0.0,1.0,demand_surge,True,1.0,demand_surge,0.0,-0.0
NoInfo,demand_surge,cs_vague_4,vague,2011,0.35,0.35,0.3,normal,False,0.35,demand_surge,0.7349999999999999,1.2039728043259361
RuleBased,demand_surge,cs_vague_4,vague,2011,0.0,0.0,1.0,demand_surge,True,1.0,demand_surge,0.0,-0.0
TFIDF_LogReg,demand_surge,cs_vague_4,vague,2011,0.31990511097456986,0.33819228792260086,0.3419026011028292,demand_surge,True,0.3419026011028292,demand_surge,0.6498054900731971,1.0732293745774928
TFIDF_LogReg_Calibrated,demand_surge,cs_vague_4,vague,2011,0.3333333333333333,0.32678805419351414,0.33987861247315254,demand_surge,True,0.33987861247315254,demand_surge,0.6536617897450645,1.0791667472572934
PerfectSemantic,demand_surge,cs_vague_4,vague,2011,0.0,0.0,1.0,demand_surge,True,1.0,demand_surge,0.0,-0.0
NoInfo,demand_surge,cs_clear_1,clear,2012,0.35,0.35,0.3,normal,False,0.35,demand_surge,0.7349999999999999,1.2039728043259361
RuleBased,demand_surge,cs_clear_1,clear,2012,0.0,0.2857142857142857,0.7142857142857143,demand_surge,True,0.7142857142857143,demand_surge,0.16326530612244897,0.3364722366212129
TFIDF_LogReg,demand_surge,cs_clear_1,clear,2012,0.25306016922754665,0.30839962678739646,0.4385402039850568,demand_surge,True,0.4385402039850568,demand_surge,0.4743868815932216,0.8243037861160497
TFIDF_LogReg_Calibrated,demand_surge,cs_clear_1,clear,2012,0.028235133975045103,0.16019225873540613,0.8115726072895488,demand_surge,True,0.8115726072895488,demand_surge,0.06196366487299863,0.20878142309150988
PerfectSemantic,demand_surge,cs_clear_1,clear,2012,0.0,0.0,1.0,demand_surge,True,1.0,demand_surge,0.0,-0.0
NoInfo,demand_surge,cs_clear_2,clear,2012,0.35,0.35,0.3,normal,False,0.35,demand_surge,0.7349999999999999,1.2039728043259361
RuleBased,demand_surge,cs_clear_2,clear,2012,0.0,0.0,1.0,demand_surge,True,1.0,demand_surge,0.0,-0.0
TFIDF_LogReg,demand_surge,cs_clear_2,clear,2012,0.2382103439647175,0.3321256800391768,0.42966397599610573,demand_surge,True,0.42966397599610573,demand_surge,0.4923348155898453,0.8447518269585049
TFIDF_LogReg_Calibrated,demand_surge,cs_clear_2,clear,2012,0.04291673587658595,0.25678803313344095,0.7002952309899731,demand_surge,True,0.7002952309899731,demand_surge,0.15760488874619535,0.3562532742967685
PerfectSemantic,demand_surge,cs_clear_2,clear,2012,0.0,0.0,1.0,demand_surge,True,1.0,demand_surge,0.0,-0.0
NoInfo,demand_surge,cs_clear_3,clear,2012,0.35,0.35,0.3,normal,False,0.35,demand_surge,0.7349999999999999,1.2039728043259361
RuleBased,demand_surge,cs_clear_3,clear,2012,0.0,0.0,1.0,demand_surge,True,1.0,demand_surge,0.0,-0.0
TFIDF_LogReg,demand_surge,cs_clear_3,clear,2012,0.2678348108474828,0.3025752897319048,0.4295898994206125,demand_surge,True,0.4295898994206125,demand_surge,0.4886549747010401,0.8449242476546369
TFIDF_LogReg_Calibrated,demand_surge,cs_clear_3,clear,2012,0.0,0.0435500199470249,0.9564499800529752,demand_surge,True,0.9564499800529752,demand_surge,0.0037932084747725235,0.04452678623874656
PerfectSemantic,demand_surge,cs_clear_3,clear,2012,0.0,0.0,1.0,demand_surge,True,1.0,demand_surge,0.0,-0.0
NoInfo,demand_surge,cs_clear_4,clear,2012,0.35,0.35,0.3,normal,False,0.35,demand_surge,0.7349999999999999,1.2039728043259361
RuleBased,demand_surge,cs_clear_4,clear,2012,0.0,0.0,1.0,demand_surge,True,1.0,demand_surge,0.0,-0.0
TFIDF_LogReg,demand_surge,cs_clear_4,clear,2012,0.2541504656514546,0.30970972937406327,0.4361398049744822,demand_surge,True,0.4361398049744822,demand_surge,0.4784508951940216,0.8297924334202872
TFIDF_LogReg_Calibrated,demand_surge,cs_clear_4,clear,2012,0.024110660431078526,0.0,0.9758893395689214,demand_surge,True,0.9758893395689214,demand_surge,0.0011626478928455535,0.024406080586442693
PerfectSemantic,demand_surge,cs_clear_4,clear,2012,0.0,0.0,1.0,demand_surge,True,1.0,demand_surge,0.0,-0.0
NoInfo,demand_surge,cs_moderate_1,moderate,2012,0.35,0.35,0.3,normal,False,0.35,demand_surge,0.7349999999999999,1.2039728043259361
RuleBased,demand_surge,cs_moderate_1,moderate,2012,0.0,0.0,1.0,demand_surge,True,1.0,demand_surge,0.0,-0.0
TFIDF_LogReg,demand_surge,cs_moderate_1,moderate,2012,0.2562401671770621,0.28983321507626014,0.4539266177466778,demand_surge,True,0.4539266177466778,demand_surge,0.4478584546419533,0.7898197289243323
TFIDF_LogReg_Calibrated,demand_surge,cs_moderate_1,moderate,2012,0.0,0.0,1.0,demand_surge,True,1.0,demand_surge,0.0,-0.0
PerfectSemantic,demand_surge,cs_moderate_1,moderate,2012,0.0,0.0,1.0,demand_surge,True,1.0,demand_surge,0.0,-0.0
NoInfo,demand_surge,cs_moderate_2,moderate,2012,0.35,0.35,0.3,normal,False,0.35,demand_surge,0.7349999999999999,1.2039728043259361
RuleBased,demand_surge,cs_moderate_2,moderate,2012,0.0,0.0,1.0,demand_surge,True,1.0,demand_surge,0.0,-0.0
TFIDF_LogReg,demand_surge,cs_moderate_2,moderate,2012,0.3050606623633326,0.33171895681290353,0.3632203808237639,demand_surge,True,0.3632203808237639,demand_surge,0.6085877574288284,1.01274551922649
TFIDF_LogReg_Calibrated,demand_surge,cs_moderate_2,moderate,2012,0.030549867687620986,0.20374150666771496,0.765708625644664,demand_surge,True,0.765708625644664,demand_surge,0.09733634405227387,0.2669535658818914
PerfectSemantic,demand_surge,cs_moderate_2,moderate,2012,0.0,0.0,1.0,demand_surge,True,1.0,demand_surge,0.0,-0.0
NoInfo,demand_surge,cs_moderate_3,moderate,2012,0.35,0.35,0.3,normal,False,0.35,demand_surge,0.7349999999999999,1.2039728043259361
RuleBased,demand_surge,cs_moderate_3,moderate,2012,0.0,0.0,1.0,demand_surge,True,1.0,demand_surge,0.0,-0.0
TFIDF_LogReg,demand_surge,cs_moderate_3,moderate,2012,0.27367353039753234,0.3265897568841102,0.3997367127183575,demand_surge,True,0.3997367127183575,demand_surge,0.5418740846000349,0.9169491667989683
TFIDF_LogReg_Calibrated,demand_surge,cs_moderate_3,moderate,2012,0.0,0.10398220511940719,0.8960177948805929,demand_surge,True,0.8960177948805929,demand_surge,0.021624597962988934,0.10979500584661635
PerfectSemantic,demand_surge,cs_moderate_3,moderate,2012,0.0,0.0,1.0,demand_surge,True,1.0,demand_surge,0.0,-0.0
NoInfo,demand_surge,cs_moderate_4,moderate,2012,0.35,0.35,0.3,normal,False,0.35,demand_surge,0.7349999999999999,1.2039728043259361
RuleBased,demand_surge,cs_moderate_4,moderate,2012,0.0,0.33333333333333337,0.6666666666666667,demand_surge,True,0.6666666666666667,demand_surge,0.2222222222222222,0.4054651081081643
TFIDF_LogReg,demand_surge,cs_moderate_4,moderate,2012,0.2679551803248051,0.3437491372354677,0.3882956824397273,demand_surge,True,0.3882956824397273,demand_surge,0.5641456201349062,0.9459881614417255
TFIDF_LogReg_Calibrated,demand_surge,cs_moderate_4,moderate,2012,0.0,0.3339444961360196,0.6660555038639805,demand_surge,True,0.6660555038639805,demand_surge,0.22303785299907997,0.40638227277915484
PerfectSemantic,demand_surge,cs_moderate_4,moderate,2012,0.0,0.0,1.0,demand_surge,True,1.0,demand_surge,0.0,-0.0
NoInfo,demand_surge,cs_vague_1,vague,2012,0.35,0.35,0.3,normal,False,0.35,demand_surge,0.7349999999999999,1.2039728043259361
RuleBased,demand_surge,cs_vague_1,vague,2012,0.0,0.0,1.0,demand_surge,True,1.0,demand_surge,0.0,-0.0
TFIDF_LogReg,demand_surge,cs_vague_1,vague,2012,0.3840830589921588,0.28143683465626657,0.3344801063515746,normal,False,0.3840830589921588,demand_surge,0.6696432169479244,1.0951778739729399
TFIDF_LogReg_Calibrated,demand_surge,cs_vague_1,vague,2012,0.7480233048643404,0.0,0.2519766951356595,normal,False,0.7480233048643404,demand_surge,1.11907772924034,1.3784186753676162
PerfectSemantic,demand_surge,cs_vague_1,vague,2012,0.0,0.0,1.0,demand_surge,True,1.0,demand_surge,0.0,-0.0
NoInfo,demand_surge,cs_vague_2,vague,2012,0.35,0.35,0.3,normal,False,0.35,demand_surge,0.7349999999999999,1.2039728043259361
RuleBased,demand_surge,cs_vague_2,vague,2012,0.0,0.0,1.0,demand_surge,True,1.0,demand_surge,0.0,-0.0
TFIDF_LogReg,demand_surge,cs_vague_2,vague,2012,0.29028930827069516,0.3377852734758828,0.37192541825342207,demand_surge,True,0.37192541825342207,demand_surge,0.5928444537095945,0.9890619333755795
TFIDF_LogReg_Calibrated,demand_surge,cs_vague_2,vague,2012,0.0,0.24778405102107634,0.7522159489789236,demand_surge,True,0.7522159489789236,demand_surge,0.12279387188083074,0.28473183006124
PerfectSemantic,demand_surge,cs_vague_2,vague,2012,0.0,0.0,1.0,demand_surge,True,1.0,demand_surge,0.0,-0.0
NoInfo,demand_surge,cs_vague_3,vague,2012,0.35,0.35,0.3,normal,False,0.35,demand_surge,0.7349999999999999,1.2039728043259361
RuleBased,demand_surge,cs_vague_3,vague,2012,0.0,0.0,1.0,demand_surge,True,1.0,demand_surge,0.0,-0.0
TFIDF_LogReg,demand_surge,cs_vague_3,vague,2012,0.3540121558864553,0.32230769836888046,0.32368014574466425,normal,False,0.3540121558864553,demand_surge,0.6866154042031796,1.1279994552888775
TFIDF_LogReg_Calibrated,demand_surge,cs_vague_3,vague,2012,0.43873853985992667,0.0,0.5612614601400733,demand_surge,True,0.5612614601400733,demand_surge,0.384983012716841,0.5775684211763228
PerfectSemantic,demand_surge,cs_vague_3,vague,2012,0.0,0.0,1.0,demand_surge,True,1.0,demand_surge,0.0,-0.0
NoInfo,demand_surge,cs_vague_4,vague,2012,0.35,0.35,0.3,normal,False,0.35,demand_surge,0.7349999999999999,1.2039728043259361
RuleBased,demand_surge,cs_vague_4,vague,2012,0.0,0.0,1.0,demand_surge,True,1.0,demand_surge,0.0,-0.0
TFIDF_LogReg,demand_surge,cs_vague_4,vague,2012,0.31990511097456986,0.33819228792260086,0.3419026011028292,demand_surge,True,0.3419026011028292,demand_surge,0.6498054900731971,1.0732293745774928
TFIDF_LogReg_Calibrated,demand_surge,cs_vague_4,vague,2012,0.3333333333333333,0.32678805419351414,0.33987861247315254,demand_surge,True,0.33987861247315254,demand_surge,0.6536617897450645,1.0791667472572934
PerfectSemantic,demand_surge,cs_vague_4,vague,2012,0.0,0.0,1.0,demand_surge,True,1.0,demand_surge,0.0,-0.0
NoInfo,demand_surge,cs_clear_1,clear,2013,0.35,0.35,0.3,normal,False,0.35,demand_surge,0.7349999999999999,1.2039728043259361
RuleBased,demand_surge,cs_clear_1,clear,2013,0.0,0.2857142857142857,0.7142857142857143,demand_surge,True,0.7142857142857143,demand_surge,0.16326530612244897,0.3364722366212129
TFIDF_LogReg,demand_surge,cs_clear_1,clear,2013,0.25306016922754665,0.30839962678739646,0.4385402039850568,demand_surge,True,0.4385402039850568,demand_surge,0.4743868815932216,0.8243037861160497
TFIDF_LogReg_Calibrated,demand_surge,cs_clear_1,clear,2013,0.028235133975045103,0.16019225873540613,0.8115726072895488,demand_surge,True,0.8115726072895488,demand_surge,0.06196366487299863,0.20878142309150988
PerfectSemantic,demand_surge,cs_clear_1,clear,2013,0.0,0.0,1.0,demand_surge,True,1.0,demand_surge,0.0,-0.0
NoInfo,demand_surge,cs_clear_2,clear,2013,0.35,0.35,0.3,normal,False,0.35,demand_surge,0.7349999999999999,1.2039728043259361
RuleBased,demand_surge,cs_clear_2,clear,2013,0.0,0.0,1.0,demand_surge,True,1.0,demand_surge,0.0,-0.0
TFIDF_LogReg,demand_surge,cs_clear_2,clear,2013,0.2382103439647175,0.3321256800391768,0.42966397599610573,demand_surge,True,0.42966397599610573,demand_surge,0.4923348155898453,0.8447518269585049
TFIDF_LogReg_Calibrated,demand_surge,cs_clear_2,clear,2013,0.04291673587658595,0.25678803313344095,0.7002952309899731,demand_surge,True,0.7002952309899731,demand_surge,0.15760488874619535,0.3562532742967685
PerfectSemantic,demand_surge,cs_clear_2,clear,2013,0.0,0.0,1.0,demand_surge,True,1.0,demand_surge,0.0,-0.0
NoInfo,demand_surge,cs_clear_3,clear,2013,0.35,0.35,0.3,normal,False,0.35,demand_surge,0.7349999999999999,1.2039728043259361
RuleBased,demand_surge,cs_clear_3,clear,2013,0.0,0.0,1.0,demand_surge,True,1.0,demand_surge,0.0,-0.0
TFIDF_LogReg,demand_surge,cs_clear_3,clear,2013,0.2678348108474828,0.3025752897319048,0.4295898994206125,demand_surge,True,0.4295898994206125,demand_surge,0.4886549747010401,0.8449242476546369
TFIDF_LogReg_Calibrated,demand_surge,cs_clear_3,clear,2013,0.0,0.0435500199470249,0.9564499800529752,demand_surge,True,0.9564499800529752,demand_surge,0.0037932084747725235,0.04452678623874656
PerfectSemantic,demand_surge,cs_clear_3,clear,2013,0.0,0.0,1.0,demand_surge,True,1.0,demand_surge,0.0,-0.0
NoInfo,demand_surge,cs_clear_4,clear,2013,0.35,0.35,0.3,normal,False,0.35,demand_surge,0.7349999999999999,1.2039728043259361
RuleBased,demand_surge,cs_clear_4,clear,2013,0.0,0.0,1.0,demand_surge,True,1.0,demand_surge,0.0,-0.0
TFIDF_LogReg,demand_surge,cs_clear_4,clear,2013,0.2541504656514546,0.30970972937406327,0.4361398049744822,demand_surge,True,0.4361398049744822,demand_surge,0.4784508951940216,0.8297924334202872
TFIDF_LogReg_Calibrated,demand_surge,cs_clear_4,clear,2013,0.024110660431078526,0.0,0.9758893395689214,demand_surge,True,0.9758893395689214,demand_surge,0.0011626478928455535,0.024406080586442693
PerfectSemantic,demand_surge,cs_clear_4,clear,2013,0.0,0.0,1.0,demand_surge,True,1.0,demand_surge,0.0,-0.0
NoInfo,demand_surge,cs_moderate_1,moderate,2013,0.35,0.35,0.3,normal,False,0.35,demand_surge,0.7349999999999999,1.2039728043259361
RuleBased,demand_surge,cs_moderate_1,moderate,2013,0.0,0.0,1.0,demand_surge,True,1.0,demand_surge,0.0,-0.0
TFIDF_LogReg,demand_surge,cs_moderate_1,moderate,2013,0.2562401671770621,0.28983321507626014,0.4539266177466778,demand_surge,True,0.4539266177466778,demand_surge,0.4478584546419533,0.7898197289243323
TFIDF_LogReg_Calibrated,demand_surge,cs_moderate_1,moderate,2013,0.0,0.0,1.0,demand_surge,True,1.0,demand_surge,0.0,-0.0
PerfectSemantic,demand_surge,cs_moderate_1,moderate,2013,0.0,0.0,1.0,demand_surge,True,1.0,demand_surge,0.0,-0.0
NoInfo,demand_surge,cs_moderate_2,moderate,2013,0.35,0.35,0.3,normal,False,0.35,demand_surge,0.7349999999999999,1.2039728043259361
RuleBased,demand_surge,cs_moderate_2,moderate,2013,0.0,0.0,1.0,demand_surge,True,1.0,demand_surge,0.0,-0.0
TFIDF_LogReg,demand_surge,cs_moderate_2,moderate,2013,0.3050606623633326,0.33171895681290353,0.3632203808237639,demand_surge,True,0.3632203808237639,demand_surge,0.6085877574288284,1.01274551922649
TFIDF_LogReg_Calibrated,demand_surge,cs_moderate_2,moderate,2013,0.030549867687620986,0.20374150666771496,0.765708625644664,demand_surge,True,0.765708625644664,demand_surge,0.09733634405227387,0.2669535658818914
PerfectSemantic,demand_surge,cs_moderate_2,moderate,2013,0.0,0.0,1.0,demand_surge,True,1.0,demand_surge,0.0,-0.0
NoInfo,demand_surge,cs_moderate_3,moderate,2013,0.35,0.35,0.3,normal,False,0.35,demand_surge,0.7349999999999999,1.2039728043259361
RuleBased,demand_surge,cs_moderate_3,moderate,2013,0.0,0.0,1.0,demand_surge,True,1.0,demand_surge,0.0,-0.0
TFIDF_LogReg,demand_surge,cs_moderate_3,moderate,2013,0.27367353039753234,0.3265897568841102,0.3997367127183575,demand_surge,True,0.3997367127183575,demand_surge,0.5418740846000349,0.9169491667989683
TFIDF_LogReg_Calibrated,demand_surge,cs_moderate_3,moderate,2013,0.0,0.10398220511940719,0.8960177948805929,demand_surge,True,0.8960177948805929,demand_surge,0.021624597962988934,0.10979500584661635
PerfectSemantic,demand_surge,cs_moderate_3,moderate,2013,0.0,0.0,1.0,demand_surge,True,1.0,demand_surge,0.0,-0.0
NoInfo,demand_surge,cs_moderate_4,moderate,2013,0.35,0.35,0.3,normal,False,0.35,demand_surge,0.7349999999999999,1.2039728043259361
RuleBased,demand_surge,cs_moderate_4,moderate,2013,0.0,0.33333333333333337,0.6666666666666667,demand_surge,True,0.6666666666666667,demand_surge,0.2222222222222222,0.4054651081081643
TFIDF_LogReg,demand_surge,cs_moderate_4,moderate,2013,0.2679551803248051,0.3437491372354677,0.3882956824397273,demand_surge,True,0.3882956824397273,demand_surge,0.5641456201349062,0.9459881614417255
TFIDF_LogReg_Calibrated,demand_surge,cs_moderate_4,moderate,2013,0.0,0.3339444961360196,0.6660555038639805,demand_surge,True,0.6660555038639805,demand_surge,0.22303785299907997,0.40638227277915484
PerfectSemantic,demand_surge,cs_moderate_4,moderate,2013,0.0,0.0,1.0,demand_surge,True,1.0,demand_surge,0.0,-0.0
NoInfo,demand_surge,cs_vague_1,vague,2013,0.35,0.35,0.3,normal,False,0.35,demand_surge,0.7349999999999999,1.2039728043259361
RuleBased,demand_surge,cs_vague_1,vague,2013,0.0,0.0,1.0,demand_surge,True,1.0,demand_surge,0.0,-0.0
TFIDF_LogReg,demand_surge,cs_vague_1,vague,2013,0.3840830589921588,0.28143683465626657,0.3344801063515746,normal,False,0.3840830589921588,demand_surge,0.6696432169479244,1.0951778739729399
TFIDF_LogReg_Calibrated,demand_surge,cs_vague_1,vague,2013,0.7480233048643404,0.0,0.2519766951356595,normal,False,0.7480233048643404,demand_surge,1.11907772924034,1.3784186753676162
PerfectSemantic,demand_surge,cs_vague_1,vague,2013,0.0,0.0,1.0,demand_surge,True,1.0,demand_surge,0.0,-0.0
NoInfo,demand_surge,cs_vague_2,vague,2013,0.35,0.35,0.3,normal,False,0.35,demand_surge,0.7349999999999999,1.2039728043259361
RuleBased,demand_surge,cs_vague_2,vague,2013,0.0,0.0,1.0,demand_surge,True,1.0,demand_surge,0.0,-0.0
TFIDF_LogReg,demand_surge,cs_vague_2,vague,2013,0.29028930827069516,0.3377852734758828,0.37192541825342207,demand_surge,True,0.37192541825342207,demand_surge,0.5928444537095945,0.9890619333755795
TFIDF_LogReg_Calibrated,demand_surge,cs_vague_2,vague,2013,0.0,0.24778405102107634,0.7522159489789236,demand_surge,True,0.7522159489789236,demand_surge,0.12279387188083074,0.28473183006124
PerfectSemantic,demand_surge,cs_vague_2,vague,2013,0.0,0.0,1.0,demand_surge,True,1.0,demand_surge,0.0,-0.0
NoInfo,demand_surge,cs_vague_3,vague,2013,0.35,0.35,0.3,normal,False,0.35,demand_surge,0.7349999999999999,1.2039728043259361
RuleBased,demand_surge,cs_vague_3,vague,2013,0.0,0.0,1.0,demand_surge,True,1.0,demand_surge,0.0,-0.0
TFIDF_LogReg,demand_surge,cs_vague_3,vague,2013,0.3540121558864553,0.32230769836888046,0.32368014574466425,normal,False,0.3540121558864553,demand_surge,0.6866154042031796,1.1279994552888775
TFIDF_LogReg_Calibrated,demand_surge,cs_vague_3,vague,2013,0.43873853985992667,0.0,0.5612614601400733,demand_surge,True,0.5612614601400733,demand_surge,0.384983012716841,0.5775684211763228
PerfectSemantic,demand_surge,cs_vague_3,vague,2013,0.0,0.0,1.0,demand_surge,True,1.0,demand_surge,0.0,-0.0
NoInfo,demand_surge,cs_vague_4,vague,2013,0.35,0.35,0.3,normal,False,0.35,demand_surge,0.7349999999999999,1.2039728043259361
RuleBased,demand_surge,cs_vague_4,vague,2013,0.0,0.0,1.0,demand_surge,True,1.0,demand_surge,0.0,-0.0
TFIDF_LogReg,demand_surge,cs_vague_4,vague,2013,0.31990511097456986,0.33819228792260086,0.3419026011028292,demand_surge,True,0.3419026011028292,demand_surge,0.6498054900731971,1.0732293745774928
TFIDF_LogReg_Calibrated,demand_surge,cs_vague_4,vague,2013,0.3333333333333333,0.32678805419351414,0.33987861247315254,demand_surge,True,0.33987861247315254,demand_surge,0.6536617897450645,1.0791667472572934
PerfectSemantic,demand_surge,cs_vague_4,vague,2013,0.0,0.0,1.0,demand_surge,True,1.0,demand_surge,0.0,-0.0
NoInfo,demand_surge,cs_clear_1,clear,2014,0.35,0.35,0.3,normal,False,0.35,demand_surge,0.7349999999999999,1.2039728043259361
RuleBased,demand_surge,cs_clear_1,clear,2014,0.0,0.2857142857142857,0.7142857142857143,demand_surge,True,0.7142857142857143,demand_surge,0.16326530612244897,0.3364722366212129
TFIDF_LogReg,demand_surge,cs_clear_1,clear,2014,0.25306016922754665,0.30839962678739646,0.4385402039850568,demand_surge,True,0.4385402039850568,demand_surge,0.4743868815932216,0.8243037861160497
TFIDF_LogReg_Calibrated,demand_surge,cs_clear_1,clear,2014,0.028235133975045103,0.16019225873540613,0.8115726072895488,demand_surge,True,0.8115726072895488,demand_surge,0.06196366487299863,0.20878142309150988
PerfectSemantic,demand_surge,cs_clear_1,clear,2014,0.0,0.0,1.0,demand_surge,True,1.0,demand_surge,0.0,-0.0
NoInfo,demand_surge,cs_clear_2,clear,2014,0.35,0.35,0.3,normal,False,0.35,demand_surge,0.7349999999999999,1.2039728043259361
RuleBased,demand_surge,cs_clear_2,clear,2014,0.0,0.0,1.0,demand_surge,True,1.0,demand_surge,0.0,-0.0
TFIDF_LogReg,demand_surge,cs_clear_2,clear,2014,0.2382103439647175,0.3321256800391768,0.42966397599610573,demand_surge,True,0.42966397599610573,demand_surge,0.4923348155898453,0.8447518269585049
TFIDF_LogReg_Calibrated,demand_surge,cs_clear_2,clear,2014,0.04291673587658595,0.25678803313344095,0.7002952309899731,demand_surge,True,0.7002952309899731,demand_surge,0.15760488874619535,0.3562532742967685
PerfectSemantic,demand_surge,cs_clear_2,clear,2014,0.0,0.0,1.0,demand_surge,True,1.0,demand_surge,0.0,-0.0
NoInfo,demand_surge,cs_clear_3,clear,2014,0.35,0.35,0.3,normal,False,0.35,demand_surge,0.7349999999999999,1.2039728043259361
RuleBased,demand_surge,cs_clear_3,clear,2014,0.0,0.0,1.0,demand_surge,True,1.0,demand_surge,0.0,-0.0
TFIDF_LogReg,demand_surge,cs_clear_3,clear,2014,0.2678348108474828,0.3025752897319048,0.4295898994206125,demand_surge,True,0.4295898994206125,demand_surge,0.4886549747010401,0.8449242476546369
TFIDF_LogReg_Calibrated,demand_surge,cs_clear_3,clear,2014,0.0,0.0435500199470249,0.9564499800529752,demand_surge,True,0.9564499800529752,demand_surge,0.0037932084747725235,0.04452678623874656
PerfectSemantic,demand_surge,cs_clear_3,clear,2014,0.0,0.0,1.0,demand_surge,True,1.0,demand_surge,0.0,-0.0
NoInfo,demand_surge,cs_clear_4,clear,2014,0.35,0.35,0.3,normal,False,0.35,demand_surge,0.7349999999999999,1.2039728043259361
RuleBased,demand_surge,cs_clear_4,clear,2014,0.0,0.0,1.0,demand_surge,True,1.0,demand_surge,0.0,-0.0
TFIDF_LogReg,demand_surge,cs_clear_4,clear,2014,0.2541504656514546,0.30970972937406327,0.4361398049744822,demand_surge,True,0.4361398049744822,demand_surge,0.4784508951940216,0.8297924334202872
TFIDF_LogReg_Calibrated,demand_surge,cs_clear_4,clear,2014,0.024110660431078526,0.0,0.9758893395689214,demand_surge,True,0.9758893395689214,demand_surge,0.0011626478928455535,0.024406080586442693
PerfectSemantic,demand_surge,cs_clear_4,clear,2014,0.0,0.0,1.0,demand_surge,True,1.0,demand_surge,0.0,-0.0
NoInfo,demand_surge,cs_moderate_1,moderate,2014,0.35,0.35,0.3,normal,False,0.35,demand_surge,0.7349999999999999,1.2039728043259361
RuleBased,demand_surge,cs_moderate_1,moderate,2014,0.0,0.0,1.0,demand_surge,True,1.0,demand_surge,0.0,-0.0
TFIDF_LogReg,demand_surge,cs_moderate_1,moderate,2014,0.2562401671770621,0.28983321507626014,0.4539266177466778,demand_surge,True,0.4539266177466778,demand_surge,0.4478584546419533,0.7898197289243323
TFIDF_LogReg_Calibrated,demand_surge,cs_moderate_1,moderate,2014,0.0,0.0,1.0,demand_surge,True,1.0,demand_surge,0.0,-0.0
PerfectSemantic,demand_surge,cs_moderate_1,moderate,2014,0.0,0.0,1.0,demand_surge,True,1.0,demand_surge,0.0,-0.0
NoInfo,demand_surge,cs_moderate_2,moderate,2014,0.35,0.35,0.3,normal,False,0.35,demand_surge,0.7349999999999999,1.2039728043259361
RuleBased,demand_surge,cs_moderate_2,moderate,2014,0.0,0.0,1.0,demand_surge,True,1.0,demand_surge,0.0,-0.0
TFIDF_LogReg,demand_surge,cs_moderate_2,moderate,2014,0.3050606623633326,0.33171895681290353,0.3632203808237639,demand_surge,True,0.3632203808237639,demand_surge,0.6085877574288284,1.01274551922649
TFIDF_LogReg_Calibrated,demand_surge,cs_moderate_2,moderate,2014,0.030549867687620986,0.20374150666771496,0.765708625644664,demand_surge,True,0.765708625644664,demand_surge,0.09733634405227387,0.2669535658818914
PerfectSemantic,demand_surge,cs_moderate_2,moderate,2014,0.0,0.0,1.0,demand_surge,True,1.0,demand_surge,0.0,-0.0
NoInfo,demand_surge,cs_moderate_3,moderate,2014,0.35,0.35,0.3,normal,False,0.35,demand_surge,0.7349999999999999,1.2039728043259361
RuleBased,demand_surge,cs_moderate_3,moderate,2014,0.0,0.0,1.0,demand_surge,True,1.0,demand_surge,0.0,-0.0
TFIDF_LogReg,demand_surge,cs_moderate_3,moderate,2014,0.27367353039753234,0.3265897568841102,0.3997367127183575,demand_surge,True,0.3997367127183575,demand_surge,0.5418740846000349,0.9169491667989683
TFIDF_LogReg_Calibrated,demand_surge,cs_moderate_3,moderate,2014,0.0,0.10398220511940719,0.8960177948805929,demand_surge,True,0.8960177948805929,demand_surge,0.021624597962988934,0.10979500584661635
PerfectSemantic,demand_surge,cs_moderate_3,moderate,2014,0.0,0.0,1.0,demand_surge,True,1.0,demand_surge,0.0,-0.0
NoInfo,demand_surge,cs_moderate_4,moderate,2014,0.35,0.35,0.3,normal,False,0.35,demand_surge,0.7349999999999999,1.2039728043259361
RuleBased,demand_surge,cs_moderate_4,moderate,2014,0.0,0.33333333333333337,0.6666666666666667,demand_surge,True,0.6666666666666667,demand_surge,0.2222222222222222,0.4054651081081643
TFIDF_LogReg,demand_surge,cs_moderate_4,moderate,2014,0.2679551803248051,0.3437491372354677,0.3882956824397273,demand_surge,True,0.3882956824397273,demand_surge,0.5641456201349062,0.9459881614417255
TFIDF_LogReg_Calibrated,demand_surge,cs_moderate_4,moderate,2014,0.0,0.3339444961360196,0.6660555038639805,demand_surge,True,0.6660555038639805,demand_surge,0.22303785299907997,0.40638227277915484
PerfectSemantic,demand_surge,cs_moderate_4,moderate,2014,0.0,0.0,1.0,demand_surge,True,1.0,demand_surge,0.0,-0.0
NoInfo,demand_surge,cs_vague_1,vague,2014,0.35,0.35,0.3,normal,False,0.35,demand_surge,0.7349999999999999,1.2039728043259361
RuleBased,demand_surge,cs_vague_1,vague,2014,0.0,0.0,1.0,demand_surge,True,1.0,demand_surge,0.0,-0.0
TFIDF_LogReg,demand_surge,cs_vague_1,vague,2014,0.3840830589921588,0.28143683465626657,0.3344801063515746,normal,False,0.3840830589921588,demand_surge,0.6696432169479244,1.0951778739729399
TFIDF_LogReg_Calibrated,demand_surge,cs_vague_1,vague,2014,0.7480233048643404,0.0,0.2519766951356595,normal,False,0.7480233048643404,demand_surge,1.11907772924034,1.3784186753676162
PerfectSemantic,demand_surge,cs_vague_1,vague,2014,0.0,0.0,1.0,demand_surge,True,1.0,demand_surge,0.0,-0.0
NoInfo,demand_surge,cs_vague_2,vague,2014,0.35,0.35,0.3,normal,False,0.35,demand_surge,0.7349999999999999,1.2039728043259361
RuleBased,demand_surge,cs_vague_2,vague,2014,0.0,0.0,1.0,demand_surge,True,1.0,demand_surge,0.0,-0.0
TFIDF_LogReg,demand_surge,cs_vague_2,vague,2014,0.29028930827069516,0.3377852734758828,0.37192541825342207,demand_surge,True,0.37192541825342207,demand_surge,0.5928444537095945,0.9890619333755795
TFIDF_LogReg_Calibrated,demand_surge,cs_vague_2,vague,2014,0.0,0.24778405102107634,0.7522159489789236,demand_surge,True,0.7522159489789236,demand_surge,0.12279387188083074,0.28473183006124
PerfectSemantic,demand_surge,cs_vague_2,vague,2014,0.0,0.0,1.0,demand_surge,True,1.0,demand_surge,0.0,-0.0
NoInfo,demand_surge,cs_vague_3,vague,2014,0.35,0.35,0.3,normal,False,0.35,demand_surge,0.7349999999999999,1.2039728043259361
RuleBased,demand_surge,cs_vague_3,vague,2014,0.0,0.0,1.0,demand_surge,True,1.0,demand_surge,0.0,-0.0
TFIDF_LogReg,demand_surge,cs_vague_3,vague,2014,0.3540121558864553,0.32230769836888046,0.32368014574466425,normal,False,0.3540121558864553,demand_surge,0.6866154042031796,1.1279994552888775
TFIDF_LogReg_Calibrated,demand_surge,cs_vague_3,vague,2014,0.43873853985992667,0.0,0.5612614601400733,demand_surge,True,0.5612614601400733,demand_surge,0.384983012716841,0.5775684211763228
PerfectSemantic,demand_surge,cs_vague_3,vague,2014,0.0,0.0,1.0,demand_surge,True,1.0,demand_surge,0.0,-0.0
NoInfo,demand_surge,cs_vague_4,vague,2014,0.35,0.35,0.3,normal,False,0.35,demand_surge,0.7349999999999999,1.2039728043259361
RuleBased,demand_surge,cs_vague_4,vague,2014,0.0,0.0,1.0,demand_surge,True,1.0,demand_surge,0.0,-0.0
TFIDF_LogReg,demand_surge,cs_vague_4,vague,2014,0.31990511097456986,0.33819228792260086,0.3419026011028292,demand_surge,True,0.3419026011028292,demand_surge,0.6498054900731971,1.0732293745774928
TFIDF_LogReg_Calibrated,demand_surge,cs_vague_4,vague,2014,0.3333333333333333,0.32678805419351414,0.33987861247315254,demand_surge,True,0.33987861247315254,demand_surge,0.6536617897450645,1.0791667472572934
PerfectSemantic,demand_surge,cs_vague_4,vague,2014,0.0,0.0,1.0,demand_surge,True,1.0,demand_surge,0.0,-0.0
NoInfo,demand_surge,cs_clear_1,clear,2015,0.35,0.35,0.3,normal,False,0.35,demand_surge,0.7349999999999999,1.2039728043259361
RuleBased,demand_surge,cs_clear_1,clear,2015,0.0,0.2857142857142857,0.7142857142857143,demand_surge,True,0.7142857142857143,demand_surge,0.16326530612244897,0.3364722366212129
TFIDF_LogReg,demand_surge,cs_clear_1,clear,2015,0.25306016922754665,0.30839962678739646,0.4385402039850568,demand_surge,True,0.4385402039850568,demand_surge,0.4743868815932216,0.8243037861160497
TFIDF_LogReg_Calibrated,demand_surge,cs_clear_1,clear,2015,0.028235133975045103,0.16019225873540613,0.8115726072895488,demand_surge,True,0.8115726072895488,demand_surge,0.06196366487299863,0.20878142309150988
PerfectSemantic,demand_surge,cs_clear_1,clear,2015,0.0,0.0,1.0,demand_surge,True,1.0,demand_surge,0.0,-0.0
NoInfo,demand_surge,cs_clear_2,clear,2015,0.35,0.35,0.3,normal,False,0.35,demand_surge,0.7349999999999999,1.2039728043259361
RuleBased,demand_surge,cs_clear_2,clear,2015,0.0,0.0,1.0,demand_surge,True,1.0,demand_surge,0.0,-0.0
TFIDF_LogReg,demand_surge,cs_clear_2,clear,2015,0.2382103439647175,0.3321256800391768,0.42966397599610573,demand_surge,True,0.42966397599610573,demand_surge,0.4923348155898453,0.8447518269585049
TFIDF_LogReg_Calibrated,demand_surge,cs_clear_2,clear,2015,0.04291673587658595,0.25678803313344095,0.7002952309899731,demand_surge,True,0.7002952309899731,demand_surge,0.15760488874619535,0.3562532742967685
PerfectSemantic,demand_surge,cs_clear_2,clear,2015,0.0,0.0,1.0,demand_surge,True,1.0,demand_surge,0.0,-0.0
NoInfo,demand_surge,cs_clear_3,clear,2015,0.35,0.35,0.3,normal,False,0.35,demand_surge,0.7349999999999999,1.2039728043259361
RuleBased,demand_surge,cs_clear_3,clear,2015,0.0,0.0,1.0,demand_surge,True,1.0,demand_surge,0.0,-0.0
TFIDF_LogReg,demand_surge,cs_clear_3,clear,2015,0.2678348108474828,0.3025752897319048,0.4295898994206125,demand_surge,True,0.4295898994206125,demand_surge,0.4886549747010401,0.8449242476546369
TFIDF_LogReg_Calibrated,demand_surge,cs_clear_3,clear,2015,0.0,0.0435500199470249,0.9564499800529752,demand_surge,True,0.9564499800529752,demand_surge,0.0037932084747725235,0.04452678623874656
PerfectSemantic,demand_surge,cs_clear_3,clear,2015,0.0,0.0,1.0,demand_surge,True,1.0,demand_surge,0.0,-0.0
NoInfo,demand_surge,cs_clear_4,clear,2015,0.35,0.35,0.3,normal,False,0.35,demand_surge,0.7349999999999999,1.2039728043259361
RuleBased,demand_surge,cs_clear_4,clear,2015,0.0,0.0,1.0,demand_surge,True,1.0,demand_surge,0.0,-0.0
TFIDF_LogReg,demand_surge,cs_clear_4,clear,2015,0.2541504656514546,0.30970972937406327,0.4361398049744822,demand_surge,True,0.4361398049744822,demand_surge,0.4784508951940216,0.8297924334202872
TFIDF_LogReg_Calibrated,demand_surge,cs_clear_4,clear,2015,0.024110660431078526,0.0,0.9758893395689214,demand_surge,True,0.9758893395689214,demand_surge,0.0011626478928455535,0.024406080586442693
PerfectSemantic,demand_surge,cs_clear_4,clear,2015,0.0,0.0,1.0,demand_surge,True,1.0,demand_surge,0.0,-0.0
NoInfo,demand_surge,cs_moderate_1,moderate,2015,0.35,0.35,0.3,normal,False,0.35,demand_surge,0.7349999999999999,1.2039728043259361
RuleBased,demand_surge,cs_moderate_1,moderate,2015,0.0,0.0,1.0,demand_surge,True,1.0,demand_surge,0.0,-0.0
TFIDF_LogReg,demand_surge,cs_moderate_1,moderate,2015,0.2562401671770621,0.28983321507626014,0.4539266177466778,demand_surge,True,0.4539266177466778,demand_surge,0.4478584546419533,0.7898197289243323
TFIDF_LogReg_Calibrated,demand_surge,cs_moderate_1,moderate,2015,0.0,0.0,1.0,demand_surge,True,1.0,demand_surge,0.0,-0.0
PerfectSemantic,demand_surge,cs_moderate_1,moderate,2015,0.0,0.0,1.0,demand_surge,True,1.0,demand_surge,0.0,-0.0
NoInfo,demand_surge,cs_moderate_2,moderate,2015,0.35,0.35,0.3,normal,False,0.35,demand_surge,0.7349999999999999,1.2039728043259361
RuleBased,demand_surge,cs_moderate_2,moderate,2015,0.0,0.0,1.0,demand_surge,True,1.0,demand_surge,0.0,-0.0
TFIDF_LogReg,demand_surge,cs_moderate_2,moderate,2015,0.3050606623633326,0.33171895681290353,0.3632203808237639,demand_surge,True,0.3632203808237639,demand_surge,0.6085877574288284,1.01274551922649
TFIDF_LogReg_Calibrated,demand_surge,cs_moderate_2,moderate,2015,0.030549867687620986,0.20374150666771496,0.765708625644664,demand_surge,True,0.765708625644664,demand_surge,0.09733634405227387,0.2669535658818914
PerfectSemantic,demand_surge,cs_moderate_2,moderate,2015,0.0,0.0,1.0,demand_surge,True,1.0,demand_surge,0.0,-0.0
NoInfo,demand_surge,cs_moderate_3,moderate,2015,0.35,0.35,0.3,normal,False,0.35,demand_surge,0.7349999999999999,1.2039728043259361
RuleBased,demand_surge,cs_moderate_3,moderate,2015,0.0,0.0,1.0,demand_surge,True,1.0,demand_surge,0.0,-0.0
TFIDF_LogReg,demand_surge,cs_moderate_3,moderate,2015,0.27367353039753234,0.3265897568841102,0.3997367127183575,demand_surge,True,0.3997367127183575,demand_surge,0.5418740846000349,0.9169491667989683
TFIDF_LogReg_Calibrated,demand_surge,cs_moderate_3,moderate,2015,0.0,0.10398220511940719,0.8960177948805929,demand_surge,True,0.8960177948805929,demand_surge,0.021624597962988934,0.10979500584661635
PerfectSemantic,demand_surge,cs_moderate_3,moderate,2015,0.0,0.0,1.0,demand_surge,True,1.0,demand_surge,0.0,-0.0
NoInfo,demand_surge,cs_moderate_4,moderate,2015,0.35,0.35,0.3,normal,False,0.35,demand_surge,0.7349999999999999,1.2039728043259361
RuleBased,demand_surge,cs_moderate_4,moderate,2015,0.0,0.33333333333333337,0.6666666666666667,demand_surge,True,0.6666666666666667,demand_surge,0.2222222222222222,0.4054651081081643
TFIDF_LogReg,demand_surge,cs_moderate_4,moderate,2015,0.2679551803248051,0.3437491372354677,0.3882956824397273,demand_surge,True,0.3882956824397273,demand_surge,0.5641456201349062,0.9459881614417255
TFIDF_LogReg_Calibrated,demand_surge,cs_moderate_4,moderate,2015,0.0,0.3339444961360196,0.6660555038639805,demand_surge,True,0.6660555038639805,demand_surge,0.22303785299907997,0.40638227277915484
PerfectSemantic,demand_surge,cs_moderate_4,moderate,2015,0.0,0.0,1.0,demand_surge,True,1.0,demand_surge,0.0,-0.0
NoInfo,demand_surge,cs_vague_1,vague,2015,0.35,0.35,0.3,normal,False,0.35,demand_surge,0.7349999999999999,1.2039728043259361
RuleBased,demand_surge,cs_vague_1,vague,2015,0.0,0.0,1.0,demand_surge,True,1.0,demand_surge,0.0,-0.0
TFIDF_LogReg,demand_surge,cs_vague_1,vague,2015,0.3840830589921588,0.28143683465626657,0.3344801063515746,normal,False,0.3840830589921588,demand_surge,0.6696432169479244,1.0951778739729399
TFIDF_LogReg_Calibrated,demand_surge,cs_vague_1,vague,2015,0.7480233048643404,0.0,0.2519766951356595,normal,False,0.7480233048643404,demand_surge,1.11907772924034,1.3784186753676162
PerfectSemantic,demand_surge,cs_vague_1,vague,2015,0.0,0.0,1.0,demand_surge,True,1.0,demand_surge,0.0,-0.0
NoInfo,demand_surge,cs_vague_2,vague,2015,0.35,0.35,0.3,normal,False,0.35,demand_surge,0.7349999999999999,1.2039728043259361
RuleBased,demand_surge,cs_vague_2,vague,2015,0.0,0.0,1.0,demand_surge,True,1.0,demand_surge,0.0,-0.0
TFIDF_LogReg,demand_surge,cs_vague_2,vague,2015,0.29028930827069516,0.3377852734758828,0.37192541825342207,demand_surge,True,0.37192541825342207,demand_surge,0.5928444537095945,0.9890619333755795
TFIDF_LogReg_Calibrated,demand_surge,cs_vague_2,vague,2015,0.0,0.24778405102107634,0.7522159489789236,demand_surge,True,0.7522159489789236,demand_surge,0.12279387188083074,0.28473183006124
PerfectSemantic,demand_surge,cs_vague_2,vague,2015,0.0,0.0,1.0,demand_surge,True,1.0,demand_surge,0.0,-0.0
NoInfo,demand_surge,cs_vague_3,vague,2015,0.35,0.35,0.3,normal,False,0.35,demand_surge,0.7349999999999999,1.2039728043259361
RuleBased,demand_surge,cs_vague_3,vague,2015,0.0,0.0,1.0,demand_surge,True,1.0,demand_surge,0.0,-0.0
TFIDF_LogReg,demand_surge,cs_vague_3,vague,2015,0.3540121558864553,0.32230769836888046,0.32368014574466425,normal,False,0.3540121558864553,demand_surge,0.6866154042031796,1.1279994552888775
TFIDF_LogReg_Calibrated,demand_surge,cs_vague_3,vague,2015,0.43873853985992667,0.0,0.5612614601400733,demand_surge,True,0.5612614601400733,demand_surge,0.384983012716841,0.5775684211763228
PerfectSemantic,demand_surge,cs_vague_3,vague,2015,0.0,0.0,1.0,demand_surge,True,1.0,demand_surge,0.0,-0.0
NoInfo,demand_surge,cs_vague_4,vague,2015,0.35,0.35,0.3,normal,False,0.35,demand_surge,0.7349999999999999,1.2039728043259361
RuleBased,demand_surge,cs_vague_4,vague,2015,0.0,0.0,1.0,demand_surge,True,1.0,demand_surge,0.0,-0.0
TFIDF_LogReg,demand_surge,cs_vague_4,vague,2015,0.31990511097456986,0.33819228792260086,0.3419026011028292,demand_surge,True,0.3419026011028292,demand_surge,0.6498054900731971,1.0732293745774928
TFIDF_LogReg_Calibrated,demand_surge,cs_vague_4,vague,2015,0.3333333333333333,0.32678805419351414,0.33987861247315254,demand_surge,True,0.33987861247315254,demand_surge,0.6536617897450645,1.0791667472572934
PerfectSemantic,demand_surge,cs_vague_4,vague,2015,0.0,0.0,1.0,demand_surge,True,1.0,demand_surge,0.0,-0.0
NoInfo,demand_surge,cs_clear_1,clear,2016,0.35,0.35,0.3,normal,False,0.35,demand_surge,0.7349999999999999,1.2039728043259361
RuleBased,demand_surge,cs_clear_1,clear,2016,0.0,0.2857142857142857,0.7142857142857143,demand_surge,True,0.7142857142857143,demand_surge,0.16326530612244897,0.3364722366212129
TFIDF_LogReg,demand_surge,cs_clear_1,clear,2016,0.25306016922754665,0.30839962678739646,0.4385402039850568,demand_surge,True,0.4385402039850568,demand_surge,0.4743868815932216,0.8243037861160497
TFIDF_LogReg_Calibrated,demand_surge,cs_clear_1,clear,2016,0.028235133975045103,0.16019225873540613,0.8115726072895488,demand_surge,True,0.8115726072895488,demand_surge,0.06196366487299863,0.20878142309150988
PerfectSemantic,demand_surge,cs_clear_1,clear,2016,0.0,0.0,1.0,demand_surge,True,1.0,demand_surge,0.0,-0.0
NoInfo,demand_surge,cs_clear_2,clear,2016,0.35,0.35,0.3,normal,False,0.35,demand_surge,0.7349999999999999,1.2039728043259361
RuleBased,demand_surge,cs_clear_2,clear,2016,0.0,0.0,1.0,demand_surge,True,1.0,demand_surge,0.0,-0.0
TFIDF_LogReg,demand_surge,cs_clear_2,clear,2016,0.2382103439647175,0.3321256800391768,0.42966397599610573,demand_surge,True,0.42966397599610573,demand_surge,0.4923348155898453,0.8447518269585049
TFIDF_LogReg_Calibrated,demand_surge,cs_clear_2,clear,2016,0.04291673587658595,0.25678803313344095,0.7002952309899731,demand_surge,True,0.7002952309899731,demand_surge,0.15760488874619535,0.3562532742967685
PerfectSemantic,demand_surge,cs_clear_2,clear,2016,0.0,0.0,1.0,demand_surge,True,1.0,demand_surge,0.0,-0.0
NoInfo,demand_surge,cs_clear_3,clear,2016,0.35,0.35,0.3,normal,False,0.35,demand_surge,0.7349999999999999,1.2039728043259361
RuleBased,demand_surge,cs_clear_3,clear,2016,0.0,0.0,1.0,demand_surge,True,1.0,demand_surge,0.0,-0.0
TFIDF_LogReg,demand_surge,cs_clear_3,clear,2016,0.2678348108474828,0.3025752897319048,0.4295898994206125,demand_surge,True,0.4295898994206125,demand_surge,0.4886549747010401,0.8449242476546369
TFIDF_LogReg_Calibrated,demand_surge,cs_clear_3,clear,2016,0.0,0.0435500199470249,0.9564499800529752,demand_surge,True,0.9564499800529752,demand_surge,0.0037932084747725235,0.04452678623874656
PerfectSemantic,demand_surge,cs_clear_3,clear,2016,0.0,0.0,1.0,demand_surge,True,1.0,demand_surge,0.0,-0.0
NoInfo,demand_surge,cs_clear_4,clear,2016,0.35,0.35,0.3,normal,False,0.35,demand_surge,0.7349999999999999,1.2039728043259361
RuleBased,demand_surge,cs_clear_4,clear,2016,0.0,0.0,1.0,demand_surge,True,1.0,demand_surge,0.0,-0.0
TFIDF_LogReg,demand_surge,cs_clear_4,clear,2016,0.2541504656514546,0.30970972937406327,0.4361398049744822,demand_surge,True,0.4361398049744822,demand_surge,0.4784508951940216,0.8297924334202872
TFIDF_LogReg_Calibrated,demand_surge,cs_clear_4,clear,2016,0.024110660431078526,0.0,0.9758893395689214,demand_surge,True,0.9758893395689214,demand_surge,0.0011626478928455535,0.024406080586442693
PerfectSemantic,demand_surge,cs_clear_4,clear,2016,0.0,0.0,1.0,demand_surge,True,1.0,demand_surge,0.0,-0.0
NoInfo,demand_surge,cs_moderate_1,moderate,2016,0.35,0.35,0.3,normal,False,0.35,demand_surge,0.7349999999999999,1.2039728043259361
RuleBased,demand_surge,cs_moderate_1,moderate,2016,0.0,0.0,1.0,demand_surge,True,1.0,demand_surge,0.0,-0.0
TFIDF_LogReg,demand_surge,cs_moderate_1,moderate,2016,0.2562401671770621,0.28983321507626014,0.4539266177466778,demand_surge,True,0.4539266177466778,demand_surge,0.4478584546419533,0.7898197289243323
TFIDF_LogReg_Calibrated,demand_surge,cs_moderate_1,moderate,2016,0.0,0.0,1.0,demand_surge,True,1.0,demand_surge,0.0,-0.0
PerfectSemantic,demand_surge,cs_moderate_1,moderate,2016,0.0,0.0,1.0,demand_surge,True,1.0,demand_surge,0.0,-0.0
NoInfo,demand_surge,cs_moderate_2,moderate,2016,0.35,0.35,0.3,normal,False,0.35,demand_surge,0.7349999999999999,1.2039728043259361
RuleBased,demand_surge,cs_moderate_2,moderate,2016,0.0,0.0,1.0,demand_surge,True,1.0,demand_surge,0.0,-0.0
TFIDF_LogReg,demand_surge,cs_moderate_2,moderate,2016,0.3050606623633326,0.33171895681290353,0.3632203808237639,demand_surge,True,0.3632203808237639,demand_surge,0.6085877574288284,1.01274551922649
TFIDF_LogReg_Calibrated,demand_surge,cs_moderate_2,moderate,2016,0.030549867687620986,0.20374150666771496,0.765708625644664,demand_surge,True,0.765708625644664,demand_surge,0.09733634405227387,0.2669535658818914
PerfectSemantic,demand_surge,cs_moderate_2,moderate,2016,0.0,0.0,1.0,demand_surge,True,1.0,demand_surge,0.0,-0.0
NoInfo,demand_surge,cs_moderate_3,moderate,2016,0.35,0.35,0.3,normal,False,0.35,demand_surge,0.7349999999999999,1.2039728043259361
RuleBased,demand_surge,cs_moderate_3,moderate,2016,0.0,0.0,1.0,demand_surge,True,1.0,demand_surge,0.0,-0.0
TFIDF_LogReg,demand_surge,cs_moderate_3,moderate,2016,0.27367353039753234,0.3265897568841102,0.3997367127183575,demand_surge,True,0.3997367127183575,demand_surge,0.5418740846000349,0.9169491667989683
TFIDF_LogReg_Calibrated,demand_surge,cs_moderate_3,moderate,2016,0.0,0.10398220511940719,0.8960177948805929,demand_surge,True,0.8960177948805929,demand_surge,0.021624597962988934,0.10979500584661635
PerfectSemantic,demand_surge,cs_moderate_3,moderate,2016,0.0,0.0,1.0,demand_surge,True,1.0,demand_surge,0.0,-0.0
NoInfo,demand_surge,cs_moderate_4,moderate,2016,0.35,0.35,0.3,normal,False,0.35,demand_surge,0.7349999999999999,1.2039728043259361
RuleBased,demand_surge,cs_moderate_4,moderate,2016,0.0,0.33333333333333337,0.6666666666666667,demand_surge,True,0.6666666666666667,demand_surge,0.2222222222222222,0.4054651081081643
TFIDF_LogReg,demand_surge,cs_moderate_4,moderate,2016,0.2679551803248051,0.3437491372354677,0.3882956824397273,demand_surge,True,0.3882956824397273,demand_surge,0.5641456201349062,0.9459881614417255
TFIDF_LogReg_Calibrated,demand_surge,cs_moderate_4,moderate,2016,0.0,0.3339444961360196,0.6660555038639805,demand_surge,True,0.6660555038639805,demand_surge,0.22303785299907997,0.40638227277915484
PerfectSemantic,demand_surge,cs_moderate_4,moderate,2016,0.0,0.0,1.0,demand_surge,True,1.0,demand_surge,0.0,-0.0
NoInfo,demand_surge,cs_vague_1,vague,2016,0.35,0.35,0.3,normal,False,0.35,demand_surge,0.7349999999999999,1.2039728043259361
RuleBased,demand_surge,cs_vague_1,vague,2016,0.0,0.0,1.0,demand_surge,True,1.0,demand_surge,0.0,-0.0
TFIDF_LogReg,demand_surge,cs_vague_1,vague,2016,0.3840830589921588,0.28143683465626657,0.3344801063515746,normal,False,0.3840830589921588,demand_surge,0.6696432169479244,1.0951778739729399
TFIDF_LogReg_Calibrated,demand_surge,cs_vague_1,vague,2016,0.7480233048643404,0.0,0.2519766951356595,normal,False,0.7480233048643404,demand_surge,1.11907772924034,1.3784186753676162
PerfectSemantic,demand_surge,cs_vague_1,vague,2016,0.0,0.0,1.0,demand_surge,True,1.0,demand_surge,0.0,-0.0
NoInfo,demand_surge,cs_vague_2,vague,2016,0.35,0.35,0.3,normal,False,0.35,demand_surge,0.7349999999999999,1.2039728043259361
RuleBased,demand_surge,cs_vague_2,vague,2016,0.0,0.0,1.0,demand_surge,True,1.0,demand_surge,0.0,-0.0
TFIDF_LogReg,demand_surge,cs_vague_2,vague,2016,0.29028930827069516,0.3377852734758828,0.37192541825342207,demand_surge,True,0.37192541825342207,demand_surge,0.5928444537095945,0.9890619333755795
TFIDF_LogReg_Calibrated,demand_surge,cs_vague_2,vague,2016,0.0,0.24778405102107634,0.7522159489789236,demand_surge,True,0.7522159489789236,demand_surge,0.12279387188083074,0.28473183006124
PerfectSemantic,demand_surge,cs_vague_2,vague,2016,0.0,0.0,1.0,demand_surge,True,1.0,demand_surge,0.0,-0.0
NoInfo,demand_surge,cs_vague_3,vague,2016,0.35,0.35,0.3,normal,False,0.35,demand_surge,0.7349999999999999,1.2039728043259361
RuleBased,demand_surge,cs_vague_3,vague,2016,0.0,0.0,1.0,demand_surge,True,1.0,demand_surge,0.0,-0.0
TFIDF_LogReg,demand_surge,cs_vague_3,vague,2016,0.3540121558864553,0.32230769836888046,0.32368014574466425,normal,False,0.3540121558864553,demand_surge,0.6866154042031796,1.1279994552888775
TFIDF_LogReg_Calibrated,demand_surge,cs_vague_3,vague,2016,0.43873853985992667,0.0,0.5612614601400733,demand_surge,True,0.5612614601400733,demand_surge,0.384983012716841,0.5775684211763228
PerfectSemantic,demand_surge,cs_vague_3,vague,2016,0.0,0.0,1.0,demand_surge,True,1.0,demand_surge,0.0,-0.0
NoInfo,demand_surge,cs_vague_4,vague,2016,0.35,0.35,0.3,normal,False,0.35,demand_surge,0.7349999999999999,1.2039728043259361
RuleBased,demand_surge,cs_vague_4,vague,2016,0.0,0.0,1.0,demand_surge,True,1.0,demand_surge,0.0,-0.0
TFIDF_LogReg,demand_surge,cs_vague_4,vague,2016,0.31990511097456986,0.33819228792260086,0.3419026011028292,demand_surge,True,0.3419026011028292,demand_surge,0.6498054900731971,1.0732293745774928
TFIDF_LogReg_Calibrated,demand_surge,cs_vague_4,vague,2016,0.3333333333333333,0.32678805419351414,0.33987861247315254,demand_surge,True,0.33987861247315254,demand_surge,0.6536617897450645,1.0791667472572934
PerfectSemantic,demand_surge,cs_vague_4,vague,2016,0.0,0.0,1.0,demand_surge,True,1.0,demand_surge,0.0,-0.0
NoInfo,demand_surge,cs_clear_1,clear,2017,0.35,0.35,0.3,normal,False,0.35,demand_surge,0.7349999999999999,1.2039728043259361
RuleBased,demand_surge,cs_clear_1,clear,2017,0.0,0.2857142857142857,0.7142857142857143,demand_surge,True,0.7142857142857143,demand_surge,0.16326530612244897,0.3364722366212129
TFIDF_LogReg,demand_surge,cs_clear_1,clear,2017,0.25306016922754665,0.30839962678739646,0.4385402039850568,demand_surge,True,0.4385402039850568,demand_surge,0.4743868815932216,0.8243037861160497
TFIDF_LogReg_Calibrated,demand_surge,cs_clear_1,clear,2017,0.028235133975045103,0.16019225873540613,0.8115726072895488,demand_surge,True,0.8115726072895488,demand_surge,0.06196366487299863,0.20878142309150988
PerfectSemantic,demand_surge,cs_clear_1,clear,2017,0.0,0.0,1.0,demand_surge,True,1.0,demand_surge,0.0,-0.0
NoInfo,demand_surge,cs_clear_2,clear,2017,0.35,0.35,0.3,normal,False,0.35,demand_surge,0.7349999999999999,1.2039728043259361
RuleBased,demand_surge,cs_clear_2,clear,2017,0.0,0.0,1.0,demand_surge,True,1.0,demand_surge,0.0,-0.0
TFIDF_LogReg,demand_surge,cs_clear_2,clear,2017,0.2382103439647175,0.3321256800391768,0.42966397599610573,demand_surge,True,0.42966397599610573,demand_surge,0.4923348155898453,0.8447518269585049
TFIDF_LogReg_Calibrated,demand_surge,cs_clear_2,clear,2017,0.04291673587658595,0.25678803313344095,0.7002952309899731,demand_surge,True,0.7002952309899731,demand_surge,0.15760488874619535,0.3562532742967685
PerfectSemantic,demand_surge,cs_clear_2,clear,2017,0.0,0.0,1.0,demand_surge,True,1.0,demand_surge,0.0,-0.0
NoInfo,demand_surge,cs_clear_3,clear,2017,0.35,0.35,0.3,normal,False,0.35,demand_surge,0.7349999999999999,1.2039728043259361
RuleBased,demand_surge,cs_clear_3,clear,2017,0.0,0.0,1.0,demand_surge,True,1.0,demand_surge,0.0,-0.0
TFIDF_LogReg,demand_surge,cs_clear_3,clear,2017,0.2678348108474828,0.3025752897319048,0.4295898994206125,demand_surge,True,0.4295898994206125,demand_surge,0.4886549747010401,0.8449242476546369
TFIDF_LogReg_Calibrated,demand_surge,cs_clear_3,clear,2017,0.0,0.0435500199470249,0.9564499800529752,demand_surge,True,0.9564499800529752,demand_surge,0.0037932084747725235,0.04452678623874656
PerfectSemantic,demand_surge,cs_clear_3,clear,2017,0.0,0.0,1.0,demand_surge,True,1.0,demand_surge,0.0,-0.0
NoInfo,demand_surge,cs_clear_4,clear,2017,0.35,0.35,0.3,normal,False,0.35,demand_surge,0.7349999999999999,1.2039728043259361
RuleBased,demand_surge,cs_clear_4,clear,2017,0.0,0.0,1.0,demand_surge,True,1.0,demand_surge,0.0,-0.0
TFIDF_LogReg,demand_surge,cs_clear_4,clear,2017,0.2541504656514546,0.30970972937406327,0.4361398049744822,demand_surge,True,0.4361398049744822,demand_surge,0.4784508951940216,0.8297924334202872
TFIDF_LogReg_Calibrated,demand_surge,cs_clear_4,clear,2017,0.024110660431078526,0.0,0.9758893395689214,demand_surge,True,0.9758893395689214,demand_surge,0.0011626478928455535,0.024406080586442693
PerfectSemantic,demand_surge,cs_clear_4,clear,2017,0.0,0.0,1.0,demand_surge,True,1.0,demand_surge,0.0,-0.0
NoInfo,demand_surge,cs_moderate_1,moderate,2017,0.35,0.35,0.3,normal,False,0.35,demand_surge,0.7349999999999999,1.2039728043259361
RuleBased,demand_surge,cs_moderate_1,moderate,2017,0.0,0.0,1.0,demand_surge,True,1.0,demand_surge,0.0,-0.0
TFIDF_LogReg,demand_surge,cs_moderate_1,moderate,2017,0.2562401671770621,0.28983321507626014,0.4539266177466778,demand_surge,True,0.4539266177466778,demand_surge,0.4478584546419533,0.7898197289243323
TFIDF_LogReg_Calibrated,demand_surge,cs_moderate_1,moderate,2017,0.0,0.0,1.0,demand_surge,True,1.0,demand_surge,0.0,-0.0
PerfectSemantic,demand_surge,cs_moderate_1,moderate,2017,0.0,0.0,1.0,demand_surge,True,1.0,demand_surge,0.0,-0.0
NoInfo,demand_surge,cs_moderate_2,moderate,2017,0.35,0.35,0.3,normal,False,0.35,demand_surge,0.7349999999999999,1.2039728043259361
RuleBased,demand_surge,cs_moderate_2,moderate,2017,0.0,0.0,1.0,demand_surge,True,1.0,demand_surge,0.0,-0.0
TFIDF_LogReg,demand_surge,cs_moderate_2,moderate,2017,0.3050606623633326,0.33171895681290353,0.3632203808237639,demand_surge,True,0.3632203808237639,demand_surge,0.6085877574288284,1.01274551922649
TFIDF_LogReg_Calibrated,demand_surge,cs_moderate_2,moderate,2017,0.030549867687620986,0.20374150666771496,0.765708625644664,demand_surge,True,0.765708625644664,demand_surge,0.09733634405227387,0.2669535658818914
PerfectSemantic,demand_surge,cs_moderate_2,moderate,2017,0.0,0.0,1.0,demand_surge,True,1.0,demand_surge,0.0,-0.0
NoInfo,demand_surge,cs_moderate_3,moderate,2017,0.35,0.35,0.3,normal,False,0.35,demand_surge,0.7349999999999999,1.2039728043259361
RuleBased,demand_surge,cs_moderate_3,moderate,2017,0.0,0.0,1.0,demand_surge,True,1.0,demand_surge,0.0,-0.0
TFIDF_LogReg,demand_surge,cs_moderate_3,moderate,2017,0.27367353039753234,0.3265897568841102,0.3997367127183575,demand_surge,True,0.3997367127183575,demand_surge,0.5418740846000349,0.9169491667989683
TFIDF_LogReg_Calibrated,demand_surge,cs_moderate_3,moderate,2017,0.0,0.10398220511940719,0.8960177948805929,demand_surge,True,0.8960177948805929,demand_surge,0.021624597962988934,0.10979500584661635
PerfectSemantic,demand_surge,cs_moderate_3,moderate,2017,0.0,0.0,1.0,demand_surge,True,1.0,demand_surge,0.0,-0.0
NoInfo,demand_surge,cs_moderate_4,moderate,2017,0.35,0.35,0.3,normal,False,0.35,demand_surge,0.7349999999999999,1.2039728043259361
RuleBased,demand_surge,cs_moderate_4,moderate,2017,0.0,0.33333333333333337,0.6666666666666667,demand_surge,True,0.6666666666666667,demand_surge,0.2222222222222222,0.4054651081081643
TFIDF_LogReg,demand_surge,cs_moderate_4,moderate,2017,0.2679551803248051,0.3437491372354677,0.3882956824397273,demand_surge,True,0.3882956824397273,demand_surge,0.5641456201349062,0.9459881614417255
TFIDF_LogReg_Calibrated,demand_surge,cs_moderate_4,moderate,2017,0.0,0.3339444961360196,0.6660555038639805,demand_surge,True,0.6660555038639805,demand_surge,0.22303785299907997,0.40638227277915484
PerfectSemantic,demand_surge,cs_moderate_4,moderate,2017,0.0,0.0,1.0,demand_surge,True,1.0,demand_surge,0.0,-0.0
NoInfo,demand_surge,cs_vague_1,vague,2017,0.35,0.35,0.3,normal,False,0.35,demand_surge,0.7349999999999999,1.2039728043259361
RuleBased,demand_surge,cs_vague_1,vague,2017,0.0,0.0,1.0,demand_surge,True,1.0,demand_surge,0.0,-0.0
TFIDF_LogReg,demand_surge,cs_vague_1,vague,2017,0.3840830589921588,0.28143683465626657,0.3344801063515746,normal,False,0.3840830589921588,demand_surge,0.6696432169479244,1.0951778739729399
TFIDF_LogReg_Calibrated,demand_surge,cs_vague_1,vague,2017,0.7480233048643404,0.0,0.2519766951356595,normal,False,0.7480233048643404,demand_surge,1.11907772924034,1.3784186753676162
PerfectSemantic,demand_surge,cs_vague_1,vague,2017,0.0,0.0,1.0,demand_surge,True,1.0,demand_surge,0.0,-0.0
NoInfo,demand_surge,cs_vague_2,vague,2017,0.35,0.35,0.3,normal,False,0.35,demand_surge,0.7349999999999999,1.2039728043259361
RuleBased,demand_surge,cs_vague_2,vague,2017,0.0,0.0,1.0,demand_surge,True,1.0,demand_surge,0.0,-0.0
TFIDF_LogReg,demand_surge,cs_vague_2,vague,2017,0.29028930827069516,0.3377852734758828,0.37192541825342207,demand_surge,True,0.37192541825342207,demand_surge,0.5928444537095945,0.9890619333755795
TFIDF_LogReg_Calibrated,demand_surge,cs_vague_2,vague,2017,0.0,0.24778405102107634,0.7522159489789236,demand_surge,True,0.7522159489789236,demand_surge,0.12279387188083074,0.28473183006124
PerfectSemantic,demand_surge,cs_vague_2,vague,2017,0.0,0.0,1.0,demand_surge,True,1.0,demand_surge,0.0,-0.0
NoInfo,demand_surge,cs_vague_3,vague,2017,0.35,0.35,0.3,normal,False,0.35,demand_surge,0.7349999999999999,1.2039728043259361
RuleBased,demand_surge,cs_vague_3,vague,2017,0.0,0.0,1.0,demand_surge,True,1.0,demand_surge,0.0,-0.0
TFIDF_LogReg,demand_surge,cs_vague_3,vague,2017,0.3540121558864553,0.32230769836888046,0.32368014574466425,normal,False,0.3540121558864553,demand_surge,0.6866154042031796,1.1279994552888775
TFIDF_LogReg_Calibrated,demand_surge,cs_vague_3,vague,2017,0.43873853985992667,0.0,0.5612614601400733,demand_surge,True,0.5612614601400733,demand_surge,0.384983012716841,0.5775684211763228
PerfectSemantic,demand_surge,cs_vague_3,vague,2017,0.0,0.0,1.0,demand_surge,True,1.0,demand_surge,0.0,-0.0
NoInfo,demand_surge,cs_vague_4,vague,2017,0.35,0.35,0.3,normal,False,0.35,demand_surge,0.7349999999999999,1.2039728043259361
RuleBased,demand_surge,cs_vague_4,vague,2017,0.0,0.0,1.0,demand_surge,True,1.0,demand_surge,0.0,-0.0
TFIDF_LogReg,demand_surge,cs_vague_4,vague,2017,0.31990511097456986,0.33819228792260086,0.3419026011028292,demand_surge,True,0.3419026011028292,demand_surge,0.6498054900731971,1.0732293745774928
TFIDF_LogReg_Calibrated,demand_surge,cs_vague_4,vague,2017,0.3333333333333333,0.32678805419351414,0.33987861247315254,demand_surge,True,0.33987861247315254,demand_surge,0.6536617897450645,1.0791667472572934
PerfectSemantic,demand_surge,cs_vague_4,vague,2017,0.0,0.0,1.0,demand_surge,True,1.0,demand_surge,0.0,-0.0
NoInfo,demand_surge,cs_clear_1,clear,2018,0.35,0.35,0.3,normal,False,0.35,demand_surge,0.7349999999999999,1.2039728043259361
RuleBased,demand_surge,cs_clear_1,clear,2018,0.0,0.2857142857142857,0.7142857142857143,demand_surge,True,0.7142857142857143,demand_surge,0.16326530612244897,0.3364722366212129
TFIDF_LogReg,demand_surge,cs_clear_1,clear,2018,0.25306016922754665,0.30839962678739646,0.4385402039850568,demand_surge,True,0.4385402039850568,demand_surge,0.4743868815932216,0.8243037861160497
TFIDF_LogReg_Calibrated,demand_surge,cs_clear_1,clear,2018,0.028235133975045103,0.16019225873540613,0.8115726072895488,demand_surge,True,0.8115726072895488,demand_surge,0.06196366487299863,0.20878142309150988
PerfectSemantic,demand_surge,cs_clear_1,clear,2018,0.0,0.0,1.0,demand_surge,True,1.0,demand_surge,0.0,-0.0
NoInfo,demand_surge,cs_clear_2,clear,2018,0.35,0.35,0.3,normal,False,0.35,demand_surge,0.7349999999999999,1.2039728043259361
RuleBased,demand_surge,cs_clear_2,clear,2018,0.0,0.0,1.0,demand_surge,True,1.0,demand_surge,0.0,-0.0
TFIDF_LogReg,demand_surge,cs_clear_2,clear,2018,0.2382103439647175,0.3321256800391768,0.42966397599610573,demand_surge,True,0.42966397599610573,demand_surge,0.4923348155898453,0.8447518269585049
TFIDF_LogReg_Calibrated,demand_surge,cs_clear_2,clear,2018,0.04291673587658595,0.25678803313344095,0.7002952309899731,demand_surge,True,0.7002952309899731,demand_surge,0.15760488874619535,0.3562532742967685
PerfectSemantic,demand_surge,cs_clear_2,clear,2018,0.0,0.0,1.0,demand_surge,True,1.0,demand_surge,0.0,-0.0
NoInfo,demand_surge,cs_clear_3,clear,2018,0.35,0.35,0.3,normal,False,0.35,demand_surge,0.7349999999999999,1.2039728043259361
RuleBased,demand_surge,cs_clear_3,clear,2018,0.0,0.0,1.0,demand_surge,True,1.0,demand_surge,0.0,-0.0
TFIDF_LogReg,demand_surge,cs_clear_3,clear,2018,0.2678348108474828,0.3025752897319048,0.4295898994206125,demand_surge,True,0.4295898994206125,demand_surge,0.4886549747010401,0.8449242476546369
TFIDF_LogReg_Calibrated,demand_surge,cs_clear_3,clear,2018,0.0,0.0435500199470249,0.9564499800529752,demand_surge,True,0.9564499800529752,demand_surge,0.0037932084747725235,0.04452678623874656
PerfectSemantic,demand_surge,cs_clear_3,clear,2018,0.0,0.0,1.0,demand_surge,True,1.0,demand_surge,0.0,-0.0
NoInfo,demand_surge,cs_clear_4,clear,2018,0.35,0.35,0.3,normal,False,0.35,demand_surge,0.7349999999999999,1.2039728043259361
RuleBased,demand_surge,cs_clear_4,clear,2018,0.0,0.0,1.0,demand_surge,True,1.0,demand_surge,0.0,-0.0
TFIDF_LogReg,demand_surge,cs_clear_4,clear,2018,0.2541504656514546,0.30970972937406327,0.4361398049744822,demand_surge,True,0.4361398049744822,demand_surge,0.4784508951940216,0.8297924334202872
TFIDF_LogReg_Calibrated,demand_surge,cs_clear_4,clear,2018,0.024110660431078526,0.0,0.9758893395689214,demand_surge,True,0.9758893395689214,demand_surge,0.0011626478928455535,0.024406080586442693
PerfectSemantic,demand_surge,cs_clear_4,clear,2018,0.0,0.0,1.0,demand_surge,True,1.0,demand_surge,0.0,-0.0
NoInfo,demand_surge,cs_moderate_1,moderate,2018,0.35,0.35,0.3,normal,False,0.35,demand_surge,0.7349999999999999,1.2039728043259361
RuleBased,demand_surge,cs_moderate_1,moderate,2018,0.0,0.0,1.0,demand_surge,True,1.0,demand_surge,0.0,-0.0
TFIDF_LogReg,demand_surge,cs_moderate_1,moderate,2018,0.2562401671770621,0.28983321507626014,0.4539266177466778,demand_surge,True,0.4539266177466778,demand_surge,0.4478584546419533,0.7898197289243323
TFIDF_LogReg_Calibrated,demand_surge,cs_moderate_1,moderate,2018,0.0,0.0,1.0,demand_surge,True,1.0,demand_surge,0.0,-0.0
PerfectSemantic,demand_surge,cs_moderate_1,moderate,2018,0.0,0.0,1.0,demand_surge,True,1.0,demand_surge,0.0,-0.0
NoInfo,demand_surge,cs_moderate_2,moderate,2018,0.35,0.35,0.3,normal,False,0.35,demand_surge,0.7349999999999999,1.2039728043259361
RuleBased,demand_surge,cs_moderate_2,moderate,2018,0.0,0.0,1.0,demand_surge,True,1.0,demand_surge,0.0,-0.0
TFIDF_LogReg,demand_surge,cs_moderate_2,moderate,2018,0.3050606623633326,0.33171895681290353,0.3632203808237639,demand_surge,True,0.3632203808237639,demand_surge,0.6085877574288284,1.01274551922649
TFIDF_LogReg_Calibrated,demand_surge,cs_moderate_2,moderate,2018,0.030549867687620986,0.20374150666771496,0.765708625644664,demand_surge,True,0.765708625644664,demand_surge,0.09733634405227387,0.2669535658818914
PerfectSemantic,demand_surge,cs_moderate_2,moderate,2018,0.0,0.0,1.0,demand_surge,True,1.0,demand_surge,0.0,-0.0
NoInfo,demand_surge,cs_moderate_3,moderate,2018,0.35,0.35,0.3,normal,False,0.35,demand_surge,0.7349999999999999,1.2039728043259361
RuleBased,demand_surge,cs_moderate_3,moderate,2018,0.0,0.0,1.0,demand_surge,True,1.0,demand_surge,0.0,-0.0
TFIDF_LogReg,demand_surge,cs_moderate_3,moderate,2018,0.27367353039753234,0.3265897568841102,0.3997367127183575,demand_surge,True,0.3997367127183575,demand_surge,0.5418740846000349,0.9169491667989683
TFIDF_LogReg_Calibrated,demand_surge,cs_moderate_3,moderate,2018,0.0,0.10398220511940719,0.8960177948805929,demand_surge,True,0.8960177948805929,demand_surge,0.021624597962988934,0.10979500584661635
PerfectSemantic,demand_surge,cs_moderate_3,moderate,2018,0.0,0.0,1.0,demand_surge,True,1.0,demand_surge,0.0,-0.0
NoInfo,demand_surge,cs_moderate_4,moderate,2018,0.35,0.35,0.3,normal,False,0.35,demand_surge,0.7349999999999999,1.2039728043259361
RuleBased,demand_surge,cs_moderate_4,moderate,2018,0.0,0.33333333333333337,0.6666666666666667,demand_surge,True,0.6666666666666667,demand_surge,0.2222222222222222,0.4054651081081643
TFIDF_LogReg,demand_surge,cs_moderate_4,moderate,2018,0.2679551803248051,0.3437491372354677,0.3882956824397273,demand_surge,True,0.3882956824397273,demand_surge,0.5641456201349062,0.9459881614417255
TFIDF_LogReg_Calibrated,demand_surge,cs_moderate_4,moderate,2018,0.0,0.3339444961360196,0.6660555038639805,demand_surge,True,0.6660555038639805,demand_surge,0.22303785299907997,0.40638227277915484
PerfectSemantic,demand_surge,cs_moderate_4,moderate,2018,0.0,0.0,1.0,demand_surge,True,1.0,demand_surge,0.0,-0.0
NoInfo,demand_surge,cs_vague_1,vague,2018,0.35,0.35,0.3,normal,False,0.35,demand_surge,0.7349999999999999,1.2039728043259361
RuleBased,demand_surge,cs_vague_1,vague,2018,0.0,0.0,1.0,demand_surge,True,1.0,demand_surge,0.0,-0.0
TFIDF_LogReg,demand_surge,cs_vague_1,vague,2018,0.3840830589921588,0.28143683465626657,0.3344801063515746,normal,False,0.3840830589921588,demand_surge,0.6696432169479244,1.0951778739729399
TFIDF_LogReg_Calibrated,demand_surge,cs_vague_1,vague,2018,0.7480233048643404,0.0,0.2519766951356595,normal,False,0.7480233048643404,demand_surge,1.11907772924034,1.3784186753676162
PerfectSemantic,demand_surge,cs_vague_1,vague,2018,0.0,0.0,1.0,demand_surge,True,1.0,demand_surge,0.0,-0.0
NoInfo,demand_surge,cs_vague_2,vague,2018,0.35,0.35,0.3,normal,False,0.35,demand_surge,0.7349999999999999,1.2039728043259361
RuleBased,demand_surge,cs_vague_2,vague,2018,0.0,0.0,1.0,demand_surge,True,1.0,demand_surge,0.0,-0.0
TFIDF_LogReg,demand_surge,cs_vague_2,vague,2018,0.29028930827069516,0.3377852734758828,0.37192541825342207,demand_surge,True,0.37192541825342207,demand_surge,0.5928444537095945,0.9890619333755795
TFIDF_LogReg_Calibrated,demand_surge,cs_vague_2,vague,2018,0.0,0.24778405102107634,0.7522159489789236,demand_surge,True,0.7522159489789236,demand_surge,0.12279387188083074,0.28473183006124
PerfectSemantic,demand_surge,cs_vague_2,vague,2018,0.0,0.0,1.0,demand_surge,True,1.0,demand_surge,0.0,-0.0
NoInfo,demand_surge,cs_vague_3,vague,2018,0.35,0.35,0.3,normal,False,0.35,demand_surge,0.7349999999999999,1.2039728043259361
RuleBased,demand_surge,cs_vague_3,vague,2018,0.0,0.0,1.0,demand_surge,True,1.0,demand_surge,0.0,-0.0
TFIDF_LogReg,demand_surge,cs_vague_3,vague,2018,0.3540121558864553,0.32230769836888046,0.32368014574466425,normal,False,0.3540121558864553,demand_surge,0.6866154042031796,1.1279994552888775
TFIDF_LogReg_Calibrated,demand_surge,cs_vague_3,vague,2018,0.43873853985992667,0.0,0.5612614601400733,demand_surge,True,0.5612614601400733,demand_surge,0.384983012716841,0.5775684211763228
PerfectSemantic,demand_surge,cs_vague_3,vague,2018,0.0,0.0,1.0,demand_surge,True,1.0,demand_surge,0.0,-0.0
NoInfo,demand_surge,cs_vague_4,vague,2018,0.35,0.35,0.3,normal,False,0.35,demand_surge,0.7349999999999999,1.2039728043259361
RuleBased,demand_surge,cs_vague_4,vague,2018,0.0,0.0,1.0,demand_surge,True,1.0,demand_surge,0.0,-0.0
TFIDF_LogReg,demand_surge,cs_vague_4,vague,2018,0.31990511097456986,0.33819228792260086,0.3419026011028292,demand_surge,True,0.3419026011028292,demand_surge,0.6498054900731971,1.0732293745774928
TFIDF_LogReg_Calibrated,demand_surge,cs_vague_4,vague,2018,0.3333333333333333,0.32678805419351414,0.33987861247315254,demand_surge,True,0.33987861247315254,demand_surge,0.6536617897450645,1.0791667472572934
PerfectSemantic,demand_surge,cs_vague_4,vague,2018,0.0,0.0,1.0,demand_surge,True,1.0,demand_surge,0.0,-0.0
NoInfo,demand_surge,cs_clear_1,clear,2019,0.35,0.35,0.3,normal,False,0.35,demand_surge,0.7349999999999999,1.2039728043259361
RuleBased,demand_surge,cs_clear_1,clear,2019,0.0,0.2857142857142857,0.7142857142857143,demand_surge,True,0.7142857142857143,demand_surge,0.16326530612244897,0.3364722366212129
TFIDF_LogReg,demand_surge,cs_clear_1,clear,2019,0.25306016922754665,0.30839962678739646,0.4385402039850568,demand_surge,True,0.4385402039850568,demand_surge,0.4743868815932216,0.8243037861160497
TFIDF_LogReg_Calibrated,demand_surge,cs_clear_1,clear,2019,0.028235133975045103,0.16019225873540613,0.8115726072895488,demand_surge,True,0.8115726072895488,demand_surge,0.06196366487299863,0.20878142309150988
PerfectSemantic,demand_surge,cs_clear_1,clear,2019,0.0,0.0,1.0,demand_surge,True,1.0,demand_surge,0.0,-0.0
NoInfo,demand_surge,cs_clear_2,clear,2019,0.35,0.35,0.3,normal,False,0.35,demand_surge,0.7349999999999999,1.2039728043259361
RuleBased,demand_surge,cs_clear_2,clear,2019,0.0,0.0,1.0,demand_surge,True,1.0,demand_surge,0.0,-0.0
TFIDF_LogReg,demand_surge,cs_clear_2,clear,2019,0.2382103439647175,0.3321256800391768,0.42966397599610573,demand_surge,True,0.42966397599610573,demand_surge,0.4923348155898453,0.8447518269585049
TFIDF_LogReg_Calibrated,demand_surge,cs_clear_2,clear,2019,0.04291673587658595,0.25678803313344095,0.7002952309899731,demand_surge,True,0.7002952309899731,demand_surge,0.15760488874619535,0.3562532742967685
PerfectSemantic,demand_surge,cs_clear_2,clear,2019,0.0,0.0,1.0,demand_surge,True,1.0,demand_surge,0.0,-0.0
NoInfo,demand_surge,cs_clear_3,clear,2019,0.35,0.35,0.3,normal,False,0.35,demand_surge,0.7349999999999999,1.2039728043259361
RuleBased,demand_surge,cs_clear_3,clear,2019,0.0,0.0,1.0,demand_surge,True,1.0,demand_surge,0.0,-0.0
TFIDF_LogReg,demand_surge,cs_clear_3,clear,2019,0.2678348108474828,0.3025752897319048,0.4295898994206125,demand_surge,True,0.4295898994206125,demand_surge,0.4886549747010401,0.8449242476546369
TFIDF_LogReg_Calibrated,demand_surge,cs_clear_3,clear,2019,0.0,0.0435500199470249,0.9564499800529752,demand_surge,True,0.9564499800529752,demand_surge,0.0037932084747725235,0.04452678623874656
PerfectSemantic,demand_surge,cs_clear_3,clear,2019,0.0,0.0,1.0,demand_surge,True,1.0,demand_surge,0.0,-0.0
NoInfo,demand_surge,cs_clear_4,clear,2019,0.35,0.35,0.3,normal,False,0.35,demand_surge,0.7349999999999999,1.2039728043259361
RuleBased,demand_surge,cs_clear_4,clear,2019,0.0,0.0,1.0,demand_surge,True,1.0,demand_surge,0.0,-0.0
TFIDF_LogReg,demand_surge,cs_clear_4,clear,2019,0.2541504656514546,0.30970972937406327,0.4361398049744822,demand_surge,True,0.4361398049744822,demand_surge,0.4784508951940216,0.8297924334202872
TFIDF_LogReg_Calibrated,demand_surge,cs_clear_4,clear,2019,0.024110660431078526,0.0,0.9758893395689214,demand_surge,True,0.9758893395689214,demand_surge,0.0011626478928455535,0.024406080586442693
PerfectSemantic,demand_surge,cs_clear_4,clear,2019,0.0,0.0,1.0,demand_surge,True,1.0,demand_surge,0.0,-0.0
NoInfo,demand_surge,cs_moderate_1,moderate,2019,0.35,0.35,0.3,normal,False,0.35,demand_surge,0.7349999999999999,1.2039728043259361
RuleBased,demand_surge,cs_moderate_1,moderate,2019,0.0,0.0,1.0,demand_surge,True,1.0,demand_surge,0.0,-0.0
TFIDF_LogReg,demand_surge,cs_moderate_1,moderate,2019,0.2562401671770621,0.28983321507626014,0.4539266177466778,demand_surge,True,0.4539266177466778,demand_surge,0.4478584546419533,0.7898197289243323
TFIDF_LogReg_Calibrated,demand_surge,cs_moderate_1,moderate,2019,0.0,0.0,1.0,demand_surge,True,1.0,demand_surge,0.0,-0.0
PerfectSemantic,demand_surge,cs_moderate_1,moderate,2019,0.0,0.0,1.0,demand_surge,True,1.0,demand_surge,0.0,-0.0
NoInfo,demand_surge,cs_moderate_2,moderate,2019,0.35,0.35,0.3,normal,False,0.35,demand_surge,0.7349999999999999,1.2039728043259361
RuleBased,demand_surge,cs_moderate_2,moderate,2019,0.0,0.0,1.0,demand_surge,True,1.0,demand_surge,0.0,-0.0
TFIDF_LogReg,demand_surge,cs_moderate_2,moderate,2019,0.3050606623633326,0.33171895681290353,0.3632203808237639,demand_surge,True,0.3632203808237639,demand_surge,0.6085877574288284,1.01274551922649
TFIDF_LogReg_Calibrated,demand_surge,cs_moderate_2,moderate,2019,0.030549867687620986,0.20374150666771496,0.765708625644664,demand_surge,True,0.765708625644664,demand_surge,0.09733634405227387,0.2669535658818914
PerfectSemantic,demand_surge,cs_moderate_2,moderate,2019,0.0,0.0,1.0,demand_surge,True,1.0,demand_surge,0.0,-0.0
NoInfo,demand_surge,cs_moderate_3,moderate,2019,0.35,0.35,0.3,normal,False,0.35,demand_surge,0.7349999999999999,1.2039728043259361
RuleBased,demand_surge,cs_moderate_3,moderate,2019,0.0,0.0,1.0,demand_surge,True,1.0,demand_surge,0.0,-0.0
TFIDF_LogReg,demand_surge,cs_moderate_3,moderate,2019,0.27367353039753234,0.3265897568841102,0.3997367127183575,demand_surge,True,0.3997367127183575,demand_surge,0.5418740846000349,0.9169491667989683
TFIDF_LogReg_Calibrated,demand_surge,cs_moderate_3,moderate,2019,0.0,0.10398220511940719,0.8960177948805929,demand_surge,True,0.8960177948805929,demand_surge,0.021624597962988934,0.10979500584661635
PerfectSemantic,demand_surge,cs_moderate_3,moderate,2019,0.0,0.0,1.0,demand_surge,True,1.0,demand_surge,0.0,-0.0
NoInfo,demand_surge,cs_moderate_4,moderate,2019,0.35,0.35,0.3,normal,False,0.35,demand_surge,0.7349999999999999,1.2039728043259361
RuleBased,demand_surge,cs_moderate_4,moderate,2019,0.0,0.33333333333333337,0.6666666666666667,demand_surge,True,0.6666666666666667,demand_surge,0.2222222222222222,0.4054651081081643
TFIDF_LogReg,demand_surge,cs_moderate_4,moderate,2019,0.2679551803248051,0.3437491372354677,0.3882956824397273,demand_surge,True,0.3882956824397273,demand_surge,0.5641456201349062,0.9459881614417255
TFIDF_LogReg_Calibrated,demand_surge,cs_moderate_4,moderate,2019,0.0,0.3339444961360196,0.6660555038639805,demand_surge,True,0.6660555038639805,demand_surge,0.22303785299907997,0.40638227277915484
PerfectSemantic,demand_surge,cs_moderate_4,moderate,2019,0.0,0.0,1.0,demand_surge,True,1.0,demand_surge,0.0,-0.0
NoInfo,demand_surge,cs_vague_1,vague,2019,0.35,0.35,0.3,normal,False,0.35,demand_surge,0.7349999999999999,1.2039728043259361
RuleBased,demand_surge,cs_vague_1,vague,2019,0.0,0.0,1.0,demand_surge,True,1.0,demand_surge,0.0,-0.0
TFIDF_LogReg,demand_surge,cs_vague_1,vague,2019,0.3840830589921588,0.28143683465626657,0.3344801063515746,normal,False,0.3840830589921588,demand_surge,0.6696432169479244,1.0951778739729399
TFIDF_LogReg_Calibrated,demand_surge,cs_vague_1,vague,2019,0.7480233048643404,0.0,0.2519766951356595,normal,False,0.7480233048643404,demand_surge,1.11907772924034,1.3784186753676162
PerfectSemantic,demand_surge,cs_vague_1,vague,2019,0.0,0.0,1.0,demand_surge,True,1.0,demand_surge,0.0,-0.0
NoInfo,demand_surge,cs_vague_2,vague,2019,0.35,0.35,0.3,normal,False,0.35,demand_surge,0.7349999999999999,1.2039728043259361
RuleBased,demand_surge,cs_vague_2,vague,2019,0.0,0.0,1.0,demand_surge,True,1.0,demand_surge,0.0,-0.0
TFIDF_LogReg,demand_surge,cs_vague_2,vague,2019,0.29028930827069516,0.3377852734758828,0.37192541825342207,demand_surge,True,0.37192541825342207,demand_surge,0.5928444537095945,0.9890619333755795
TFIDF_LogReg_Calibrated,demand_surge,cs_vague_2,vague,2019,0.0,0.24778405102107634,0.7522159489789236,demand_surge,True,0.7522159489789236,demand_surge,0.12279387188083074,0.28473183006124
PerfectSemantic,demand_surge,cs_vague_2,vague,2019,0.0,0.0,1.0,demand_surge,True,1.0,demand_surge,0.0,-0.0
NoInfo,demand_surge,cs_vague_3,vague,2019,0.35,0.35,0.3,normal,False,0.35,demand_surge,0.7349999999999999,1.2039728043259361
RuleBased,demand_surge,cs_vague_3,vague,2019,0.0,0.0,1.0,demand_surge,True,1.0,demand_surge,0.0,-0.0
TFIDF_LogReg,demand_surge,cs_vague_3,vague,2019,0.3540121558864553,0.32230769836888046,0.32368014574466425,normal,False,0.3540121558864553,demand_surge,0.6866154042031796,1.1279994552888775
TFIDF_LogReg_Calibrated,demand_surge,cs_vague_3,vague,2019,0.43873853985992667,0.0,0.5612614601400733,demand_surge,True,0.5612614601400733,demand_surge,0.384983012716841,0.5775684211763228
PerfectSemantic,demand_surge,cs_vague_3,vague,2019,0.0,0.0,1.0,demand_surge,True,1.0,demand_surge,0.0,-0.0
NoInfo,demand_surge,cs_vague_4,vague,2019,0.35,0.35,0.3,normal,False,0.35,demand_surge,0.7349999999999999,1.2039728043259361
RuleBased,demand_surge,cs_vague_4,vague,2019,0.0,0.0,1.0,demand_surge,True,1.0,demand_surge,0.0,-0.0
TFIDF_LogReg,demand_surge,cs_vague_4,vague,2019,0.31990511097456986,0.33819228792260086,0.3419026011028292,demand_surge,True,0.3419026011028292,demand_surge,0.6498054900731971,1.0732293745774928
TFIDF_LogReg_Calibrated,demand_surge,cs_vague_4,vague,2019,0.3333333333333333,0.32678805419351414,0.33987861247315254,demand_surge,True,0.33987861247315254,demand_surge,0.6536617897450645,1.0791667472572934
PerfectSemantic,demand_surge,cs_vague_4,vague,2019,0.0,0.0,1.0,demand_surge,True,1.0,demand_surge,0.0,-0.0
