seed,regime,template_id,ambiguity_level,sensor,controller,total_profit,fill_rate,total_lost_sales,avg_inventory,periods_stockout,belief_normal,belief_delay,belief_surge,most_likely_regime,belief_correct,est_lt_increase,est_duration,est_demand_multiplier
2000,normal,cn_clear_1,clear,NoInfo,CausalOptimizer,1578.5999999999997,0.8950617283950617,34.0,9.11,13,0.35,0.35,0.3,normal,True,0,0,1.0
2000,normal,cn_clear_1,clear,RuleBased,CausalOptimizer,1578.5999999999997,0.8950617283950617,34.0,9.11,13,0.4,0.3,0.3,normal,True,0,0,1.0
2000,normal,cn_clear_1,clear,TFIDF_LogReg,CausalOptimizer,1571.9411931989134,0.8950617283950617,34.0,9.27647017002717,13,0.3323343040870316,0.3524629406593451,0.3152027552536233,supplier_delay,False,8,10,1.0
2000,normal,cn_clear_1,clear,TFIDF_LogReg_Calibrated,CausalOptimizer,1508.9290842533028,0.8796296296296297,39.0,8.976772893667436,13,0.3549200303140416,0.5681700667326745,0.07690990295328393,supplier_delay,False,8,10,1.0
2000,normal,cn_clear_1,clear,PerfectSemantic,CausalOptimizer,1794.0,0.9074074074074074,30.0,5.075,13,1.0,0.0,0.0,normal,True,0,0,1.0
2000,normal,cn_clear_2,clear,NoInfo,CausalOptimizer,1578.5999999999997,0.8950617283950617,34.0,9.11,13,0.35,0.35,0.3,normal,True,0,0,1.0
2000,normal,cn_clear_2,clear,RuleBased,CausalOptimizer,1360.1428571428569,0.8796296296296297,39.0,12.821428571428573,13,0.14285714285714288,0.4285714285714286,0.4285714285714286,supplier_delay,False,4,4,1.0
2000,normal,cn_clear_2,clear,TFIDF_LogReg,CausalOptimizer,1586.602449412475,0.8950617283950617,34.0,8.909938764688125,13,0.3781043422886062,0.34016609015996696,0.2817295675514269,normal,True,0,0,1.0
2000,normal,cn_clear_2,clear,TFIDF_LogReg_Calibrated,CausalOptimizer,1543.0,0.8796296296296297,39.0,8.125,14,0.5013039514204657,0.49869604857953426,0.0,normal,True,0,0,1.0
2000,normal,cn_clear_2,clear,PerfectSemantic,CausalOptimizer,1794.0,0.9074074074074074,30.0,5.075,13,1.0,0.0,0.0,normal,True,0,0,1.0
2000,normal,cn_clear_3,clear,NoInfo,CausalOptimizer,1578.5999999999997,0.8950617283950617,34.0,9.11,13,0.35,0.35,0.3,normal,True,0,0,1.0
2000,normal,cn_clear_3,clear,RuleBased,CausalOptimizer,1545.75,0.8950617283950617,34.0,9.93125,13,0.25,0.37499999999999994,0.37499999999999994,supplier_delay,False,4,4,1.0
2000,normal,cn_clear_3,clear,TFIDF_LogReg,CausalOptimizer,1568.606245547798,0.8950617283950617,34.0,9.359843861305047,13,0.334759855595164,0.3424233534180738,0.32281679098676214,supplier_delay,False,8,10,1.0
2000,normal,cn_clear_3,clear,TFIDF_LogReg_Calibrated,CausalOptimizer,1501.4274404644225,0.8796296296296297,39.0,9.164313988389441,13,0.3333333333333333,0.5733057904921544,0.09336087617451229,supplier_delay,False,8,10,1.0
2000,normal,cn_clear_3,clear,PerfectSemantic,CausalOptimizer,1794.0,0.9074074074074074,30.0,5.075,13,1.0,0.0,0.0,normal,True,0,0,1.0
2000,normal,cn_clear_4,clear,NoInfo,CausalOptimizer,1578.5999999999997,0.8950617283950617,34.0,9.11,13,0.35,0.35,0.3,normal,True,0,0,1.0
2000,normal,cn_clear_4,clear,RuleBased,CausalOptimizer,1578.5999999999997,0.8950617283950617,34.0,9.11,13,0.4,0.3,0.3,normal,True,0,0,1.0
2000,normal,cn_clear_4,clear,TFIDF_LogReg,CausalOptimizer,1595.149355727725,0.8950617283950617,34.0,8.69626610680687,14,0.41635589992062505,0.3224886019453371,0.26115549813403793,normal,True,0,0,1.0
2000,normal,cn_clear_4,clear,TFIDF_LogReg_Calibrated,CausalOptimizer,1682.0,0.8950617283950617,34.0,6.4,14,0.8152522945874024,0.18474770541259752,0.0,normal,True,0,0,1.0
2000,normal,cn_clear_4,clear,PerfectSemantic,CausalOptimizer,1794.0,0.9074074074074074,30.0,5.075,13,1.0,0.0,0.0,normal,True,0,0,1.0
2000,normal,cn_moderate_1,moderate,NoInfo,CausalOptimizer,1578.5999999999997,0.8950617283950617,34.0,9.11,13,0.35,0.35,0.3,normal,True,0,0,1.0
2000,normal,cn_moderate_1,moderate,RuleBased,CausalOptimizer,1578.5999999999997,0.8950617283950617,34.0,9.11,13,0.4,0.3,0.3,normal,True,0,0,1.0
2000,normal,cn_moderate_1,moderate,TFIDF_LogReg,CausalOptimizer,1592.7908984368826,0.8950617283950617,34.0,8.755227539077946,14,0.43192448890766283,0.30087268657152244,0.2672028245208148,normal,True,0,0,1.0
2000,normal,cn_moderate_1,moderate,TFIDF_LogReg_Calibrated,CausalOptimizer,1794.0,0.9074074074074074,30.0,5.075,13,1.0,0.0,0.0,normal,True,0,0,1.0
2000,normal,cn_moderate_1,moderate,PerfectSemantic,CausalOptimizer,1794.0,0.9074074074074074,30.0,5.075,13,1.0,0.0,0.0,normal,True,0,0,1.0
2000,normal,cn_moderate_2,moderate,NoInfo,CausalOptimizer,1578.5999999999997,0.8950617283950617,34.0,9.11,13,0.35,0.35,0.3,normal,True,0,0,1.0
2000,normal,cn_moderate_2,moderate,RuleBased,CausalOptimizer,1543.0,0.8796296296296297,39.0,8.125,14,0.5714285714285715,0.4285714285714285,0.0,normal,True,0,0,1.0
2000,normal,cn_moderate_2,moderate,TFIDF_LogReg,CausalOptimizer,1591.2170612461982,0.8950617283950617,34.0,8.79457346884504,13,0.4126177081662408,0.31618836773832154,0.27119392409543763,normal,True,0,0,1.0
2000,normal,cn_moderate_2,moderate,TFIDF_LogReg_Calibrated,CausalOptimizer,1682.0,0.8950617283950617,34.0,6.4,14,0.8333333333333334,0.16666666666666666,0.0,normal,True,0,0,1.0
2000,normal,cn_moderate_2,moderate,PerfectSemantic,CausalOptimizer,1794.0,0.9074074074074074,30.0,5.075,13,1.0,0.0,0.0,normal,True,0,0,1.0
2000,normal,cn_moderate_3,moderate,NoInfo,CausalOptimizer,1578.5999999999997,0.8950617283950617,34.0,9.11,13,0.35,0.35,0.3,normal,True,0,0,1.0
2000,normal,cn_moderate_3,moderate,RuleBased,CausalOptimizer,1545.75,0.8950617283950617,34.0,9.93125,13,0.25,0.37499999999999994,0.37499999999999994,supplier_delay,False,4,10,1.0
2000,normal,cn_moderate_3,moderate,TFIDF_LogReg,CausalOptimizer,1582.7711960095019,0.8950617283950617,34.000000000000014,9.005720099762446,15,0.3709692066833674,0.3385540718771397,0.2904767214394928,normal,True,0,0,1.0
2000,normal,cn_moderate_3,moderate,TFIDF_LogReg_Calibrated,CausalOptimizer,1543.0,0.8796296296296297,39.0,8.125,14,0.6191542664225136,0.3808457335774864,0.0,normal,True,0,0,1.0
2000,normal,cn_moderate_3,moderate,PerfectSemantic,CausalOptimizer,1794.0,0.9074074074074074,30.0,5.075,13,1.0,0.0,0.0,normal,True,0,0,1.0
2000,normal,cn_moderate_4,moderate,NoInfo,CausalOptimizer,1578.5999999999997,0.8950617283950617,34.0,9.11,13,0.35,0.35,0.3,normal,True,0,0,1.0
2000,normal,cn_moderate_4,moderate,RuleBased,CausalOptimizer,1567.5714285714291,0.8919753086419753,35.0,9.11071428571429,14,0.5714285714285715,0.0,0.4285714285714286,normal,True,0,0,1.0
2000,normal,cn_moderate_4,moderate,TFIDF_LogReg,CausalOptimizer,1597.244267273309,0.8950617283950617,34.0,8.64389331816728,14,0.49287152849181515,0.25134454143974627,0.25578393006843864,normal,True,0,0,1.0
2000,normal,cn_moderate_4,moderate,TFIDF_LogReg_Calibrated,CausalOptimizer,1798.2835503846047,0.9126895077555751,28.28859948719365,5.652471445507417,12,0.928691645299736,0.0,0.07130835470026405,normal,True,0,0,1.0
2000,normal,cn_moderate_4,moderate,PerfectSemantic,CausalOptimizer,1794.0,0.9074074074074074,30.0,5.075,13,1.0,0.0,0.0,normal,True,0,0,1.0
2000,normal,cn_vague_1,vague,NoInfo,CausalOptimizer,1578.5999999999997,0.8950617283950617,34.0,9.11,13,0.35,0.35,0.3,normal,True,0,0,1.0
2000,normal,cn_vague_1,vague,RuleBased,CausalOptimizer,1564.0,0.8950617283950617,34.0,9.475,13,0.3333333333333333,0.3333333333333333,0.3333333333333333,normal,True,0,0,1.0
2000,normal,cn_vague_1,vague,TFIDF_LogReg,CausalOptimizer,1586.0160840096528,0.8950617283950617,34.0,8.924597899758673,13,0.37801577405271997,0.3389159245994559,0.2830683013478241,normal,True,0,0,1.0
2000,normal,cn_vague_1,vague,TFIDF_LogReg_Calibrated,CausalOptimizer,1682.0,0.8950617283950617,34.0,6.4,14,0.6810946901721556,0.3189053098278444,0.0,normal,True,0,0,1.0
2000,normal,cn_vague_1,vague,PerfectSemantic,CausalOptimizer,1794.0,0.9074074074074074,30.0,5.075,13,1.0,0.0,0.0,normal,True,0,0,1.0
2000,normal,cn_vague_2,vague,NoInfo,CausalOptimizer,1578.5999999999997,0.8950617283950617,34.0,9.11,13,0.35,0.35,0.3,normal,True,0,0,1.0
2000,normal,cn_vague_2,vague,RuleBased,CausalOptimizer,1495.0,0.8919753086419753,35.0,10.925000000000002,14,0.4,0.0,0.6,demand_surge,False,0,10,1.75
2000,normal,cn_vague_2,vague,TFIDF_LogReg,CausalOptimizer,1576.0679731830328,0.8950617283950617,34.0,9.173300670424187,13,0.41142597132376424,0.2827931455324748,0.30578088314376106,normal,True,0,0,1.0
2000,normal,cn_vague_2,vague,TFIDF_LogReg_Calibrated,CausalOptimizer,1798.825010208971,0.9149177374854773,27.566653054705355,5.927713522893588,12,0.8986105439460563,0.0,0.10138945605394371,normal,True,0,0,1.0
2000,normal,cn_vague_2,vague,PerfectSemantic,CausalOptimizer,1794.0,0.9074074074074074,30.0,5.075,13,1.0,0.0,0.0,normal,True,0,0,1.0
2000,normal,cn_vague_3,vague,NoInfo,CausalOptimizer,1578.5999999999997,0.8950617283950617,34.0,9.11,13,0.35,0.35,0.3,normal,True,0,0,1.0
2000,normal,cn_vague_3,vague,RuleBased,CausalOptimizer,1328.0,0.8796296296296297,39.0,13.625,13,0.0,0.5,0.5,supplier_delay,False,4,10,1.0
2000,normal,cn_vague_3,vague,TFIDF_LogReg,CausalOptimizer,1578.5213115542342,0.8950617283950617,34.0,9.111967211144151,13,0.3771261334553238,0.3226942125589093,0.30017965398576696,normal,True,0,0,1.0
2000,normal,cn_vague_3,vague,TFIDF_LogReg_Calibrated,CausalOptimizer,1679.1002996211269,0.8992637941919798,32.63853068179863,7.017080236752366,14,0.5910294823221457,0.3333333333333333,0.0756371843445209,normal,True,0,0,1.0
2000,normal,cn_vague_3,vague,PerfectSemantic,CausalOptimizer,1794.0,0.9074074074074074,30.0,5.075,13,1.0,0.0,0.0,normal,True,0,0,1.0
2000,normal,cn_vague_4,vague,NoInfo,CausalOptimizer,1578.5999999999997,0.8950617283950617,34.0,9.11,13,0.35,0.35,0.3,normal,True,0,0,1.0
2000,normal,cn_vague_4,vague,RuleBased,CausalOptimizer,1564.0,0.8950617283950617,34.0,9.475,13,0.3333333333333333,0.3333333333333333,0.3333333333333333,normal,True,0,0,1.0
2000,normal,cn_vague_4,vague,TFIDF_LogReg,CausalOptimizer,1581.6552323289134,0.8950617283950617,34.0,9.033619191777158,13,0.4241393062500869,0.2828361100259718,0.2930245837239413,normal,True,0,0,1.0
2000,normal,cn_vague_4,vague,TFIDF_LogReg_Calibrated,CausalOptimizer,1794.0,0.9074074074074074,30.0,5.075,13,1.0,0.0,0.0,normal,True,0,0,1.0
2000,normal,cn_vague_4,vague,PerfectSemantic,CausalOptimizer,1794.0,0.9074074074074074,30.0,5.075,13,1.0,0.0,0.0,normal,True,0,0,1.0
2001,normal,cn_clear_1,clear,NoInfo,CausalOptimizer,1934.3999999999996,0.9153623188405796,29.2,6.085000000000001,9,0.35,0.35,0.3,normal,True,0,0,1.0
2001,normal,cn_clear_1,clear,RuleBased,CausalOptimizer,1934.3999999999996,0.9153623188405796,29.2,6.085000000000001,9,0.4,0.3,0.3,normal,True,0,0,1.0
2001,normal,cn_clear_1,clear,TFIDF_LogReg,CausalOptimizer,1930.1128230184781,0.915626714584121,29.10878346847826,6.2286660371467395,9,0.3323343040870316,0.3524629406593451,0.3152027552536233,supplier_delay,False,8,10,1.0
2001,normal,cn_clear_1,clear,TFIDF_LogReg_Calibrated,CausalOptimizer,1776.1500520505456,0.8833877000183138,40.23124349368178,5.878751301263644,10,0.3549200303140416,0.5681700667326745,0.07690990295328393,supplier_delay,False,8,10,1.0
2001,normal,cn_clear_1,clear,PerfectSemantic,CausalOptimizer,1896.0,0.8869565217391304,39.0,2.925,10,1.0,0.0,0.0,normal,True,0,0,1.0
2001,normal,cn_clear_2,clear,NoInfo,CausalOptimizer,1934.3999999999996,0.9153623188405796,29.2,6.085000000000001,9,0.35,0.35,0.3,normal,True,0,0,1.0
2001,normal,cn_clear_2,clear,RuleBased,CausalOptimizer,1767.857142857143,0.9043478260869565,33.0,8.978571428571428,7,0.14285714285714288,0.4285714285714286,0.4285714285714286,supplier_delay,False,4,4,1.0
2001,normal,cn_clear_2,clear,TFIDF_LogReg,CausalOptimizer,1939.552261950498,0.9150445721893001,29.30962259469144,5.912344413360984,9,0.3781043422886062,0.34016609015996696,0.2817295675514269,normal,True,0,0,1.0
2001,normal,cn_clear_2,clear,TFIDF_LogReg_Calibrated,CausalOptimizer,1754.0,0.8753623188405797,43.0,5.325,10,0.5013039514204657,0.49869604857953426,0.0,normal,True,0,0,1.0
2001,normal,cn_clear_2,clear,PerfectSemantic,CausalOptimizer,1896.0,0.8869565217391304,39.0,2.925,10,1.0,0.0,0.0,normal,True,0,0,1.0
2001,normal,cn_clear_3,clear,NoInfo,CausalOptimizer,1934.3999999999996,0.9153623188405796,29.2,6.085000000000001,9,0.35,0.35,0.3,normal,True,0,0,1.0
2001,normal,cn_clear_3,clear,RuleBased,CausalOptimizer,1913.25,0.9166666666666666,28.75,6.79375,9,0.25,0.37499999999999994,0.37499999999999994,supplier_delay,False,4,4,1.0
2001,normal,cn_clear_3,clear,TFIDF_LogReg,CausalOptimizer,1927.965664941733,0.9157591325968713,29.063099254079425,6.300618674824904,9,0.334759855595164,0.3424233534180738,0.32281679098676214,supplier_delay,False,8,10,1.0
2001,normal,cn_clear_3,clear,TFIDF_LogReg_Calibrated,CausalOptimizer,1780.5269407959772,0.8851043233109637,39.63900845771756,6.0062230970135495,9,0.3333333333333333,0.5733057904921544,0.09336087617451229,supplier_delay,False,8,10,1.0
2001,normal,cn_clear_3,clear,PerfectSemantic,CausalOptimizer,1896.0,0.8869565217391304,39.0,2.925,10,1.0,0.0,0.0,normal,True,0,0,1.0
2001,normal,cn_clear_4,clear,NoInfo,CausalOptimizer,1934.3999999999996,0.9153623188405796,29.2,6.085000000000001,9,0.35,0.35,0.3,normal,True,0,0,1.0
2001,normal,cn_clear_4,clear,RuleBased,CausalOptimizer,1934.3999999999996,0.9153623188405796,29.2,6.085000000000001,9,0.4,0.3,0.3,normal,True,0,0,1.0
2001,normal,cn_clear_4,clear,TFIDF_LogReg,CausalOptimizer,1945.054948492614,0.9146867622863889,29.43306701119577,5.725399483206344,8,0.41635589992062505,0.3224886019453371,0.26115549813403793,normal,True,0,0,1.0
2001,normal,cn_clear_4,clear,TFIDF_LogReg_Calibrated,CausalOptimizer,1924.0,0.8985507246376812,35.0,4.025,9,0.8152522945874024,0.18474770541259752,0.0,normal,True,0,0,1.0
2001,normal,cn_clear_4,clear,PerfectSemantic,CausalOptimizer,1896.0,0.8869565217391304,39.0,2.925,10,1.0,0.0,0.0,normal,True,0,0,1.0
2001,normal,cn_moderate_1,moderate,NoInfo,CausalOptimizer,1934.3999999999996,0.9153623188405796,29.2,6.085000000000001,9,0.35,0.35,0.3,normal,True,0,0,1.0
2001,normal,cn_moderate_1,moderate,RuleBased,CausalOptimizer,1934.3999999999996,0.9153623188405796,29.2,6.085000000000001,9,0.4,0.3,0.3,normal,True,0,0,1.0
2001,normal,cn_moderate_1,moderate,TFIDF_LogReg,CausalOptimizer,1943.4584543265053,0.9147919331800722,29.39678305287511,5.779825420687333,8,0.43192448890766283,0.30087268657152244,0.2672028245208148,normal,True,0,0,1.0
2001,normal,cn_moderate_1,moderate,TFIDF_LogReg_Calibrated,CausalOptimizer,1896.0,0.8869565217391304,39.0,2.925,10,1.0,0.0,0.0,normal,True,0,0,1.0
2001,normal,cn_moderate_1,moderate,PerfectSemantic,CausalOptimizer,1896.0,0.8869565217391304,39.0,2.925,10,1.0,0.0,0.0,normal,True,0,0,1.0
2001,normal,cn_moderate_2,moderate,NoInfo,CausalOptimizer,1934.3999999999996,0.9153623188405796,29.2,6.085000000000001,9,0.35,0.35,0.3,normal,True,0,0,1.0
2001,normal,cn_moderate_2,moderate,RuleBased,CausalOptimizer,1754.0,0.8753623188405797,43.0,5.325,10,0.5714285714285715,0.4285714285714285,0.0,normal,True,0,0,1.0
2001,normal,cn_moderate_2,moderate,TFIDF_LogReg,CausalOptimizer,1942.4048040388045,0.9148613436074569,29.372836455427375,5.815745316858937,8,0.4126177081662408,0.31618836773832154,0.27119392409543763,normal,True,0,0,1.0
2001,normal,cn_moderate_2,moderate,TFIDF_LogReg_Calibrated,CausalOptimizer,1924.0,0.8985507246376812,35.0,4.025,9,0.8333333333333334,0.16666666666666666,0.0,normal,True,0,0,1.0
2001,normal,cn_moderate_2,moderate,PerfectSemantic,CausalOptimizer,1896.0,0.8869565217391304,39.0,2.925,10,1.0,0.0,0.0,normal,True,0,0,1.0
2001,normal,cn_moderate_3,moderate,NoInfo,CausalOptimizer,1934.3999999999996,0.9153623188405796,29.2,6.085000000000001,9,0.35,0.35,0.3,normal,True,0,0,1.0
2001,normal,cn_moderate_3,moderate,RuleBased,CausalOptimizer,1913.25,0.9166666666666666,28.75,6.79375,9,0.25,0.37499999999999994,0.37499999999999994,supplier_delay,False,4,10,1.0
2001,normal,cn_moderate_3,moderate,TFIDF_LogReg,CausalOptimizer,1937.085564554063,0.9151966966047448,29.257139671363056,5.995005017603207,12,0.3709692066833674,0.3385540718771397,0.2904767214394928,normal,True,0,0,1.0
2001,normal,cn_moderate_3,moderate,TFIDF_LogReg_Calibrated,CausalOptimizer,1754.0,0.8753623188405797,43.0,5.325,10,0.6191542664225136,0.3808457335774864,0.0,normal,True,0,0,1.0
2001,normal,cn_moderate_3,moderate,PerfectSemantic,CausalOptimizer,1896.0,0.8869565217391304,39.0,2.925,10,1.0,0.0,0.0,normal,True,0,0,1.0
2001,normal,cn_moderate_4,moderate,NoInfo,CausalOptimizer,1934.3999999999996,0.9153623188405796,29.2,6.085000000000001,9,0.35,0.35,0.3,normal,True,0,0,1.0
2001,normal,cn_moderate_4,moderate,RuleBased,CausalOptimizer,1968.4285714285725,0.927536231884058,25.0,6.650000000000003,5,0.5714285714285715,0.0,0.4285714285714286,normal,True,0,0,1.0
2001,normal,cn_moderate_4,moderate,TFIDF_LogReg,CausalOptimizer,1946.4730424619322,0.9145933437113353,29.465296419589368,5.677055370615948,8,0.49287152849181515,0.25134454143974627,0.25578393006843864,normal,True,0,0,1.0
2001,normal,cn_moderate_4,moderate,TFIDF_LogReg_Calibrated,CausalOptimizer,1955.0534158969963,0.8993579747304808,34.72149871798415,3.160065115381427,9,0.928691645299736,0.0,0.07130835470026405,normal,True,0,0,1.0
2001,normal,cn_moderate_4,moderate,PerfectSemantic,CausalOptimizer,1896.0,0.8869565217391304,39.0,2.925,10,1.0,0.0,0.0,normal,True,0,0,1.0
2001,normal,cn_vague_1,vague,NoInfo,CausalOptimizer,1934.3999999999996,0.9153623188405796,29.2,6.085000000000001,9,0.35,0.35,0.3,normal,True,0,0,1.0
2001,normal,cn_vague_1,vague,RuleBased,CausalOptimizer,1925.0,0.9159420289855073,29.0,6.4,9,0.3333333333333333,0.3333333333333333,0.3333333333333333,normal,True,0,0,1.0
2001,normal,cn_vague_1,vague,TFIDF_LogReg,CausalOptimizer,1939.1747390199137,0.915067854516194,29.301590191913057,5.924995447736937,9,0.37801577405271997,0.3389159245994559,0.2830683013478241,normal,True,0,0,1.0
2001,normal,cn_vague_1,vague,TFIDF_LogReg_Calibrated,CausalOptimizer,1924.0,0.8985507246376812,35.0,4.025,9,0.6810946901721556,0.3189053098278444,0.0,normal,True,0,0,1.0
2001,normal,cn_vague_1,vague,PerfectSemantic,CausalOptimizer,1896.0,0.8869565217391304,39.0,2.925,10,1.0,0.0,0.0,normal,True,0,0,1.0
2001,normal,cn_vague_2,vague,NoInfo,CausalOptimizer,1934.3999999999996,0.9153623188405796,29.2,6.085000000000001,9,0.35,0.35,0.3,normal,True,0,0,1.0
2001,normal,cn_vague_2,vague,RuleBased,CausalOptimizer,1929.3999999999999,0.927536231884058,25.0,7.840000000000001,5,0.4,0.0,0.6,demand_surge,False,0,10,1.75
2001,normal,cn_vague_2,vague,TFIDF_LogReg,CausalOptimizer,1932.7697909534597,0.9154628559387322,29.165314701137433,6.139629345708544,9,0.41142597132376424,0.2827931455324748,0.30578088314376106,normal,True,0,0,1.0
2001,normal,cn_vague_2,vague,TFIDF_LogReg_Calibrated,CausalOptimizer,1977.4337553041341,0.9045894706180772,32.91663263676337,3.322503062691297,9,0.8986105439460563,0.0,0.10138945605394371,normal,True,0,0,1.0
2001,normal,cn_vague_2,vague,PerfectSemantic,CausalOptimizer,1896.0,0.8869565217391304,39.0,2.925,10,1.0,0.0,0.0,normal,True,0,0,1.0
2001,normal,cn_vague_3,vague,NoInfo,CausalOptimizer,1934.3999999999996,0.9153623188405796,29.2,6.085000000000001,9,0.35,0.35,0.3,normal,True,0,0,1.0
2001,normal,cn_vague_3,vague,RuleBased,CausalOptimizer,1737.0,0.9043478260869565,33.0,9.75,7,0.0,0.5,0.5,supplier_delay,False,4,10,1.0
2001,normal,cn_vague_3,vague,TFIDF_LogReg,CausalOptimizer,1934.3493375760145,0.9153654432577236,29.1989220760854,6.086697730165497,9,0.3771261334553238,0.3226942125589093,0.30017965398576696,normal,True,0,0,1.0
2001,normal,cn_vague_3,vague,TFIDF_LogReg_Calibrated,CausalOptimizer,1955.5908556822292,0.9077587296883185,31.82323825753012,4.5059333049322285,8,0.5910294823221457,0.3333333333333333,0.0756371843445209,normal,True,0,0,1.0
2001,normal,cn_vague_3,vague,PerfectSemantic,CausalOptimizer,1896.0,0.8869565217391304,39.0,2.925,10,1.0,0.0,0.0,normal,True,0,0,1.0
2001,normal,cn_vague_4,vague,NoInfo,CausalOptimizer,1934.3999999999996,0.9153623188405796,29.2,6.085000000000001,9,0.35,0.35,0.3,normal,True,0,0,1.0
2001,normal,cn_vague_4,vague,RuleBased,CausalOptimizer,1925.0,0.9159420289855073,29.0,6.4,9,0.3333333333333333,0.3333333333333333,0.3333333333333333,normal,True,0,0,1.0
2001,normal,cn_vague_4,vague,TFIDF_LogReg,CausalOptimizer,1936.3670673898482,0.9152410072531698,29.241852497656353,6.019082316191247,9,0.4241393062500869,0.2828361100259718,0.2930245837239413,normal,True,0,0,1.0
2001,normal,cn_vague_4,vague,TFIDF_LogReg_Calibrated,CausalOptimizer,1896.0,0.8869565217391304,39.0,2.925,10,1.0,0.0,0.0,normal,True,0,0,1.0
2001,normal,cn_vague_4,vague,PerfectSemantic,CausalOptimizer,1896.0,0.8869565217391304,39.0,2.925,10,1.0,0.0,0.0,normal,True,0,0,1.0
2002,normal,cn_clear_1,clear,NoInfo,CausalOptimizer,1709.8,0.9085365853658537,30.0,7.9300000000000015,10,0.35,0.35,0.3,normal,True,0,0,1.0
2002,normal,cn_clear_1,clear,RuleBased,CausalOptimizer,1709.8,0.9085365853658537,30.0,7.9300000000000015,10,0.4,0.3,0.3,normal,True,0,0,1.0
2002,normal,cn_clear_1,clear,TFIDF_LogReg,CausalOptimizer,1703.049976667391,0.9085365853658537,30.0,8.098750583315217,10,0.3323343040870316,0.3524629406593451,0.3152027552536233,supplier_delay,False,8,10,1.0
2002,normal,cn_clear_1,clear,TFIDF_LogReg_Calibrated,CausalOptimizer,1779.1593001773401,0.9115853658536586,29.0,6.896017495566488,12,0.3549200303140416,0.5681700667326745,0.07690990295328393,supplier_delay,False,8,10,1.0
2002,normal,cn_clear_1,clear,PerfectSemantic,CausalOptimizer,1962.0,0.9237804878048781,25.0,3.375,13,1.0,0.0,0.0,normal,True,0,0,1.0
2002,normal,cn_clear_2,clear,NoInfo,CausalOptimizer,1709.8,0.9085365853658537,30.0,7.9300000000000015,10,0.35,0.35,0.3,normal,True,0,0,1.0
2002,normal,cn_clear_2,clear,RuleBased,CausalOptimizer,1637.0,0.9115853658536586,29.0,10.575000000000001,11,0.14285714285714288,0.4285714285714286,0.4285714285714286,supplier_delay,False,4,4,1.0
2002,normal,cn_clear_2,clear,TFIDF_LogReg,CausalOptimizer,1717.912072007167,0.9085365853658537,30.0,7.727198199820838,10,0.3781043422886062,0.34016609015996696,0.2817295675514269,normal,True,0,0,1.0
2002,normal,cn_clear_2,clear,TFIDF_LogReg_Calibrated,CausalOptimizer,1810.0,0.9115853658536586,29.0,6.125,13,0.5013039514204657,0.49869604857953426,0.0,normal,True,0,0,1.0
2002,normal,cn_clear_2,clear,PerfectSemantic,CausalOptimizer,1962.0,0.9237804878048781,25.0,3.375,13,1.0,0.0,0.0,normal,True,0,0,1.0
2002,normal,cn_clear_3,clear,NoInfo,CausalOptimizer,1709.8,0.9085365853658537,30.0,7.9300000000000015,10,0.35,0.35,0.3,normal,True,0,0,1.0
2002,normal,cn_clear_3,clear,RuleBased,CausalOptimizer,1676.5,0.9085365853658537,30.0,8.7625,10,0.25,0.37499999999999994,0.37499999999999994,supplier_delay,False,4,4,1.0
2002,normal,cn_clear_3,clear,TFIDF_LogReg,CausalOptimizer,1699.669344801877,0.9085365853658537,30.0,8.18326637995306,10,0.334759855595164,0.3424233534180738,0.32281679098676214,supplier_delay,False,8,10,1.0
2002,normal,cn_clear_3,clear,TFIDF_LogReg_Calibrated,CausalOptimizer,1772.348597263752,0.9115853658536586,29.0,7.066285068406202,12,0.3333333333333333,0.5733057904921544,0.09336087617451229,supplier_delay,False,8,10,1.0
2002,normal,cn_clear_3,clear,PerfectSemantic,CausalOptimizer,1962.0,0.9237804878048781,25.0,3.375,13,1.0,0.0,0.0,normal,True,0,0,1.0
2002,normal,cn_clear_4,clear,NoInfo,CausalOptimizer,1709.8,0.9085365853658537,30.0,7.9300000000000015,10,0.35,0.35,0.3,normal,True,0,0,1.0
2002,normal,cn_clear_4,clear,RuleBased,CausalOptimizer,1709.8,0.9085365853658537,30.0,7.9300000000000015,10,0.4,0.3,0.3,normal,True,0,0,1.0
2002,normal,cn_clear_4,clear,TFIDF_LogReg,CausalOptimizer,1726.7162887165293,0.9085365853658537,30.0,7.507092782086767,11,0.41635589992062505,0.3224886019453371,0.26115549813403793,normal,True,0,0,1.0
2002,normal,cn_clear_4,clear,TFIDF_LogReg_Calibrated,CausalOptimizer,1850.0,0.9146341463414634,28.0,4.975,12,0.8152522945874024,0.18474770541259752,0.0,normal,True,0,0,1.0
2002,normal,cn_clear_4,clear,PerfectSemantic,CausalOptimizer,1962.0,0.9237804878048781,25.0,3.375,13,1.0,0.0,0.0,normal,True,0,0,1.0
2002,normal,cn_moderate_1,moderate,NoInfo,CausalOptimizer,1709.8,0.9085365853658537,30.0,7.9300000000000015,10,0.35,0.35,0.3,normal,True,0,0,1.0
2002,normal,cn_moderate_1,moderate,RuleBased,CausalOptimizer,1709.8,0.9085365853658537,30.0,7.9300000000000015,10,0.4,0.3,0.3,normal,True,0,0,1.0
2002,normal,cn_moderate_1,moderate,TFIDF_LogReg,CausalOptimizer,1724.3619459127583,0.9085365853658537,30.0,7.565951352181043,10,0.43192448890766283,0.30087268657152244,0.2672028245208148,normal,True,0,0,1.0
2002,normal,cn_moderate_1,moderate,TFIDF_LogReg_Calibrated,CausalOptimizer,1962.0,0.9237804878048781,25.0,3.375,13,1.0,0.0,0.0,normal,True,0,0,1.0
2002,normal,cn_moderate_1,moderate,PerfectSemantic,CausalOptimizer,1962.0,0.9237804878048781,25.0,3.375,13,1.0,0.0,0.0,normal,True,0,0,1.0
2002,normal,cn_moderate_2,moderate,NoInfo,CausalOptimizer,1709.8,0.9085365853658537,30.0,7.9300000000000015,10,0.35,0.35,0.3,normal,True,0,0,1.0
2002,normal,cn_moderate_2,moderate,RuleBased,CausalOptimizer,1810.0,0.9115853658536586,29.0,6.125,13,0.5714285714285715,0.4285714285714285,0.0,normal,True,0,0,1.0
2002,normal,cn_moderate_2,moderate,TFIDF_LogReg,CausalOptimizer,1722.5898977016254,0.9085365853658537,30.0,7.610252557459356,10,0.4126177081662408,0.31618836773832154,0.27119392409543763,normal,True,0,0,1.0
2002,normal,cn_moderate_2,moderate,TFIDF_LogReg_Calibrated,CausalOptimizer,1850.0,0.9146341463414634,28.0,4.975,12,0.8333333333333334,0.16666666666666666,0.0,normal,True,0,0,1.0
2002,normal,cn_moderate_2,moderate,PerfectSemantic,CausalOptimizer,1962.0,0.9237804878048781,25.0,3.375,13,1.0,0.0,0.0,normal,True,0,0,1.0
2002,normal,cn_moderate_3,moderate,NoInfo,CausalOptimizer,1709.8,0.9085365853658537,30.0,7.9300000000000015,10,0.35,0.35,0.3,normal,True,0,0,1.0
2002,normal,cn_moderate_3,moderate,RuleBased,CausalOptimizer,1676.5,0.9085365853658537,30.0,8.7625,10,0.25,0.37499999999999994,0.37499999999999994,supplier_delay,False,4,10,1.0
2002,normal,cn_moderate_3,moderate,TFIDF_LogReg,CausalOptimizer,1714.028335680865,0.9085365853658537,30.000000000000014,7.8242916079783695,10,0.3709692066833674,0.3385540718771397,0.2904767214394928,normal,True,0,0,1.0
2002,normal,cn_moderate_3,moderate,TFIDF_LogReg_Calibrated,CausalOptimizer,1810.0,0.9115853658536586,29.0,6.125,13,0.6191542664225136,0.3808457335774864,0.0,normal,True,0,0,1.0
2002,normal,cn_moderate_3,moderate,PerfectSemantic,CausalOptimizer,1962.0,0.9237804878048781,25.0,3.375,13,1.0,0.0,0.0,normal,True,0,0,1.0
2002,normal,cn_moderate_4,moderate,NoInfo,CausalOptimizer,1709.8,0.9085365853658537,30.0,7.9300000000000015,10,0.35,0.35,0.3,normal,True,0,0,1.0
2002,normal,cn_moderate_4,moderate,RuleBased,CausalOptimizer,1775.1428571428576,0.9185540069686411,26.714285714285715,7.675000000000002,10,0.5714285714285715,0.0,0.4285714285714286,normal,True,0,0,1.0
2002,normal,cn_moderate_4,moderate,TFIDF_LogReg,CausalOptimizer,1728.7789708537196,0.9085365853658537,30.0,7.455525728657011,11,0.49287152849181515,0.25134454143974627,0.25578393006843864,normal,True,0,0,1.0
2002,normal,cn_moderate_4,moderate,TFIDF_LogReg_Calibrated,CausalOptimizer,2010.352113589368,0.9355202779079703,21.14934884618573,3.706457621791506,11,0.928691645299736,0.0,0.07130835470026405,normal,True,0,0,1.0
2002,normal,cn_moderate_4,moderate,PerfectSemantic,CausalOptimizer,1962.0,0.9237804878048781,25.0,3.375,13,1.0,0.0,0.0,normal,True,0,0,1.0
2002,normal,cn_vague_1,vague,NoInfo,CausalOptimizer,1709.8,0.9085365853658537,30.0,7.9300000000000015,10,0.35,0.35,0.3,normal,True,0,0,1.0
2002,normal,cn_vague_1,vague,RuleBased,CausalOptimizer,1695.0,0.9085365853658537,30.0,8.3,10,0.3333333333333333,0.3333333333333333,0.3333333333333333,normal,True,0,0,1.0
2002,normal,cn_vague_1,vague,TFIDF_LogReg,CausalOptimizer,1717.3176742015664,0.9085365853658537,30.0,7.742058144960846,10,0.37801577405271997,0.3389159245994559,0.2830683013478241,normal,True,0,0,1.0
2002,normal,cn_vague_1,vague,TFIDF_LogReg_Calibrated,CausalOptimizer,1850.0,0.9146341463414634,28.0,4.975,12,0.6810946901721556,0.3189053098278444,0.0,normal,True,0,0,1.0
2002,normal,cn_vague_1,vague,PerfectSemantic,CausalOptimizer,1962.0,0.9237804878048781,25.0,3.375,13,1.0,0.0,0.0,normal,True,0,0,1.0
2002,normal,cn_vague_2,vague,NoInfo,CausalOptimizer,1709.8,0.9085365853658537,30.0,7.9300000000000015,10,0.35,0.35,0.3,normal,True,0,0,1.0
2002,normal,cn_vague_2,vague,RuleBased,CausalOptimizer,1750.8,0.926829268292683,24.0,9.505000000000003,9,0.4,0.0,0.6,demand_surge,False,0,10,1.75
2002,normal,cn_vague_2,vague,TFIDF_LogReg,CausalOptimizer,1707.23328788417,0.9085365853658537,30.0,7.994167802895748,10,0.41142597132376424,0.2827931455324748,0.30578088314376106,normal,True,0,0,1.0
2002,normal,cn_vague_2,vague,TFIDF_LogReg_Calibrated,CausalOptimizer,2017.7494895514508,0.9388973058487248,20.041683681618313,3.9645892885664105,11,0.8986105439460563,0.0,0.10138945605394371,normal,True,0,0,1.0
2002,normal,cn_vague_2,vague,PerfectSemantic,CausalOptimizer,1962.0,0.9237804878048781,25.0,3.375,13,1.0,0.0,0.0,normal,True,0,0,1.0
2002,normal,cn_vague_3,vague,NoInfo,CausalOptimizer,1709.8,0.9085365853658537,30.0,7.9300000000000015,10,0.35,0.35,0.3,normal,True,0,0,1.0
2002,normal,cn_vague_3,vague,RuleBased,CausalOptimizer,1607.0,0.9115853658536586,29.0,11.325,11,0.0,0.5,0.5,supplier_delay,False,4,10,1.0
2002,normal,cn_vague_3,vague,TFIDF_LogReg,CausalOptimizer,1709.7202336303203,0.9085365853658537,30.0,7.931994159242012,10,0.3771261334553238,0.3226942125589093,0.30017965398576696,normal,True,0,0,1.0
2002,normal,cn_vague_3,vague,TFIDF_LogReg_Calibrated,CausalOptimizer,1791.456819317341,0.9090997182186936,29.815292424268506,5.712462547359079,12,0.5910294823221457,0.3333333333333333,0.0756371843445209,normal,True,0,0,1.0
2002,normal,cn_vague_3,vague,PerfectSemantic,CausalOptimizer,1962.0,0.9237804878048781,25.0,3.375,13,1.0,0.0,0.0,normal,True,0,0,1.0
2002,normal,cn_vague_4,vague,NoInfo,CausalOptimizer,1709.8,0.9085365853658537,30.0,7.9300000000000015,10,0.35,0.35,0.3,normal,True,0,0,1.0
2002,normal,cn_vague_4,vague,RuleBased,CausalOptimizer,1695.0,0.9085365853658537,30.0,8.3,10,0.3333333333333333,0.3333333333333333,0.3333333333333333,normal,True,0,0,1.0
2002,normal,cn_vague_4,vague,TFIDF_LogReg,CausalOptimizer,1712.8970848265697,0.9085365853658537,30.0,7.85257287933575,10,0.4241393062500869,0.2828361100259718,0.2930245837239413,normal,True,0,0,1.0
2002,normal,cn_vague_4,vague,TFIDF_LogReg_Calibrated,CausalOptimizer,1962.0,0.9237804878048781,25.0,3.375,13,1.0,0.0,0.0,normal,True,0,0,1.0
2002,normal,cn_vague_4,vague,PerfectSemantic,CausalOptimizer,1962.0,0.9237804878048781,25.0,3.375,13,1.0,0.0,0.0,normal,True,0,0,1.0
2003,normal,cn_clear_1,clear,NoInfo,CausalOptimizer,1807.6000000000001,0.9109792284866469,30.0,7.305,8,0.35,0.35,0.3,normal,True,0,0,1.0
2003,normal,cn_clear_1,clear,RuleBased,CausalOptimizer,1807.6000000000001,0.9109792284866469,30.0,7.305,8,0.4,0.3,0.3,normal,True,0,0,1.0
2003,normal,cn_clear_1,clear,TFIDF_LogReg,CausalOptimizer,1803.2216064869567,0.9109792284866469,30.0,7.428142317554347,8,0.3323343040870316,0.3524629406593451,0.3152027552536233,supplier_delay,False,8,10,1.0
2003,normal,cn_clear_1,clear,TFIDF_LogReg_Calibrated,CausalOptimizer,1731.072970885985,0.8895215326596979,37.23124349368179,6.60567833037766,12,0.3549200303140416,0.5681700667326745,0.07690990295328393,supplier_delay,False,8,10,1.0
2003,normal,cn_clear_1,clear,PerfectSemantic,CausalOptimizer,1911.0,0.9020771513353115,33.0,3.45,10,1.0,0.0,0.0,normal,True,0,0,1.0
2003,normal,cn_clear_2,clear,NoInfo,CausalOptimizer,1807.6000000000001,0.9109792284866469,30.0,7.305,8,0.35,0.35,0.3,normal,True,0,0,1.0
2003,normal,cn_clear_2,clear,RuleBased,CausalOptimizer,1602.1428571428569,0.8931750741839762,36.0,10.321428571428573,8,0.14285714285714288,0.4285714285714286,0.4285714285714286,supplier_delay,False,4,4,1.0
2003,normal,cn_clear_2,clear,TFIDF_LogReg,CausalOptimizer,1812.8618845451897,0.9109792284866469,30.0,7.157009497166558,8,0.3781043422886062,0.34016609015996696,0.2817295675514269,normal,True,0,0,1.0
2003,normal,cn_clear_2,clear,TFIDF_LogReg_Calibrated,CausalOptimizer,1708.0,0.8813056379821959,40.0,6.075,11,0.5013039514204657,0.49869604857953426,0.0,normal,True,0,0,1.0
2003,normal,cn_clear_2,clear,PerfectSemantic,CausalOptimizer,1911.0,0.9020771513353115,33.0,3.45,10,1.0,0.0,0.0,normal,True,0,0,1.0
2003,normal,cn_clear_3,clear,NoInfo,CausalOptimizer,1807.6000000000001,0.9109792284866469,30.0,7.305,8,0.35,0.35,0.3,normal,True,0,0,1.0
2003,normal,cn_clear_3,clear,RuleBased,CausalOptimizer,1769.75,0.908753709198813,30.75,7.98125,9,0.25,0.37499999999999994,0.37499999999999994,supplier_delay,False,4,4,1.0
2003,normal,cn_clear_3,clear,TFIDF_LogReg,CausalOptimizer,1801.0287641958123,0.9109792284866469,30.0,7.489816006992774,8,0.334759855595164,0.3424233534180738,0.32281679098676214,supplier_delay,False,8,10,1.0
2003,normal,cn_clear_3,clear,TFIDF_LogReg_Calibrated,CausalOptimizer,1736.0082628523537,0.891278906653657,36.63900845771755,6.719190045604134,12,0.3333333333333333,0.5733057904921544,0.09336087617451229,supplier_delay,False,8,10,1.0
2003,normal,cn_clear_3,clear,PerfectSemantic,CausalOptimizer,1911.0,0.9020771513353115,33.0,3.45,10,1.0,0.0,0.0,normal,True,0,0,1.0
2003,normal,cn_clear_4,clear,NoInfo,CausalOptimizer,1807.6000000000001,0.9109792284866469,30.0,7.305,8,0.35,0.35,0.3,normal,True,0,0,1.0
2003,normal,cn_clear_4,clear,RuleBased,CausalOptimizer,1807.6000000000001,0.9109792284866469,30.0,7.305,8,0.4,0.3,0.3,normal,True,0,0,1.0
2003,normal,cn_clear_4,clear,TFIDF_LogReg,CausalOptimizer,1818.7872165373972,0.9109792284866469,30.0,6.99035953488571,8,0.41635589992062505,0.3224886019453371,0.26115549813403793,normal,True,0,0,1.0
2003,normal,cn_clear_4,clear,TFIDF_LogReg_Calibrated,CausalOptimizer,1839.0,0.8991097922848664,34.0,4.85,10,0.8152522945874024,0.18474770541259752,0.0,normal,True,0,0,1.0
2003,normal,cn_clear_4,clear,PerfectSemantic,CausalOptimizer,1911.0,0.9020771513353115,33.0,3.45,10,1.0,0.0,0.0,normal,True,0,0,1.0
2003,normal,cn_moderate_1,moderate,NoInfo,CausalOptimizer,1807.6000000000001,0.9109792284866469,30.0,7.305,8,0.35,0.35,0.3,normal,True,0,0,1.0
2003,normal,cn_moderate_1,moderate,RuleBased,CausalOptimizer,1807.6000000000001,0.9109792284866469,30.0,7.305,8,0.4,0.3,0.3,normal,True,0,0,1.0
2003,normal,cn_moderate_1,moderate,TFIDF_LogReg,CausalOptimizer,1817.045586538005,0.9109792284866469,30.0,7.0393428786186005,8,0.43192448890766283,0.30087268657152244,0.2672028245208148,normal,True,0,0,1.0
2003,normal,cn_moderate_1,moderate,TFIDF_LogReg_Calibrated,CausalOptimizer,1911.0,0.9020771513353115,33.0,3.45,10,1.0,0.0,0.0,normal,True,0,0,1.0
2003,normal,cn_moderate_1,moderate,PerfectSemantic,CausalOptimizer,1911.0,0.9020771513353115,33.0,3.45,10,1.0,0.0,0.0,normal,True,0,0,1.0
2003,normal,cn_moderate_2,moderate,NoInfo,CausalOptimizer,1807.6000000000001,0.9109792284866469,30.0,7.305,8,0.35,0.35,0.3,normal,True,0,0,1.0
2003,normal,cn_moderate_2,moderate,RuleBased,CausalOptimizer,1708.0,0.8813056379821959,40.0,6.075,11,0.5714285714285715,0.4285714285714285,0.0,normal,True,0,0,1.0
2003,normal,cn_moderate_2,moderate,TFIDF_LogReg,CausalOptimizer,1815.8961498605145,0.9109792284866469,30.0,7.071670785173043,8,0.4126177081662408,0.31618836773832154,0.27119392409543763,normal,True,0,0,1.0
2003,normal,cn_moderate_2,moderate,TFIDF_LogReg_Calibrated,CausalOptimizer,1839.0,0.8991097922848664,34.0,4.85,10,0.8333333333333334,0.16666666666666666,0.0,normal,True,0,0,1.0
2003,normal,cn_moderate_2,moderate,PerfectSemantic,CausalOptimizer,1911.0,0.9020771513353115,33.0,3.45,10,1.0,0.0,0.0,normal,True,0,0,1.0
2003,normal,cn_moderate_3,moderate,NoInfo,CausalOptimizer,1807.6000000000001,0.9109792284866469,30.0,7.305,8,0.35,0.35,0.3,normal,True,0,0,1.0
2003,normal,cn_moderate_3,moderate,RuleBased,CausalOptimizer,1769.75,0.908753709198813,30.75,7.98125,9,0.25,0.37499999999999994,0.37499999999999994,supplier_delay,False,4,10,1.0
2003,normal,cn_moderate_3,moderate,TFIDF_LogReg,CausalOptimizer,1810.3427042254261,0.9109792284866469,30.000000000000014,7.22786144365989,9,0.3709692066833674,0.3385540718771397,0.2904767214394928,normal,True,0,0,1.0
2003,normal,cn_moderate_3,moderate,TFIDF_LogReg_Calibrated,CausalOptimizer,1708.0,0.8813056379821959,40.0,6.075,11,0.6191542664225136,0.3808457335774864,0.0,normal,True,0,0,1.0
2003,normal,cn_moderate_3,moderate,PerfectSemantic,CausalOptimizer,1911.0,0.9020771513353115,33.0,3.45,10,1.0,0.0,0.0,normal,True,0,0,1.0
2003,normal,cn_moderate_4,moderate,NoInfo,CausalOptimizer,1807.6000000000001,0.9109792284866469,30.0,7.305,8,0.35,0.35,0.3,normal,True,0,0,1.0
2003,normal,cn_moderate_4,moderate,RuleBased,CausalOptimizer,1819.1428571428569,0.9109792284866469,30.00000000000001,7.0464285714285735,10,0.5714285714285715,0.0,0.4285714285714286,normal,True,0,0,1.0
2003,normal,cn_moderate_4,moderate,TFIDF_LogReg,CausalOptimizer,1820.3342281402895,0.9109792284866469,30.0,6.946849833554353,8,0.49287152849181515,0.25134454143974627,0.25578393006843864,normal,True,0,0,1.0
2003,normal,cn_moderate_4,moderate,TFIDF_LogReg_Calibrated,CausalOptimizer,1943.5166097433203,0.9109642459863829,30.0050491025889,3.835065115381427,10,0.928691645299736,0.0,0.07130835470026405,normal,True,0,0,1.0
2003,normal,cn_moderate_4,moderate,PerfectSemantic,CausalOptimizer,1911.0,0.9020771513353115,33.0,3.45,10,1.0,0.0,0.0,normal,True,0,0,1.0
2003,normal,cn_vague_1,vague,NoInfo,CausalOptimizer,1807.6000000000001,0.9109792284866469,30.0,7.305,8,0.35,0.35,0.3,normal,True,0,0,1.0
2003,normal,cn_vague_1,vague,RuleBased,CausalOptimizer,1798.0,0.9109792284866469,30.0,7.575,8,0.3333333333333333,0.3333333333333333,0.3333333333333333,normal,True,0,0,1.0
2003,normal,cn_vague_1,vague,TFIDF_LogReg,CausalOptimizer,1812.4763292118269,0.9109792284866469,30.0,7.167853240917376,8,0.37801577405271997,0.3389159245994559,0.2830683013478241,normal,True,0,0,1.0
2003,normal,cn_vague_1,vague,TFIDF_LogReg_Calibrated,CausalOptimizer,1839.0,0.8991097922848664,34.0,4.85,10,0.6810946901721556,0.3189053098278444,0.0,normal,True,0,0,1.0
2003,normal,cn_vague_1,vague,PerfectSemantic,CausalOptimizer,1911.0,0.9020771513353115,33.0,3.45,10,1.0,0.0,0.0,normal,True,0,0,1.0
2003,normal,cn_vague_2,vague,NoInfo,CausalOptimizer,1807.6000000000001,0.9109792284866469,30.0,7.305,8,0.35,0.35,0.3,normal,True,0,0,1.0
2003,normal,cn_vague_2,vague,RuleBased,CausalOptimizer,1682.1999999999996,0.8961424332344213,35.0,8.720000000000002,10,0.4,0.0,0.6,demand_surge,False,0,10,1.75
2003,normal,cn_vague_2,vague,TFIDF_LogReg,CausalOptimizer,1805.9351056545972,0.9109792284866469,30.0,7.351825153464466,8,0.41142597132376424,0.2827931455324748,0.30578088314376106,normal,True,0,0,1.0
2003,normal,cn_vague_2,vague,TFIDF_LogReg_Calibrated,CausalOptimizer,1956.2001633435357,0.9147132259770494,28.74164284573436,4.023338778117861,9,0.8986105439460563,0.0,0.10138945605394371,normal,True,0,0,1.0
2003,normal,cn_vague_2,vague,PerfectSemantic,CausalOptimizer,1911.0,0.9020771513353115,33.0,3.45,10,1.0,0.0,0.0,normal,True,0,0,1.0
2003,normal,cn_vague_3,vague,NoInfo,CausalOptimizer,1807.6000000000001,0.9109792284866469,30.0,7.305,8,0.35,0.35,0.3,normal,True,0,0,1.0
2003,normal,cn_vague_3,vague,RuleBased,CausalOptimizer,1581.0,0.8931750741839762,36.0,11.1,7,0.0,0.5,0.5,supplier_delay,False,4,10,1.0
2003,normal,cn_vague_3,vague,TFIDF_LogReg,CausalOptimizer,1807.5482596520994,0.9109792284866469,30.0,7.306455197284713,8,0.3771261334553238,0.3226942125589093,0.30017965398576696,normal,True,0,0,1.0
2003,normal,cn_vague_3,vague,TFIDF_LogReg_Calibrated,CausalOptimizer,1872.1290867429002,0.9085363849924923,30.82323825753012,5.292477528415447,11,0.5910294823221457,0.3333333333333333,0.0756371843445209,normal,True,0,0,1.0
2003,normal,cn_vague_3,vague,PerfectSemantic,CausalOptimizer,1911.0,0.9020771513353115,33.0,3.45,10,1.0,0.0,0.0,normal,True,0,0,1.0
2003,normal,cn_vague_4,vague,NoInfo,CausalOptimizer,1807.6000000000001,0.9109792284866469,30.0,7.305,8,0.35,0.35,0.3,normal,True,0,0,1.0
2003,normal,cn_vague_4,vague,RuleBased,CausalOptimizer,1798.0,0.9109792284866469,30.0,7.575,8,0.3333333333333333,0.3333333333333333,0.3333333333333333,normal,True,0,0,1.0
2003,normal,cn_vague_4,vague,TFIDF_LogReg,CausalOptimizer,1809.6089198875047,0.9109792284866469,30.0,7.2484991281639255,8,0.4241393062500869,0.2828361100259718,0.2930245837239413,normal,True,0,0,1.0
2003,normal,cn_vague_4,vague,TFIDF_LogReg_Calibrated,CausalOptimizer,1911.0,0.9020771513353115,33.0,3.45,10,1.0,0.0,0.0,normal,True,0,0,1.0
2003,normal,cn_vague_4,vague,PerfectSemantic,CausalOptimizer,1911.0,0.9020771513353115,33.0,3.45,10,1.0,0.0,0.0,normal,True,0,0,1.0
2004,normal,cn_clear_1,clear,NoInfo,CausalOptimizer,1341.6,0.9146757679180887,25.0,12.310000000000002,7,0.35,0.35,0.3,normal,True,0,0,1.0
2004,normal,cn_clear_1,clear,RuleBased,CausalOptimizer,1341.6,0.9146757679180887,25.0,12.310000000000002,7,0.4,0.3,0.3,normal,True,0,0,1.0
2004,normal,cn_clear_1,clear,TFIDF_LogReg,CausalOptimizer,1334.9411931989132,0.9146757679180887,25.0,12.476470170027174,7,0.3323343040870316,0.3524629406593451,0.3152027552536233,supplier_delay,False,8,10,1.0
2004,normal,cn_clear_1,clear,TFIDF_LogReg_Calibrated,CausalOptimizer,1368.236381341901,0.9146757679180887,25.0,11.769090466452473,5,0.3549200303140416,0.5681700667326745,0.07690990295328393,supplier_delay,False,8,10,1.0
2004,normal,cn_clear_1,clear,PerfectSemantic,CausalOptimizer,1672.0,0.9522184300341296,14.0,8.175,4,1.0,0.0,0.0,normal,True,0,0,1.0
2004,normal,cn_clear_2,clear,NoInfo,CausalOptimizer,1341.6,0.9146757679180887,25.0,12.310000000000002,7,0.35,0.35,0.3,normal,True,0,0,1.0
2004,normal,cn_clear_2,clear,RuleBased,CausalOptimizer,1218.4285714285713,0.9146757679180887,25.0,15.514285714285716,5,0.14285714285714288,0.4285714285714286,0.4285714285714286,supplier_delay,False,4,4,1.0
2004,normal,cn_clear_2,clear,TFIDF_LogReg,CausalOptimizer,1349.6024494124752,0.9146757679180887,25.0,12.109938764688124,7,0.3781043422886062,0.34016609015996696,0.2817295675514269,normal,True,0,0,1.0
2004,normal,cn_clear_2,clear,TFIDF_LogReg_Calibrated,CausalOptimizer,1401.0,0.9146757679180887,25.0,10.95,5,0.5013039514204657,0.49869604857953426,0.0,normal,True,0,0,1.0
2004,normal,cn_clear_2,clear,PerfectSemantic,CausalOptimizer,1672.0,0.9522184300341296,14.0,8.175,4,1.0,0.0,0.0,normal,True,0,0,1.0
2004,normal,cn_clear_3,clear,NoInfo,CausalOptimizer,1341.6,0.9146757679180887,25.0,12.310000000000002,7,0.35,0.35,0.3,normal,True,0,0,1.0
2004,normal,cn_clear_3,clear,RuleBased,CausalOptimizer,1314.75,0.9146757679180887,25.0,13.10625,7,0.25,0.37499999999999994,0.37499999999999994,supplier_delay,False,4,4,1.0
2004,normal,cn_clear_3,clear,TFIDF_LogReg,CausalOptimizer,1331.6062455477984,0.9146757679180887,25.0,12.559843861305048,7,0.334759855595164,0.3424233534180738,0.32281679098676214,supplier_delay,False,8,10,1.0
2004,normal,cn_clear_3,clear,TFIDF_LogReg_Calibrated,CausalOptimizer,1361.2282667496577,0.9146757679180887,25.0,11.944293331258555,5,0.3333333333333333,0.5733057904921544,0.09336087617451229,supplier_delay,False,8,10,1.0
2004,normal,cn_clear_3,clear,PerfectSemantic,CausalOptimizer,1672.0,0.9522184300341296,14.0,8.175,4,1.0,0.0,0.0,normal,True,0,0,1.0
2004,normal,cn_clear_4,clear,NoInfo,CausalOptimizer,1341.6,0.9146757679180887,25.0,12.310000000000002,7,0.35,0.35,0.3,normal,True,0,0,1.0
2004,normal,cn_clear_4,clear,RuleBased,CausalOptimizer,1341.6,0.9146757679180887,25.0,12.310000000000002,7,0.4,0.3,0.3,normal,True,0,0,1.0
2004,normal,cn_clear_4,clear,TFIDF_LogReg,CausalOptimizer,1358.314690783704,0.9146757679180887,25.0,11.8921327304074,8,0.41635589992062505,0.3224886019453371,0.26115549813403793,normal,True,0,0,1.0
2004,normal,cn_clear_4,clear,TFIDF_LogReg_Calibrated,CausalOptimizer,1520.0,0.9283276450511946,21.0,9.325,7,0.8152522945874024,0.18474770541259752,0.0,normal,True,0,0,1.0
2004,normal,cn_clear_4,clear,PerfectSemantic,CausalOptimizer,1672.0,0.9522184300341296,14.0,8.175,4,1.0,0.0,0.0,normal,True,0,0,1.0
2004,normal,cn_moderate_1,moderate,NoInfo,CausalOptimizer,1341.6,0.9146757679180887,25.0,12.310000000000002,7,0.35,0.35,0.3,normal,True,0,0,1.0
2004,normal,cn_moderate_1,moderate,RuleBased,CausalOptimizer,1341.6,0.9146757679180887,25.0,12.310000000000002,7,0.4,0.3,0.3,normal,True,0,0,1.0
2004,normal,cn_moderate_1,moderate,TFIDF_LogReg,CausalOptimizer,1355.7748137012577,0.9146757679180886,25.0,11.955629657468554,8,0.43192448890766283,0.30087268657152244,0.2672028245208148,normal,True,0,0,1.0
2004,normal,cn_moderate_1,moderate,TFIDF_LogReg_Calibrated,CausalOptimizer,1672.0,0.9522184300341296,14.0,8.175,4,1.0,0.0,0.0,normal,True,0,0,1.0
2004,normal,cn_moderate_1,moderate,PerfectSemantic,CausalOptimizer,1672.0,0.9522184300341296,14.0,8.175,4,1.0,0.0,0.0,normal,True,0,0,1.0
2004,normal,cn_moderate_2,moderate,NoInfo,CausalOptimizer,1341.6,0.9146757679180887,25.0,12.310000000000002,7,0.35,0.35,0.3,normal,True,0,0,1.0
2004,normal,cn_moderate_2,moderate,RuleBased,CausalOptimizer,1401.0,0.9146757679180887,25.0,10.95,5,0.5714285714285715,0.4285714285714285,0.0,normal,True,0,0,1.0
2004,normal,cn_moderate_2,moderate,TFIDF_LogReg,CausalOptimizer,1354.098551879916,0.9146757679180887,25.0,11.997536203002094,8,0.4126177081662408,0.31618836773832154,0.27119392409543763,normal,True,0,0,1.0
2004,normal,cn_moderate_2,moderate,TFIDF_LogReg_Calibrated,CausalOptimizer,1520.0,0.9283276450511946,21.0,9.325,7,0.8333333333333334,0.16666666666666666,0.0,normal,True,0,0,1.0
2004,normal,cn_moderate_2,moderate,PerfectSemantic,CausalOptimizer,1672.0,0.9522184300341296,14.0,8.175,4,1.0,0.0,0.0,normal,True,0,0,1.0
2004,normal,cn_moderate_3,moderate,NoInfo,CausalOptimizer,1341.6,0.9146757679180887,25.0,12.310000000000002,7,0.35,0.35,0.3,normal,True,0,0,1.0
2004,normal,cn_moderate_3,moderate,RuleBased,CausalOptimizer,1314.75,0.9146757679180887,25.0,13.10625,7,0.25,0.37499999999999994,0.37499999999999994,supplier_delay,False,4,10,1.0
2004,normal,cn_moderate_3,moderate,TFIDF_LogReg,CausalOptimizer,1345.7711960095019,0.9146757679180889,25.000000000000004,12.205720099762445,8,0.3709692066833674,0.3385540718771397,0.2904767214394928,normal,True,0,0,1.0
2004,normal,cn_moderate_3,moderate,TFIDF_LogReg_Calibrated,CausalOptimizer,1401.0,0.9146757679180887,25.0,10.95,5,0.6191542664225136,0.3808457335774864,0.0,normal,True,0,0,1.0
2004,normal,cn_moderate_3,moderate,PerfectSemantic,CausalOptimizer,1672.0,0.9522184300341296,14.0,8.175,4,1.0,0.0,0.0,normal,True,0,0,1.0
2004,normal,cn_moderate_4,moderate,NoInfo,CausalOptimizer,1341.6,0.9146757679180887,25.0,12.310000000000002,7,0.35,0.35,0.3,normal,True,0,0,1.0
2004,normal,cn_moderate_4,moderate,RuleBased,CausalOptimizer,1401.8571428571424,0.9283276450511944,21.000000000000014,12.403571428571432,7,0.5714285714285715,0.0,0.4285714285714286,normal,True,0,0,1.0
2004,normal,cn_moderate_4,moderate,TFIDF_LogReg,CausalOptimizer,1360.5707493712557,0.9146757679180887,25.0,11.835731265718605,8,0.49287152849181515,0.25134454143974627,0.25578393006843864,normal,True,0,0,1.0
2004,normal,cn_moderate_4,moderate,TFIDF_LogReg_Calibrated,CausalOptimizer,1633.4934884618572,0.9522184300341296,14.0,9.159055294863645,4,0.928691645299736,0.0,0.07130835470026405,normal,True,0,0,1.0
2004,normal,cn_moderate_4,moderate,PerfectSemantic,CausalOptimizer,1672.0,0.9522184300341296,14.0,8.175,4,1.0,0.0,0.0,normal,True,0,0,1.0
2004,normal,cn_vague_1,vague,NoInfo,CausalOptimizer,1341.6,0.9146757679180887,25.0,12.310000000000002,7,0.35,0.35,0.3,normal,True,0,0,1.0
2004,normal,cn_vague_1,vague,RuleBased,CausalOptimizer,1332.0,0.9146757679180887,25.0,12.675,7,0.3333333333333333,0.3333333333333333,0.3333333333333333,normal,True,0,0,1.0
2004,normal,cn_vague_1,vague,TFIDF_LogReg,CausalOptimizer,1349.0160840096528,0.9146757679180887,25.0,12.124597899758673,7,0.37801577405271997,0.3389159245994559,0.2830683013478241,normal,True,0,0,1.0
2004,normal,cn_vague_1,vague,TFIDF_LogReg_Calibrated,CausalOptimizer,1520.0,0.9283276450511946,21.0,9.325,7,0.6810946901721556,0.3189053098278444,0.0,normal,True,0,0,1.0
2004,normal,cn_vague_1,vague,PerfectSemantic,CausalOptimizer,1672.0,0.9522184300341296,14.0,8.175,4,1.0,0.0,0.0,normal,True,0,0,1.0
2004,normal,cn_vague_2,vague,NoInfo,CausalOptimizer,1341.6,0.9146757679180887,25.0,12.310000000000002,7,0.35,0.35,0.3,normal,True,0,0,1.0
2004,normal,cn_vague_2,vague,RuleBased,CausalOptimizer,1286.6,0.9146757679180887,25.0,14.060000000000002,8,0.4,0.0,0.6,demand_surge,False,0,10,1.75
2004,normal,cn_vague_2,vague,TFIDF_LogReg,CausalOptimizer,1339.0679731830326,0.9146757679180887,25.0,12.373300670424186,7,0.41142597132376424,0.2827931455324748,0.30578088314376106,normal,True,0,0,1.0
2004,normal,cn_vague_2,vague,TFIDF_LogReg_Calibrated,CausalOptimizer,1618.7664080394015,0.9522184300341296,14.0,9.536256635831142,4,0.8986105439460563,0.0,0.10138945605394371,normal,True,0,0,1.0
2004,normal,cn_vague_2,vague,PerfectSemantic,CausalOptimizer,1672.0,0.9522184300341296,14.0,8.175,4,1.0,0.0,0.0,normal,True,0,0,1.0
2004,normal,cn_vague_3,vague,NoInfo,CausalOptimizer,1341.6,0.9146757679180887,25.0,12.310000000000002,7,0.35,0.35,0.3,normal,True,0,0,1.0
2004,normal,cn_vague_3,vague,RuleBased,CausalOptimizer,1198.0,0.9146757679180887,25.0,16.275,5,0.0,0.5,0.5,supplier_delay,False,4,10,1.0
2004,normal,cn_vague_3,vague,TFIDF_LogReg,CausalOptimizer,1341.5213115542342,0.9146757679180887,25.0,12.311967211144147,7,0.3771261334553238,0.3226942125589093,0.30017965398576696,normal,True,0,0,1.0
2004,normal,cn_vague_3,vague,TFIDF_LogReg_Calibrated,CausalOptimizer,1470.5332814386836,0.9236809920880499,22.36146931820138,10.017080236752367,7,0.5910294823221457,0.3333333333333333,0.0756371843445209,normal,True,0,0,1.0
2004,normal,cn_vague_3,vague,PerfectSemantic,CausalOptimizer,1672.0,0.9522184300341296,14.0,8.175,4,1.0,0.0,0.0,normal,True,0,0,1.0
2004,normal,cn_vague_4,vague,NoInfo,CausalOptimizer,1341.6,0.9146757679180887,25.0,12.310000000000002,7,0.35,0.35,0.3,normal,True,0,0,1.0
2004,normal,cn_vague_4,vague,RuleBased,CausalOptimizer,1332.0,0.9146757679180887,25.0,12.675,7,0.3333333333333333,0.3333333333333333,0.3333333333333333,normal,True,0,0,1.0
2004,normal,cn_vague_4,vague,TFIDF_LogReg,CausalOptimizer,1344.6552323289138,0.9146757679180887,25.0,12.233619191777159,7,0.4241393062500869,0.2828361100259718,0.2930245837239413,normal,True,0,0,1.0
2004,normal,cn_vague_4,vague,TFIDF_LogReg_Calibrated,CausalOptimizer,1672.0,0.9522184300341296,14.0,8.175,4,1.0,0.0,0.0,normal,True,0,0,1.0
2004,normal,cn_vague_4,vague,PerfectSemantic,CausalOptimizer,1672.0,0.9522184300341296,14.0,8.175,4,1.0,0.0,0.0,normal,True,0,0,1.0
2005,normal,cn_clear_1,clear,NoInfo,CausalOptimizer,1991.3999999999999,0.9247813411078717,25.799999999999997,5.545,5,0.35,0.35,0.3,normal,True,0,0,1.0
2005,normal,cn_clear_1,clear,RuleBased,CausalOptimizer,1991.3999999999999,0.9247813411078717,25.799999999999997,5.545,5,0.4,0.3,0.3,normal,True,0,0,1.0
2005,normal,cn_clear_1,clear,TFIDF_LogReg,CausalOptimizer,1992.129732252174,0.9258450907466091,25.435133873913045,5.672703144130433,5,0.3323343040870316,0.3524629406593451,0.3152027552536233,supplier_delay,False,8,10,1.0
2005,normal,cn_clear_1,clear,TFIDF_LogReg_Calibrated,CausalOptimizer,1944.1449142023266,0.9028911817543955,33.30832465824237,3.9230472816448896,8,0.3549200303140416,0.5681700667326745,0.07690990295328393,supplier_delay,False,8,10,1.0
2005,normal,cn_clear_1,clear,PerfectSemantic,CausalOptimizer,1735.0,0.8717201166180758,44.0,4.2,9,1.0,0.0,0.0,normal,True,0,0,1.0
2005,normal,cn_clear_2,clear,NoInfo,CausalOptimizer,1991.3999999999999,0.9247813411078717,25.799999999999997,5.545,5,0.35,0.35,0.3,normal,True,0,0,1.0
2005,normal,cn_clear_2,clear,RuleBased,CausalOptimizer,1891.1428571428564,0.9212827988338192,27.0,7.896428571428575,5,0.14285714285714288,0.4285714285714286,0.4285714285714286,supplier_delay,False,4,4,1.0
2005,normal,cn_clear_2,clear,TFIDF_LogReg,CausalOptimizer,1990.5230192424688,0.9235029435021407,26.238490378765754,5.391528367431986,5,0.3781043422886062,0.34016609015996696,0.2817295675514269,normal,True,0,0,1.0
2005,normal,cn_clear_2,clear,TFIDF_LogReg_Calibrated,CausalOptimizer,1890.0,0.892128279883382,37.0,3.8,9,0.5013039514204657,0.49869604857953426,0.0,normal,True,0,0,1.0
2005,normal,cn_clear_2,clear,PerfectSemantic,CausalOptimizer,1735.0,0.8717201166180758,44.0,4.2,9,1.0,0.0,0.0,normal,True,0,0,1.0
2005,normal,cn_clear_3,clear,NoInfo,CausalOptimizer,1991.3999999999999,0.9247813411078717,25.799999999999997,5.545,5,0.35,0.35,0.3,normal,True,0,0,1.0
2005,normal,cn_clear_3,clear,RuleBased,CausalOptimizer,1999.5,0.9300291545189504,24.0,6.1375,5,0.25,0.37499999999999994,0.37499999999999994,supplier_delay,False,4,4,1.0
2005,normal,cn_clear_3,clear,TFIDF_LogReg,CausalOptimizer,1992.4952059673647,0.92637785126438,25.25239701631771,5.736661044288803,5,0.334759855595164,0.3424233534180738,0.32281679098676214,supplier_delay,False,8,10,1.0
2005,normal,cn_clear_3,clear,TFIDF_LogReg_Calibrated,CausalOptimizer,1954.2156994194722,0.9051933587649463,32.518677943623416,3.987136337063835,7,0.3333333333333333,0.5733057904921544,0.09336087617451229,supplier_delay,False,8,10,1.0
2005,normal,cn_clear_3,clear,PerfectSemantic,CausalOptimizer,1735.0,0.8717201166180758,44.0,4.2,9,1.0,0.0,0.0,normal,True,0,0,1.0
2005,normal,cn_clear_4,clear,NoInfo,CausalOptimizer,1991.3999999999999,0.9247813411078717,25.799999999999997,5.545,5,0.35,0.35,0.3,normal,True,0,0,1.0
2005,normal,cn_clear_4,clear,RuleBased,CausalOptimizer,1991.3999999999999,0.9247813411078717,25.799999999999997,5.545,5,0.4,0.3,0.3,normal,True,0,0,1.0
2005,normal,cn_clear_4,clear,TFIDF_LogReg,CausalOptimizer,1989.5354639104337,0.9220633584700201,26.732268044783083,5.21870618432592,5,0.41635589992062505,0.3224886019453371,0.26115549813403793,normal,True,0,0,1.0
2005,normal,cn_clear_4,clear,TFIDF_LogReg_Calibrated,CausalOptimizer,1901.0,0.8950437317784257,36.0,3.6,8,0.8152522945874024,0.18474770541259752,0.0,normal,True,0,0,1.0
2005,normal,cn_clear_4,clear,PerfectSemantic,CausalOptimizer,1735.0,0.8717201166180758,44.0,4.2,9,1.0,0.0,0.0,normal,True,0,0,1.0
2005,normal,cn_moderate_1,moderate,NoInfo,CausalOptimizer,1991.3999999999999,0.9247813411078717,25.799999999999997,5.545,5,0.35,0.35,0.3,normal,True,0,0,1.0
2005,normal,cn_moderate_1,moderate,RuleBased,CausalOptimizer,1991.3999999999999,0.9247813411078717,25.799999999999997,5.545,5,0.4,0.3,0.3,normal,True,0,0,1.0
2005,normal,cn_moderate_1,moderate,TFIDF_LogReg,CausalOptimizer,1989.8257355769988,0.9224864950102029,26.587132211500446,5.269503725974845,5,0.43192448890766283,0.30087268657152244,0.2672028245208148,normal,True,0,0,1.0
2005,normal,cn_moderate_1,moderate,TFIDF_LogReg_Calibrated,CausalOptimizer,1735.0,0.8717201166180758,44.0,4.2,9,1.0,0.0,0.0,normal,True,0,0,1.0
2005,normal,cn_moderate_1,moderate,PerfectSemantic,CausalOptimizer,1735.0,0.8717201166180758,44.0,4.2,9,1.0,0.0,0.0,normal,True,0,0,1.0
2005,normal,cn_moderate_2,moderate,NoInfo,CausalOptimizer,1991.3999999999999,0.9247813411078717,25.799999999999997,5.545,5,0.35,0.35,0.3,normal,True,0,0,1.0
2005,normal,cn_moderate_2,moderate,RuleBased,CausalOptimizer,1890.0,0.892128279883382,37.0,3.8,9,0.5714285714285715,0.4285714285714285,0.0,normal,True,0,0,1.0
2005,normal,cn_moderate_2,moderate,TFIDF_LogReg,CausalOptimizer,1990.017308356581,0.9227657556218382,26.4913458217095,5.303028962401674,5,0.4126177081662408,0.31618836773832154,0.27119392409543763,normal,True,0,0,1.0
2005,normal,cn_moderate_2,moderate,TFIDF_LogReg_Calibrated,CausalOptimizer,1901.0,0.8950437317784257,36.0,3.6,8,0.8333333333333334,0.16666666666666666,0.0,normal,True,0,0,1.0
2005,normal,cn_moderate_2,moderate,PerfectSemantic,CausalOptimizer,1735.0,0.8717201166180758,44.0,4.2,9,1.0,0.0,0.0,normal,True,0,0,1.0
2005,normal,cn_moderate_3,moderate,NoInfo,CausalOptimizer,1991.3999999999999,0.9247813411078717,25.799999999999997,5.545,5,0.35,0.35,0.3,normal,True,0,0,1.0
2005,normal,cn_moderate_3,moderate,RuleBased,CausalOptimizer,1999.5,0.9300291545189504,24.0,6.1375,5,0.25,0.37499999999999994,0.37499999999999994,supplier_delay,False,4,10,1.0
2005,normal,cn_moderate_3,moderate,TFIDF_LogReg,CausalOptimizer,1990.9428826290955,0.9241149892552416,26.028558685452182,5.465004460091738,7,0.3709692066833674,0.3385540718771397,0.2904767214394928,normal,True,0,0,1.0
2005,normal,cn_moderate_3,moderate,TFIDF_LogReg_Calibrated,CausalOptimizer,1890.0,0.892128279883382,37.0,3.8,9,0.6191542664225136,0.3808457335774864,0.0,normal,True,0,0,1.0
2005,normal,cn_moderate_3,moderate,PerfectSemantic,CausalOptimizer,1735.0,0.8717201166180758,44.0,4.2,9,1.0,0.0,0.0,normal,True,0,0,1.0
2005,normal,cn_moderate_4,moderate,NoInfo,CausalOptimizer,1991.3999999999999,0.9247813411078717,25.799999999999997,5.545,5,0.35,0.35,0.3,normal,True,0,0,1.0
2005,normal,cn_moderate_4,moderate,RuleBased,CausalOptimizer,1789.2857142857147,0.9029571012078302,33.28571428571428,7.378571428571431,7,0.5714285714285715,0.0,0.4285714285714286,normal,True,0,0,1.0
2005,normal,cn_moderate_4,moderate,TFIDF_LogReg,CausalOptimizer,1989.2776286432852,0.9216875053109111,26.861185678357472,5.173585012574885,5,0.49287152849181515,0.25134454143974627,0.25578393006843864,normal,True,0,0,1.0
2005,normal,cn_moderate_4,moderate,TFIDF_LogReg_Calibrated,CausalOptimizer,1775.6457621791499,0.8816991283545559,40.57719897438732,4.510191342946149,9,0.928691645299736,0.0,0.07130835470026405,normal,True,0,0,1.0
2005,normal,cn_moderate_4,moderate,PerfectSemantic,CausalOptimizer,1735.0,0.8717201166180758,44.0,4.2,9,1.0,0.0,0.0,normal,True,0,0,1.0
2005,normal,cn_vague_1,vague,NoInfo,CausalOptimizer,1991.3999999999999,0.9247813411078717,25.799999999999997,5.545,5,0.35,0.35,0.3,normal,True,0,0,1.0
2005,normal,cn_vague_1,vague,RuleBased,CausalOptimizer,1993.0,0.9271137026239067,25.0,5.825,5,0.3333333333333333,0.3333333333333333,0.3333333333333333,normal,True,0,0,1.0
2005,normal,cn_vague_1,vague,TFIDF_LogReg,CausalOptimizer,1990.5872784646954,0.9235966158377487,26.20636076765222,5.402773731321723,5,0.37801577405271997,0.3389159245994559,0.2830683013478241,normal,True,0,0,1.0
2005,normal,cn_vague_1,vague,TFIDF_LogReg_Calibrated,CausalOptimizer,1901.0,0.8950437317784257,36.0,3.6,8,0.6810946901721556,0.3189053098278444,0.0,normal,True,0,0,1.0
2005,normal,cn_vague_1,vague,PerfectSemantic,CausalOptimizer,1735.0,0.8717201166180758,44.0,4.2,9,1.0,0.0,0.0,normal,True,0,0,1.0
2005,normal,cn_vague_2,vague,NoInfo,CausalOptimizer,1991.3999999999999,0.9247813411078717,25.799999999999997,5.545,5,0.35,0.35,0.3,normal,True,0,0,1.0
2005,normal,cn_vague_2,vague,RuleBased,CausalOptimizer,1812.9999999999998,0.9119533527696791,30.199999999999996,8.395000000000001,6,0.4,0.0,0.6,demand_surge,False,0,10,1.75
2005,normal,cn_vague_2,vague,TFIDF_LogReg,CausalOptimizer,1991.6774823909004,0.9251858343890679,25.661258804549732,5.593559418407594,5,0.41142597132376424,0.2827931455324748,0.30578088314376106,normal,True,0,0,1.0
2005,normal,cn_vague_2,vague,TFIDF_LogReg_Calibrated,CausalOptimizer,1782.6083367363237,0.8846453263711213,39.56665305470534,4.73313035970977,8,0.8986105439460563,0.0,0.10138945605394371,normal,True,0,0,1.0
2005,normal,cn_vague_2,vague,PerfectSemantic,CausalOptimizer,1735.0,0.8717201166180758,44.0,4.2,9,1.0,0.0,0.0,normal,True,0,0,1.0
2005,normal,cn_vague_3,vague,NoInfo,CausalOptimizer,1991.3999999999999,0.9247813411078717,25.799999999999997,5.545,5,0.35,0.35,0.3,normal,True,0,0,1.0
2005,normal,cn_vague_3,vague,RuleBased,CausalOptimizer,1862.0,0.9212827988338192,27.0,8.75,5,0.0,0.5,0.5,supplier_delay,False,4,10,1.0
2005,normal,cn_vague_3,vague,TFIDF_LogReg,CausalOptimizer,1991.4086233913174,0.9247939116491499,25.795688304341596,5.546509093480442,5,0.3771261334553238,0.3226942125589093,0.30017965398576696,normal,True,0,0,1.0
2005,normal,cn_vague_3,vague,TFIDF_LogReg_Calibrated,CausalOptimizer,1959.5431806826589,0.9069516266898079,31.915592045395876,3.770183664775172,8,0.5910294823221457,0.3333333333333333,0.0756371843445209,normal,True,0,0,1.0
2005,normal,cn_vague_3,vague,PerfectSemantic,CausalOptimizer,1735.0,0.8717201166180758,44.0,4.2,9,1.0,0.0,0.0,normal,True,0,0,1.0
2005,normal,cn_vague_4,vague,NoInfo,CausalOptimizer,1991.3999999999999,0.9247813411078717,25.799999999999997,5.545,5,0.35,0.35,0.3,normal,True,0,0,1.0
2005,normal,cn_vague_4,vague,RuleBased,CausalOptimizer,1993.0,0.9271137026239067,25.0,5.825,5,0.3333333333333333,0.3333333333333333,0.3333333333333333,normal,True,0,0,1.0
2005,normal,cn_vague_4,vague,TFIDF_LogReg,CausalOptimizer,1991.0651800187493,0.9242932653334536,25.967409990625406,5.486406503281108,5,0.4241393062500869,0.2828361100259718,0.2930245837239413,normal,True,0,0,1.0
2005,normal,cn_vague_4,vague,TFIDF_LogReg_Calibrated,CausalOptimizer,1735.0,0.8717201166180758,44.0,4.2,9,1.0,0.0,0.0,normal,True,0,0,1.0
2005,normal,cn_vague_4,vague,PerfectSemantic,CausalOptimizer,1735.0,0.8717201166180758,44.0,4.2,9,1.0,0.0,0.0,normal,True,0,0,1.0
2006,normal,cn_clear_1,clear,NoInfo,CausalOptimizer,1685.1999999999998,0.8896755162241887,37.4,7.959999999999999,10,0.35,0.35,0.3,normal,True,0,0,1.0
2006,normal,cn_clear_1,clear,RuleBased,CausalOptimizer,1685.1999999999998,0.8896755162241887,37.4,7.959999999999999,10,0.4,0.3,0.3,normal,True,0,0,1.0
2006,normal,cn_clear_1,clear,TFIDF_LogReg,CausalOptimizer,1674.6188823434784,0.8888682902815185,37.67364959456521,8.115068103586955,10,0.3323343040870316,0.3524629406593451,0.3152027552536233,supplier_delay,False,8,10,1.0
2006,normal,cn_clear_1,clear,TFIDF_LogReg_Calibrated,CausalOptimizer,1642.7759494938252,0.8731563421828908,43.0,7.030601262654369,10,0.3549200303140416,0.5681700667326745,0.07690990295328393,supplier_delay,False,8,10,1.0
2006,normal,cn_clear_1,clear,PerfectSemantic,CausalOptimizer,1957.0,0.9085545722713865,31.0,3.6,10,1.0,0.0,0.0,normal,True,0,0,1.0
2006,normal,cn_clear_2,clear,NoInfo,CausalOptimizer,1685.1999999999998,0.8896755162241887,37.4,7.959999999999999,10,0.35,0.35,0.3,normal,True,0,0,1.0
2006,normal,cn_clear_2,clear,RuleBased,CausalOptimizer,1529.9999999999998,0.8820058997050148,40.0,11.175,9,0.14285714285714288,0.4285714285714286,0.4285714285714286,supplier_delay,False,4,4,1.0
2006,normal,cn_clear_2,clear,TFIDF_LogReg,CausalOptimizer,1697.916220984207,0.8906456276816351,37.07113221592568,7.773641589024552,10,0.3781043422886062,0.34016609015996696,0.2817295675514269,normal,True,0,0,1.0
2006,normal,cn_clear_2,clear,TFIDF_LogReg_Calibrated,CausalOptimizer,1678.0,0.8731563421828908,43.0,6.15,11,0.5013039514204657,0.49869604857953426,0.0,normal,True,0,0,1.0
2006,normal,cn_clear_2,clear,PerfectSemantic,CausalOptimizer,1957.0,0.9085545722713865,31.0,3.6,10,1.0,0.0,0.0,normal,True,0,0,1.0
2006,normal,cn_clear_3,clear,NoInfo,CausalOptimizer,1685.1999999999998,0.8896755162241887,37.4,7.959999999999999,10,0.35,0.35,0.3,normal,True,0,0,1.0
2006,normal,cn_clear_3,clear,RuleBased,CausalOptimizer,1637.75,0.8864306784660767,38.5,8.70625,10,0.25,0.37499999999999994,0.37499999999999994,supplier_delay,False,4,4,1.0
2006,normal,cn_clear_3,clear,TFIDF_LogReg,CausalOptimizer,1669.3195134732134,0.8884640051983429,37.810702237761724,8.192731268064975,10,0.334759855595164,0.3424233534180738,0.32281679098676214,supplier_delay,False,8,10,1.0
2006,normal,cn_clear_3,clear,TFIDF_LogReg_Calibrated,CausalOptimizer,1634.3859531509986,0.8731563421828908,43.0,7.240351171225032,10,0.3333333333333333,0.5733057904921544,0.09336087617451229,supplier_delay,False,8,10,1.0
2006,normal,cn_clear_3,clear,PerfectSemantic,CausalOptimizer,1957.0,0.9085545722713865,31.0,3.6,10,1.0,0.0,0.0,normal,True,0,0,1.0
2006,normal,cn_clear_4,clear,NoInfo,CausalOptimizer,1685.1999999999998,0.8896755162241887,37.4,7.959999999999999,10,0.35,0.35,0.3,normal,True,0,0,1.0
2006,normal,cn_clear_4,clear,RuleBased,CausalOptimizer,1685.1999999999998,0.8896755162241887,37.4,7.959999999999999,10,0.4,0.3,0.3,normal,True,0,0,1.0
2006,normal,cn_clear_4,clear,TFIDF_LogReg,CausalOptimizer,1712.2357732987093,0.8917380561462752,36.700798966412684,7.563786080967188,10,0.41635589992062505,0.3224886019453371,0.26115549813403793,normal,True,0,0,1.0
2006,normal,cn_clear_4,clear,TFIDF_LogReg_Calibrated,CausalOptimizer,1843.0,0.8967551622418879,35.0,4.85,11,0.8152522945874024,0.18474770541259752,0.0,normal,True,0,0,1.0
2006,normal,cn_clear_4,clear,PerfectSemantic,CausalOptimizer,1957.0,0.9085545722713865,31.0,3.6,10,1.0,0.0,0.0,normal,True,0,0,1.0
2006,normal,cn_moderate_1,moderate,NoInfo,CausalOptimizer,1685.1999999999998,0.8896755162241887,37.4,7.959999999999999,10,0.35,0.35,0.3,normal,True,0,0,1.0
2006,normal,cn_moderate_1,moderate,RuleBased,CausalOptimizer,1685.1999999999998,0.8896755162241887,37.4,7.959999999999999,10,0.4,0.3,0.3,normal,True,0,0,1.0
2006,normal,cn_moderate_1,moderate,TFIDF_LogReg,CausalOptimizer,1708.0268341335127,0.8914169591699862,36.80965084137467,7.625468810112312,10,0.43192448890766283,0.30087268657152244,0.2672028245208148,normal,True,0,0,1.0
2006,normal,cn_moderate_1,moderate,TFIDF_LogReg_Calibrated,CausalOptimizer,1957.0,0.9085545722713865,31.0,3.6,10,1.0,0.0,0.0,normal,True,0,0,1.0
2006,normal,cn_moderate_1,moderate,PerfectSemantic,CausalOptimizer,1957.0,0.9085545722713865,31.0,3.6,10,1.0,0.0,0.0,normal,True,0,0,1.0
2006,normal,cn_moderate_2,moderate,NoInfo,CausalOptimizer,1685.1999999999998,0.8896755162241887,37.4,7.959999999999999,10,0.35,0.35,0.3,normal,True,0,0,1.0
2006,normal,cn_moderate_2,moderate,RuleBased,CausalOptimizer,1678.0,0.8731563421828908,43.0,6.15,11,0.5714285714285715,0.4285714285714285,0.0,normal,True,0,0,1.0
2006,normal,cn_moderate_2,moderate,TFIDF_LogReg,CausalOptimizer,1705.249028829575,0.8912050423784134,36.881490633717874,7.666178025773462,10,0.4126177081662408,0.31618836773832154,0.27119392409543763,normal,True,0,0,1.0
2006,normal,cn_moderate_2,moderate,TFIDF_LogReg_Calibrated,CausalOptimizer,1843.0,0.8967551622418879,35.0,4.85,11,0.8333333333333334,0.16666666666666666,0.0,normal,True,0,0,1.0
2006,normal,cn_moderate_2,moderate,PerfectSemantic,CausalOptimizer,1957.0,0.9085545722713865,31.0,3.6,10,1.0,0.0,0.0,normal,True,0,0,1.0
2006,normal,cn_moderate_3,moderate,NoInfo,CausalOptimizer,1685.1999999999998,0.8896755162241887,37.4,7.959999999999999,10,0.35,0.35,0.3,normal,True,0,0,1.0
2006,normal,cn_moderate_3,moderate,RuleBased,CausalOptimizer,1637.75,0.8864306784660767,38.5,8.70625,10,0.25,0.37499999999999994,0.37499999999999994,supplier_delay,False,4,10,1.0
2006,normal,cn_moderate_3,moderate,TFIDF_LogReg,CausalOptimizer,1691.8282018781126,0.8901811770327113,37.22858098591088,7.862862558682825,11,0.3709692066833674,0.3385540718771397,0.2904767214394928,normal,True,0,0,1.0
2006,normal,cn_moderate_3,moderate,TFIDF_LogReg_Calibrated,CausalOptimizer,1678.0,0.8731563421828908,43.0,6.15,11,0.6191542664225136,0.3808457335774864,0.0,normal,True,0,0,1.0
2006,normal,cn_moderate_3,moderate,PerfectSemantic,CausalOptimizer,1957.0,0.9085545722713865,31.0,3.6,10,1.0,0.0,0.0,normal,True,0,0,1.0
2006,normal,cn_moderate_4,moderate,NoInfo,CausalOptimizer,1685.1999999999998,0.8896755162241887,37.4,7.959999999999999,10,0.35,0.35,0.3,normal,True,0,0,1.0
2006,normal,cn_moderate_4,moderate,RuleBased,CausalOptimizer,1777.285714285714,0.9077117572692794,31.285714285714295,7.978571428571432,9,0.5714285714285715,0.0,0.4285714285714286,normal,True,0,0,1.0
2006,normal,cn_moderate_4,moderate,TFIDF_LogReg,CausalOptimizer,1715.9743846723668,0.8920232721497585,36.6041107412319,7.508996086698076,10,0.49287152849181515,0.25134454143974627,0.25578393006843864,normal,True,0,0,1.0
2006,normal,cn_moderate_4,moderate,TFIDF_LogReg_Calibrated,CausalOptimizer,1967.9999999999989,0.9173892356855785,28.005049102588906,4.522980358964438,8,0.928691645299736,0.0,0.07130835470026405,normal,True,0,0,1.0
2006,normal,cn_moderate_4,moderate,PerfectSemantic,CausalOptimizer,1957.0,0.9085545722713865,31.0,3.6,10,1.0,0.0,0.0,normal,True,0,0,1.0
2006,normal,cn_vague_1,vague,NoInfo,CausalOptimizer,1685.1999999999998,0.8896755162241887,37.4,7.959999999999999,10,0.35,0.35,0.3,normal,True,0,0,1.0
2006,normal,cn_vague_1,vague,RuleBased,CausalOptimizer,1662.0,0.887905604719764,38.0,8.3,10,0.3333333333333333,0.3333333333333333,0.3333333333333333,normal,True,0,0,1.0
2006,normal,cn_vague_1,vague,TFIDF_LogReg,CausalOptimizer,1696.9844622619144,0.890574544471207,37.09522942426083,7.787296673747804,10,0.37801577405271997,0.3389159245994559,0.2830683013478241,normal,True,0,0,1.0
2006,normal,cn_vague_1,vague,TFIDF_LogReg_Calibrated,CausalOptimizer,1843.0,0.8967551622418879,35.0,4.85,11,0.6810946901721556,0.3189053098278444,0.0,normal,True,0,0,1.0
2006,normal,cn_vague_1,vague,PerfectSemantic,CausalOptimizer,1957.0,0.9085545722713865,31.0,3.6,10,1.0,0.0,0.0,normal,True,0,0,1.0
2006,normal,cn_vague_2,vague,NoInfo,CausalOptimizer,1685.1999999999998,0.8896755162241887,37.4,7.959999999999999,10,0.35,0.35,0.3,normal,True,0,0,1.0
2006,normal,cn_vague_2,vague,RuleBased,CausalOptimizer,1649.9999999999998,0.895575221238938,35.400000000000006,9.515000000000002,10,0.4,0.0,0.6,demand_surge,False,0,10,1.75
2006,normal,cn_vague_2,vague,TFIDF_LogReg,CausalOptimizer,1681.1765053319423,0.8893685666767324,37.5040558965877,8.018965008066363,10,0.41142597132376424,0.2827931455324748,0.30578088314376106,normal,True,0,0,1.0
2006,normal,cn_vague_2,vague,TFIDF_LogReg_Calibrated,CausalOptimizer,1964.8997141488119,0.9203539823008849,27.0,5.002507146279693,8,0.8986105439460563,0.0,0.10138945605394371,normal,True,0,0,1.0
2006,normal,cn_vague_2,vague,PerfectSemantic,CausalOptimizer,1957.0,0.9085545722713865,31.0,3.6,10,1.0,0.0,0.0,normal,True,0,0,1.0
2006,normal,cn_vague_3,vague,NoInfo,CausalOptimizer,1685.1999999999998,0.8896755162241887,37.4,7.959999999999999,10,0.35,0.35,0.3,normal,True,0,0,1.0
2006,normal,cn_vague_3,vague,RuleBased,CausalOptimizer,1500.0,0.8820058997050148,40.0,11.925,9,0.0,0.5,0.5,supplier_delay,False,4,10,1.0
2006,normal,cn_vague_3,vague,TFIDF_LogReg,CausalOptimizer,1685.0749608259066,0.8896659770745021,37.40323377174381,7.961832470654824,10,0.3771261334553238,0.3226942125589093,0.30017965398576696,normal,True,0,0,1.0
2006,normal,cn_vague_3,vague,TFIDF_LogReg_Calibrated,CausalOptimizer,1814.324736363167,0.8967551622418879,35.0,5.566881590920825,10,0.5910294823221457,0.3333333333333333,0.0756371843445209,normal,True,0,0,1.0
2006,normal,cn_vague_3,vague,PerfectSemantic,CausalOptimizer,1957.0,0.9085545722713865,31.0,3.6,10,1.0,0.0,0.0,normal,True,0,0,1.0
2006,normal,cn_vague_4,vague,NoInfo,CausalOptimizer,1685.1999999999998,0.8896755162241887,37.4,7.959999999999999,10,0.35,0.35,0.3,normal,True,0,0,1.0
2006,normal,cn_vague_4,vague,RuleBased,CausalOptimizer,1662.0,0.887905604719764,38.0,8.3,10,0.3333333333333333,0.3333333333333333,0.3333333333333333,normal,True,0,0,1.0
2006,normal,cn_vague_4,vague,TFIDF_LogReg,CausalOptimizer,1690.0548897281367,0.8900458923096431,37.27444250703094,7.888850753984203,10,0.4241393062500869,0.2828361100259718,0.2930245837239413,normal,True,0,0,1.0
2006,normal,cn_vague_4,vague,TFIDF_LogReg_Calibrated,CausalOptimizer,1957.0,0.9085545722713865,31.0,3.6,10,1.0,0.0,0.0,normal,True,0,0,1.0
2006,normal,cn_vague_4,vague,PerfectSemantic,CausalOptimizer,1957.0,0.9085545722713865,31.0,3.6,10,1.0,0.0,0.0,normal,True,0,0,1.0
2007,normal,cn_clear_1,clear,NoInfo,CausalOptimizer,1676.0,0.9536423841059603,14.0,10.05,4,0.35,0.35,0.3,normal,True,0,0,1.0
2007,normal,cn_clear_1,clear,RuleBased,CausalOptimizer,1676.0,0.9536423841059603,14.0,10.05,4,0.4,0.3,0.3,normal,True,0,0,1.0
2007,normal,cn_clear_1,clear,TFIDF_LogReg,CausalOptimizer,1669.6148427934784,0.9536423841059603,14.0,10.209628930163042,4,0.3323343040870316,0.3524629406593451,0.3152027552536233,supplier_delay,False,8,10,1.0
2007,normal,cn_clear_1,clear,TFIDF_LogReg_Calibrated,CausalOptimizer,1595.468652405227,0.9337748344370861,20.0,9.888283689869331,5,0.3549200303140416,0.5681700667326745,0.07690990295328393,supplier_delay,False,8,10,1.0
2007,normal,cn_clear_1,clear,PerfectSemantic,CausalOptimizer,1635.0,0.9271523178807947,22.0,7.4,5,1.0,0.0,0.0,normal,True,0,0,1.0
2007,normal,cn_clear_2,clear,NoInfo,CausalOptimizer,1676.0,0.9536423841059603,14.0,10.05,4,0.35,0.35,0.3,normal,True,0,0,1.0
2007,normal,cn_clear_2,clear,RuleBased,CausalOptimizer,1428.8571428571427,0.9337748344370861,20.0,14.30357142857143,5,0.14285714285714288,0.4285714285714286,0.4285714285714286,supplier_delay,False,4,4,1.0
2007,normal,cn_clear_2,clear,TFIDF_LogReg,CausalOptimizer,1683.6735816284013,0.9536423841059603,14.0,9.858160459289982,4,0.3781043422886062,0.34016609015996696,0.2817295675514269,normal,True,0,0,1.0
2007,normal,cn_clear_2,clear,TFIDF_LogReg_Calibrated,CausalOptimizer,1590.0,0.9271523178807947,22.0,9.225,7,0.5013039514204657,0.49869604857953426,0.0,normal,True,0,0,1.0
2007,normal,cn_clear_2,clear,PerfectSemantic,CausalOptimizer,1635.0,0.9271523178807947,22.0,7.4,5,1.0,0.0,0.0,normal,True,0,0,1.0
2007,normal,cn_clear_3,clear,NoInfo,CausalOptimizer,1676.0,0.9536423841059603,14.0,10.05,4,0.35,0.35,0.3,normal,True,0,0,1.0
2007,normal,cn_clear_3,clear,RuleBased,CausalOptimizer,1649.5,0.9536423841059603,14.0,10.8375,4,0.25,0.37499999999999994,0.37499999999999994,supplier_delay,False,4,4,1.0
2007,normal,cn_clear_3,clear,TFIDF_LogReg,CausalOptimizer,1666.4169477855598,0.9536423841059603,14.0,10.289576305361004,4,0.334759855595164,0.3424233534180738,0.32281679098676214,supplier_delay,False,8,10,1.0
2007,normal,cn_clear_3,clear,TFIDF_LogReg_Calibrated,CausalOptimizer,1586.5851268657636,0.9337748344370861,20.0,10.110371828355914,5,0.3333333333333333,0.5733057904921544,0.09336087617451229,supplier_delay,False,8,10,1.0
2007,normal,cn_clear_3,clear,PerfectSemantic,CausalOptimizer,1635.0,0.9271523178807947,22.0,7.4,5,1.0,0.0,0.0,normal,True,0,0,1.0
2007,normal,cn_clear_4,clear,NoInfo,CausalOptimizer,1676.0,0.9536423841059603,14.0,10.05,4,0.35,0.35,0.3,normal,True,0,0,1.0
2007,normal,cn_clear_4,clear,RuleBased,CausalOptimizer,1676.0,0.9536423841059603,14.0,10.05,4,0.4,0.3,0.3,normal,True,0,0,1.0
2007,normal,cn_clear_4,clear,TFIDF_LogReg,CausalOptimizer,1692.314690783704,0.9536423841059603,14.0,9.642132730407402,4,0.41635589992062505,0.3224886019453371,0.26115549813403793,normal,True,0,0,1.0
2007,normal,cn_clear_4,clear,TFIDF_LogReg_Calibrated,CausalOptimizer,1635.0,0.9271523178807947,22.0,7.875,6,0.8152522945874024,0.18474770541259752,0.0,normal,True,0,0,1.0
2007,normal,cn_clear_4,clear,PerfectSemantic,CausalOptimizer,1635.0,0.9271523178807947,22.0,7.4,5,1.0,0.0,0.0,normal,True,0,0,1.0
2007,normal,cn_moderate_1,moderate,NoInfo,CausalOptimizer,1676.0,0.9536423841059603,14.0,10.05,4,0.35,0.35,0.3,normal,True,0,0,1.0
2007,normal,cn_moderate_1,moderate,RuleBased,CausalOptimizer,1676.0,0.9536423841059603,14.0,10.05,4,0.4,0.3,0.3,normal,True,0,0,1.0
2007,normal,cn_moderate_1,moderate,TFIDF_LogReg,CausalOptimizer,1689.774813701258,0.9536423841059603,14.0,9.705629657468554,4,0.43192448890766283,0.30087268657152244,0.2672028245208148,normal,True,0,0,1.0
2007,normal,cn_moderate_1,moderate,TFIDF_LogReg_Calibrated,CausalOptimizer,1635.0,0.9271523178807947,22.0,7.4,5,1.0,0.0,0.0,normal,True,0,0,1.0
2007,normal,cn_moderate_1,moderate,PerfectSemantic,CausalOptimizer,1635.0,0.9271523178807947,22.0,7.4,5,1.0,0.0,0.0,normal,True,0,0,1.0
2007,normal,cn_moderate_2,moderate,NoInfo,CausalOptimizer,1676.0,0.9536423841059603,14.0,10.05,4,0.35,0.35,0.3,normal,True,0,0,1.0
2007,normal,cn_moderate_2,moderate,RuleBased,CausalOptimizer,1590.0,0.9271523178807947,22.0,9.225,7,0.5714285714285715,0.4285714285714285,0.0,normal,True,0,0,1.0
2007,normal,cn_moderate_2,moderate,TFIDF_LogReg,CausalOptimizer,1688.098551879916,0.9536423841059603,14.0,9.747536203002094,4,0.4126177081662408,0.31618836773832154,0.27119392409543763,normal,True,0,0,1.0
2007,normal,cn_moderate_2,moderate,TFIDF_LogReg_Calibrated,CausalOptimizer,1635.0,0.9271523178807947,22.0,7.875,6,0.8333333333333334,0.16666666666666666,0.0,normal,True,0,0,1.0
2007,normal,cn_moderate_2,moderate,PerfectSemantic,CausalOptimizer,1635.0,0.9271523178807947,22.0,7.4,5,1.0,0.0,0.0,normal,True,0,0,1.0
2007,normal,cn_moderate_3,moderate,NoInfo,CausalOptimizer,1676.0,0.9536423841059603,14.0,10.05,4,0.35,0.35,0.3,normal,True,0,0,1.0
2007,normal,cn_moderate_3,moderate,RuleBased,CausalOptimizer,1649.5,0.9536423841059603,14.0,10.8375,4,0.25,0.37499999999999994,0.37499999999999994,supplier_delay,False,4,10,1.0
2007,normal,cn_moderate_3,moderate,TFIDF_LogReg,CausalOptimizer,1679.9997769954134,0.9536423841059603,14.000000000000009,9.950005575114671,5,0.3709692066833674,0.3385540718771397,0.2904767214394928,normal,True,0,0,1.0
2007,normal,cn_moderate_3,moderate,TFIDF_LogReg_Calibrated,CausalOptimizer,1590.0,0.9271523178807947,22.0,9.225,7,0.6191542664225136,0.3808457335774864,0.0,normal,True,0,0,1.0
2007,normal,cn_moderate_3,moderate,PerfectSemantic,CausalOptimizer,1635.0,0.9271523178807947,22.0,7.4,5,1.0,0.0,0.0,normal,True,0,0,1.0
2007,normal,cn_moderate_4,moderate,NoInfo,CausalOptimizer,1676.0,0.9536423841059603,14.0,10.05,4,0.35,0.35,0.3,normal,True,0,0,1.0
2007,normal,cn_moderate_4,moderate,RuleBased,CausalOptimizer,1659.2857142857142,0.956953642384106,13.0,10.664285714285716,3,0.5714285714285715,0.0,0.4285714285714286,normal,True,0,0,1.0
2007,normal,cn_moderate_4,moderate,TFIDF_LogReg,CausalOptimizer,1694.5707493712557,0.9536423841059603,14.0,9.585731265718604,4,0.49287152849181515,0.25134454143974627,0.25578393006843864,normal,True,0,0,1.0
2007,normal,cn_moderate_4,moderate,TFIDF_LogReg_Calibrated,CausalOptimizer,1664.6659585895056,0.9370693738324869,19.005049102588902,7.856331394226783,4,0.928691645299736,0.0,0.07130835470026405,normal,True,0,0,1.0
2007,normal,cn_moderate_4,moderate,PerfectSemantic,CausalOptimizer,1635.0,0.9271523178807947,22.0,7.4,5,1.0,0.0,0.0,normal,True,0,0,1.0
2007,normal,cn_vague_1,vague,NoInfo,CausalOptimizer,1676.0,0.9536423841059603,14.0,10.05,4,0.35,0.35,0.3,normal,True,0,0,1.0
2007,normal,cn_vague_1,vague,RuleBased,CausalOptimizer,1662.0,0.9536423841059603,14.0,10.4,4,0.3333333333333333,0.3333333333333333,0.3333333333333333,normal,True,0,0,1.0
2007,normal,cn_vague_1,vague,TFIDF_LogReg,CausalOptimizer,1683.111313433914,0.9536423841059603,14.0,9.872217164152152,4,0.37801577405271997,0.3389159245994559,0.2830683013478241,normal,True,0,0,1.0
2007,normal,cn_vague_1,vague,TFIDF_LogReg_Calibrated,CausalOptimizer,1635.0,0.9271523178807947,22.0,7.875,6,0.6810946901721556,0.3189053098278444,0.0,normal,True,0,0,1.0
2007,normal,cn_vague_1,vague,PerfectSemantic,CausalOptimizer,1635.0,0.9271523178807947,22.0,7.4,5,1.0,0.0,0.0,normal,True,0,0,1.0
2007,normal,cn_vague_2,vague,NoInfo,CausalOptimizer,1676.0,0.9536423841059603,14.0,10.05,4,0.35,0.35,0.3,normal,True,0,0,1.0
2007,normal,cn_vague_2,vague,RuleBased,CausalOptimizer,1619.6,0.956953642384106,13.0,12.160000000000002,3,0.4,0.0,0.6,demand_surge,False,0,10,1.75
2007,normal,cn_vague_2,vague,TFIDF_LogReg,CausalOptimizer,1673.572029079621,0.9536423841059603,14.0,10.110699273009493,4,0.41142597132376424,0.2827931455324748,0.30578088314376106,normal,True,0,0,1.0
2007,normal,cn_vague_2,vague,TFIDF_LogReg_Calibrated,CausalOptimizer,1676.7585613336857,0.9412528382591577,17.741642845734354,8.059378828364121,4,0.8986105439460563,0.0,0.10138945605394371,normal,True,0,0,1.0
2007,normal,cn_vague_2,vague,PerfectSemantic,CausalOptimizer,1635.0,0.9271523178807947,22.0,7.4,5,1.0,0.0,0.0,normal,True,0,0,1.0
2007,normal,cn_vague_3,vague,NoInfo,CausalOptimizer,1676.0,0.9536423841059603,14.0,10.05,4,0.35,0.35,0.3,normal,True,0,0,1.0
2007,normal,cn_vague_3,vague,RuleBased,CausalOptimizer,1398.0,0.9337748344370861,20.0,15.075,5,0.0,0.5,0.5,supplier_delay,False,4,10,1.0
2007,normal,cn_vague_3,vague,TFIDF_LogReg,CausalOptimizer,1675.9245453259782,0.9536423841059603,14.0,10.051886366850553,4,0.3771261334553238,0.3226942125589093,0.30017965398576696,normal,True,0,0,1.0
2007,normal,cn_vague_3,vague,TFIDF_LogReg_Calibrated,CausalOptimizer,1670.221440530766,0.9376713964982446,18.82323825753013,8.265168683718803,5,0.5910294823221457,0.3333333333333333,0.0756371843445209,normal,True,0,0,1.0
2007,normal,cn_vague_3,vague,PerfectSemantic,CausalOptimizer,1635.0,0.9271523178807947,22.0,7.4,5,1.0,0.0,0.0,normal,True,0,0,1.0
2007,normal,cn_vague_4,vague,NoInfo,CausalOptimizer,1676.0,0.9536423841059603,14.0,10.05,4,0.35,0.35,0.3,normal,True,0,0,1.0
2007,normal,cn_vague_4,vague,RuleBased,CausalOptimizer,1662.0,0.9536423841059603,14.0,10.4,4,0.3333333333333333,0.3333333333333333,0.3333333333333333,normal,True,0,0,1.0
2007,normal,cn_vague_4,vague,TFIDF_LogReg,CausalOptimizer,1678.929674835944,0.9536423841059603,14.0,9.976758129101384,4,0.4241393062500869,0.2828361100259718,0.2930245837239413,normal,True,0,0,1.0
2007,normal,cn_vague_4,vague,TFIDF_LogReg_Calibrated,CausalOptimizer,1635.0,0.9271523178807947,22.0,7.4,5,1.0,0.0,0.0,normal,True,0,0,1.0
2007,normal,cn_vague_4,vague,PerfectSemantic,CausalOptimizer,1635.0,0.9271523178807947,22.0,7.4,5,1.0,0.0,0.0,normal,True,0,0,1.0
2008,normal,cn_clear_1,clear,NoInfo,CausalOptimizer,1817.9999999999998,0.9329230769230769,21.8,7.790000000000001,5,0.35,0.35,0.3,normal,True,0,0,1.0
2008,normal,cn_clear_1,clear,RuleBased,CausalOptimizer,1817.9999999999998,0.9329230769230769,21.8,7.790000000000001,5,0.4,0.3,0.3,normal,True,0,0,1.0
2008,normal,cn_clear_1,clear,TFIDF_LogReg,CausalOptimizer,1810.246594820652,0.9326424106722407,21.89121653152174,7.942787690298911,5,0.3323343040870316,0.3524629406593451,0.3152027552536233,supplier_delay,False,8,10,1.0
2008,normal,cn_clear_1,clear,TFIDF_LogReg_Calibrated,CausalOptimizer,1911.4686524052267,0.9384615384615385,20.0,6.413283689869331,5,0.3549200303140416,0.5681700667326745,0.07690990295328393,supplier_delay,False,8,10,1.0
2008,normal,cn_clear_1,clear,PerfectSemantic,CausalOptimizer,1875.0,0.916923076923077,27.0,3.9,7,1.0,0.0,0.0,normal,True,0,0,1.0
2008,normal,cn_clear_2,clear,NoInfo,CausalOptimizer,1817.9999999999998,0.9329230769230769,21.8,7.790000000000001,5,0.35,0.35,0.3,normal,True,0,0,1.0
2008,normal,cn_clear_2,clear,RuleBased,CausalOptimizer,1758.5714285714284,0.9384615384615385,20.0,10.36071428571429,5,0.14285714285714288,0.4285714285714286,0.4285714285714286,supplier_delay,False,4,4,1.0
2008,normal,cn_clear_2,clear,TFIDF_LogReg,CausalOptimizer,1826.8409397912412,0.9332603772144352,21.69037740530856,7.606382153891841,5,0.3781043422886062,0.34016609015996696,0.2817295675514269,normal,True,0,0,1.0
2008,normal,cn_clear_2,clear,TFIDF_LogReg_Calibrated,CausalOptimizer,1953.0,0.9384615384615385,20.0,5.375,5,0.5013039514204657,0.49869604857953426,0.0,normal,True,0,0,1.0
2008,normal,cn_clear_2,clear,PerfectSemantic,CausalOptimizer,1875.0,0.916923076923077,27.0,3.9,7,1.0,0.0,0.0,normal,True,0,0,1.0
2008,normal,cn_clear_3,clear,NoInfo,CausalOptimizer,1817.9999999999998,0.9329230769230769,21.8,7.790000000000001,5,0.35,0.35,0.3,normal,True,0,0,1.0
2008,normal,cn_clear_3,clear,RuleBased,CausalOptimizer,1779.75,0.9315384615384615,22.25,8.54375,5,0.25,0.37499999999999994,0.37499999999999994,supplier_delay,False,4,4,1.0
2008,normal,cn_clear_3,clear,TFIDF_LogReg,CausalOptimizer,1806.363436596751,0.9325018438587059,21.936900745920575,8.019308749416961,5,0.334759855595164,0.3424233534180738,0.32281679098676214,supplier_delay,False,8,10,1.0
2008,normal,cn_clear_3,clear,TFIDF_LogReg_Calibrated,CausalOptimizer,1902.585126865764,0.9384615384615385,20.0,6.635371828355915,5,0.3333333333333333,0.5733057904921544,0.09336087617451229,supplier_delay,False,8,10,1.0
2008,normal,cn_clear_3,clear,PerfectSemantic,CausalOptimizer,1875.0,0.916923076923077,27.0,3.9,7,1.0,0.0,0.0,normal,True,0,0,1.0
2008,normal,cn_clear_4,clear,NoInfo,CausalOptimizer,1817.9999999999998,0.9329230769230769,21.8,7.790000000000001,5,0.35,0.35,0.3,normal,True,0,0,1.0
2008,normal,cn_clear_4,clear,RuleBased,CausalOptimizer,1817.9999999999998,0.9329230769230769,21.8,7.790000000000001,5,0.4,0.3,0.3,normal,True,0,0,1.0
2008,normal,cn_clear_4,clear,TFIDF_LogReg,CausalOptimizer,1836.346159862074,0.9336402061882947,21.56693298880423,7.399612756247083,5,0.41635589992062505,0.3224886019453371,0.26115549813403793,normal,True,0,0,1.0
2008,normal,cn_clear_4,clear,TFIDF_LogReg_Calibrated,CausalOptimizer,1962.0,0.9323076923076923,22.0,3.975,6,0.8152522945874024,0.18474770541259752,0.0,normal,True,0,0,1.0
2008,normal,cn_clear_4,clear,PerfectSemantic,CausalOptimizer,1875.0,0.916923076923077,27.0,3.9,7,1.0,0.0,0.0,normal,True,0,0,1.0
2008,normal,cn_moderate_1,moderate,NoInfo,CausalOptimizer,1817.9999999999998,0.9329230769230769,21.8,7.790000000000001,5,0.35,0.35,0.3,normal,True,0,0,1.0
2008,normal,cn_moderate_1,moderate,RuleBased,CausalOptimizer,1817.9999999999998,0.9329230769230769,21.8,7.790000000000001,5,0.4,0.3,0.3,normal,True,0,0,1.0
2008,normal,cn_moderate_1,moderate,TFIDF_LogReg,CausalOptimizer,1833.5522950713832,0.9335285632396156,21.60321694712489,7.460388386434188,5,0.43192448890766283,0.30087268657152244,0.2672028245208148,normal,True,0,0,1.0
2008,normal,cn_moderate_1,moderate,TFIDF_LogReg_Calibrated,CausalOptimizer,1875.0,0.916923076923077,27.0,3.9,7,1.0,0.0,0.0,normal,True,0,0,1.0
2008,normal,cn_moderate_1,moderate,PerfectSemantic,CausalOptimizer,1875.0,0.916923076923077,27.0,3.9,7,1.0,0.0,0.0,normal,True,0,0,1.0
2008,normal,cn_moderate_2,moderate,NoInfo,CausalOptimizer,1817.9999999999998,0.9329230769230769,21.8,7.790000000000001,5,0.35,0.35,0.3,normal,True,0,0,1.0
2008,normal,cn_moderate_2,moderate,RuleBased,CausalOptimizer,1953.0,0.9384615384615385,20.0,5.375,5,0.5714285714285715,0.4285714285714285,0.0,normal,True,0,0,1.0
2008,normal,cn_moderate_2,moderate,TFIDF_LogReg,CausalOptimizer,1831.7084070679075,0.933454881401315,21.627163544572625,7.500498937159146,5,0.4126177081662408,0.31618836773832154,0.27119392409543763,normal,True,0,0,1.0
2008,normal,cn_moderate_2,moderate,TFIDF_LogReg_Calibrated,CausalOptimizer,1962.0,0.9323076923076923,22.0,3.975,6,0.8333333333333334,0.16666666666666666,0.0,normal,True,0,0,1.0
2008,normal,cn_moderate_2,moderate,PerfectSemantic,CausalOptimizer,1875.0,0.916923076923077,27.0,3.9,7,1.0,0.0,0.0,normal,True,0,0,1.0
2008,normal,cn_moderate_3,moderate,NoInfo,CausalOptimizer,1817.9999999999998,0.9329230769230769,21.8,7.790000000000001,5,0.35,0.35,0.3,normal,True,0,0,1.0
2008,normal,cn_moderate_3,moderate,RuleBased,CausalOptimizer,1779.75,0.9315384615384615,22.25,8.54375,5,0.25,0.37499999999999994,0.37499999999999994,supplier_delay,False,4,10,1.0
2008,normal,cn_moderate_3,moderate,TFIDF_LogReg,CausalOptimizer,1822.7997546949543,0.9330988912965017,21.742860328636965,7.6942910504669015,5,0.3709692066833674,0.3385540718771397,0.2904767214394928,normal,True,0,0,1.0
2008,normal,cn_moderate_3,moderate,TFIDF_LogReg_Calibrated,CausalOptimizer,1953.0,0.9384615384615385,20.0,5.375,5,0.6191542664225136,0.3808457335774864,0.0,normal,True,0,0,1.0
2008,normal,cn_moderate_3,moderate,PerfectSemantic,CausalOptimizer,1875.0,0.916923076923077,27.0,3.9,7,1.0,0.0,0.0,normal,True,0,0,1.0
2008,normal,cn_moderate_4,moderate,NoInfo,CausalOptimizer,1817.9999999999998,0.9329230769230769,21.8,7.790000000000001,5,0.35,0.35,0.3,normal,True,0,0,1.0
2008,normal,cn_moderate_4,moderate,RuleBased,CausalOptimizer,1877.7142857142858,0.9432967032967032,18.428571428571427,7.77857142857143,5,0.5714285714285715,0.0,0.4285714285714286,normal,True,0,0,1.0
2008,normal,cn_moderate_4,moderate,TFIDF_LogReg,CausalOptimizer,1838.8278243083817,0.9337393735987366,21.534703580410632,7.345628497187809,5,0.49287152849181515,0.25134454143974627,0.25578393006843864,normal,True,0,0,1.0
2008,normal,cn_moderate_4,moderate,TFIDF_LogReg_Calibrated,CausalOptimizer,1914.3622117945451,0.9274547723865005,23.57719897438732,4.2850651153814265,7,0.928691645299736,0.0,0.07130835470026405,normal,True,0,0,1.0
2008,normal,cn_moderate_4,moderate,PerfectSemantic,CausalOptimizer,1875.0,0.916923076923077,27.0,3.9,7,1.0,0.0,0.0,normal,True,0,0,1.0
2008,normal,cn_vague_1,vague,NoInfo,CausalOptimizer,1817.9999999999998,0.9329230769230769,21.8,7.790000000000001,5,0.35,0.35,0.3,normal,True,0,0,1.0
2008,normal,cn_vague_1,vague,RuleBased,CausalOptimizer,1801.0,0.9323076923076923,22.0,8.125,5,0.3333333333333333,0.3333333333333333,0.3333333333333333,normal,True,0,0,1.0
2008,normal,cn_vague_1,vague,TFIDF_LogReg,CausalOptimizer,1826.2224447773056,0.9332356621289634,21.698409808086943,7.61983642854563,5,0.37801577405271997,0.3389159245994559,0.2830683013478241,normal,True,0,0,1.0
2008,normal,cn_vague_1,vague,TFIDF_LogReg_Calibrated,CausalOptimizer,1962.0,0.9323076923076923,22.0,3.975,6,0.6810946901721556,0.3189053098278444,0.0,normal,True,0,0,1.0
2008,normal,cn_vague_1,vague,PerfectSemantic,CausalOptimizer,1875.0,0.916923076923077,27.0,3.9,7,1.0,0.0,0.0,normal,True,0,0,1.0
2008,normal,cn_vague_2,vague,NoInfo,CausalOptimizer,1817.9999999999998,0.9329230769230769,21.8,7.790000000000001,5,0.35,0.35,0.3,normal,True,0,0,1.0
2008,normal,cn_vague_2,vague,RuleBased,CausalOptimizer,1833.1999999999991,0.9427692307692309,18.6,9.180000000000001,6,0.4,0.0,0.6,demand_surge,False,0,10,1.75
2008,normal,cn_vague_2,vague,TFIDF_LogReg,CausalOptimizer,1815.0517495966817,0.9328163529265767,21.834685298862567,7.8480978755948,5,0.41142597132376424,0.2827931455324748,0.30578088314376106,normal,True,0,0,1.0
2008,normal,cn_vague_2,vague,TFIDF_LogReg_Calibrated,CausalOptimizer,1930.9669797417775,0.9318975196633518,22.133306109410693,4.447503062691297,7,0.8986105439460563,0.0,0.10138945605394371,normal,True,0,0,1.0
2008,normal,cn_vague_2,vague,PerfectSemantic,CausalOptimizer,1875.0,0.916923076923077,27.0,3.9,7,1.0,0.0,0.0,normal,True,0,0,1.0
2008,normal,cn_vague_3,vague,NoInfo,CausalOptimizer,1817.9999999999998,0.9329230769230769,21.8,7.790000000000001,5,0.35,0.35,0.3,normal,True,0,0,1.0
2008,normal,cn_vague_3,vague,RuleBased,CausalOptimizer,1729.0,0.9384615384615385,20.0,11.1,5,0.0,0.5,0.5,supplier_delay,False,4,10,1.0
2008,normal,cn_vague_3,vague,TFIDF_LogReg,CausalOptimizer,1817.9083764672594,0.9329197602341089,21.8010779239146,7.791805522556958,5,0.3771261334553238,0.3226942125589093,0.30017965398576696,normal,True,0,0,1.0
2008,normal,cn_vague_3,vague,TFIDF_LogReg_Calibrated,CausalOptimizer,1958.2641659083479,0.9384615384615385,20.0,4.868395852291306,5,0.5910294823221457,0.3333333333333333,0.0756371843445209,normal,True,0,0,1.0
2008,normal,cn_vague_3,vague,PerfectSemantic,CausalOptimizer,1875.0,0.916923076923077,27.0,3.9,7,1.0,0.0,0.0,normal,True,0,0,1.0
2008,normal,cn_vague_4,vague,NoInfo,CausalOptimizer,1817.9999999999998,0.9329230769230769,21.8,7.790000000000001,5,0.35,0.35,0.3,normal,True,0,0,1.0
2008,normal,cn_vague_4,vague,RuleBased,CausalOptimizer,1801.0,0.9323076923076923,22.0,8.125,5,0.3333333333333333,0.3333333333333333,0.3333333333333333,normal,True,0,0,1.0
2008,normal,cn_vague_4,vague,TFIDF_LogReg,CausalOptimizer,1821.5574623007901,0.9330518538389426,21.758147502343647,7.719897066425611,5,0.4241393062500869,0.2828361100259718,0.2930245837239413,normal,True,0,0,1.0
2008,normal,cn_vague_4,vague,TFIDF_LogReg_Calibrated,CausalOptimizer,1875.0,0.916923076923077,27.0,3.9,7,1.0,0.0,0.0,normal,True,0,0,1.0
2008,normal,cn_vague_4,vague,PerfectSemantic,CausalOptimizer,1875.0,0.916923076923077,27.0,3.9,7,1.0,0.0,0.0,normal,True,0,0,1.0
2009,normal,cn_clear_1,clear,NoInfo,CausalOptimizer,1565.6,0.8981481481481481,33.0,9.834999999999999,6,0.35,0.35,0.3,normal,True,0,0,1.0
2009,normal,cn_clear_1,clear,RuleBased,CausalOptimizer,1565.6,0.8981481481481481,33.0,9.834999999999999,6,0.4,0.3,0.3,normal,True,0,0,1.0
2009,normal,cn_clear_1,clear,TFIDF_LogReg,CausalOptimizer,1552.0999533347824,0.8967404856246645,33.45608265760869,9.990068103586955,6,0.3323343040870316,0.3524629406593451,0.3152027552536233,supplier_delay,False,8,10,1.0
2009,normal,cn_clear_1,clear,TFIDF_LogReg_Calibrated,CausalOptimizer,1575.7749219241816,0.8919753086419753,35.0,8.780626951895465,6,0.3549200303140416,0.5681700667326745,0.07690990295328393,supplier_delay,False,8,10,1.0
2009,normal,cn_clear_1,clear,PerfectSemantic,CausalOptimizer,1847.0,0.9197530864197531,26.0,5.35,7,1.0,0.0,0.0,normal,True,0,0,1.0
2009,normal,cn_clear_2,clear,NoInfo,CausalOptimizer,1565.6,0.8981481481481481,33.0,9.834999999999999,6,0.35,0.35,0.3,normal,True,0,0,1.0
2009,normal,cn_clear_2,clear,RuleBased,CausalOptimizer,1426.5714285714282,0.8919753086419753,35.0,12.510714285714286,6,0.14285714285714288,0.4285714285714286,0.4285714285714286,supplier_delay,False,4,4,1.0
2009,normal,cn_clear_2,clear,TFIDF_LogReg,CausalOptimizer,1581.8241440143331,0.8998398548563493,32.4518870265428,9.648641589024553,6,0.3781043422886062,0.34016609015996696,0.2817295675514269,normal,True,0,0,1.0
2009,normal,cn_clear_2,clear,TFIDF_LogReg_Calibrated,CausalOptimizer,1610.0,0.8919753086419753,35.0,7.925,6,0.5013039514204657,0.49869604857953426,0.0,normal,True,0,0,1.0
2009,normal,cn_clear_2,clear,PerfectSemantic,CausalOptimizer,1847.0,0.9197530864197531,26.0,5.35,7,1.0,0.0,0.0,normal,True,0,0,1.0
2009,normal,cn_clear_3,clear,NoInfo,CausalOptimizer,1565.6,0.8981481481481481,33.0,9.834999999999999,6,0.35,0.35,0.3,normal,True,0,0,1.0
2009,normal,cn_clear_3,clear,RuleBased,CausalOptimizer,1511.75,0.8935185185185185,34.5,10.58125,6,0.25,0.37499999999999994,0.37499999999999994,supplier_delay,False,4,4,1.0
2009,normal,cn_clear_3,clear,TFIDF_LogReg,CausalOptimizer,1545.3386896037548,0.8960354823160406,33.68450372960287,10.067731268064975,6,0.334759855595164,0.3424233534180738,0.32281679098676214,supplier_delay,False,8,10,1.0
2009,normal,cn_clear_3,clear,TFIDF_LogReg_Calibrated,CausalOptimizer,1568.6681014926105,0.8919753086419753,35.0,8.958297462684731,6,0.3333333333333333,0.5733057904921544,0.09336087617451229,supplier_delay,False,8,10,1.0
2009,normal,cn_clear_3,clear,PerfectSemantic,CausalOptimizer,1847.0,0.9197530864197531,26.0,5.35,7,1.0,0.0,0.0,normal,True,0,0,1.0
2009,normal,cn_clear_4,clear,NoInfo,CausalOptimizer,1565.6,0.8981481481481481,33.0,9.834999999999999,6,0.35,0.35,0.3,normal,True,0,0,1.0
2009,normal,cn_clear_4,clear,RuleBased,CausalOptimizer,1565.6,0.8981481481481481,33.0,9.834999999999999,6,0.4,0.3,0.3,normal,True,0,0,1.0
2009,normal,cn_clear_4,clear,TFIDF_LogReg,CausalOptimizer,1595.9051031867516,0.9008214013036775,32.13386597760846,9.423826029287824,6,0.41635589992062505,0.3224886019453371,0.26115549813403793,normal,True,0,0,1.0
2009,normal,cn_clear_4,clear,TFIDF_LogReg_Calibrated,CausalOptimizer,1757.0,0.9104938271604939,29.0,6.4,6,0.8152522945874024,0.18474770541259752,0.0,normal,True,0,0,1.0
2009,normal,cn_clear_4,clear,PerfectSemantic,CausalOptimizer,1847.0,0.9197530864197531,26.0,5.35,7,1.0,0.0,0.0,normal,True,0,0,1.0
2009,normal,cn_moderate_1,moderate,NoInfo,CausalOptimizer,1565.6,0.8981481481481481,33.0,9.834999999999999,6,0.35,0.35,0.3,normal,True,0,0,1.0
2009,normal,cn_moderate_1,moderate,RuleBased,CausalOptimizer,1565.6,0.8981481481481481,33.0,9.834999999999999,6,0.4,0.3,0.3,normal,True,0,0,1.0
2009,normal,cn_moderate_1,moderate,TFIDF_LogReg,CausalOptimizer,1592.0590036047618,0.9005974262523155,32.20643389424978,9.490951352181046,6,0.43192448890766283,0.30087268657152244,0.2672028245208148,normal,True,0,0,1.0
2009,normal,cn_moderate_1,moderate,TFIDF_LogReg_Calibrated,CausalOptimizer,1847.0,0.9197530864197531,26.0,5.35,7,1.0,0.0,0.0,normal,True,0,0,1.0
2009,normal,cn_moderate_1,moderate,PerfectSemantic,CausalOptimizer,1847.0,0.9197530864197531,26.0,5.35,7,1.0,0.0,0.0,normal,True,0,0,1.0
2009,normal,cn_moderate_2,moderate,NoInfo,CausalOptimizer,1565.6,0.8981481481481481,33.0,9.834999999999999,6,0.35,0.35,0.3,normal,True,0,0,1.0
2009,normal,cn_moderate_2,moderate,RuleBased,CausalOptimizer,1610.0,0.8919753086419753,35.0,7.925,6,0.5714285714285715,0.4285714285714285,0.0,normal,True,0,0,1.0
2009,normal,cn_moderate_2,moderate,TFIDF_LogReg,CausalOptimizer,1589.5206642753014,0.9004496077495517,32.25432708914525,9.535252557459355,6,0.4126177081662408,0.31618836773832154,0.27119392409543763,normal,True,0,0,1.0
2009,normal,cn_moderate_2,moderate,TFIDF_LogReg_Calibrated,CausalOptimizer,1757.0,0.9104938271604939,29.0,6.4,6,0.8333333333333334,0.16666666666666666,0.0,normal,True,0,0,1.0
2009,normal,cn_moderate_2,moderate,PerfectSemantic,CausalOptimizer,1847.0,0.9197530864197531,26.0,5.35,7,1.0,0.0,0.0,normal,True,0,0,1.0
2009,normal,cn_moderate_3,moderate,NoInfo,CausalOptimizer,1565.6,0.8981481481481481,33.0,9.834999999999999,6,0.35,0.35,0.3,normal,True,0,0,1.0
2009,normal,cn_moderate_3,moderate,RuleBased,CausalOptimizer,1511.75,0.8935185185185185,34.5,10.58125,6,0.25,0.37499999999999994,0.37499999999999994,supplier_delay,False,4,10,1.0
2009,normal,cn_moderate_3,moderate,TFIDF_LogReg,CausalOptimizer,1574.05667136173,0.8990299332000469,32.7143016431848,9.737862558682824,10,0.3709692066833674,0.3385540718771397,0.2904767214394928,normal,True,0,0,1.0
2009,normal,cn_moderate_3,moderate,TFIDF_LogReg_Calibrated,CausalOptimizer,1610.0,0.8919753086419753,35.0,7.925,6,0.6191542664225136,0.3808457335774864,0.0,normal,True,0,0,1.0
2009,normal,cn_moderate_3,moderate,PerfectSemantic,CausalOptimizer,1847.0,0.9197530864197531,26.0,5.35,7,1.0,0.0,0.0,normal,True,0,0,1.0
2009,normal,cn_moderate_4,moderate,NoInfo,CausalOptimizer,1565.6,0.8981481481481481,33.0,9.834999999999999,6,0.35,0.35,0.3,normal,True,0,0,1.0
2009,normal,cn_moderate_4,moderate,RuleBased,CausalOptimizer,1549.2857142857144,0.8932980599647266,34.571428571428584,9.489285714285717,6,0.5714285714285715,0.0,0.4285714285714286,normal,True,0,0,1.0
2009,normal,cn_moderate_4,moderate,TFIDF_LogReg,CausalOptimizer,1599.3214204764731,0.9010203482690703,32.069407160821264,9.36420162375967,6,0.49287152849181515,0.25134454143974627,0.25578393006843864,normal,True,0,0,1.0
2009,normal,cn_moderate_4,moderate,TFIDF_LogReg_Calibrated,CausalOptimizer,1835.4480465385575,0.9210736115067949,25.572149871798413,5.809938887816704,7,0.928691645299736,0.0,0.07130835470026405,normal,True,0,0,1.0
2009,normal,cn_moderate_4,moderate,PerfectSemantic,CausalOptimizer,1847.0,0.9197530864197531,26.0,5.35,7,1.0,0.0,0.0,normal,True,0,0,1.0
2009,normal,cn_vague_1,vague,NoInfo,CausalOptimizer,1565.6,0.8981481481481481,33.0,9.834999999999999,6,0.35,0.35,0.3,normal,True,0,0,1.0
2009,normal,cn_vague_1,vague,RuleBased,CausalOptimizer,1536.0,0.8950617283950617,34.0,10.175,6,0.3333333333333333,0.3333333333333333,0.3333333333333333,normal,True,0,0,1.0
2009,normal,cn_vague_1,vague,TFIDF_LogReg,CausalOptimizer,1580.6353484031324,0.8997158980233496,32.492049040434715,9.662296673747806,6,0.37801577405271997,0.3389159245994559,0.2830683013478241,normal,True,0,0,1.0
2009,normal,cn_vague_1,vague,TFIDF_LogReg_Calibrated,CausalOptimizer,1757.0,0.9104938271604939,29.0,6.4,6,0.6810946901721556,0.3189053098278444,0.0,normal,True,0,0,1.0
2009,normal,cn_vague_1,vague,PerfectSemantic,CausalOptimizer,1847.0,0.9197530864197531,26.0,5.35,7,1.0,0.0,0.0,normal,True,0,0,1.0
2009,normal,cn_vague_2,vague,NoInfo,CausalOptimizer,1565.6,0.8981481481481481,33.0,9.834999999999999,6,0.35,0.35,0.3,normal,True,0,0,1.0
2009,normal,cn_vague_2,vague,RuleBased,CausalOptimizer,1466.5999999999997,0.8919753086419755,35.0,11.510000000000002,6,0.4,0.0,0.6,demand_surge,False,0,10,1.75
2009,normal,cn_vague_2,vague,TFIDF_LogReg,CausalOptimizer,1560.4665757683401,0.8976128811903925,33.173426494312835,9.893965008066363,6,0.41142597132376424,0.2827931455324748,0.30578088314376106,normal,True,0,0,1.0
2009,normal,cn_vague_2,vague,TFIDF_LogReg_Calibrated,CausalOptimizer,1830.574908119261,0.9216306689392705,25.39166326367634,6.003961991547938,7,0.8986105439460563,0.0,0.10138945605394371,normal,True,0,0,1.0
2009,normal,cn_vague_2,vague,PerfectSemantic,CausalOptimizer,1847.0,0.9197530864197531,26.0,5.35,7,1.0,0.0,0.0,normal,True,0,0,1.0
2009,normal,cn_vague_3,vague,NoInfo,CausalOptimizer,1565.6,0.8981481481481481,33.0,9.834999999999999,6,0.35,0.35,0.3,normal,True,0,0,1.0
2009,normal,cn_vague_3,vague,RuleBased,CausalOptimizer,1397.0,0.8919753086419753,35.0,13.25,6,0.0,0.5,0.5,supplier_delay,False,4,10,1.0
2009,normal,cn_vague_3,vague,TFIDF_LogReg,CausalOptimizer,1565.4404672606393,0.8981315135198364,33.00538961957301,9.836832470654823,6,0.3771261334553238,0.3226942125589093,0.30017965398576696,normal,True,0,0,1.0
2009,normal,cn_vague_3,vague,TFIDF_LogReg_Calibrated,CausalOptimizer,1705.5332814386834,0.9076924499625485,29.90764621213425,7.323609479179217,6,0.5910294823221457,0.3333333333333333,0.0756371843445209,normal,True,0,0,1.0
2009,normal,cn_vague_3,vague,PerfectSemantic,CausalOptimizer,1847.0,0.9197530864197531,26.0,5.35,7,1.0,0.0,0.0,normal,True,0,0,1.0
2009,normal,cn_vague_4,vague,NoInfo,CausalOptimizer,1565.6,0.8981481481481481,33.0,9.834999999999999,6,0.35,0.35,0.3,normal,True,0,0,1.0
2009,normal,cn_vague_4,vague,RuleBased,CausalOptimizer,1536.0,0.8950617283950617,34.0,10.175,6,0.3333333333333333,0.3333333333333333,0.3333333333333333,normal,True,0,0,1.0
2009,normal,cn_vague_4,vague,TFIDF_LogReg,CausalOptimizer,1571.79416965314,0.898794020025561,32.790737511718234,9.763850753984201,6,0.4241393062500869,0.2828361100259718,0.2930245837239413,normal,True,0,0,1.0
2009,normal,cn_vague_4,vague,TFIDF_LogReg_Calibrated,CausalOptimizer,1847.0,0.9197530864197531,26.0,5.35,7,1.0,0.0,0.0,normal,True,0,0,1.0
2009,normal,cn_vague_4,vague,PerfectSemantic,CausalOptimizer,1847.0,0.9197530864197531,26.0,5.35,7,1.0,0.0,0.0,normal,True,0,0,1.0
2010,normal,cn_clear_1,clear,NoInfo,CausalOptimizer,1420.3999999999996,0.87625,39.6,10.15,11,0.35,0.35,0.3,normal,True,0,0,1.0
2010,normal,cn_clear_1,clear,RuleBased,CausalOptimizer,1420.3999999999996,0.87625,39.6,10.15,11,0.4,0.3,0.3,normal,True,0,0,1.0
2010,normal,cn_clear_1,clear,TFIDF_LogReg,CausalOptimizer,1411.5519964423916,0.8756798966779892,39.78243306304348,10.298226863722824,11,0.3323343040870316,0.3524629406593451,0.3152027552536233,supplier_delay,False,8,10,1.0
2010,normal,cn_clear_1,clear,TFIDF_LogReg_Calibrated,CausalOptimizer,1382.2363813419008,0.865625,43.0,9.744090466452473,11,0.3549200303140416,0.5681700667326745,0.07690990295328393,supplier_delay,False,8,10,1.0
2010,normal,cn_clear_1,clear,PerfectSemantic,CausalOptimizer,1693.0,0.9,32.0,5.95,10,1.0,0.0,0.0,normal,True,0,0,1.0
2010,normal,cn_clear_2,clear,NoInfo,CausalOptimizer,1420.3999999999996,0.87625,39.6,10.15,11,0.35,0.35,0.3,normal,True,0,0,1.0
2010,normal,cn_clear_2,clear,RuleBased,CausalOptimizer,1237.857142857143,0.865625,43.0,13.478571428571428,11,0.14285714285714288,0.4285714285714286,0.4285714285714286,supplier_delay,False,4,4,1.0
2010,normal,cn_clear_2,clear,TFIDF_LogReg,CausalOptimizer,1431.0333916850698,0.8769351412168215,39.38075481061712,9.97186328362641,11,0.3781043422886062,0.34016609015996696,0.2817295675514269,normal,True,0,0,1.0
2010,normal,cn_clear_2,clear,TFIDF_LogReg_Calibrated,CausalOptimizer,1415.0,0.865625,43.0,8.925,11,0.5013039514204657,0.49869604857953426,0.0,normal,True,0,0,1.0
2010,normal,cn_clear_2,clear,PerfectSemantic,CausalOptimizer,1693.0,0.9,32.0,5.95,10,1.0,0.0,0.0,normal,True,0,0,1.0
2010,normal,cn_clear_3,clear,NoInfo,CausalOptimizer,1420.3999999999996,0.87625,39.6,10.15,11,0.35,0.35,0.3,normal,True,0,0,1.0
2010,normal,cn_clear_3,clear,RuleBased,CausalOptimizer,1375.75,0.8734375,40.5,10.90625,12,0.25,0.37499999999999994,0.37499999999999994,supplier_delay,False,4,4,1.0
2010,normal,cn_clear_3,clear,TFIDF_LogReg,CausalOptimizer,1407.120627645704,0.8753943703379964,39.87380149184115,10.372463712120933,11,0.334759855595164,0.3424233534180738,0.32281679098676214,supplier_delay,False,8,10,1.0
2010,normal,cn_clear_3,clear,TFIDF_LogReg_Calibrated,CausalOptimizer,1375.2282667496575,0.865625,43.0,9.919293331258555,11,0.3333333333333333,0.5733057904921544,0.09336087617451229,supplier_delay,False,8,10,1.0
2010,normal,cn_clear_3,clear,PerfectSemantic,CausalOptimizer,1693.0,0.9,32.0,5.95,10,1.0,0.0,0.0,normal,True,0,0,1.0
2010,normal,cn_clear_4,clear,NoInfo,CausalOptimizer,1420.3999999999996,0.87625,39.6,10.15,11,0.35,0.35,0.3,normal,True,0,0,1.0
2010,normal,cn_clear_4,clear,RuleBased,CausalOptimizer,1420.3999999999996,0.87625,39.6,10.15,11,0.4,0.3,0.3,normal,True,0,0,1.0
2010,normal,cn_clear_4,clear,TFIDF_LogReg,CausalOptimizer,1443.0075000859897,0.8777066688199735,39.13386597760846,9.771266106806872,11,0.41635589992062505,0.3224886019453371,0.26115549813403793,normal,True,0,0,1.0
2010,normal,cn_clear_4,clear,TFIDF_LogReg_Calibrated,CausalOptimizer,1565.0,0.88125,38.0,6.9,11,0.8152522945874024,0.18474770541259752,0.0,normal,True,0,0,1.0
2010,normal,cn_clear_4,clear,PerfectSemantic,CausalOptimizer,1693.0,0.9,32.0,5.95,10,1.0,0.0,0.0,normal,True,0,0,1.0
2010,normal,cn_moderate_1,moderate,NoInfo,CausalOptimizer,1420.3999999999996,0.87625,39.6,10.15,11,0.35,0.35,0.3,normal,True,0,0,1.0
2010,normal,cn_moderate_1,moderate,RuleBased,CausalOptimizer,1420.3999999999996,0.87625,39.6,10.15,11,0.4,0.3,0.3,normal,True,0,0,1.0
2010,normal,cn_moderate_1,moderate,TFIDF_LogReg,CausalOptimizer,1439.4879561288863,0.8774798940804696,39.20643389424978,9.830227539077944,11,0.43192448890766283,0.30087268657152244,0.2672028245208148,normal,True,0,0,1.0
2010,normal,cn_moderate_1,moderate,TFIDF_LogReg_Calibrated,CausalOptimizer,1693.0,0.9,32.0,5.95,10,1.0,0.0,0.0,normal,True,0,0,1.0
2010,normal,cn_moderate_1,moderate,PerfectSemantic,CausalOptimizer,1693.0,0.9,32.0,5.95,10,1.0,0.0,0.0,normal,True,0,0,1.0
2010,normal,cn_moderate_2,moderate,NoInfo,CausalOptimizer,1420.3999999999996,0.87625,39.6,10.15,11,0.35,0.35,0.3,normal,True,0,0,1.0
2010,normal,cn_moderate_2,moderate,RuleBased,CausalOptimizer,1415.0,0.865625,43.0,8.925,11,0.5714285714285715,0.4285714285714285,0.0,normal,True,0,0,1.0
2010,normal,cn_moderate_2,moderate,TFIDF_LogReg,CausalOptimizer,1437.1651361764552,0.8773302278464211,39.25432708914525,9.869140759930515,11,0.4126177081662408,0.31618836773832154,0.27119392409543763,normal,True,0,0,1.0
2010,normal,cn_moderate_2,moderate,TFIDF_LogReg_Calibrated,CausalOptimizer,1565.0,0.88125,38.0,6.9,11,0.8333333333333334,0.16666666666666666,0.0,normal,True,0,0,1.0
2010,normal,cn_moderate_2,moderate,PerfectSemantic,CausalOptimizer,1693.0,0.9,32.0,5.95,10,1.0,0.0,0.0,normal,True,0,0,1.0
2010,normal,cn_moderate_3,moderate,NoInfo,CausalOptimizer,1420.3999999999996,0.87625,39.6,10.15,11,0.35,0.35,0.3,normal,True,0,0,1.0
2010,normal,cn_moderate_3,moderate,RuleBased,CausalOptimizer,1375.75,0.8734375,40.5,10.90625,12,0.25,0.37499999999999994,0.37499999999999994,supplier_delay,False,4,10,1.0
2010,normal,cn_moderate_3,moderate,TFIDF_LogReg,CausalOptimizer,1425.942548122215,0.876607122946019,39.48572065727392,10.057148034035055,13,0.3709692066833674,0.3385540718771397,0.2904767214394928,normal,True,0,0,1.0
2010,normal,cn_moderate_3,moderate,TFIDF_LogReg_Calibrated,CausalOptimizer,1415.0,0.865625,43.0,8.925,11,0.6191542664225136,0.3808457335774864,0.0,normal,True,0,0,1.0
2010,normal,cn_moderate_3,moderate,PerfectSemantic,CausalOptimizer,1693.0,0.9,32.0,5.95,10,1.0,0.0,0.0,normal,True,0,0,1.0
2010,normal,cn_moderate_4,moderate,NoInfo,CausalOptimizer,1420.3999999999996,0.87625,39.6,10.15,11,0.35,0.35,0.3,normal,True,0,0,1.0
2010,normal,cn_moderate_4,moderate,RuleBased,CausalOptimizer,1411.9999999999998,0.8741071428571429,40.28571428571429,9.960714285714285,13,0.5714285714285715,0.0,0.4285714285714286,normal,True,0,0,1.0
2010,normal,cn_moderate_4,moderate,TFIDF_LogReg,CausalOptimizer,1446.1337527001688,0.8779081026224336,39.069407160821264,9.718893318167279,11,0.49287152849181515,0.25134454143974627,0.25578393006843864,normal,True,0,0,1.0
2010,normal,cn_moderate_4,moderate,TFIDF_LogReg_Calibrated,CausalOptimizer,1647.7719897438728,0.8955379683493699,33.427850128201584,6.634560205122537,11,0.928691645299736,0.0,0.07130835470026405,normal,True,0,0,1.0
2010,normal,cn_moderate_4,moderate,PerfectSemantic,CausalOptimizer,1693.0,0.9,32.0,5.95,10,1.0,0.0,0.0,normal,True,0,0,1.0
2010,normal,cn_vague_1,vague,NoInfo,CausalOptimizer,1420.3999999999996,0.87625,39.6,10.15,11,0.35,0.35,0.3,normal,True,0,0,1.0
2010,normal,cn_vague_1,vague,RuleBased,CausalOptimizer,1401.0,0.875,40.0,10.475,11,0.3333333333333333,0.3333333333333333,0.3333333333333333,normal,True,0,0,1.0
2010,normal,cn_vague_1,vague,TFIDF_LogReg,CausalOptimizer,1430.2542486155664,0.8768849386994566,39.396819616173886,9.984915938141285,11,0.37801577405271997,0.3389159245994559,0.2830683013478241,normal,True,0,0,1.0
2010,normal,cn_vague_1,vague,TFIDF_LogReg_Calibrated,CausalOptimizer,1565.0,0.88125,38.0,6.9,11,0.6810946901721556,0.3189053098278444,0.0,normal,True,0,0,1.0
2010,normal,cn_vague_1,vague,PerfectSemantic,CausalOptimizer,1693.0,0.9,32.0,5.95,10,1.0,0.0,0.0,normal,True,0,0,1.0
2010,normal,cn_vague_2,vague,NoInfo,CausalOptimizer,1420.3999999999996,0.87625,39.6,10.15,11,0.35,0.35,0.3,normal,True,0,0,1.0
2010,normal,cn_vague_2,vague,RuleBased,CausalOptimizer,1308.6,0.865625,43.0,11.585000000000003,13,0.4,0.0,0.6,demand_surge,False,0,10,1.75
2010,normal,cn_vague_2,vague,TFIDF_LogReg,CausalOptimizer,1417.035526010331,0.876033216882109,39.669370597725134,10.206363610651671,11,0.41142597132376424,0.2827931455324748,0.30578088314376106,normal,True,0,0,1.0
2010,normal,cn_vague_2,vague,TFIDF_LogReg_Calibrated,CausalOptimizer,1630.0829590043968,0.8942968430969657,33.825010208970994,6.917921941301678,11,0.8986105439460563,0.0,0.10138945605394371,normal,True,0,0,1.0
2010,normal,cn_vague_2,vague,PerfectSemantic,CausalOptimizer,1693.0,0.9,32.0,5.95,10,1.0,0.0,0.0,normal,True,0,0,1.0
2010,normal,cn_vague_3,vague,NoInfo,CausalOptimizer,1420.3999999999996,0.87625,39.6,10.15,11,0.35,0.35,0.3,normal,True,0,0,1.0
2010,normal,cn_vague_3,vague,RuleBased,CausalOptimizer,1207.0,0.865625,43.0,14.25,11,0.0,0.5,0.5,supplier_delay,False,4,10,1.0
2010,normal,cn_vague_3,vague,TFIDF_LogReg,CausalOptimizer,1420.295441380284,0.8762432629755338,39.6021558478292,10.151751626361229,11,0.3771261334553238,0.3226942125589093,0.30017965398576696,normal,True,0,0,1.0
2010,normal,cn_vague_3,vague,TFIDF_LogReg_Calibrated,CausalOptimizer,1530.1479746206974,0.88125,38.0,7.771300634482573,10,0.5910294823221457,0.3333333333333333,0.0756371843445209,normal,True,0,0,1.0
2010,normal,cn_vague_3,vague,PerfectSemantic,CausalOptimizer,1693.0,0.9,32.0,5.95,10,1.0,0.0,0.0,normal,True,0,0,1.0
2010,normal,cn_vague_4,vague,NoInfo,CausalOptimizer,1420.3999999999996,0.87625,39.6,10.15,11,0.35,0.35,0.3,normal,True,0,0,1.0
2010,normal,cn_vague_4,vague,RuleBased,CausalOptimizer,1401.0,0.875,40.0,10.475,11,0.3333333333333333,0.3333333333333333,0.3333333333333333,normal,True,0,0,1.0
2010,normal,cn_vague_4,vague,TFIDF_LogReg,CausalOptimizer,1424.459692272666,0.8765115781103521,39.516295004687294,10.081989691308427,11,0.4241393062500869,0.2828361100259718,0.2930245837239413,normal,True,0,0,1.0
2010,normal,cn_vague_4,vague,TFIDF_LogReg_Calibrated,CausalOptimizer,1693.0,0.9,32.0,5.95,10,1.0,0.0,0.0,normal,True,0,0,1.0
2010,normal,cn_vague_4,vague,PerfectSemantic,CausalOptimizer,1693.0,0.9,32.0,5.95,10,1.0,0.0,0.0,normal,True,0,0,1.0
2011,normal,cn_clear_1,clear,NoInfo,CausalOptimizer,1505.2,0.9050632911392406,30.0,10.570000000000002,5,0.35,0.35,0.3,normal,True,0,0,1.0
2011,normal,cn_clear_1,clear,RuleBased,CausalOptimizer,1505.2,0.9050632911392406,30.0,10.570000000000002,5,0.4,0.3,0.3,normal,True,0,0,1.0
2011,normal,cn_clear_1,clear,TFIDF_LogReg,CausalOptimizer,1498.7236262619567,0.9050632911392406,30.0,10.731909343451088,5,0.3323343040870316,0.3524629406593451,0.3152027552536233,supplier_delay,False,8,10,1.0
2011,normal,cn_clear_1,clear,TFIDF_LogReg_Calibrated,CausalOptimizer,1615.3905436710218,0.9145569620253164,27.0,9.390236408224444,6,0.3549200303140416,0.5681700667326745,0.07690990295328393,supplier_delay,False,8,10,1.0
2011,normal,cn_clear_1,clear,PerfectSemantic,CausalOptimizer,1863.0,0.939873417721519,19.0,5.9,4,1.0,0.0,0.0,normal,True,0,0,1.0
2011,normal,cn_clear_2,clear,NoInfo,CausalOptimizer,1505.2,0.9050632911392406,30.0,10.570000000000002,5,0.35,0.35,0.3,normal,True,0,0,1.0
2011,normal,cn_clear_2,clear,RuleBased,CausalOptimizer,1458.9999999999998,0.9145569620253164,27.0,13.3,6,0.14285714285714288,0.4285714285714286,0.4285714285714286,supplier_delay,False,4,4,1.0
2011,normal,cn_clear_2,clear,TFIDF_LogReg,CausalOptimizer,1512.9832042230926,0.9050632911392406,30.0,10.375419894422695,5,0.3781043422886062,0.34016609015996696,0.2817295675514269,normal,True,0,0,1.0
2011,normal,cn_clear_2,clear,TFIDF_LogReg_Calibrated,CausalOptimizer,1650.0,0.9145569620253164,27.0,8.525,6,0.5013039514204657,0.49869604857953426,0.0,normal,True,0,0,1.0
2011,normal,cn_clear_2,clear,PerfectSemantic,CausalOptimizer,1863.0,0.939873417721519,19.0,5.9,4,1.0,0.0,0.0,normal,True,0,0,1.0
2011,normal,cn_clear_3,clear,NoInfo,CausalOptimizer,1505.2,0.9050632911392406,30.0,10.570000000000002,5,0.35,0.35,0.3,normal,True,0,0,1.0
2011,normal,cn_clear_3,clear,RuleBased,CausalOptimizer,1478.75,0.9050632911392406,30.0,11.35625,5,0.25,0.37499999999999994,0.37499999999999994,supplier_delay,False,4,4,1.0
2011,normal,cn_clear_3,clear,TFIDF_LogReg,CausalOptimizer,1495.480047039639,0.9050632911392406,30.0,10.812998824009018,5,0.334759855595164,0.3424233534180738,0.32281679098676214,supplier_delay,False,8,10,1.0
2011,normal,cn_clear_3,clear,TFIDF_LogReg_Calibrated,CausalOptimizer,1607.9876057214692,0.9145569620253164,27.0,9.575309856963262,6,0.3333333333333333,0.5733057904921544,0.09336087617451229,supplier_delay,False,8,10,1.0
2011,normal,cn_clear_3,clear,PerfectSemantic,CausalOptimizer,1863.0,0.939873417721519,19.0,5.9,4,1.0,0.0,0.0,normal,True,0,0,1.0
2011,normal,cn_clear_4,clear,NoInfo,CausalOptimizer,1505.2,0.9050632911392406,30.0,10.570000000000002,5,0.35,0.35,0.3,normal,True,0,0,1.0
2011,normal,cn_clear_4,clear,RuleBased,CausalOptimizer,1505.2,0.9050632911392406,30.0,10.570000000000002,5,0.4,0.3,0.3,normal,True,0,0,1.0
2011,normal,cn_clear_4,clear,TFIDF_LogReg,CausalOptimizer,1521.7477577948998,0.9050632911392406,30.0,10.156306055127507,5,0.41635589992062505,0.3224886019453371,0.26115549813403793,normal,True,0,0,1.0
2011,normal,cn_clear_4,clear,TFIDF_LogReg_Calibrated,CausalOptimizer,1649.0,0.9082278481012658,29.0,7.25,7,0.8152522945874024,0.18474770541259752,0.0,normal,True,0,0,1.0
2011,normal,cn_clear_4,clear,PerfectSemantic,CausalOptimizer,1863.0,0.939873417721519,19.0,5.9,4,1.0,0.0,0.0,normal,True,0,0,1.0
2011,normal,cn_moderate_1,moderate,NoInfo,CausalOptimizer,1505.2,0.9050632911392406,30.0,10.570000000000002,5,0.35,0.35,0.3,normal,True,0,0,1.0
2011,normal,cn_moderate_1,moderate,RuleBased,CausalOptimizer,1505.2,0.9050632911392406,30.0,10.570000000000002,5,0.4,0.3,0.3,normal,True,0,0,1.0
2011,normal,cn_moderate_1,moderate,TFIDF_LogReg,CausalOptimizer,1519.1715967541331,0.9050632911392406,30.0,10.220710081146676,5,0.43192448890766283,0.30087268657152244,0.2672028245208148,normal,True,0,0,1.0
2011,normal,cn_moderate_1,moderate,TFIDF_LogReg_Calibrated,CausalOptimizer,1863.0,0.939873417721519,19.0,5.9,4,1.0,0.0,0.0,normal,True,0,0,1.0
2011,normal,cn_moderate_1,moderate,PerfectSemantic,CausalOptimizer,1863.0,0.939873417721519,19.0,5.9,4,1.0,0.0,0.0,normal,True,0,0,1.0
2011,normal,cn_moderate_2,moderate,NoInfo,CausalOptimizer,1505.2,0.9050632911392406,30.0,10.570000000000002,5,0.35,0.35,0.3,normal,True,0,0,1.0
2011,normal,cn_moderate_2,moderate,RuleBased,CausalOptimizer,1650.0,0.9145569620253164,27.0,8.525,6,0.5714285714285715,0.4285714285714285,0.0,normal,True,0,0,1.0
2011,normal,cn_moderate_2,moderate,TFIDF_LogReg,CausalOptimizer,1517.4713883353438,0.9050632911392406,30.0,10.263215291616408,5,0.4126177081662408,0.31618836773832154,0.27119392409543763,normal,True,0,0,1.0
2011,normal,cn_moderate_2,moderate,TFIDF_LogReg_Calibrated,CausalOptimizer,1649.0,0.9082278481012658,29.0,7.25,7,0.8333333333333334,0.16666666666666666,0.0,normal,True,0,0,1.0
2011,normal,cn_moderate_2,moderate,PerfectSemantic,CausalOptimizer,1863.0,0.939873417721519,19.0,5.9,4,1.0,0.0,0.0,normal,True,0,0,1.0
2011,normal,cn_moderate_3,moderate,NoInfo,CausalOptimizer,1505.2,0.9050632911392406,30.0,10.570000000000002,5,0.35,0.35,0.3,normal,True,0,0,1.0
2011,normal,cn_moderate_3,moderate,RuleBased,CausalOptimizer,1478.75,0.9050632911392406,30.0,11.35625,5,0.25,0.37499999999999994,0.37499999999999994,supplier_delay,False,4,10,1.0
2011,normal,cn_moderate_3,moderate,TFIDF_LogReg,CausalOptimizer,1509.256916666776,0.9050632911392406,30.000000000000007,10.468577083330596,6,0.3709692066833674,0.3385540718771397,0.2904767214394928,normal,True,0,0,1.0
2011,normal,cn_moderate_3,moderate,TFIDF_LogReg_Calibrated,CausalOptimizer,1650.0,0.9145569620253164,27.0,8.525,6,0.6191542664225136,0.3808457335774864,0.0,normal,True,0,0,1.0
2011,normal,cn_moderate_3,moderate,PerfectSemantic,CausalOptimizer,1863.0,0.939873417721519,19.0,5.9,4,1.0,0.0,0.0,normal,True,0,0,1.0
2011,normal,cn_moderate_4,moderate,NoInfo,CausalOptimizer,1505.2,0.9050632911392406,30.0,10.570000000000002,5,0.35,0.35,0.3,normal,True,0,0,1.0
2011,normal,cn_moderate_4,moderate,RuleBased,CausalOptimizer,1612.9999999999998,0.9263110307414103,23.2857142857143,10.435714285714289,5,0.5714285714285715,0.0,0.4285714285714286,normal,True,0,0,1.0
2011,normal,cn_moderate_4,moderate,TFIDF_LogReg,CausalOptimizer,1524.036045790845,0.9050632911392406,30.0,10.09909885522887,5,0.49287152849181515,0.25134454143974627,0.25578393006843864,normal,True,0,0,1.0
2011,normal,cn_moderate_4,moderate,TFIDF_LogReg_Calibrated,CausalOptimizer,1834.6377882054537,0.9416840185816404,18.427850128201584,6.837915243583012,4,0.928691645299736,0.0,0.07130835470026405,normal,True,0,0,1.0
2011,normal,cn_moderate_4,moderate,PerfectSemantic,CausalOptimizer,1863.0,0.939873417721519,19.0,5.9,4,1.0,0.0,0.0,normal,True,0,0,1.0
2011,normal,cn_vague_1,vague,NoInfo,CausalOptimizer,1505.2,0.9050632911392406,30.0,10.570000000000002,5,0.35,0.35,0.3,normal,True,0,0,1.0
2011,normal,cn_vague_1,vague,RuleBased,CausalOptimizer,1496.0,0.9050632911392406,30.0,10.925,5,0.3333333333333333,0.3333333333333333,0.3333333333333333,normal,True,0,0,1.0
2011,normal,cn_vague_1,vague,TFIDF_LogReg,CausalOptimizer,1512.4129036258269,0.9050632911392406,30.0,10.389677409354325,5,0.37801577405271997,0.3389159245994559,0.2830683013478241,normal,True,0,0,1.0
2011,normal,cn_vague_1,vague,TFIDF_LogReg_Calibrated,CausalOptimizer,1649.0,0.9082278481012658,29.0,7.25,7,0.6810946901721556,0.3189053098278444,0.0,normal,True,0,0,1.0
2011,normal,cn_vague_1,vague,PerfectSemantic,CausalOptimizer,1863.0,0.939873417721519,19.0,5.9,4,1.0,0.0,0.0,normal,True,0,0,1.0
2011,normal,cn_vague_2,vague,NoInfo,CausalOptimizer,1505.2,0.9050632911392406,30.0,10.570000000000002,5,0.35,0.35,0.3,normal,True,0,0,1.0
2011,normal,cn_vague_2,vague,RuleBased,CausalOptimizer,1483.3999999999994,0.9132911392405064,27.400000000000006,12.030000000000001,5,0.4,0.0,0.6,demand_surge,False,0,10,1.75
2011,normal,cn_vague_2,vague,TFIDF_LogReg,CausalOptimizer,1502.7373437807582,0.9050632911392406,30.0,10.631566405481056,5,0.41142597132376424,0.2827931455324748,0.30578088314376106,normal,True,0,0,1.0
2011,normal,cn_vague_2,vague,TFIDF_LogReg_Calibrated,CausalOptimizer,1818.0330202582231,0.9411128584293554,18.608336736323665,7.18083979901496,4,0.8986105439460563,0.0,0.10138945605394371,normal,True,0,0,1.0
2011,normal,cn_vague_2,vague,PerfectSemantic,CausalOptimizer,1863.0,0.939873417721519,19.0,5.9,4,1.0,0.0,0.0,normal,True,0,0,1.0
2011,normal,cn_vague_3,vague,NoInfo,CausalOptimizer,1505.2,0.9050632911392406,30.0,10.570000000000002,5,0.35,0.35,0.3,normal,True,0,0,1.0
2011,normal,cn_vague_3,vague,RuleBased,CausalOptimizer,1429.0,0.9145569620253164,27.0,14.05,6,0.0,0.5,0.5,supplier_delay,False,4,10,1.0
2011,normal,cn_vague_3,vague,TFIDF_LogReg,CausalOptimizer,1505.1234674020639,0.9050632911392406,30.0,10.571913314948416,5,0.3771261334553238,0.3226942125589093,0.30017965398576696,normal,True,0,0,1.0
2011,normal,cn_vague_3,vague,TFIDF_LogReg_Calibrated,CausalOptimizer,1616.8788590903616,0.9067916990314333,29.453823106067127,7.996499280314113,6,0.5910294823221457,0.3333333333333333,0.0756371843445209,normal,True,0,0,1.0
2011,normal,cn_vague_3,vague,PerfectSemantic,CausalOptimizer,1863.0,0.939873417721519,19.0,5.9,4,1.0,0.0,0.0,normal,True,0,0,1.0
2011,normal,cn_vague_4,vague,NoInfo,CausalOptimizer,1505.2,0.9050632911392406,30.0,10.570000000000002,5,0.35,0.35,0.3,normal,True,0,0,1.0
2011,normal,cn_vague_4,vague,RuleBased,CausalOptimizer,1496.0,0.9050632911392406,30.0,10.925,5,0.3333333333333333,0.3333333333333333,0.3333333333333333,normal,True,0,0,1.0
2011,normal,cn_vague_4,vague,TFIDF_LogReg,CausalOptimizer,1508.1715273336006,0.9050632911392406,30.0,10.495711816659975,5,0.4241393062500869,0.2828361100259718,0.2930245837239413,normal,True,0,0,1.0
2011,normal,cn_vague_4,vague,TFIDF_LogReg_Calibrated,CausalOptimizer,1863.0,0.939873417721519,19.0,5.9,4,1.0,0.0,0.0,normal,True,0,0,1.0
2011,normal,cn_vague_4,vague,PerfectSemantic,CausalOptimizer,1863.0,0.939873417721519,19.0,5.9,4,1.0,0.0,0.0,normal,True,0,0,1.0
2012,normal,cn_clear_1,clear,NoInfo,CausalOptimizer,1923.6,0.8943820224719102,37.599999999999994,5.195,15,0.35,0.35,0.3,normal,True,0,0,1.0
2012,normal,cn_clear_1,clear,RuleBased,CausalOptimizer,1923.6,0.8943820224719102,37.599999999999994,5.195,15,0.4,0.3,0.3,normal,True,0,0,1.0
2012,normal,cn_clear_1,clear,TFIDF_LogReg,CausalOptimizer,1922.9790512163047,0.8951507011083293,37.32635040543478,5.319983557418477,14,0.3323343040870316,0.3524629406593451,0.3152027552536233,supplier_delay,False,8,10,1.0
2012,normal,cn_clear_1,clear,TFIDF_LogReg_Calibrated,CausalOptimizer,1695.7636186580987,0.8517702694495447,52.76978407596208,5.072995903162696,17,0.3549200303140416,0.5681700667326745,0.07690990295328393,supplier_delay,False,8,10,1.0
2012,normal,cn_clear_1,clear,PerfectSemantic,CausalOptimizer,1795.0,0.8539325842696629,52.0,2.65,20,1.0,0.0,0.0,normal,True,0,0,1.0
2012,normal,cn_clear_2,clear,NoInfo,CausalOptimizer,1923.6,0.8943820224719102,37.599999999999994,5.195,15,0.35,0.35,0.3,normal,True,0,0,1.0
2012,normal,cn_clear_2,clear,RuleBased,CausalOptimizer,1747.7142857142853,0.880016051364366,42.71428571428571,7.796428571428571,14,0.14285714285714288,0.4285714285714286,0.4285714285714286,supplier_delay,False,4,4,1.0
2012,normal,cn_clear_2,clear,TFIDF_LogReg,CausalOptimizer,1923.9288677840746,0.893458236561589,37.92886778407432,5.055231191768415,15,0.3781043422886062,0.34016609015996696,0.2817295675514269,normal,True,0,0,1.0
2012,normal,cn_clear_2,clear,TFIDF_LogReg_Calibrated,CausalOptimizer,1662.0,0.8426966292134831,56.0,4.625,18,0.5013039514204657,0.49869604857953426,0.0,normal,True,0,0,1.0
2012,normal,cn_clear_2,clear,PerfectSemantic,CausalOptimizer,1795.0,0.8539325842696629,52.0,2.65,20,1.0,0.0,0.0,normal,True,0,0,1.0
2012,normal,cn_clear_3,clear,NoInfo,CausalOptimizer,1923.6,0.8943820224719102,37.599999999999994,5.195,15,0.35,0.35,0.3,normal,True,0,0,1.0
2012,normal,cn_clear_3,clear,RuleBased,CausalOptimizer,1919.75,0.8981741573033708,36.25,5.83125,14,0.25,0.37499999999999994,0.37499999999999994,supplier_delay,False,4,4,1.0
2012,normal,cn_clear_3,clear,TFIDF_LogReg,CausalOptimizer,1922.567893286715,0.8955356804431508,37.189297762238276,5.385083562936817,14,0.334759855595164,0.3424233534180738,0.32281679098676214,supplier_delay,False,8,10,1.0
2012,normal,cn_clear_3,clear,TFIDF_LogReg_Calibrated,CausalOptimizer,1700.8464450248357,0.8533731075427959,52.19917371476463,5.174169388473251,17,0.3333333333333333,0.5733057904921544,0.09336087617451229,supplier_delay,False,8,10,1.0
2012,normal,cn_clear_3,clear,PerfectSemantic,CausalOptimizer,1795.0,0.8539325842696629,52.0,2.65,20,1.0,0.0,0.0,normal,True,0,0,1.0
2012,normal,cn_clear_4,clear,NoInfo,CausalOptimizer,1923.6,0.8943820224719102,37.599999999999994,5.195,15,0.35,0.35,0.3,normal,True,0,0,1.0
2012,normal,cn_clear_4,clear,RuleBased,CausalOptimizer,1923.6,0.8943820224719102,37.599999999999994,5.195,15,0.4,0.3,0.3,normal,True,0,0,1.0
2012,normal,cn_clear_4,clear,TFIDF_LogReg,CausalOptimizer,1924.2992010335872,0.8924179746247548,38.29920103358731,4.897839560725392,15,0.41635589992062505,0.3224886019453371,0.26115549813403793,normal,True,0,0,1.0
2012,normal,cn_clear_4,clear,TFIDF_LogReg_Calibrated,CausalOptimizer,1780.0,0.8567415730337079,51.0,3.425,18,0.8152522945874024,0.18474770541259752,0.0,normal,True,0,0,1.0
2012,normal,cn_clear_4,clear,PerfectSemantic,CausalOptimizer,1795.0,0.8539325842696629,52.0,2.65,20,1.0,0.0,0.0,normal,True,0,0,1.0
2012,normal,cn_moderate_1,moderate,NoInfo,CausalOptimizer,1923.6,0.8943820224719102,37.599999999999994,5.195,15,0.35,0.35,0.3,normal,True,0,0,1.0
2012,normal,cn_moderate_1,moderate,RuleBased,CausalOptimizer,1923.6,0.8943820224719102,37.599999999999994,5.195,15,0.4,0.3,0.3,normal,True,0,0,1.0
2012,normal,cn_moderate_1,moderate,TFIDF_LogReg,CausalOptimizer,1924.1903491586256,0.8927237383184682,38.19034915862534,4.944101607584233,15,0.43192448890766283,0.30087268657152244,0.2672028245208148,normal,True,0,0,1.0
2012,normal,cn_moderate_1,moderate,TFIDF_LogReg_Calibrated,CausalOptimizer,1795.0,0.8539325842696629,52.0,2.65,20,1.0,0.0,0.0,normal,True,0,0,1.0
2012,normal,cn_moderate_1,moderate,PerfectSemantic,CausalOptimizer,1795.0,0.8539325842696629,52.0,2.65,20,1.0,0.0,0.0,normal,True,0,0,1.0
2012,normal,cn_moderate_2,moderate,NoInfo,CausalOptimizer,1923.6,0.8943820224719102,37.599999999999994,5.195,15,0.35,0.35,0.3,normal,True,0,0,1.0
2012,normal,cn_moderate_2,moderate,RuleBased,CausalOptimizer,1662.0,0.8426966292134831,56.0,4.625,18,0.5714285714285715,0.4285714285714285,0.0,normal,True,0,0,1.0
2012,normal,cn_moderate_2,moderate,TFIDF_LogReg,CausalOptimizer,1924.118509366282,0.8929255354879716,38.118509366282126,4.974633519330096,15,0.4126177081662408,0.31618836773832154,0.27119392409543763,normal,True,0,0,1.0
2012,normal,cn_moderate_2,moderate,TFIDF_LogReg_Calibrated,CausalOptimizer,1780.0,0.8567415730337079,51.0,3.425,18,0.8333333333333334,0.16666666666666666,0.0,normal,True,0,0,1.0
2012,normal,cn_moderate_2,moderate,PerfectSemantic,CausalOptimizer,1795.0,0.8539325842696629,52.0,2.65,20,1.0,0.0,0.0,normal,True,0,0,1.0
2012,normal,cn_moderate_3,moderate,NoInfo,CausalOptimizer,1923.6,0.8943820224719102,37.599999999999994,5.195,15,0.35,0.35,0.3,normal,True,0,0,1.0
2012,normal,cn_moderate_3,moderate,RuleBased,CausalOptimizer,1919.75,0.8981741573033708,36.25,5.83125,14,0.25,0.37499999999999994,0.37499999999999994,supplier_delay,False,4,10,1.0
2012,normal,cn_moderate_3,moderate,TFIDF_LogReg,CausalOptimizer,1923.7714190140887,0.8939005083873899,37.771419014089155,5.12214691901212,17,0.3709692066833674,0.3385540718771397,0.2904767214394928,normal,True,0,0,1.0
2012,normal,cn_moderate_3,moderate,TFIDF_LogReg_Calibrated,CausalOptimizer,1662.0,0.8426966292134831,56.0,4.625,18,0.6191542664225136,0.3808457335774864,0.0,normal,True,0,0,1.0
2012,normal,cn_moderate_3,moderate,PerfectSemantic,CausalOptimizer,1795.0,0.8539325842696629,52.0,2.65,20,1.0,0.0,0.0,normal,True,0,0,1.0
2012,normal,cn_moderate_4,moderate,NoInfo,CausalOptimizer,1923.6,0.8943820224719102,37.599999999999994,5.195,15,0.35,0.35,0.3,normal,True,0,0,1.0
2012,normal,cn_moderate_4,moderate,RuleBased,CausalOptimizer,2117.0,0.9229534510433386,27.428571428571427,4.4285714285714315,12,0.5714285714285715,0.0,0.4285714285714286,normal,True,0,0,1.0
2012,normal,cn_moderate_4,moderate,TFIDF_LogReg,CausalOptimizer,1924.3958892587682,0.8921463784866064,38.39588925876811,4.856747065023557,15,0.49287152849181515,0.25134454143974627,0.25578393006843864,normal,True,0,0,1.0
2012,normal,cn_moderate_4,moderate,TFIDF_LogReg_Calibrated,CausalOptimizer,1861.7446199994472,0.8659508462977973,47.72149871798415,2.6927850128201585,20,0.928691645299736,0.0,0.07130835470026405,normal,True,0,0,1.0
2012,normal,cn_moderate_4,moderate,PerfectSemantic,CausalOptimizer,1795.0,0.8539325842696629,52.0,2.65,20,1.0,0.0,0.0,normal,True,0,0,1.0
2012,normal,cn_vague_1,vague,NoInfo,CausalOptimizer,1923.6,0.8943820224719102,37.599999999999994,5.195,15,0.35,0.35,0.3,normal,True,0,0,1.0
2012,normal,cn_vague_1,vague,RuleBased,CausalOptimizer,1922.0,0.8960674157303371,37.0,5.475,14,0.3333333333333333,0.3333333333333333,0.3333333333333333,normal,True,0,0,1.0
2012,normal,cn_vague_1,vague,TFIDF_LogReg,CausalOptimizer,1923.9047705757391,0.8935259253490473,37.90477057573917,5.065472505310853,15,0.37801577405271997,0.3389159245994559,0.2830683013478241,normal,True,0,0,1.0
2012,normal,cn_vague_1,vague,TFIDF_LogReg_Calibrated,CausalOptimizer,1780.0,0.8567415730337079,51.0,3.425,18,0.6810946901721556,0.3189053098278444,0.0,normal,True,0,0,1.0
2012,normal,cn_vague_1,vague,PerfectSemantic,CausalOptimizer,1795.0,0.8539325842696629,52.0,2.65,20,1.0,0.0,0.0,normal,True,0,0,1.0
2012,normal,cn_vague_2,vague,NoInfo,CausalOptimizer,1923.6,0.8943820224719102,37.599999999999994,5.195,15,0.35,0.35,0.3,normal,True,0,0,1.0
2012,normal,cn_vague_2,vague,RuleBased,CausalOptimizer,2013.3999999999999,0.9162921348314607,29.800000000000004,6.070000000000003,11,0.4,0.0,0.6,demand_surge,False,0,10,1.75
2012,normal,cn_vague_2,vague,TFIDF_LogReg,CausalOptimizer,1923.487832310237,0.8946743143162577,37.4959441034123,5.239426550879157,14,0.41142597132376424,0.2827931455324748,0.30578088314376106,normal,True,0,0,1.0
2012,normal,cn_vague_2,vague,TFIDF_LogReg_Calibrated,CausalOptimizer,1889.6838573938437,0.8710206948405521,45.91663263676337,2.7162505104485497,19,0.8986105439460563,0.0,0.10138945605394371,normal,True,0,0,1.0
2012,normal,cn_vague_2,vague,PerfectSemantic,CausalOptimizer,1795.0,0.8539325842696629,52.0,2.65,20,1.0,0.0,0.0,normal,True,0,0,1.0
2012,normal,cn_vague_3,vague,NoInfo,CausalOptimizer,1923.6,0.8943820224719102,37.599999999999994,5.195,15,0.35,0.35,0.3,normal,True,0,0,1.0
2012,normal,cn_vague_3,vague,RuleBased,CausalOptimizer,1752.0,0.8848314606741573,41.0,8.375,14,0.0,0.5,0.5,supplier_delay,False,4,10,1.0
2012,normal,cn_vague_3,vague,TFIDF_LogReg,CausalOptimizer,1923.5967662282565,0.8943911061004038,37.5967662282562,5.196374352991117,15,0.3771261334553238,0.3226942125589093,0.30017965398576696,normal,True,0,0,1.0
2012,normal,cn_vague_3,vague,TFIDF_LogReg_Calibrated,CausalOptimizer,1833.0973034098536,0.8682146290859666,46.91559204539587,3.73133059659531,18,0.5910294823221457,0.3333333333333333,0.0756371843445209,normal,True,0,0,1.0
2012,normal,cn_vague_3,vague,PerfectSemantic,CausalOptimizer,1795.0,0.8539325842696629,52.0,2.65,20,1.0,0.0,0.0,normal,True,0,0,1.0
2012,normal,cn_vague_4,vague,NoInfo,CausalOptimizer,1923.6,0.8943820224719102,37.599999999999994,5.195,15,0.35,0.35,0.3,normal,True,0,0,1.0
2012,normal,cn_vague_4,vague,RuleBased,CausalOptimizer,1922.0,0.8960674157303371,37.0,5.475,14,0.3333333333333333,0.3333333333333333,0.3333333333333333,normal,True,0,0,1.0
2012,normal,cn_vague_4,vague,TFIDF_LogReg,CausalOptimizer,1923.7255574929688,0.8940293328849184,37.72555749296906,5.141638065488151,15,0.4241393062500869,0.2828361100259718,0.2930245837239413,normal,True,0,0,1.0
2012,normal,cn_vague_4,vague,TFIDF_LogReg_Calibrated,CausalOptimizer,1795.0,0.8539325842696629,52.0,2.65,20,1.0,0.0,0.0,normal,True,0,0,1.0
2012,normal,cn_vague_4,vague,PerfectSemantic,CausalOptimizer,1795.0,0.8539325842696629,52.0,2.65,20,1.0,0.0,0.0,normal,True,0,0,1.0
2013,normal,cn_clear_1,clear,NoInfo,CausalOptimizer,1827.8000000000004,0.912759643916914,29.400000000000002,6.980000000000001,8,0.35,0.35,0.3,normal,True,0,0,1.0
2013,normal,cn_clear_1,clear,RuleBased,CausalOptimizer,1827.8000000000004,0.912759643916914,29.400000000000002,6.980000000000001,8,0.4,0.3,0.3,normal,True,0,0,1.0
2013,normal,cn_clear_1,clear,TFIDF_LogReg,CausalOptimizer,1817.401315406522,0.9119476273158301,29.673649594565216,7.125946450434782,8,0.3323343040870316,0.3524629406593451,0.3152027552536233,supplier_delay,False,8,10,1.0
2013,normal,cn_clear_1,clear,TFIDF_LogReg_Calibrated,CausalOptimizer,1848.6998958989077,0.9050445103857567,32.0,5.632502602527287,9,0.3549200303140416,0.5681700667326745,0.07690990295328393,supplier_delay,False,8,10,1.0
2013,normal,cn_clear_1,clear,PerfectSemantic,CausalOptimizer,1879.0,0.8961424332344213,35.0,3.15,10,1.0,0.0,0.0,normal,True,0,0,1.0
2013,normal,cn_clear_2,clear,NoInfo,CausalOptimizer,1827.8000000000004,0.912759643916914,29.400000000000002,6.980000000000001,8,0.35,0.35,0.3,normal,True,0,0,1.0
2013,normal,cn_clear_2,clear,RuleBased,CausalOptimizer,1692.428571428571,0.9050445103857567,32.0,9.664285714285715,9,0.14285714285714288,0.4285714285714286,0.4285714285714286,supplier_delay,False,4,4,1.0
2013,normal,cn_clear_2,clear,TFIDF_LogReg,CausalOptimizer,1840.2969757948247,0.9137355127123867,29.07113221592568,6.804603848493699,8,0.3781043422886062,0.34016609015996696,0.2817295675514269,normal,True,0,0,1.0
2013,normal,cn_clear_2,clear,TFIDF_LogReg_Calibrated,CausalOptimizer,1893.0,0.9050445103857567,32.0,4.525,9,0.5013039514204657,0.49869604857953426,0.0,normal,True,0,0,1.0
2013,normal,cn_clear_2,clear,PerfectSemantic,CausalOptimizer,1879.0,0.8961424332344213,35.0,3.15,10,1.0,0.0,0.0,normal,True,0,0,1.0
2013,normal,cn_clear_3,clear,NoInfo,CausalOptimizer,1827.8000000000004,0.912759643916914,29.400000000000002,6.980000000000001,8,0.35,0.35,0.3,normal,True,0,0,1.0
2013,normal,cn_clear_3,clear,RuleBased,CausalOptimizer,1776.0,0.908753709198813,30.75,7.7125,9,0.25,0.37499999999999994,0.37499999999999994,supplier_delay,False,4,4,1.0
2013,normal,cn_clear_3,clear,TFIDF_LogReg,CausalOptimizer,1812.193314965054,0.9115409429146536,29.810702237761724,7.199041193472917,8,0.334759855595164,0.3424233534180738,0.32281679098676214,supplier_delay,False,8,10,1.0
2013,normal,cn_clear_3,clear,TFIDF_LogReg_Calibrated,CausalOptimizer,1839.9461184080455,0.9050445103857567,32.0,5.8513470397988545,9,0.3333333333333333,0.5733057904921544,0.09336087617451229,supplier_delay,False,8,10,1.0
2013,normal,cn_clear_3,clear,PerfectSemantic,CausalOptimizer,1879.0,0.8961424332344213,35.0,3.15,10,1.0,0.0,0.0,normal,True,0,0,1.0
2013,normal,cn_clear_4,clear,NoInfo,CausalOptimizer,1827.8000000000004,0.912759643916914,29.400000000000002,6.980000000000001,8,0.35,0.35,0.3,normal,True,0,0,1.0
2013,normal,cn_clear_4,clear,RuleBased,CausalOptimizer,1827.8000000000004,0.912759643916914,29.400000000000002,6.980000000000001,8,0.4,0.3,0.3,normal,True,0,0,1.0
2013,normal,cn_clear_4,clear,TFIDF_LogReg,CausalOptimizer,1854.3696392763184,0.9148344244320099,28.700798966412687,6.607092782086767,8,0.41635589992062505,0.3224886019453371,0.26115549813403793,normal,True,0,0,1.0
2013,normal,cn_clear_4,clear,TFIDF_LogReg_Calibrated,CausalOptimizer,1989.0,0.9169139465875371,28.0,3.4,8,0.8152522945874024,0.18474770541259752,0.0,normal,True,0,0,1.0
2013,normal,cn_clear_4,clear,PerfectSemantic,CausalOptimizer,1879.0,0.8961424332344213,35.0,3.15,10,1.0,0.0,0.0,normal,True,0,0,1.0
2013,normal,cn_moderate_1,moderate,NoInfo,CausalOptimizer,1827.8000000000004,0.912759643916914,29.400000000000002,6.980000000000001,8,0.35,0.35,0.3,normal,True,0,0,1.0
2013,normal,cn_moderate_1,moderate,RuleBased,CausalOptimizer,1827.8000000000004,0.912759643916914,29.400000000000002,6.980000000000001,8,0.4,0.3,0.3,normal,True,0,0,1.0
2013,normal,cn_moderate_1,moderate,TFIDF_LogReg,CausalOptimizer,1850.233268027763,0.9145114218356835,28.809650841374665,6.665147115399821,8,0.43192448890766283,0.30087268657152244,0.2672028245208148,normal,True,0,0,1.0
2013,normal,cn_moderate_1,moderate,TFIDF_LogReg_Calibrated,CausalOptimizer,1879.0,0.8961424332344213,35.0,3.15,10,1.0,0.0,0.0,normal,True,0,0,1.0
2013,normal,cn_moderate_1,moderate,PerfectSemantic,CausalOptimizer,1879.0,0.8961424332344213,35.0,3.15,10,1.0,0.0,0.0,normal,True,0,0,1.0
2013,normal,cn_moderate_2,moderate,NoInfo,CausalOptimizer,1827.8000000000004,0.912759643916914,29.400000000000002,6.980000000000001,8,0.35,0.35,0.3,normal,True,0,0,1.0
2013,normal,cn_moderate_2,moderate,RuleBased,CausalOptimizer,1893.0,0.9050445103857567,32.0,4.525,9,0.5714285714285715,0.4285714285714285,0.0,normal,True,0,0,1.0
2013,normal,cn_moderate_2,moderate,TFIDF_LogReg,CausalOptimizer,1847.5033559187207,0.9142982473776917,28.881490633717874,6.7034616713162,8,0.4126177081662408,0.31618836773832154,0.27119392409543763,normal,True,0,0,1.0
2013,normal,cn_moderate_2,moderate,TFIDF_LogReg_Calibrated,CausalOptimizer,1989.0,0.9169139465875371,28.0,3.4,8,0.8333333333333334,0.16666666666666666,0.0,normal,True,0,0,1.0
2013,normal,cn_moderate_2,moderate,PerfectSemantic,CausalOptimizer,1879.0,0.8961424332344213,35.0,3.15,10,1.0,0.0,0.0,normal,True,0,0,1.0
2013,normal,cn_moderate_3,moderate,NoInfo,CausalOptimizer,1827.8000000000004,0.912759643916914,29.400000000000002,6.980000000000001,8,0.35,0.35,0.3,normal,True,0,0,1.0
2013,normal,cn_moderate_3,moderate,RuleBased,CausalOptimizer,1776.0,0.908753709198813,30.75,7.7125,9,0.25,0.37499999999999994,0.37499999999999994,supplier_delay,False,4,10,1.0
2013,normal,cn_moderate_3,moderate,TFIDF_LogReg,CausalOptimizer,1834.313922535387,0.9132683056797897,29.22858098591088,6.88857652581913,9,0.3709692066833674,0.3385540718771397,0.2904767214394928,normal,True,0,0,1.0
2013,normal,cn_moderate_3,moderate,TFIDF_LogReg_Calibrated,CausalOptimizer,1893.0,0.9050445103857567,32.0,4.525,9,0.6191542664225136,0.3808457335774864,0.0,normal,True,0,0,1.0
2013,normal,cn_moderate_3,moderate,PerfectSemantic,CausalOptimizer,1879.0,0.8961424332344213,35.0,3.15,10,1.0,0.0,0.0,normal,True,0,0,1.0
2013,normal,cn_moderate_4,moderate,NoInfo,CausalOptimizer,1827.8000000000004,0.912759643916914,29.400000000000002,6.980000000000001,8,0.35,0.35,0.3,normal,True,0,0,1.0
2013,normal,cn_moderate_4,moderate,RuleBased,CausalOptimizer,1843.714285714286,0.9198813056379822,27.0,7.410714285714287,7,0.5714285714285715,0.0,0.4285714285714286,normal,True,0,0,1.0
2013,normal,cn_moderate_4,moderate,TFIDF_LogReg,CausalOptimizer,1858.0437918331875,0.9151213331120714,28.604110741231896,6.555525728657011,8,0.49287152849181515,0.25134454143974627,0.25578393006843864,normal,True,0,0,1.0
2013,normal,cn_moderate_4,moderate,TFIDF_LogReg_Calibrated,CausalOptimizer,1905.9545580767,0.9050295278854927,32.0050491025889,3.6099388878167047,10,0.928691645299736,0.0,0.07130835470026405,normal,True,0,0,1.0
2013,normal,cn_moderate_4,moderate,PerfectSemantic,CausalOptimizer,1879.0,0.8961424332344213,35.0,3.15,10,1.0,0.0,0.0,normal,True,0,0,1.0
2013,normal,cn_vague_1,vague,NoInfo,CausalOptimizer,1827.8000000000004,0.912759643916914,29.400000000000002,6.980000000000001,8,0.35,0.35,0.3,normal,True,0,0,1.0
2013,normal,cn_vague_1,vague,RuleBased,CausalOptimizer,1805.0,0.9109792284866469,30.0,7.3,8,0.3333333333333333,0.3333333333333333,0.3333333333333333,normal,True,0,0,1.0
2013,normal,cn_vague_1,vague,TFIDF_LogReg,CausalOptimizer,1839.3812818780882,0.9136640076431429,29.09522942426083,6.817455692939111,8,0.37801577405271997,0.3389159245994559,0.2830683013478241,normal,True,0,0,1.0
2013,normal,cn_vague_1,vague,TFIDF_LogReg_Calibrated,CausalOptimizer,1989.0,0.9169139465875371,28.0,3.4,8,0.6810946901721556,0.3189053098278444,0.0,normal,True,0,0,1.0
2013,normal,cn_vague_1,vague,PerfectSemantic,CausalOptimizer,1879.0,0.8961424332344213,35.0,3.15,10,1.0,0.0,0.0,normal,True,0,0,1.0
2013,normal,cn_vague_2,vague,NoInfo,CausalOptimizer,1827.8000000000004,0.912759643916914,29.400000000000002,6.980000000000001,8,0.35,0.35,0.3,normal,True,0,0,1.0
2013,normal,cn_vague_2,vague,RuleBased,CausalOptimizer,1787.9999999999995,0.9169139465875371,28.000000000000007,8.700000000000003,9,0.4,0.0,0.6,demand_surge,False,0,10,1.75
2013,normal,cn_vague_2,vague,TFIDF_LogReg,CausalOptimizer,1823.8458759296677,0.9124508727104222,29.5040558965877,7.035496478180107,8,0.41142597132376424,0.2827931455324748,0.30578088314376106,normal,True,0,0,1.0
2013,normal,cn_vague_2,vague,TFIDF_LogReg_Calibrated,CausalOptimizer,1917.3252143883906,0.9087785078761592,30.741642845734358,3.8039619915479377,10,0.8986105439460563,0.0,0.10138945605394371,normal,True,0,0,1.0
2013,normal,cn_vague_2,vague,PerfectSemantic,CausalOptimizer,1879.0,0.8961424332344213,35.0,3.15,10,1.0,0.0,0.0,normal,True,0,0,1.0
2013,normal,cn_vague_3,vague,NoInfo,CausalOptimizer,1827.8000000000004,0.912759643916914,29.400000000000002,6.980000000000001,8,0.35,0.35,0.3,normal,True,0,0,1.0
2013,normal,cn_vague_3,vague,RuleBased,CausalOptimizer,1662.0,0.9050445103857567,32.0,10.425,9,0.0,0.5,0.5,supplier_delay,False,4,10,1.0
2013,normal,cn_vague_3,vague,TFIDF_LogReg,CausalOptimizer,1827.677116673736,0.9127500481550628,29.403233771743803,6.981724678263362,8,0.3771261334553238,0.3226942125589093,0.30017965398576696,normal,True,0,0,1.0
2013,normal,cn_vague_3,vague,TFIDF_LogReg_Calibrated,CausalOptimizer,1944.525335605422,0.9169139465875371,28.0,4.511866609864457,8,0.5910294823221457,0.3333333333333333,0.0756371843445209,normal,True,0,0,1.0
2013,normal,cn_vague_3,vague,PerfectSemantic,CausalOptimizer,1879.0,0.8961424332344213,35.0,3.15,10,1.0,0.0,0.0,normal,True,0,0,1.0
2013,normal,cn_vague_4,vague,NoInfo,CausalOptimizer,1827.8000000000004,0.912759643916914,29.400000000000002,6.980000000000001,8,0.35,0.35,0.3,normal,True,0,0,1.0
2013,normal,cn_vague_4,vague,RuleBased,CausalOptimizer,1805.0,0.9109792284866469,30.0,7.3,8,0.3333333333333333,0.3333333333333333,0.3333333333333333,normal,True,0,0,1.0
2013,normal,cn_vague_4,vague,TFIDF_LogReg,CausalOptimizer,1832.571184732824,0.913132218080027,29.27444250703094,6.913036003749836,8,0.4241393062500869,0.2828361100259718,0.2930245837239413,normal,True,0,0,1.0
2013,normal,cn_vague_4,vague,TFIDF_LogReg_Calibrated,CausalOptimizer,1879.0,0.8961424332344213,35.0,3.15,10,1.0,0.0,0.0,normal,True,0,0,1.0
2013,normal,cn_vague_4,vague,PerfectSemantic,CausalOptimizer,1879.0,0.8961424332344213,35.0,3.15,10,1.0,0.0,0.0,normal,True,0,0,1.0
2014,normal,cn_clear_1,clear,NoInfo,CausalOptimizer,1498.2,0.8449567723342939,53.8,7.625000000000003,12,0.35,0.35,0.3,normal,True,0,0,1.0
2014,normal,cn_clear_1,clear,RuleBased,CausalOptimizer,1498.2,0.8449567723342939,53.8,7.625000000000003,12,0.4,0.3,0.3,normal,True,0,0,1.0
2014,normal,cn_clear_1,clear,TFIDF_LogReg,CausalOptimizer,1490.8114609467389,0.8446939004855281,53.891216531521735,7.773226863722826,12,0.3323343040870316,0.3524629406593451,0.3152027552536233,supplier_delay,False,8,10,1.0
2014,normal,cn_clear_1,clear,TFIDF_LogReg_Calibrated,CausalOptimizer,1529.6978407596207,0.8443804034582133,54.0,6.807553981009479,13,0.3549200303140416,0.5681700667326745,0.07690990295328393,supplier_delay,False,8,10,1.0
2014,normal,cn_clear_1,clear,PerfectSemantic,CausalOptimizer,1703.0,0.8587896253602305,49.0,4.3,12,1.0,0.0,0.0,normal,True,0,0,1.0
2014,normal,cn_clear_2,clear,NoInfo,CausalOptimizer,1498.2,0.8449567723342939,53.8,7.625000000000003,12,0.35,0.35,0.3,normal,True,0,0,1.0
2014,normal,cn_clear_2,clear,RuleBased,CausalOptimizer,1384.1428571428569,0.8443804034582133,54.0,10.446428571428575,13,0.14285714285714288,0.4285714285714286,0.4285714285714286,supplier_delay,False,4,4,1.0
2014,normal,cn_clear_2,clear,TFIDF_LogReg,CausalOptimizer,1507.0794301700068,0.8452726875927707,53.69037740530856,7.446863283626412,12,0.3781043422886062,0.34016609015996696,0.2817295675514269,normal,True,0,0,1.0
2014,normal,cn_clear_2,clear,TFIDF_LogReg_Calibrated,CausalOptimizer,1562.0,0.8443804034582133,54.0,6.0,13,0.5013039514204657,0.49869604857953426,0.0,normal,True,0,0,1.0
2014,normal,cn_clear_2,clear,PerfectSemantic,CausalOptimizer,1703.0,0.8587896253602305,49.0,4.3,12,1.0,0.0,0.0,normal,True,0,0,1.0
2014,normal,cn_clear_3,clear,NoInfo,CausalOptimizer,1498.2,0.8449567723342939,53.8,7.625000000000003,12,0.35,0.35,0.3,normal,True,0,0,1.0
2014,normal,cn_clear_3,clear,RuleBased,CausalOptimizer,1466.0,0.8436599423631124,54.25,8.375,12,0.25,0.37499999999999994,0.37499999999999994,supplier_delay,False,4,4,1.0
2014,normal,cn_clear_3,clear,TFIDF_LogReg,CausalOptimizer,1487.1110395804335,0.8445622456889896,53.936900745920575,7.847463712120932,12,0.334759855595164,0.3424233534180738,0.32281679098676214,supplier_delay,False,8,10,1.0
2014,normal,cn_clear_3,clear,TFIDF_LogReg_Calibrated,CausalOptimizer,1522.7884320067049,0.8443804034582133,54.0,6.980289199832379,13,0.3333333333333333,0.5733057904921544,0.09336087617451229,supplier_delay,False,8,10,1.0
2014,normal,cn_clear_3,clear,PerfectSemantic,CausalOptimizer,1703.0,0.8587896253602305,49.0,4.3,12,1.0,0.0,0.0,normal,True,0,0,1.0
2014,normal,cn_clear_4,clear,NoInfo,CausalOptimizer,1498.2,0.8449567723342939,53.8,7.625000000000003,12,0.35,0.35,0.3,normal,True,0,0,1.0
2014,normal,cn_clear_4,clear,RuleBased,CausalOptimizer,1498.2,0.8449567723342939,53.8,7.625000000000003,12,0.4,0.3,0.3,normal,True,0,0,1.0
2014,normal,cn_clear_4,clear,TFIDF_LogReg,CausalOptimizer,1517.0784279068575,0.8456284351907659,53.566932988804226,7.246266106806874,12,0.41635589992062505,0.3224886019453371,0.26115549813403793,normal,True,0,0,1.0
2014,normal,cn_clear_4,clear,TFIDF_LogReg_Calibrated,CausalOptimizer,1664.0,0.8530259365994236,51.0,4.6,12,0.8152522945874024,0.18474770541259752,0.0,normal,True,0,0,1.0
2014,normal,cn_clear_4,clear,PerfectSemantic,CausalOptimizer,1703.0,0.8587896253602305,49.0,4.3,12,1.0,0.0,0.0,normal,True,0,0,1.0
2014,normal,cn_moderate_1,moderate,NoInfo,CausalOptimizer,1498.2,0.8449567723342939,53.8,7.625000000000003,12,0.35,0.35,0.3,normal,True,0,0,1.0
2014,normal,cn_moderate_1,moderate,RuleBased,CausalOptimizer,1498.2,0.8449567723342939,53.8,7.625000000000003,12,0.4,0.3,0.3,normal,True,0,0,1.0
2014,normal,cn_moderate_1,moderate,TFIDF_LogReg,CausalOptimizer,1514.139427282884,0.8455238704693807,53.60321694712489,7.305227539077944,12,0.43192448890766283,0.30087268657152244,0.2672028245208148,normal,True,0,0,1.0
2014,normal,cn_moderate_1,moderate,TFIDF_LogReg_Calibrated,CausalOptimizer,1703.0,0.8587896253602305,49.0,4.3,12,1.0,0.0,0.0,normal,True,0,0,1.0
2014,normal,cn_moderate_1,moderate,PerfectSemantic,CausalOptimizer,1703.0,0.8587896253602305,49.0,4.3,12,1.0,0.0,0.0,normal,True,0,0,1.0
2014,normal,cn_moderate_2,moderate,NoInfo,CausalOptimizer,1498.2,0.8449567723342939,53.8,7.625000000000003,12,0.35,0.35,0.3,normal,True,0,0,1.0
2014,normal,cn_moderate_2,moderate,RuleBased,CausalOptimizer,1562.0,0.8443804034582133,54.0,6.0,13,0.5714285714285715,0.4285714285714285,0.0,normal,True,0,0,1.0
2014,normal,cn_moderate_2,moderate,TFIDF_LogReg,CausalOptimizer,1512.1997528896177,0.8454548601020961,53.627163544572625,7.344140759930515,12,0.4126177081662408,0.31618836773832154,0.27119392409543763,normal,True,0,0,1.0
2014,normal,cn_moderate_2,moderate,TFIDF_LogReg_Calibrated,CausalOptimizer,1664.0,0.8530259365994236,51.0,4.6,12,0.8333333333333334,0.16666666666666666,0.0,normal,True,0,0,1.0
2014,normal,cn_moderate_2,moderate,PerfectSemantic,CausalOptimizer,1703.0,0.8587896253602305,49.0,4.3,12,1.0,0.0,0.0,normal,True,0,0,1.0
2014,normal,cn_moderate_3,moderate,NoInfo,CausalOptimizer,1498.2,0.8449567723342939,53.8,7.625000000000003,12,0.35,0.35,0.3,normal,True,0,0,1.0
2014,normal,cn_moderate_3,moderate,RuleBased,CausalOptimizer,1466.0,0.8436599423631124,54.25,8.375,12,0.25,0.37499999999999994,0.37499999999999994,supplier_delay,False,4,10,1.0
2014,normal,cn_moderate_3,moderate,TFIDF_LogReg,CausalOptimizer,1502.8283133804066,0.8451214399751097,53.742860328636965,7.532148034035053,13,0.3709692066833674,0.3385540718771397,0.2904767214394928,normal,True,0,0,1.0
2014,normal,cn_moderate_3,moderate,TFIDF_LogReg_Calibrated,CausalOptimizer,1562.0,0.8443804034582133,54.0,6.0,13,0.6191542664225136,0.3808457335774864,0.0,normal,True,0,0,1.0
2014,normal,cn_moderate_3,moderate,PerfectSemantic,CausalOptimizer,1703.0,0.8587896253602305,49.0,4.3,12,1.0,0.0,0.0,normal,True,0,0,1.0
2014,normal,cn_moderate_4,moderate,NoInfo,CausalOptimizer,1498.2,0.8449567723342939,53.8,7.625000000000003,12,0.35,0.35,0.3,normal,True,0,0,1.0
2014,normal,cn_moderate_4,moderate,RuleBased,CausalOptimizer,1471.4285714285716,0.8423219431864963,54.71428571428572,7.928571428571432,13,0.5714285714285715,0.0,0.4285714285714286,normal,True,0,0,1.0
2014,normal,cn_moderate_4,moderate,TFIDF_LogReg,CausalOptimizer,1519.6890099867387,0.8457213153302288,53.534703580410635,7.193893318167275,12,0.49287152849181515,0.25134454143974627,0.25578393006843864,normal,True,0,0,1.0
2014,normal,cn_moderate_4,moderate,TFIDF_LogReg_Calibrated,CausalOptimizer,1676.9011421797027,0.8587896253602307,49.0,4.952471445507418,12,0.928691645299736,0.0,0.07130835470026405,normal,True,0,0,1.0
2014,normal,cn_moderate_4,moderate,PerfectSemantic,CausalOptimizer,1703.0,0.8587896253602305,49.0,4.3,12,1.0,0.0,0.0,normal,True,0,0,1.0
2014,normal,cn_vague_1,vague,NoInfo,CausalOptimizer,1498.2,0.8449567723342939,53.8,7.625000000000003,12,0.35,0.35,0.3,normal,True,0,0,1.0
2014,normal,cn_vague_1,vague,RuleBased,CausalOptimizer,1487.0,0.8443804034582133,54.0,7.95,12,0.3333333333333333,0.3333333333333333,0.3333333333333333,normal,True,0,0,1.0
2014,normal,cn_vague_1,vague,TFIDF_LogReg,CausalOptimizer,1506.4288055449576,0.8452495394579628,53.69840980808694,7.459915938141284,12,0.37801577405271997,0.3389159245994559,0.2830683013478241,normal,True,0,0,1.0
2014,normal,cn_vague_1,vague,TFIDF_LogReg_Calibrated,CausalOptimizer,1664.0,0.8530259365994236,51.0,4.6,12,0.6810946901721556,0.3189053098278444,0.0,normal,True,0,0,1.0
2014,normal,cn_vague_1,vague,PerfectSemantic,CausalOptimizer,1703.0,0.8587896253602305,49.0,4.3,12,1.0,0.0,0.0,normal,True,0,0,1.0
2014,normal,cn_vague_2,vague,NoInfo,CausalOptimizer,1498.2,0.8449567723342939,53.8,7.625000000000003,12,0.35,0.35,0.3,normal,True,0,0,1.0
2014,normal,cn_vague_2,vague,RuleBased,CausalOptimizer,1376.7999999999997,0.8345821325648417,57.4,9.470000000000002,13,0.4,0.0,0.6,demand_surge,False,0,10,1.75
2014,normal,cn_vague_2,vague,TFIDF_LogReg,CausalOptimizer,1495.390490792132,0.8448568147006843,53.83468529886257,7.681363610651671,12,0.41142597132376424,0.2827931455324748,0.30578088314376106,normal,True,0,0,1.0
2014,normal,cn_vague_2,vague,TFIDF_LogReg_Calibrated,CausalOptimizer,1665.8914590842562,0.8587896253602305,49.0,5.227713522893586,12,0.8986105439460563,0.0,0.10138945605394371,normal,True,0,0,1.0
2014,normal,cn_vague_2,vague,PerfectSemantic,CausalOptimizer,1703.0,0.8587896253602305,49.0,4.3,12,1.0,0.0,0.0,normal,True,0,0,1.0
2014,normal,cn_vague_3,vague,NoInfo,CausalOptimizer,1498.2,0.8449567723342939,53.8,7.625000000000003,12,0.35,0.35,0.3,normal,True,0,0,1.0
2014,normal,cn_vague_3,vague,RuleBased,CausalOptimizer,1355.0,0.8443804034582133,54.0,11.175,13,0.0,0.5,0.5,supplier_delay,False,4,10,1.0
2014,normal,cn_vague_3,vague,TFIDF_LogReg,CausalOptimizer,1498.1126881629175,0.8449536659253182,53.801077923914605,7.6267516263612265,12,0.3771261334553238,0.3226942125589093,0.30017965398576696,normal,True,0,0,1.0
2014,normal,cn_vague_3,vague,TFIDF_LogReg_Calibrated,CausalOptimizer,1619.8788590903612,0.8517180890315069,51.45382310606713,5.396499280314113,12,0.5910294823221457,0.3333333333333333,0.0756371843445209,normal,True,0,0,1.0
2014,normal,cn_vague_3,vague,PerfectSemantic,CausalOptimizer,1703.0,0.8587896253602305,49.0,4.3,12,1.0,0.0,0.0,normal,True,0,0,1.0
2014,normal,cn_vague_4,vague,NoInfo,CausalOptimizer,1498.2,0.8449567723342939,53.8,7.625000000000003,12,0.35,0.35,0.3,normal,True,0,0,1.0
2014,normal,cn_vague_4,vague,RuleBased,CausalOptimizer,1487.0,0.8443804034582133,54.0,7.95,12,0.3333333333333333,0.3333333333333333,0.3333333333333333,normal,True,0,0,1.0
2014,normal,cn_vague_4,vague,TFIDF_LogReg,CausalOptimizer,1501.5900523101645,0.8450773847194707,53.75814750234365,7.556989691308428,12,0.4241393062500869,0.2828361100259718,0.2930245837239413,normal,True,0,0,1.0
2014,normal,cn_vague_4,vague,TFIDF_LogReg_Calibrated,CausalOptimizer,1703.0,0.8587896253602305,49.0,4.3,12,1.0,0.0,0.0,normal,True,0,0,1.0
2014,normal,cn_vague_4,vague,PerfectSemantic,CausalOptimizer,1703.0,0.8587896253602305,49.0,4.3,12,1.0,0.0,0.0,normal,True,0,0,1.0
2015,normal,cn_clear_1,clear,NoInfo,CausalOptimizer,1425.0,0.9147540983606557,26.0,12.385000000000002,4,0.35,0.35,0.3,normal,True,0,0,1.0
2015,normal,cn_clear_1,clear,RuleBased,CausalOptimizer,1425.0,0.9147540983606557,26.0,12.385000000000002,4,0.4,0.3,0.3,normal,True,0,0,1.0
2015,normal,cn_clear_1,clear,TFIDF_LogReg,CausalOptimizer,1420.439173423913,0.9147540983606557,26.0,12.517263970706521,4,0.3323343040870316,0.3524629406593451,0.3152027552536233,supplier_delay,False,8,10,1.0
2015,normal,cn_clear_1,clear,TFIDF_LogReg_Calibrated,CausalOptimizer,1419.5447060001434,0.9081967213114754,28.0,11.811382349996412,5,0.3549200303140416,0.5681700667326745,0.07690990295328393,supplier_delay,False,8,10,1.0
2015,normal,cn_clear_1,clear,PerfectSemantic,CausalOptimizer,1541.0,0.9147540983606557,26.0,8.6,4,1.0,0.0,0.0,normal,True,0,0,1.0
2015,normal,cn_clear_2,clear,NoInfo,CausalOptimizer,1425.0,0.9147540983606557,26.0,12.385000000000002,4,0.35,0.35,0.3,normal,True,0,0,1.0
2015,normal,cn_clear_2,clear,RuleBased,CausalOptimizer,1264.0,0.9081967213114754,28.0,15.7,5,0.14285714285714288,0.4285714285714286,0.4285714285714286,supplier_delay,False,4,4,1.0
2015,normal,cn_clear_2,clear,TFIDF_LogReg,CausalOptimizer,1430.4811297345714,0.9147540983606557,26.0,12.226047237697413,4,0.3781043422886062,0.34016609015996696,0.2817295675514269,normal,True,0,0,1.0
2015,normal,cn_clear_2,clear,TFIDF_LogReg_Calibrated,CausalOptimizer,1456.0,0.9081967213114754,28.0,10.9,5,0.5013039514204657,0.49869604857953426,0.0,normal,True,0,0,1.0
2015,normal,cn_clear_2,clear,PerfectSemantic,CausalOptimizer,1541.0,0.9147540983606557,26.0,8.6,4,1.0,0.0,0.0,normal,True,0,0,1.0
2015,normal,cn_clear_3,clear,NoInfo,CausalOptimizer,1425.0,0.9147540983606557,26.0,12.385000000000002,4,0.35,0.35,0.3,normal,True,0,0,1.0
2015,normal,cn_clear_3,clear,RuleBased,CausalOptimizer,1403.25,0.9147540983606557,26.0,13.01875,4,0.25,0.37499999999999994,0.37499999999999994,supplier_delay,False,4,4,1.0
2015,normal,cn_clear_3,clear,TFIDF_LogReg,CausalOptimizer,1418.1549627039715,0.9147540983606557,26.0,12.583506081584831,4,0.334759855595164,0.3424233534180738,0.32281679098676214,supplier_delay,False,8,10,1.0
2015,normal,cn_clear_3,clear,TFIDF_LogReg_Calibrated,CausalOptimizer,1411.746944693281,0.9081967213114754,28.0,12.00632638266797,5,0.3333333333333333,0.5733057904921544,0.09336087617451229,supplier_delay,False,8,10,1.0
2015,normal,cn_clear_3,clear,PerfectSemantic,CausalOptimizer,1541.0,0.9147540983606557,26.0,8.6,4,1.0,0.0,0.0,normal,True,0,0,1.0
2015,normal,cn_clear_4,clear,NoInfo,CausalOptimizer,1425.0,0.9147540983606557,26.0,12.385000000000002,4,0.35,0.35,0.3,normal,True,0,0,1.0
2015,normal,cn_clear_4,clear,RuleBased,CausalOptimizer,1425.0,0.9147540983606557,26.0,12.385000000000002,4,0.4,0.3,0.3,normal,True,0,0,1.0
2015,normal,cn_clear_4,clear,TFIDF_LogReg,CausalOptimizer,1436.6533505597884,0.9147540983606557,26.0,12.047052833766132,4,0.41635589992062505,0.3224886019453371,0.26115549813403793,normal,True,0,0,1.0
2015,normal,cn_clear_4,clear,TFIDF_LogReg_Calibrated,CausalOptimizer,1550.0,0.9147540983606557,26.0,9.05,4,0.8152522945874024,0.18474770541259752,0.0,normal,True,0,0,1.0
2015,normal,cn_clear_4,clear,PerfectSemantic,CausalOptimizer,1541.0,0.9147540983606557,26.0,8.6,4,1.0,0.0,0.0,normal,True,0,0,1.0
2015,normal,cn_moderate_1,moderate,NoInfo,CausalOptimizer,1425.0,0.9147540983606557,26.0,12.385000000000002,4,0.35,0.35,0.3,normal,True,0,0,1.0
2015,normal,cn_moderate_1,moderate,RuleBased,CausalOptimizer,1425.0,0.9147540983606557,26.0,12.385000000000002,4,0.4,0.3,0.3,normal,True,0,0,1.0
2015,normal,cn_moderate_1,moderate,TFIDF_LogReg,CausalOptimizer,1434.8391526437554,0.9147540983606557,26.0,12.099664573331088,4,0.43192448890766283,0.30087268657152244,0.2672028245208148,normal,True,0,0,1.0
2015,normal,cn_moderate_1,moderate,TFIDF_LogReg_Calibrated,CausalOptimizer,1541.0,0.9147540983606557,26.0,8.6,4,1.0,0.0,0.0,normal,True,0,0,1.0
2015,normal,cn_moderate_1,moderate,PerfectSemantic,CausalOptimizer,1541.0,0.9147540983606557,26.0,8.6,4,1.0,0.0,0.0,normal,True,0,0,1.0
2015,normal,cn_moderate_2,moderate,NoInfo,CausalOptimizer,1425.0,0.9147540983606557,26.0,12.385000000000002,4,0.35,0.35,0.3,normal,True,0,0,1.0
2015,normal,cn_moderate_2,moderate,RuleBased,CausalOptimizer,1456.0,0.9081967213114754,28.0,10.9,5,0.5714285714285715,0.4285714285714285,0.0,normal,True,0,0,1.0
2015,normal,cn_moderate_2,moderate,TFIDF_LogReg,CausalOptimizer,1433.6418227713687,0.9147540983606557,26.0,12.134387139630306,4,0.4126177081662408,0.31618836773832154,0.27119392409543763,normal,True,0,0,1.0
2015,normal,cn_moderate_2,moderate,TFIDF_LogReg_Calibrated,CausalOptimizer,1550.0,0.9147540983606557,26.0,9.05,4,0.8333333333333334,0.16666666666666666,0.0,normal,True,0,0,1.0
2015,normal,cn_moderate_2,moderate,PerfectSemantic,CausalOptimizer,1541.0,0.9147540983606557,26.0,8.6,4,1.0,0.0,0.0,normal,True,0,0,1.0
2015,normal,cn_moderate_3,moderate,NoInfo,CausalOptimizer,1425.0,0.9147540983606557,26.0,12.385000000000002,4,0.35,0.35,0.3,normal,True,0,0,1.0
2015,normal,cn_moderate_3,moderate,RuleBased,CausalOptimizer,1403.25,0.9147540983606557,26.0,13.01875,4,0.25,0.37499999999999994,0.37499999999999994,supplier_delay,False,4,10,1.0
2015,normal,cn_moderate_3,moderate,TFIDF_LogReg,CausalOptimizer,1427.8569835681517,0.9147540983606557,26.000000000000004,12.302147476523587,5,0.3709692066833674,0.3385540718771397,0.2904767214394928,normal,True,0,0,1.0
2015,normal,cn_moderate_3,moderate,TFIDF_LogReg_Calibrated,CausalOptimizer,1456.0,0.9081967213114754,28.0,10.9,5,0.6191542664225136,0.3808457335774864,0.0,normal,True,0,0,1.0
2015,normal,cn_moderate_3,moderate,PerfectSemantic,CausalOptimizer,1541.0,0.9147540983606557,26.0,8.6,4,1.0,0.0,0.0,normal,True,0,0,1.0
2015,normal,cn_moderate_4,moderate,NoInfo,CausalOptimizer,1425.0,0.9147540983606557,26.0,12.385000000000002,4,0.35,0.35,0.3,normal,True,0,0,1.0
2015,normal,cn_moderate_4,moderate,RuleBased,CausalOptimizer,1401.7142857142853,0.9091334894613583,27.714285714285722,12.335714285714287,5,0.5714285714285715,0.0,0.4285714285714286,normal,True,0,0,1.0
2015,normal,cn_moderate_4,moderate,TFIDF_LogReg,CausalOptimizer,1438.2648209794686,0.9147540983606557,26.0,12.000320191595417,4,0.49287152849181515,0.25134454143974627,0.25578393006843864,normal,True,0,0,1.0
2015,normal,cn_moderate_4,moderate,TFIDF_LogReg_Calibrated,CausalOptimizer,1517.328992307905,0.9147540983606557,26.0,9.305952711532615,4,0.928691645299736,0.0,0.07130835470026405,normal,True,0,0,1.0
2015,normal,cn_moderate_4,moderate,PerfectSemantic,CausalOptimizer,1541.0,0.9147540983606557,26.0,8.6,4,1.0,0.0,0.0,normal,True,0,0,1.0
2015,normal,cn_vague_1,vague,NoInfo,CausalOptimizer,1425.0,0.9147540983606557,26.0,12.385000000000002,4,0.35,0.35,0.3,normal,True,0,0,1.0
2015,normal,cn_vague_1,vague,RuleBased,CausalOptimizer,1415.0,0.9147540983606557,26.0,12.675,4,0.3333333333333333,0.3333333333333333,0.3333333333333333,normal,True,0,0,1.0
2015,normal,cn_vague_1,vague,TFIDF_LogReg,CausalOptimizer,1430.079509595653,0.9147540983606557,26.0,12.23769422172607,4,0.37801577405271997,0.3389159245994559,0.2830683013478241,normal,True,0,0,1.0
2015,normal,cn_vague_1,vague,TFIDF_LogReg_Calibrated,CausalOptimizer,1550.0,0.9147540983606557,26.0,9.05,4,0.6810946901721556,0.3189053098278444,0.0,normal,True,0,0,1.0
2015,normal,cn_vague_1,vague,PerfectSemantic,CausalOptimizer,1541.0,0.9147540983606557,26.0,8.6,4,1.0,0.0,0.0,normal,True,0,0,1.0
2015,normal,cn_vague_2,vague,NoInfo,CausalOptimizer,1425.0,0.9147540983606557,26.0,12.385000000000002,4,0.35,0.35,0.3,normal,True,0,0,1.0
2015,normal,cn_vague_2,vague,RuleBased,CausalOptimizer,1281.9999999999998,0.899016393442623,30.800000000000004,14.105,5,0.4,0.0,0.6,demand_surge,False,0,10,1.75
2015,normal,cn_vague_2,vague,TFIDF_LogReg,CausalOptimizer,1423.2657350568716,0.9147540983606557,26.0,12.435293683350721,4,0.41142597132376424,0.2827931455324748,0.30578088314376106,normal,True,0,0,1.0
2015,normal,cn_vague_2,vague,TFIDF_LogReg_Calibrated,CausalOptimizer,1506.7581529748454,0.9147540983606557,26.0,9.597296686077403,4,0.8986105439460563,0.0,0.10138945605394371,normal,True,0,0,1.0
2015,normal,cn_vague_2,vague,PerfectSemantic,CausalOptimizer,1541.0,0.9147540983606557,26.0,8.6,4,1.0,0.0,0.0,normal,True,0,0,1.0
2015,normal,cn_vague_3,vague,NoInfo,CausalOptimizer,1425.0,0.9147540983606557,26.0,12.385000000000002,4,0.35,0.35,0.3,normal,True,0,0,1.0
2015,normal,cn_vague_3,vague,RuleBased,CausalOptimizer,1234.0,0.9081967213114754,28.0,16.45,5,0.0,0.5,0.5,supplier_delay,False,4,10,1.0
2015,normal,cn_vague_3,vague,TFIDF_LogReg,CausalOptimizer,1424.9461038042698,0.9147540983606557,26.0,12.386562989676172,4,0.3771261334553238,0.3226942125589093,0.30017965398576696,normal,True,0,0,1.0
2015,normal,cn_vague_3,vague,TFIDF_LogReg_Calibrated,CausalOptimizer,1509.5014981056368,0.9147540983606557,26.0,10.093991789785928,4,0.5910294823221457,0.3333333333333333,0.0756371843445209,normal,True,0,0,1.0
2015,normal,cn_vague_3,vague,PerfectSemantic,CausalOptimizer,1541.0,0.9147540983606557,26.0,8.6,4,1.0,0.0,0.0,normal,True,0,0,1.0
2015,normal,cn_vague_4,vague,NoInfo,CausalOptimizer,1425.0,0.9147540983606557,26.0,12.385000000000002,4,0.35,0.35,0.3,normal,True,0,0,1.0
2015,normal,cn_vague_4,vague,RuleBased,CausalOptimizer,1415.0,0.9147540983606557,26.0,12.675,4,0.3333333333333333,0.3333333333333333,0.3333333333333333,normal,True,0,0,1.0
2015,normal,cn_vague_4,vague,TFIDF_LogReg,CausalOptimizer,1427.0926248828177,0.9147540983606557,26.0,12.32431387839829,4,0.4241393062500869,0.2828361100259718,0.2930245837239413,normal,True,0,0,1.0
2015,normal,cn_vague_4,vague,TFIDF_LogReg_Calibrated,CausalOptimizer,1541.0,0.9147540983606557,26.0,8.6,4,1.0,0.0,0.0,normal,True,0,0,1.0
2015,normal,cn_vague_4,vague,PerfectSemantic,CausalOptimizer,1541.0,0.9147540983606557,26.0,8.6,4,1.0,0.0,0.0,normal,True,0,0,1.0
2016,normal,cn_clear_1,clear,NoInfo,CausalOptimizer,1564.2,0.9225806451612903,24.0,10.545,4,0.35,0.35,0.3,normal,True,0,0,1.0
2016,normal,cn_clear_1,clear,RuleBased,CausalOptimizer,1564.2,0.9225806451612903,24.0,10.545,4,0.4,0.3,0.3,normal,True,0,0,1.0
2016,normal,cn_clear_1,clear,TFIDF_LogReg,CausalOptimizer,1558.179708919565,0.9225806451612903,24.0,10.695507277010867,4,0.3323343040870316,0.3524629406593451,0.3152027552536233,supplier_delay,False,8,10,1.0
2016,normal,cn_clear_1,clear,TFIDF_LogReg_Calibrated,CausalOptimizer,1554.3134625064617,0.9193548387096774,25.0,10.642163437338457,3,0.3549200303140416,0.5681700667326745,0.07690990295328393,supplier_delay,False,8,10,1.0
2016,normal,cn_clear_1,clear,PerfectSemantic,CausalOptimizer,1857.0,0.9548387096774194,14.0,7.1,3,1.0,0.0,0.0,normal,True,0,0,1.0
2016,normal,cn_clear_2,clear,NoInfo,CausalOptimizer,1564.2,0.9225806451612903,24.0,10.545,4,0.35,0.35,0.3,normal,True,0,0,1.0
2016,normal,cn_clear_2,clear,RuleBased,CausalOptimizer,1412.2857142857142,0.9193548387096774,25.0,14.442857142857145,3,0.14285714285714288,0.4285714285714286,0.4285714285714286,supplier_delay,False,4,4,1.0
2016,normal,cn_clear_2,clear,TFIDF_LogReg,CausalOptimizer,1571.435091249635,0.9225806451612903,24.0,10.364122718759125,4,0.3781043422886062,0.34016609015996696,0.2817295675514269,normal,True,0,0,1.0
2016,normal,cn_clear_2,clear,TFIDF_LogReg_Calibrated,CausalOptimizer,1588.0,0.9193548387096774,25.0,9.8,3,0.5013039514204657,0.49869604857953426,0.0,normal,True,0,0,1.0
2016,normal,cn_clear_2,clear,PerfectSemantic,CausalOptimizer,1857.0,0.9548387096774194,14.0,7.1,3,1.0,0.0,0.0,normal,True,0,0,1.0
2016,normal,cn_clear_3,clear,NoInfo,CausalOptimizer,1564.2,0.9225806451612903,24.0,10.545,4,0.35,0.35,0.3,normal,True,0,0,1.0
2016,normal,cn_clear_3,clear,RuleBased,CausalOptimizer,1534.5,0.9225806451612903,24.0,11.2875,4,0.25,0.37499999999999994,0.37499999999999994,supplier_delay,False,4,4,1.0
2016,normal,cn_clear_3,clear,TFIDF_LogReg,CausalOptimizer,1555.1645507692422,0.9225806451612903,24.0,10.770886230768946,4,0.334759855595164,0.3424233534180738,0.32281679098676214,supplier_delay,False,8,10,1.0
2016,normal,cn_clear_3,clear,TFIDF_LogReg_Calibrated,CausalOptimizer,1547.1079362355636,0.9193548387096774,25.0,10.82230159411091,3,0.3333333333333333,0.5733057904921544,0.09336087617451229,supplier_delay,False,8,10,1.0
2016,normal,cn_clear_3,clear,PerfectSemantic,CausalOptimizer,1857.0,0.9548387096774194,14.0,7.1,3,1.0,0.0,0.0,normal,True,0,0,1.0
2016,normal,cn_clear_4,clear,NoInfo,CausalOptimizer,1564.2,0.9225806451612903,24.0,10.545,4,0.35,0.35,0.3,normal,True,0,0,1.0
2016,normal,cn_clear_4,clear,RuleBased,CausalOptimizer,1564.2,0.9225806451612903,24.0,10.545,4,0.4,0.3,0.3,normal,True,0,0,1.0
2016,normal,cn_clear_4,clear,TFIDF_LogReg,CausalOptimizer,1579.582422738921,0.9225806451612903,24.0,10.160439431526978,4,0.41635589992062505,0.3224886019453371,0.26115549813403793,normal,True,0,0,1.0
2016,normal,cn_clear_4,clear,TFIDF_LogReg_Calibrated,CausalOptimizer,1721.0,0.932258064516129,21.0,7.7,3,0.8152522945874024,0.18474770541259752,0.0,normal,True,0,0,1.0
2016,normal,cn_clear_4,clear,PerfectSemantic,CausalOptimizer,1857.0,0.9548387096774194,14.0,7.1,3,1.0,0.0,0.0,normal,True,0,0,1.0
2016,normal,cn_moderate_1,moderate,NoInfo,CausalOptimizer,1564.2,0.9225806451612903,24.0,10.545,4,0.35,0.35,0.3,normal,True,0,0,1.0
2016,normal,cn_moderate_1,moderate,RuleBased,CausalOptimizer,1564.2,0.9225806451612903,24.0,10.545,4,0.4,0.3,0.3,normal,True,0,0,1.0
2016,normal,cn_moderate_1,moderate,TFIDF_LogReg,CausalOptimizer,1577.187681489757,0.9225806451612903,24.0,10.220307962756067,4,0.43192448890766283,0.30087268657152244,0.2672028245208148,normal,True,0,0,1.0
2016,normal,cn_moderate_1,moderate,TFIDF_LogReg_Calibrated,CausalOptimizer,1857.0,0.9548387096774194,14.0,7.1,3,1.0,0.0,0.0,normal,True,0,0,1.0
2016,normal,cn_moderate_1,moderate,PerfectSemantic,CausalOptimizer,1857.0,0.9548387096774194,14.0,7.1,3,1.0,0.0,0.0,normal,True,0,0,1.0
2016,normal,cn_moderate_2,moderate,NoInfo,CausalOptimizer,1564.2,0.9225806451612903,24.0,10.545,4,0.35,0.35,0.3,normal,True,0,0,1.0
2016,normal,cn_moderate_2,moderate,RuleBased,CausalOptimizer,1588.0,0.9193548387096774,25.0,9.8,3,0.5714285714285715,0.4285714285714285,0.0,normal,True,0,0,1.0
2016,normal,cn_moderate_2,moderate,TFIDF_LogReg,CausalOptimizer,1575.6072060582069,0.9225806451612903,24.0,10.259819848544831,4,0.4126177081662408,0.31618836773832154,0.27119392409543763,normal,True,0,0,1.0
2016,normal,cn_moderate_2,moderate,TFIDF_LogReg_Calibrated,CausalOptimizer,1721.0,0.932258064516129,21.0,7.7,3,0.8333333333333334,0.16666666666666666,0.0,normal,True,0,0,1.0
2016,normal,cn_moderate_2,moderate,PerfectSemantic,CausalOptimizer,1857.0,0.9548387096774194,14.0,7.1,3,1.0,0.0,0.0,normal,True,0,0,1.0
2016,normal,cn_moderate_3,moderate,NoInfo,CausalOptimizer,1564.2,0.9225806451612903,24.0,10.545,4,0.35,0.35,0.3,normal,True,0,0,1.0
2016,normal,cn_moderate_3,moderate,RuleBased,CausalOptimizer,1534.5,0.9225806451612903,24.0,11.2875,4,0.25,0.37499999999999994,0.37499999999999994,supplier_delay,False,4,10,1.0
2016,normal,cn_moderate_3,moderate,TFIDF_LogReg,CausalOptimizer,1567.9712183099602,0.9225806451612903,24.00000000000002,10.450719542250978,5,0.3709692066833674,0.3385540718771397,0.2904767214394928,normal,True,0,0,1.0
2016,normal,cn_moderate_3,moderate,TFIDF_LogReg_Calibrated,CausalOptimizer,1588.0,0.9193548387096774,25.0,9.8,3,0.6191542664225136,0.3808457335774864,0.0,normal,True,0,0,1.0
2016,normal,cn_moderate_3,moderate,PerfectSemantic,CausalOptimizer,1857.0,0.9548387096774194,14.0,7.1,3,1.0,0.0,0.0,normal,True,0,0,1.0
2016,normal,cn_moderate_4,moderate,NoInfo,CausalOptimizer,1564.2,0.9225806451612903,24.0,10.545,4,0.35,0.35,0.3,normal,True,0,0,1.0
2016,normal,cn_moderate_4,moderate,RuleBased,CausalOptimizer,1593.857142857143,0.9285714285714285,22.142857142857146,10.546428571428573,3,0.5714285714285715,0.0,0.4285714285714286,normal,True,0,0,1.0
2016,normal,cn_moderate_4,moderate,TFIDF_LogReg,CausalOptimizer,1581.7095636928982,0.9225806451612903,24.0,10.107260907677544,4,0.49287152849181515,0.25134454143974627,0.25578393006843864,normal,True,0,0,1.0
2016,normal,cn_moderate_4,moderate,TFIDF_LogReg_Calibrated,CausalOptimizer,1806.085834744011,0.949318062861915,15.711400512806339,7.68829392627718,3,0.928691645299736,0.0,0.07130835470026405,normal,True,0,0,1.0
2016,normal,cn_moderate_4,moderate,PerfectSemantic,CausalOptimizer,1857.0,0.9548387096774194,14.0,7.1,3,1.0,0.0,0.0,normal,True,0,0,1.0
2016,normal,cn_vague_1,vague,NoInfo,CausalOptimizer,1564.2,0.9225806451612903,24.0,10.545,4,0.35,0.35,0.3,normal,True,0,0,1.0
2016,normal,cn_vague_1,vague,RuleBased,CausalOptimizer,1551.0,0.9225806451612903,24.0,10.875,4,0.3333333333333333,0.3333333333333333,0.3333333333333333,normal,True,0,0,1.0
2016,normal,cn_vague_1,vague,TFIDF_LogReg,CausalOptimizer,1570.904952666262,0.9225806451612903,24.0,10.377376183343458,4,0.37801577405271997,0.3389159245994559,0.2830683013478241,normal,True,0,0,1.0
2016,normal,cn_vague_1,vague,TFIDF_LogReg_Calibrated,CausalOptimizer,1721.0,0.932258064516129,21.0,7.7,3,0.6810946901721556,0.3189053098278444,0.0,normal,True,0,0,1.0
2016,normal,cn_vague_1,vague,PerfectSemantic,CausalOptimizer,1857.0,0.9548387096774194,14.0,7.1,3,1.0,0.0,0.0,normal,True,0,0,1.0
2016,normal,cn_vague_2,vague,NoInfo,CausalOptimizer,1564.2,0.9225806451612903,24.0,10.545,4,0.35,0.35,0.3,normal,True,0,0,1.0
2016,normal,cn_vague_2,vague,RuleBased,CausalOptimizer,1509.3999999999999,0.9225806451612903,24.0,12.040000000000003,4,0.4,0.0,0.6,demand_surge,False,0,10,1.75
2016,normal,cn_vague_2,vague,TFIDF_LogReg,CausalOptimizer,1561.9107702750705,0.9225806451612903,24.0,10.602230743123235,4,0.41142597132376424,0.2827931455324748,0.30578088314376106,normal,True,0,0,1.0
2016,normal,cn_vague_2,vague,TFIDF_LogReg_Calibrated,CausalOptimizer,1784.6079283774843,0.9469892034022753,16.433346945294655,7.936463012445037,3,0.8986105439460563,0.0,0.10138945605394371,normal,True,0,0,1.0
2016,normal,cn_vague_2,vague,PerfectSemantic,CausalOptimizer,1857.0,0.9548387096774194,14.0,7.1,3,1.0,0.0,0.0,normal,True,0,0,1.0
2016,normal,cn_vague_3,vague,NoInfo,CausalOptimizer,1564.2,0.9225806451612903,24.0,10.545,4,0.35,0.35,0.3,normal,True,0,0,1.0
2016,normal,cn_vague_3,vague,RuleBased,CausalOptimizer,1381.0,0.9193548387096774,25.0,15.225,3,0.0,0.5,0.5,supplier_delay,False,4,10,1.0
2016,normal,cn_vague_3,vague,TFIDF_LogReg,CausalOptimizer,1564.1288570216368,0.9225806451612903,24.0,10.546778574459093,4,0.3771261334553238,0.3226942125589093,0.30017965398576696,normal,True,0,0,1.0
2016,normal,cn_vague_3,vague,TFIDF_LogReg_Calibrated,CausalOptimizer,1678.7944511357578,0.9293301735092444,21.90764621213425,8.392080236752367,3,0.5910294823221457,0.3333333333333333,0.0756371843445209,normal,True,0,0,1.0
2016,normal,cn_vague_3,vague,PerfectSemantic,CausalOptimizer,1857.0,0.9548387096774194,14.0,7.1,3,1.0,0.0,0.0,normal,True,0,0,1.0
2016,normal,cn_vague_4,vague,NoInfo,CausalOptimizer,1564.2,0.9225806451612903,24.0,10.545,4,0.35,0.35,0.3,normal,True,0,0,1.0
2016,normal,cn_vague_4,vague,RuleBased,CausalOptimizer,1551.0,0.9225806451612903,24.0,10.875,4,0.3333333333333333,0.3333333333333333,0.3333333333333333,normal,True,0,0,1.0
2016,normal,cn_vague_4,vague,TFIDF_LogReg,CausalOptimizer,1566.9622648453194,0.9225806451612903,24.0,10.475943378867019,4,0.4241393062500869,0.2828361100259718,0.2930245837239413,normal,True,0,0,1.0
2016,normal,cn_vague_4,vague,TFIDF_LogReg_Calibrated,CausalOptimizer,1857.0,0.9548387096774194,14.0,7.1,3,1.0,0.0,0.0,normal,True,0,0,1.0
2016,normal,cn_vague_4,vague,PerfectSemantic,CausalOptimizer,1857.0,0.9548387096774194,14.0,7.1,3,1.0,0.0,0.0,normal,True,0,0,1.0
2017,normal,cn_clear_1,clear,NoInfo,CausalOptimizer,1643.2,0.8816326530612244,40.599999999999994,8.530000000000001,9,0.35,0.35,0.3,normal,True,0,0,1.0
2017,normal,cn_clear_1,clear,RuleBased,CausalOptimizer,1643.2,0.8816326530612244,40.599999999999994,8.530000000000001,9,0.4,0.3,0.3,normal,True,0,0,1.0
2017,normal,cn_clear_1,clear,TFIDF_LogReg,CausalOptimizer,1634.899295631522,0.8811007782418556,40.78243306304347,8.664544383994564,9,0.3323343040870316,0.3524629406593451,0.3152027552536233,supplier_delay,False,8,10,1.0
2017,normal,cn_clear_1,clear,TFIDF_LogReg_Calibrated,CausalOptimizer,1581.4665972659388,0.8658892128279884,46.0,8.038335068351525,8,0.3549200303140416,0.5681700667326745,0.07690990295328393,supplier_delay,False,8,10,1.0
2017,normal,cn_clear_1,clear,PerfectSemantic,CausalOptimizer,1835.0,0.8892128279883382,38.0,4.65,9,1.0,0.0,0.0,normal,True,0,0,1.0
2017,normal,cn_clear_2,clear,NoInfo,CausalOptimizer,1643.2,0.8816326530612244,40.599999999999994,8.530000000000001,9,0.35,0.35,0.3,normal,True,0,0,1.0
2017,normal,cn_clear_2,clear,RuleBased,CausalOptimizer,1450.4285714285716,0.8688046647230321,45.0,11.839285714285715,6,0.14285714285714288,0.4285714285714286,0.4285714285714286,supplier_delay,False,4,4,1.0
2017,normal,cn_clear_2,clear,TFIDF_LogReg,CausalOptimizer,1648.175656116921,0.88227185186409,40.38075481061713,8.368306672830126,9,0.3781043422886062,0.34016609015996696,0.2817295675514269,normal,True,0,0,1.0
2017,normal,cn_clear_2,clear,TFIDF_LogReg_Calibrated,CausalOptimizer,1596.0,0.8629737609329446,47.0,7.275,8,0.5013039514204657,0.49869604857953426,0.0,normal,True,0,0,1.0
2017,normal,cn_clear_2,clear,PerfectSemantic,CausalOptimizer,1835.0,0.8892128279883382,38.0,4.65,9,1.0,0.0,0.0,normal,True,0,0,1.0
2017,normal,cn_clear_3,clear,NoInfo,CausalOptimizer,1643.2,0.8816326530612244,40.599999999999994,8.530000000000001,9,0.35,0.35,0.3,normal,True,0,0,1.0
2017,normal,cn_clear_3,clear,RuleBased,CausalOptimizer,1600.75,0.8790087463556852,41.5,9.23125,9,0.25,0.37499999999999994,0.37499999999999994,supplier_delay,False,4,4,1.0
2017,normal,cn_clear_3,clear,TFIDF_LogReg,CausalOptimizer,1630.7420321212278,0.8808343979829704,40.87380149184114,8.731928600232845,9,0.334759855595164,0.3424233534180738,0.32281679098676214,supplier_delay,False,8,10,1.0
2017,normal,cn_clear_3,clear,TFIDF_LogReg_Calibrated,CausalOptimizer,1575.1494235489872,0.8658892128279884,46.0,8.196264411275319,8,0.3333333333333333,0.5733057904921544,0.09336087617451229,supplier_delay,False,8,10,1.0
2017,normal,cn_clear_3,clear,PerfectSemantic,CausalOptimizer,1835.0,0.8892128279883382,38.0,4.65,9,1.0,0.0,0.0,normal,True,0,0,1.0
2017,normal,cn_clear_4,clear,NoInfo,CausalOptimizer,1643.2,0.8816326530612244,40.599999999999994,8.530000000000001,9,0.35,0.35,0.3,normal,True,0,0,1.0
2017,normal,cn_clear_4,clear,RuleBased,CausalOptimizer,1643.2,0.8816326530612244,40.599999999999994,8.530000000000001,9,0.4,0.3,0.3,normal,True,0,0,1.0
2017,normal,cn_clear_4,clear,TFIDF_LogReg,CausalOptimizer,1659.409098018815,0.8829916443801502,40.13386597760845,8.186226158486239,9,0.41635589992062505,0.3224886019453371,0.26115549813403793,normal,True,0,0,1.0
2017,normal,cn_clear_4,clear,TFIDF_LogReg_Calibrated,CausalOptimizer,1738.0,0.880466472303207,41.0,5.875,10,0.8152522945874024,0.18474770541259752,0.0,normal,True,0,0,1.0
2017,normal,cn_clear_4,clear,PerfectSemantic,CausalOptimizer,1835.0,0.8892128279883382,38.0,4.65,9,1.0,0.0,0.0,normal,True,0,0,1.0
2017,normal,cn_moderate_1,moderate,NoInfo,CausalOptimizer,1643.2,0.8816326530612244,40.599999999999994,8.530000000000001,9,0.35,0.35,0.3,normal,True,0,0,1.0
2017,normal,cn_moderate_1,moderate,RuleBased,CausalOptimizer,1643.2,0.8816326530612244,40.599999999999994,8.530000000000001,9,0.4,0.3,0.3,normal,True,0,0,1.0
2017,normal,cn_moderate_1,moderate,TFIDF_LogReg,CausalOptimizer,1656.1072578116355,0.8827800761100588,40.20643389424978,8.23974499700921,9,0.43192448890766283,0.30087268657152244,0.2672028245208148,normal,True,0,0,1.0
2017,normal,cn_moderate_1,moderate,TFIDF_LogReg_Calibrated,CausalOptimizer,1835.0,0.8892128279883382,38.0,4.65,9,1.0,0.0,0.0,normal,True,0,0,1.0
2017,normal,cn_moderate_1,moderate,PerfectSemantic,CausalOptimizer,1835.0,0.8892128279883382,38.0,4.65,9,1.0,0.0,0.0,normal,True,0,0,1.0
2017,normal,cn_moderate_2,moderate,NoInfo,CausalOptimizer,1643.2,0.8816326530612244,40.599999999999994,8.530000000000001,9,0.35,0.35,0.3,normal,True,0,0,1.0
2017,normal,cn_moderate_2,moderate,RuleBased,CausalOptimizer,1596.0,0.8629737609329446,47.0,7.275,8,0.5714285714285715,0.4285714285714285,0.0,normal,True,0,0,1.0
2017,normal,cn_moderate_2,moderate,TFIDF_LogReg,CausalOptimizer,1653.928117443891,0.8826404458042413,40.25432708914525,8.275066228244622,9,0.4126177081662408,0.31618836773832154,0.27119392409543763,normal,True,0,0,1.0
2017,normal,cn_moderate_2,moderate,TFIDF_LogReg_Calibrated,CausalOptimizer,1738.0,0.880466472303207,41.0,5.875,10,0.8333333333333334,0.16666666666666666,0.0,normal,True,0,0,1.0
2017,normal,cn_moderate_2,moderate,PerfectSemantic,CausalOptimizer,1835.0,0.8892128279883382,38.0,4.65,9,1.0,0.0,0.0,normal,True,0,0,1.0
2017,normal,cn_moderate_3,moderate,NoInfo,CausalOptimizer,1643.2,0.8816326530612244,40.599999999999994,8.530000000000001,9,0.35,0.35,0.3,normal,True,0,0,1.0
2017,normal,cn_moderate_3,moderate,RuleBased,CausalOptimizer,1600.75,0.8790087463556852,41.5,9.23125,9,0.25,0.37499999999999994,0.37499999999999994,supplier_delay,False,4,10,1.0
2017,normal,cn_moderate_3,moderate,TFIDF_LogReg,CausalOptimizer,1643.3997100940371,0.8819658289875396,40.48572065727391,8.44571898473951,10,0.3709692066833674,0.3385540718771397,0.2904767214394928,normal,True,0,0,1.0
2017,normal,cn_moderate_3,moderate,TFIDF_LogReg_Calibrated,CausalOptimizer,1596.0,0.8629737609329446,47.0,7.275,8,0.6191542664225136,0.3808457335774864,0.0,normal,True,0,0,1.0
2017,normal,cn_moderate_3,moderate,PerfectSemantic,CausalOptimizer,1835.0,0.8892128279883382,38.0,4.65,9,1.0,0.0,0.0,normal,True,0,0,1.0
2017,normal,cn_moderate_4,moderate,NoInfo,CausalOptimizer,1643.2,0.8816326530612244,40.599999999999994,8.530000000000001,9,0.35,0.35,0.3,normal,True,0,0,1.0
2017,normal,cn_moderate_4,moderate,RuleBased,CausalOptimizer,1724.2857142857144,0.8979591836734694,35.0,8.742857142857146,8,0.5714285714285715,0.0,0.4285714285714286,normal,True,0,0,1.0
2017,normal,cn_moderate_4,moderate,TFIDF_LogReg,CausalOptimizer,1662.3419741826326,0.8831795709597048,40.06940716082127,8.138687781105682,9,0.49287152849181515,0.25134454143974627,0.25578393006843864,normal,True,0,0,1.0
2017,normal,cn_moderate_4,moderate,TFIDF_LogReg_Calibrated,CausalOptimizer,1882.491364230376,0.9004392161918784,34.14934884618573,5.002976355766308,9,0.928691645299736,0.0,0.07130835470026405,normal,True,0,0,1.0
2017,normal,cn_moderate_4,moderate,PerfectSemantic,CausalOptimizer,1835.0,0.8892128279883382,38.0,4.65,9,1.0,0.0,0.0,normal,True,0,0,1.0
2017,normal,cn_vague_1,vague,NoInfo,CausalOptimizer,1643.2,0.8816326530612244,40.599999999999994,8.530000000000001,9,0.35,0.35,0.3,normal,True,0,0,1.0
2017,normal,cn_vague_1,vague,RuleBased,CausalOptimizer,1625.0,0.880466472303207,41.0,8.825,8,0.3333333333333333,0.3333333333333333,0.3333333333333333,normal,True,0,0,1.0
2017,normal,cn_vague_1,vague,TFIDF_LogReg,CausalOptimizer,1647.444707464088,0.882225015696286,40.39681961617389,8.380154466928243,9,0.37801577405271997,0.3389159245994559,0.2830683013478241,normal,True,0,0,1.0
2017,normal,cn_vague_1,vague,TFIDF_LogReg_Calibrated,CausalOptimizer,1738.0,0.880466472303207,41.0,5.875,10,0.6810946901721556,0.3189053098278444,0.0,normal,True,0,0,1.0
2017,normal,cn_vague_1,vague,PerfectSemantic,CausalOptimizer,1835.0,0.8892128279883382,38.0,4.65,9,1.0,0.0,0.0,normal,True,0,0,1.0
2017,normal,cn_vague_2,vague,NoInfo,CausalOptimizer,1643.2,0.8816326530612244,40.599999999999994,8.530000000000001,9,0.35,0.35,0.3,normal,True,0,0,1.0
2017,normal,cn_vague_2,vague,RuleBased,CausalOptimizer,1613.2,0.8892128279883382,38.0,10.445000000000002,6,0.4,0.0,0.6,demand_surge,False,0,10,1.75
2017,normal,cn_vague_2,vague,TFIDF_LogReg,CausalOptimizer,1640.0436378035063,0.8814304064206265,40.669370597725134,8.581160815822287,9,0.41142597132376424,0.2827931455324748,0.30578088314376106,normal,True,0,0,1.0
2017,normal,cn_vague_2,vague,TFIDF_LogReg_Calibrated,CausalOptimizer,1897.491949114864,0.905175016404994,32.52496937308703,5.2777135228935865,8,0.8986105439460563,0.0,0.10138945605394371,normal,True,0,0,1.0
2017,normal,cn_vague_2,vague,PerfectSemantic,CausalOptimizer,1835.0,0.8892128279883382,38.0,4.65,9,1.0,0.0,0.0,normal,True,0,0,1.0
2017,normal,cn_vague_3,vague,NoInfo,CausalOptimizer,1643.2,0.8816326530612244,40.599999999999994,8.530000000000001,9,0.35,0.35,0.3,normal,True,0,0,1.0
2017,normal,cn_vague_3,vague,RuleBased,CausalOptimizer,1420.0,0.8688046647230321,45.0,12.6,6,0.0,0.5,0.5,supplier_delay,False,4,10,1.0
2017,normal,cn_vague_3,vague,TFIDF_LogReg,CausalOptimizer,1643.1019089237718,0.8816263677905853,40.60215584782921,8.531589937774037,9,0.3771261334553238,0.3226942125589093,0.30017965398576696,normal,True,0,0,1.0
2017,normal,cn_vague_3,vague,TFIDF_LogReg_Calibrated,CausalOptimizer,1734.6464765150604,0.8844357706070012,39.63853068179862,6.503425814404045,9,0.5910294823221457,0.3333333333333333,0.0756371843445209,normal,True,0,0,1.0
2017,normal,cn_vague_3,vague,PerfectSemantic,CausalOptimizer,1835.0,0.8892128279883382,38.0,4.65,9,1.0,0.0,0.0,normal,True,0,0,1.0
2017,normal,cn_vague_4,vague,NoInfo,CausalOptimizer,1643.2,0.8816326530612244,40.599999999999994,8.530000000000001,9,0.35,0.35,0.3,normal,True,0,0,1.0
2017,normal,cn_vague_4,vague,RuleBased,CausalOptimizer,1625.0,0.880466472303207,41.0,8.825,8,0.3333333333333333,0.3333333333333333,0.3333333333333333,normal,True,0,0,1.0
2017,normal,cn_vague_4,vague,TFIDF_LogReg,CausalOptimizer,1647.0085772867278,0.8818766909484335,40.5162950046873,8.468267565956882,9,0.4241393062500869,0.2828361100259718,0.2930245837239413,normal,True,0,0,1.0
2017,normal,cn_vague_4,vague,TFIDF_LogReg_Calibrated,CausalOptimizer,1835.0,0.8892128279883382,38.0,4.65,9,1.0,0.0,0.0,normal,True,0,0,1.0
2017,normal,cn_vague_4,vague,PerfectSemantic,CausalOptimizer,1835.0,0.8892128279883382,38.0,4.65,9,1.0,0.0,0.0,normal,True,0,0,1.0
2018,normal,cn_clear_1,clear,NoInfo,CausalOptimizer,1902.8,0.9623824451410659,12.0,8.425,2,0.35,0.35,0.3,normal,True,0,0,1.0
2018,normal,cn_clear_1,clear,RuleBased,CausalOptimizer,1902.8,0.9623824451410659,12.0,8.425,2,0.4,0.3,0.3,normal,True,0,0,1.0
2018,normal,cn_clear_1,clear,TFIDF_LogReg,CausalOptimizer,1897.874307297826,0.9623824451410659,12.0,8.561824797282608,2,0.3323343040870316,0.3524629406593451,0.3152027552536233,supplier_delay,False,8,10,1.0
2018,normal,cn_clear_1,clear,TFIDF_LogReg_Calibrated,CausalOptimizer,1924.6998958989077,0.9529780564263323,15.0,6.932502602527288,3,0.3549200303140416,0.5681700667326745,0.07690990295328393,supplier_delay,False,8,10,1.0
2018,normal,cn_clear_1,clear,PerfectSemantic,CausalOptimizer,1786.0,0.9184952978056427,26.0,5.425,5,1.0,0.0,0.0,normal,True,0,0,1.0
2018,normal,cn_clear_2,clear,NoInfo,CausalOptimizer,1902.8,0.9623824451410659,12.0,8.425,2,0.35,0.35,0.3,normal,True,0,0,1.0
2018,normal,cn_clear_2,clear,RuleBased,CausalOptimizer,1756.0,0.9529780564263323,15.0,11.150000000000002,3,0.14285714285714288,0.4285714285714286,0.4285714285714286,supplier_delay,False,4,4,1.0
2018,normal,cn_clear_2,clear,TFIDF_LogReg,CausalOptimizer,1909.815846060252,0.9623824451410659,12.0,8.205754810617126,2,0.3781043422886062,0.34016609015996696,0.2817295675514269,normal,True,0,0,1.0
2018,normal,cn_clear_2,clear,TFIDF_LogReg_Calibrated,CausalOptimizer,1955.0,0.9529780564263323,15.0,6.175,4,0.5013039514204657,0.49869604857953426,0.0,normal,True,0,0,1.0
2018,normal,cn_clear_2,clear,PerfectSemantic,CausalOptimizer,1786.0,0.9184952978056427,26.0,5.425,5,1.0,0.0,0.0,normal,True,0,0,1.0
2018,normal,cn_clear_3,clear,NoInfo,CausalOptimizer,1902.8,0.9623824451410659,12.0,8.425,2,0.35,0.35,0.3,normal,True,0,0,1.0
2018,normal,cn_clear_3,clear,RuleBased,CausalOptimizer,1878.25,0.9623824451410659,12.0,9.18125,2,0.25,0.37499999999999994,0.37499999999999994,supplier_delay,False,4,4,1.0
2018,normal,cn_clear_3,clear,TFIDF_LogReg,CausalOptimizer,1895.4073597202892,0.9623824451410659,12.0,8.63035111888086,2,0.334759855595164,0.3424233534180738,0.32281679098676214,supplier_delay,False,8,10,1.0
2018,normal,cn_clear_3,clear,TFIDF_LogReg_Calibrated,CausalOptimizer,1915.224135323481,0.9529780564263323,15.0,7.169396616912977,3,0.3333333333333333,0.5733057904921544,0.09336087617451229,supplier_delay,False,8,10,1.0
2018,normal,cn_clear_3,clear,PerfectSemantic,CausalOptimizer,1786.0,0.9184952978056427,26.0,5.425,5,1.0,0.0,0.0,normal,True,0,0,1.0
2018,normal,cn_clear_4,clear,NoInfo,CausalOptimizer,1902.8,0.9623824451410659,12.0,8.425,2,0.35,0.35,0.3,normal,True,0,0,1.0
2018,normal,cn_clear_4,clear,RuleBased,CausalOptimizer,1902.8,0.9623824451410659,12.0,8.425,2,0.4,0.3,0.3,normal,True,0,0,1.0
2018,normal,cn_clear_4,clear,TFIDF_LogReg,CausalOptimizer,1919.5114949180531,0.9623824451410659,12.0,7.9439059259290925,2,0.41635589992062505,0.3224886019453371,0.26115549813403793,normal,True,0,0,1.0
2018,normal,cn_clear_4,clear,TFIDF_LogReg_Calibrated,CausalOptimizer,1925.0,0.9435736677115988,18.0,5.35,4,0.8152522945874024,0.18474770541259752,0.0,normal,True,0,0,1.0
2018,normal,cn_clear_4,clear,PerfectSemantic,CausalOptimizer,1786.0,0.9184952978056427,26.0,5.425,5,1.0,0.0,0.0,normal,True,0,0,1.0
2018,normal,cn_moderate_1,moderate,NoInfo,CausalOptimizer,1902.8,0.9623824451410659,12.0,8.425,2,0.35,0.35,0.3,normal,True,0,0,1.0
2018,normal,cn_moderate_1,moderate,RuleBased,CausalOptimizer,1902.8,0.9623824451410659,12.0,8.425,2,0.4,0.3,0.3,normal,True,0,0,1.0
2018,normal,cn_moderate_1,moderate,TFIDF_LogReg,CausalOptimizer,1916.5362103357593,0.9623824451410659,12.0,8.02191643631851,2,0.43192448890766283,0.30087268657152244,0.2672028245208148,normal,True,0,0,1.0
2018,normal,cn_moderate_1,moderate,TFIDF_LogReg_Calibrated,CausalOptimizer,1786.0,0.9184952978056427,26.0,5.425,5,1.0,0.0,0.0,normal,True,0,0,1.0
2018,normal,cn_moderate_1,moderate,PerfectSemantic,CausalOptimizer,1786.0,0.9184952978056427,26.0,5.425,5,1.0,0.0,0.0,normal,True,0,0,1.0
2018,normal,cn_moderate_2,moderate,NoInfo,CausalOptimizer,1902.8,0.9623824451410659,12.0,8.425,2,0.35,0.35,0.3,normal,True,0,0,1.0
2018,normal,cn_moderate_2,moderate,RuleBased,CausalOptimizer,1955.0,0.9529780564263323,15.0,6.175,4,0.5714285714285715,0.4285714285714285,0.0,normal,True,0,0,1.0
2018,normal,cn_moderate_2,moderate,TFIDF_LogReg,CausalOptimizer,1914.5725893450453,0.9623824451410659,12.0,8.073401620831143,2,0.4126177081662408,0.31618836773832154,0.27119392409543763,normal,True,0,0,1.0
2018,normal,cn_moderate_2,moderate,TFIDF_LogReg_Calibrated,CausalOptimizer,1925.0,0.9435736677115988,18.0,5.35,4,0.8333333333333334,0.16666666666666666,0.0,normal,True,0,0,1.0
2018,normal,cn_moderate_2,moderate,PerfectSemantic,CausalOptimizer,1786.0,0.9184952978056427,26.0,5.425,5,1.0,0.0,0.0,normal,True,0,0,1.0
2018,normal,cn_moderate_3,moderate,NoInfo,CausalOptimizer,1902.8,0.9623824451410659,12.0,8.425,2,0.35,0.35,0.3,normal,True,0,0,1.0
2018,normal,cn_moderate_3,moderate,RuleBased,CausalOptimizer,1878.25,0.9623824451410659,12.0,9.18125,2,0.25,0.37499999999999994,0.37499999999999994,supplier_delay,False,4,10,1.0
2018,normal,cn_moderate_3,moderate,TFIDF_LogReg,CausalOptimizer,1906.4569389672354,0.9623824451410659,12.0,8.31072065727391,2,0.3709692066833674,0.3385540718771397,0.2904767214394928,normal,True,0,0,1.0
2018,normal,cn_moderate_3,moderate,TFIDF_LogReg_Calibrated,CausalOptimizer,1955.0,0.9529780564263323,15.0,6.175,4,0.6191542664225136,0.3808457335774864,0.0,normal,True,0,0,1.0
2018,normal,cn_moderate_3,moderate,PerfectSemantic,CausalOptimizer,1786.0,0.9184952978056427,26.0,5.425,5,1.0,0.0,0.0,normal,True,0,0,1.0
2018,normal,cn_moderate_4,moderate,NoInfo,CausalOptimizer,1902.8,0.9623824451410659,12.0,8.425,2,0.35,0.35,0.3,normal,True,0,0,1.0
2018,normal,cn_moderate_4,moderate,RuleBased,CausalOptimizer,1902.4285714285718,0.9623824451410659,12.0,8.150000000000002,2,0.5714285714285715,0.0,0.4285714285714286,normal,True,0,0,1.0
2018,normal,cn_moderate_4,moderate,TFIDF_LogReg,CausalOptimizer,1922.1543064063283,0.9623824451410659,12.0,7.874612697882858,2,0.49287152849181515,0.25134454143974627,0.25578393006843864,normal,True,0,0,1.0
2018,normal,cn_moderate_4,moderate,TFIDF_LogReg_Calibrated,CausalOptimizer,1800.5469043588528,0.9265426356401552,23.432899230790486,6.00259767307214,5,0.928691645299736,0.0,0.07130835470026405,normal,True,0,0,1.0
2018,normal,cn_moderate_4,moderate,PerfectSemantic,CausalOptimizer,1786.0,0.9184952978056427,26.0,5.425,5,1.0,0.0,0.0,normal,True,0,0,1.0
2018,normal,cn_vague_1,vague,NoInfo,CausalOptimizer,1902.8,0.9623824451410659,12.0,8.425,2,0.35,0.35,0.3,normal,True,0,0,1.0
2018,normal,cn_vague_1,vague,RuleBased,CausalOptimizer,1897.0,0.9623824451410659,12.0,8.725,2,0.3333333333333333,0.3333333333333333,0.3333333333333333,normal,True,0,0,1.0
2018,normal,cn_vague_1,vague,TFIDF_LogReg,CausalOptimizer,1909.3017722824356,0.9623824451410659,12.0,8.221819616173892,2,0.37801577405271997,0.3389159245994559,0.2830683013478241,normal,True,0,0,1.0
2018,normal,cn_vague_1,vague,TFIDF_LogReg_Calibrated,CausalOptimizer,1925.0,0.9435736677115988,18.0,5.35,4,0.6810946901721556,0.3189053098278444,0.0,normal,True,0,0,1.0
2018,normal,cn_vague_1,vague,PerfectSemantic,CausalOptimizer,1786.0,0.9184952978056427,26.0,5.425,5,1.0,0.0,0.0,normal,True,0,0,1.0
2018,normal,cn_vague_2,vague,NoInfo,CausalOptimizer,1902.8,0.9623824451410659,12.0,8.425,2,0.35,0.35,0.3,normal,True,0,0,1.0
2018,normal,cn_vague_2,vague,RuleBased,CausalOptimizer,1849.9999999999995,0.9623824451410659,12.0,9.890000000000002,2,0.4,0.0,0.6,demand_surge,False,0,10,1.75
2018,normal,cn_vague_2,vague,TFIDF_LogReg,CausalOptimizer,1900.926993861422,0.9623824451410659,12.0,8.47702794829385,2,0.41142597132376424,0.2827931455324748,0.30578088314376106,normal,True,0,0,1.0
2018,normal,cn_vague_2,vague,TFIDF_LogReg_Calibrated,CausalOptimizer,1806.6834490350036,0.9299373680813228,22.349979582058022,6.246254594036945,5,0.8986105439460563,0.0,0.10138945605394371,normal,True,0,0,1.0
2018,normal,cn_vague_2,vague,PerfectSemantic,CausalOptimizer,1786.0,0.9184952978056427,26.0,5.425,5,1.0,0.0,0.0,normal,True,0,0,1.0
2018,normal,cn_vague_3,vague,NoInfo,CausalOptimizer,1902.8,0.9623824451410659,12.0,8.425,2,0.35,0.35,0.3,normal,True,0,0,1.0
2018,normal,cn_vague_3,vague,RuleBased,CausalOptimizer,1731.0,0.9529780564263323,15.0,11.9,3,0.0,0.5,0.5,supplier_delay,False,4,10,1.0
2018,normal,cn_vague_3,vague,TFIDF_LogReg,CausalOptimizer,1902.741792108612,0.9623824451410659,12.0,8.426616885871901,2,0.3771261334553238,0.3226942125589093,0.30017965398576696,normal,True,0,0,1.0
2018,normal,cn_vague_3,vague,TFIDF_LogReg_Calibrated,CausalOptimizer,1957.8599712125642,0.9535321684716923,14.823238257530127,5.799205416673837,3,0.5910294823221457,0.3333333333333333,0.0756371843445209,normal,True,0,0,1.0
2018,normal,cn_vague_3,vague,PerfectSemantic,CausalOptimizer,1786.0,0.9184952978056427,26.0,5.425,5,1.0,0.0,0.0,normal,True,0,0,1.0
2018,normal,cn_vague_4,vague,NoInfo,CausalOptimizer,1902.8,0.9623824451410659,12.0,8.425,2,0.35,0.35,0.3,normal,True,0,0,1.0
2018,normal,cn_vague_4,vague,RuleBased,CausalOptimizer,1897.0,0.9623824451410659,12.0,8.725,2,0.3333333333333333,0.3333333333333333,0.3333333333333333,normal,True,0,0,1.0
2018,normal,cn_vague_4,vague,TFIDF_LogReg,CausalOptimizer,1905.4785598500064,0.9623824451410659,12.0,8.341295004687298,2,0.4241393062500869,0.2828361100259718,0.2930245837239413,normal,True,0,0,1.0
2018,normal,cn_vague_4,vague,TFIDF_LogReg_Calibrated,CausalOptimizer,1786.0,0.9184952978056427,26.0,5.425,5,1.0,0.0,0.0,normal,True,0,0,1.0
2018,normal,cn_vague_4,vague,PerfectSemantic,CausalOptimizer,1786.0,0.9184952978056427,26.0,5.425,5,1.0,0.0,0.0,normal,True,0,0,1.0
2019,normal,cn_clear_1,clear,NoInfo,CausalOptimizer,1559.9999999999998,0.8403314917127073,57.800000000000004,7.255000000000001,12,0.35,0.35,0.3,normal,True,0,0,1.0
2019,normal,cn_clear_1,clear,RuleBased,CausalOptimizer,1559.9999999999998,0.8403314917127073,57.800000000000004,7.255000000000001,12,0.4,0.3,0.3,normal,True,0,0,1.0
2019,normal,cn_clear_1,clear,TFIDF_LogReg,CausalOptimizer,1552.702677478261,0.8400795123438626,57.89121653152174,7.400946450434782,12,0.3323343040870316,0.3524629406593451,0.3152027552536233,supplier_delay,False,8,10,1.0
2019,normal,cn_clear_1,clear,TFIDF_LogReg_Calibrated,CausalOptimizer,1613.922918835439,0.8421155736764608,57.154162329121185,6.56526209746554,15,0.3549200303140416,0.5681700667326745,0.07690990295328393,supplier_delay,False,8,10,1.0
2019,normal,cn_clear_1,clear,PerfectSemantic,CausalOptimizer,1758.0,0.8453038674033149,56.0,3.025,15,1.0,0.0,0.0,normal,True,0,0,1.0
2019,normal,cn_clear_2,clear,NoInfo,CausalOptimizer,1559.9999999999998,0.8403314917127073,57.800000000000004,7.255000000000001,12,0.35,0.35,0.3,normal,True,0,0,1.0
2019,normal,cn_clear_2,clear,RuleBased,CausalOptimizer,1522.5714285714284,0.8480662983425414,55.0,9.835714285714285,13,0.14285714285714288,0.4285714285714286,0.4285714285714286,supplier_delay,False,4,4,1.0
2019,normal,cn_clear_2,clear,TFIDF_LogReg,CausalOptimizer,1568.221694601858,0.8406343165599212,57.69037740530857,7.093306672830127,13,0.3781043422886062,0.34016609015996696,0.2817295675514269,normal,True,0,0,1.0
2019,normal,cn_clear_2,clear,TFIDF_LogReg_Calibrated,CausalOptimizer,1613.0,0.8370165745856354,59.0,5.85,15,0.5013039514204657,0.49869604857953426,0.0,normal,True,0,0,1.0
2019,normal,cn_clear_2,clear,PerfectSemantic,CausalOptimizer,1758.0,0.8453038674033149,56.0,3.025,15,1.0,0.0,0.0,normal,True,0,0,1.0
2019,normal,cn_clear_3,clear,NoInfo,CausalOptimizer,1559.9999999999998,0.8403314917127073,57.800000000000004,7.255000000000001,12,0.35,0.35,0.3,normal,True,0,0,1.0
2019,normal,cn_clear_3,clear,RuleBased,CausalOptimizer,1533.25,0.8397790055248618,58.0,7.96875,12,0.25,0.37499999999999994,0.37499999999999994,supplier_delay,False,4,4,1.0
2019,normal,cn_clear_3,clear,TFIDF_LogReg,CausalOptimizer,1549.047940326354,0.8399533128565729,57.936900745920575,7.4740411934729165,12,0.334759855595164,0.3424233534180738,0.32281679098676214,supplier_delay,False,8,10,1.0
2019,normal,cn_clear_3,clear,TFIDF_LogReg_Calibrated,CausalOptimizer,1612.1950422885877,0.842873841199155,56.87966948590586,6.718256148422964,15,0.3333333333333333,0.5733057904921544,0.09336087617451229,supplier_delay,False,8,10,1.0
2019,normal,cn_clear_3,clear,PerfectSemantic,CausalOptimizer,1758.0,0.8453038674033149,56.0,3.025,15,1.0,0.0,0.0,normal,True,0,0,1.0
2019,normal,cn_clear_4,clear,NoInfo,CausalOptimizer,1559.9999999999998,0.8403314917127073,57.800000000000004,7.255000000000001,12,0.35,0.35,0.3,normal,True,0,0,1.0
2019,normal,cn_clear_4,clear,RuleBased,CausalOptimizer,1559.9999999999998,0.8403314917127073,57.800000000000004,7.255000000000001,12,0.4,0.3,0.3,normal,True,0,0,1.0
2019,normal,cn_clear_4,clear,TFIDF_LogReg,CausalOptimizer,1577.314690783704,0.8409753232353475,57.56693298880423,6.9153595348857095,14,0.41635589992062505,0.3224886019453371,0.26115549813403793,normal,True,0,0,1.0
2019,normal,cn_clear_4,clear,TFIDF_LogReg_Calibrated,CausalOptimizer,1706.0,0.8480662983425414,55.0,4.725,14,0.8152522945874024,0.18474770541259752,0.0,normal,True,0,0,1.0
2019,normal,cn_clear_4,clear,PerfectSemantic,CausalOptimizer,1758.0,0.8453038674033149,56.0,3.025,15,1.0,0.0,0.0,normal,True,0,0,1.0
2019,normal,cn_moderate_1,moderate,NoInfo,CausalOptimizer,1559.9999999999998,0.8403314917127073,57.800000000000004,7.255000000000001,12,0.35,0.35,0.3,normal,True,0,0,1.0
2019,normal,cn_moderate_1,moderate,RuleBased,CausalOptimizer,1559.9999999999998,0.8403314917127073,57.800000000000004,7.255000000000001,12,0.4,0.3,0.3,normal,True,0,0,1.0
2019,normal,cn_moderate_1,moderate,TFIDF_LogReg,CausalOptimizer,1574.7587289656335,0.8408750913062848,57.603216947124885,6.964744997009211,13,0.43192448890766283,0.30087268657152244,0.2672028245208148,normal,True,0,0,1.0
2019,normal,cn_moderate_1,moderate,TFIDF_LogReg_Calibrated,CausalOptimizer,1758.0,0.8453038674033149,56.0,3.025,15,1.0,0.0,0.0,normal,True,0,0,1.0
2019,normal,cn_moderate_1,moderate,PerfectSemantic,CausalOptimizer,1758.0,0.8453038674033149,56.0,3.025,15,1.0,0.0,0.0,normal,True,0,0,1.0
2019,normal,cn_moderate_2,moderate,NoInfo,CausalOptimizer,1559.9999999999998,0.8403314917127073,57.800000000000004,7.255000000000001,12,0.35,0.35,0.3,normal,True,0,0,1.0
2019,normal,cn_moderate_2,moderate,RuleBased,CausalOptimizer,1613.0,0.8370165745856354,59.0,5.85,15,0.5714285714285715,0.4285714285714285,0.0,normal,True,0,0,1.0
2019,normal,cn_moderate_2,moderate,TFIDF_LogReg,CausalOptimizer,1572.962734157053,0.840808940484606,57.627163544572625,7.000066228244622,13,0.4126177081662408,0.31618836773832154,0.27119392409543763,normal,True,0,0,1.0
2019,normal,cn_moderate_2,moderate,TFIDF_LogReg_Calibrated,CausalOptimizer,1706.0,0.8480662983425414,55.0,4.725,14,0.8333333333333334,0.16666666666666666,0.0,normal,True,0,0,1.0
2019,normal,cn_moderate_2,moderate,PerfectSemantic,CausalOptimizer,1758.0,0.8453038674033149,56.0,3.025,15,1.0,0.0,0.0,normal,True,0,0,1.0
2019,normal,cn_moderate_3,moderate,NoInfo,CausalOptimizer,1559.9999999999998,0.8403314917127073,57.800000000000004,7.255000000000001,12,0.35,0.35,0.3,normal,True,0,0,1.0
2019,normal,cn_moderate_3,moderate,RuleBased,CausalOptimizer,1533.25,0.8397790055248618,58.0,7.96875,12,0.25,0.37499999999999994,0.37499999999999994,supplier_delay,False,4,10,1.0
2019,normal,cn_moderate_3,moderate,TFIDF_LogReg,CausalOptimizer,1564.285475352228,0.8404893361087376,57.742860328636965,7.17071898473951,14,0.3709692066833674,0.3385540718771397,0.2904767214394928,normal,True,0,0,1.0
2019,normal,cn_moderate_3,moderate,TFIDF_LogReg_Calibrated,CausalOptimizer,1613.0,0.8370165745856354,59.0,5.85,15,0.6191542664225136,0.3808457335774864,0.0,normal,True,0,0,1.0
2019,normal,cn_moderate_3,moderate,PerfectSemantic,CausalOptimizer,1758.0,0.8453038674033149,56.0,3.025,15,1.0,0.0,0.0,normal,True,0,0,1.0
2019,normal,cn_moderate_4,moderate,NoInfo,CausalOptimizer,1559.9999999999998,0.8403314917127073,57.800000000000004,7.255000000000001,12,0.35,0.35,0.3,normal,True,0,0,1.0
2019,normal,cn_moderate_4,moderate,RuleBased,CausalOptimizer,1702.7142857142853,0.8599052880820837,50.714285714285715,6.771428571428574,12,0.5714285714285715,0.0,0.4285714285714286,normal,True,0,0,1.0
2019,normal,cn_moderate_4,moderate,TFIDF_LogReg,CausalOptimizer,1579.5707493712557,0.8410643547502468,57.53470358041063,6.871849833554353,14,0.49287152849181515,0.25134454143974627,0.25578393006843864,normal,True,0,0,1.0
2019,normal,cn_moderate_4,moderate,TFIDF_LogReg_Calibrated,CausalOptimizer,1807.2027647431821,0.8571229317182759,51.72149871798415,3.506331394226784,15,0.928691645299736,0.0,0.07130835470026405,normal,True,0,0,1.0
2019,normal,cn_moderate_4,moderate,PerfectSemantic,CausalOptimizer,1758.0,0.8453038674033149,56.0,3.025,15,1.0,0.0,0.0,normal,True,0,0,1.0
2019,normal,cn_vague_1,vague,NoInfo,CausalOptimizer,1559.9999999999998,0.8403314917127073,57.800000000000004,7.255000000000001,12,0.35,0.35,0.3,normal,True,0,0,1.0
2019,normal,cn_vague_1,vague,RuleBased,CausalOptimizer,1549.0,0.8397790055248618,58.0,7.575,12,0.3333333333333333,0.3333333333333333,0.3333333333333333,normal,True,0,0,1.0
2019,normal,cn_vague_1,vague,TFIDF_LogReg,CausalOptimizer,1567.6192643934794,0.8406121276019698,57.69840980808695,7.1051544669282425,13,0.37801577405271997,0.3389159245994559,0.2830683013478241,normal,True,0,0,1.0
2019,normal,cn_vague_1,vague,TFIDF_LogReg_Calibrated,CausalOptimizer,1706.0,0.8480662983425414,55.0,4.725,14,0.6810946901721556,0.3189053098278444,0.0,normal,True,0,0,1.0
2019,normal,cn_vague_1,vague,PerfectSemantic,CausalOptimizer,1758.0,0.8453038674033149,56.0,3.025,15,1.0,0.0,0.0,normal,True,0,0,1.0
2019,normal,cn_vague_2,vague,NoInfo,CausalOptimizer,1559.9999999999998,0.8403314917127073,57.800000000000004,7.255000000000001,12,0.35,0.35,0.3,normal,True,0,0,1.0
2019,normal,cn_vague_2,vague,RuleBased,CausalOptimizer,1625.3999999999996,0.8585635359116023,51.2,8.510000000000002,11,0.4,0.0,0.6,demand_surge,False,0,10,1.75
2019,normal,cn_vague_2,vague,TFIDF_LogReg,CausalOptimizer,1557.2251760909946,0.8402356759699928,57.83468529886257,7.310496478180108,12,0.41142597132376424,0.2827931455324748,0.30578088314376106,normal,True,0,0,1.0
2019,normal,cn_vague_2,vague,TFIDF_LogReg_Calibrated,CausalOptimizer,1817.4750306269125,0.8603131131085487,50.56665305470535,3.7114630124450363,14,0.8986105439460563,0.0,0.10138945605394371,normal,True,0,0,1.0
2019,normal,cn_vague_2,vague,PerfectSemantic,CausalOptimizer,1758.0,0.8453038674033149,56.0,3.025,15,1.0,0.0,0.0,normal,True,0,0,1.0
2019,normal,cn_vague_3,vague,NoInfo,CausalOptimizer,1559.9999999999998,0.8403314917127073,57.800000000000004,7.255000000000001,12,0.35,0.35,0.3,normal,True,0,0,1.0
2019,normal,cn_vague_3,vague,RuleBased,CausalOptimizer,1493.0,0.8480662983425414,55.0,10.575,13,0.0,0.5,0.5,supplier_delay,False,4,10,1.0
2019,normal,cn_vague_3,vague,TFIDF_LogReg,CausalOptimizer,1559.9137660868325,0.8403285140223354,57.8010779239146,7.256724678263362,12,0.3771261334553238,0.3226942125589093,0.30017965398576696,normal,True,0,0,1.0
2019,normal,cn_vague_3,vague,TFIDF_LogReg_Calibrated,CausalOptimizer,1674.3485738629518,0.8470677643143608,55.36146931820137,5.371697926145654,14,0.5910294823221457,0.3333333333333333,0.0756371843445209,normal,True,0,0,1.0
2019,normal,cn_vague_3,vague,PerfectSemantic,CausalOptimizer,1758.0,0.8453038674033149,56.0,3.025,15,1.0,0.0,0.0,normal,True,0,0,1.0
2019,normal,cn_vague_4,vague,NoInfo,CausalOptimizer,1559.9999999999998,0.8403314917127073,57.800000000000004,7.255000000000001,12,0.35,0.35,0.3,normal,True,0,0,1.0
2019,normal,cn_vague_4,vague,RuleBased,CausalOptimizer,1549.0,0.8397790055248618,58.0,7.575,12,0.3333333333333333,0.3333333333333333,0.3333333333333333,normal,True,0,0,1.0
2019,normal,cn_vague_4,vague,TFIDF_LogReg,CausalOptimizer,1563.1389373242262,0.8404471063471172,57.75814750234365,7.193267565956882,13,0.4241393062500869,0.2828361100259718,0.2930245837239413,normal,True,0,0,1.0
2019,normal,cn_vague_4,vague,TFIDF_LogReg_Calibrated,CausalOptimizer,1758.0,0.8453038674033149,56.0,3.025,15,1.0,0.0,0.0,normal,True,0,0,1.0
2019,normal,cn_vague_4,vague,PerfectSemantic,CausalOptimizer,1758.0,0.8453038674033149,56.0,3.025,15,1.0,0.0,0.0,normal,True,0,0,1.0
2000,supplier_delay,cd_clear_1,clear,NoInfo,CausalOptimizer,1491.8,0.8617283950617285,44.8,5.235,16,0.35,0.35,0.3,normal,False,0,0,1.0
2000,supplier_delay,cd_clear_1,clear,RuleBased,CausalOptimizer,1413.0,0.8549382716049383,47.0,8.025,15,0.0,1.0,0.0,supplier_delay,True,4,8,1.0
2000,supplier_delay,cd_clear_1,clear,TFIDF_LogReg,CausalOptimizer,1477.919198126771,0.8641975308641975,44.0,6.427020046830722,14,0.23745986963093338,0.421500123431182,0.3410400069378847,supplier_delay,True,8,10,1.0
2000,supplier_delay,cd_clear_1,clear,TFIDF_LogReg_Calibrated,CausalOptimizer,1440.2082254755182,0.865663779983608,43.52493528531104,7.809820248987625,13,0.0,0.47360751585061306,0.5263924841493869,demand_surge,False,0,10,1.75
2000,supplier_delay,cd_clear_1,clear,PerfectSemantic,CausalOptimizer,1413.0,0.8549382716049383,47.0,8.025,15,0.0,1.0,0.0,supplier_delay,True,4,10,1.0
2000,supplier_delay,cd_clear_2,clear,NoInfo,CausalOptimizer,1491.8,0.8617283950617285,44.8,5.235,16,0.35,0.35,0.3,normal,False,0,0,1.0
2000,supplier_delay,cd_clear_2,clear,RuleBased,CausalOptimizer,1486.0689655172412,0.8602596849723286,45.275862068965516,5.712931034482759,15,0.2758620689655173,0.5172413793103449,0.20689655172413793,supplier_delay,True,4,8,1.0
2000,supplier_delay,cd_clear_2,clear,TFIDF_LogReg,CausalOptimizer,1483.9022795094581,0.8641975308641975,44.0,6.277443012263552,14,0.2897803462021731,0.39133920753656015,0.3188804462612668,supplier_delay,True,8,10,1.0
2000,supplier_delay,cd_clear_2,clear,TFIDF_LogReg_Calibrated,CausalOptimizer,1410.3846983952917,0.8549382716049383,47.0,7.565382540117703,14,0.09372902690017108,0.7316791500552591,0.17459182304456988,supplier_delay,True,8,10,1.0
2000,supplier_delay,cd_clear_2,clear,PerfectSemantic,CausalOptimizer,1413.0,0.8549382716049383,47.0,8.025,15,0.0,1.0,0.0,supplier_delay,True,4,10,1.0
2000,supplier_delay,cd_clear_3,clear,NoInfo,CausalOptimizer,1491.8,0.8617283950617285,44.8,5.235,16,0.35,0.35,0.3,normal,False,0,0,1.0
2000,supplier_delay,cd_clear_3,clear,RuleBased,CausalOptimizer,1441.0,0.8641975308641975,44.0,7.6,13,0.0,0.5,0.5,supplier_delay,True,4,4,1.0
2000,supplier_delay,cd_clear_3,clear,TFIDF_LogReg,CausalOptimizer,1478.5496172860169,0.8641975308641975,44.0,6.411259567849578,14,0.26709012841761415,0.3942047504194853,0.3387051211629006,supplier_delay,True,8,10,1.0
2000,supplier_delay,cd_clear_3,clear,TFIDF_LogReg_Calibrated,CausalOptimizer,1500.4931465976358,0.8643765964406812,43.94198275321929,5.361603449356141,14,0.296713271444418,0.3675360099397193,0.33575071861586275,supplier_delay,True,8,10,1.0
2000,supplier_delay,cd_clear_3,clear,PerfectSemantic,CausalOptimizer,1413.0,0.8549382716049383,47.0,8.025,15,0.0,1.0,0.0,supplier_delay,True,4,10,1.0
2000,supplier_delay,cd_clear_4,clear,NoInfo,CausalOptimizer,1491.8,0.8617283950617285,44.8,5.235,16,0.35,0.35,0.3,normal,False,0,0,1.0
2000,supplier_delay,cd_clear_4,clear,RuleBased,CausalOptimizer,1441.0,0.8641975308641975,44.0,7.6,13,0.0,0.5,0.5,supplier_delay,True,4,8,1.0
2000,supplier_delay,cd_clear_4,clear,TFIDF_LogReg,CausalOptimizer,1489.8474081995853,0.8641975308641975,44.0,6.128814795010362,14,0.2868313071460786,0.4163072417412755,0.296861451112646,supplier_delay,True,8,10,1.0
2000,supplier_delay,cd_clear_4,clear,TFIDF_LogReg_Calibrated,CausalOptimizer,1468.0,0.8549382716049383,47.0,6.125,14,0.3333333333333333,0.6666666666666666,0.0,supplier_delay,True,8,10,1.0
2000,supplier_delay,cd_clear_4,clear,PerfectSemantic,CausalOptimizer,1413.0,0.8549382716049383,47.0,8.025,15,0.0,1.0,0.0,supplier_delay,True,4,10,1.0
2000,supplier_delay,cd_moderate_1,moderate,NoInfo,CausalOptimizer,1491.8,0.8617283950617285,44.8,5.235,16,0.35,0.35,0.3,normal,False,0,0,1.0
2000,supplier_delay,cd_moderate_1,moderate,RuleBased,CausalOptimizer,1413.0,0.8549382716049383,47.0,8.025,15,0.0,1.0,0.0,supplier_delay,True,4,10,1.0
2000,supplier_delay,cd_moderate_1,moderate,TFIDF_LogReg,CausalOptimizer,1484.5545901970863,0.8641975308641975,44.0,6.2611352450728415,14,0.2872828661830683,0.39625265306539953,0.31646448075153216,supplier_delay,True,8,10,1.0
2000,supplier_delay,cd_moderate_1,moderate,TFIDF_LogReg_Calibrated,CausalOptimizer,1398.4233054547226,0.856193391053547,46.59334129865077,8.677080844171632,14,0.0,0.9331483694069662,0.06685163059303378,supplier_delay,True,8,10,1.0
2000,supplier_delay,cd_moderate_1,moderate,PerfectSemantic,CausalOptimizer,1413.0,0.8549382716049383,47.0,8.025,15,0.0,1.0,0.0,supplier_delay,True,4,10,1.0
2000,supplier_delay,cd_moderate_2,moderate,NoInfo,CausalOptimizer,1491.8,0.8617283950617285,44.8,5.235,16,0.35,0.35,0.3,normal,False,0,0,1.0
2000,supplier_delay,cd_moderate_2,moderate,RuleBased,CausalOptimizer,1413.0,0.8549382716049383,47.0,8.025,15,0.0,1.0,0.0,supplier_delay,True,4,10,1.0
2000,supplier_delay,cd_moderate_2,moderate,TFIDF_LogReg,CausalOptimizer,1474.1395441430618,0.8641975308641974,44.0,6.521511396423451,14,0.2549948483684219,0.3899664262355114,0.3550387253960666,supplier_delay,True,8,10,1.0
2000,supplier_delay,cd_moderate_2,moderate,TFIDF_LogReg_Calibrated,CausalOptimizer,1454.4282146688442,0.8641975308641974,44.0,7.139294633278899,13,0.0,0.5579503605938493,0.4420496394061508,supplier_delay,True,8,10,1.0
2000,supplier_delay,cd_moderate_2,moderate,PerfectSemantic,CausalOptimizer,1413.0,0.8549382716049383,47.0,8.025,15,0.0,1.0,0.0,supplier_delay,True,4,10,1.0
2000,supplier_delay,cd_moderate_3,moderate,NoInfo,CausalOptimizer,1491.8,0.8617283950617285,44.8,5.235,16,0.35,0.35,0.3,normal,False,0,0,1.0
2000,supplier_delay,cd_moderate_3,moderate,RuleBased,CausalOptimizer,1413.0,0.8549382716049383,47.0,8.025,15,0.0,1.0,0.0,supplier_delay,True,4,10,1.0
2000,supplier_delay,cd_moderate_3,moderate,TFIDF_LogReg,CausalOptimizer,1493.3339837916028,0.8634629558164034,44.23800231548534,5.946449479015799,15,0.2972294001921947,0.43821517289032413,0.26455542691748124,supplier_delay,True,8,10,1.0
2000,supplier_delay,cd_moderate_3,moderate,TFIDF_LogReg_Calibrated,CausalOptimizer,1413.0,0.8549382716049383,47.0,8.025,15,0.0,1.0,0.0,supplier_delay,True,8,10,1.0
2000,supplier_delay,cd_moderate_3,moderate,PerfectSemantic,CausalOptimizer,1413.0,0.8549382716049383,47.0,8.025,15,0.0,1.0,0.0,supplier_delay,True,4,10,1.0
2000,supplier_delay,cd_moderate_4,moderate,NoInfo,CausalOptimizer,1491.8,0.8617283950617285,44.8,5.235,16,0.35,0.35,0.3,normal,False,0,0,1.0
2000,supplier_delay,cd_moderate_4,moderate,RuleBased,CausalOptimizer,1413.0,0.8549382716049383,47.0,8.025,15,0.0,1.0,0.0,supplier_delay,True,4,10,1.0
2000,supplier_delay,cd_moderate_4,moderate,TFIDF_LogReg,CausalOptimizer,1504.7066643575906,0.8659065593164817,43.446274781459906,5.460745043708019,14,0.2700074678575591,0.3735873147032703,0.35640521743917064,supplier_delay,True,8,10,1.0
2000,supplier_delay,cd_moderate_4,moderate,TFIDF_LogReg_Calibrated,CausalOptimizer,1440.7303321362697,0.8646969157970306,43.838199281762115,7.671461983888401,13,0.0,0.4910110712090061,0.5089889287909939,demand_surge,False,0,10,1.75
2000,supplier_delay,cd_moderate_4,moderate,PerfectSemantic,CausalOptimizer,1413.0,0.8549382716049383,47.0,8.025,15,0.0,1.0,0.0,supplier_delay,True,4,10,1.0
2000,supplier_delay,cd_vague_1,vague,NoInfo,CausalOptimizer,1491.8,0.8617283950617285,44.8,5.235,16,0.35,0.35,0.3,normal,False,0,0,1.0
2000,supplier_delay,cd_vague_1,vague,RuleBased,CausalOptimizer,1462.0,0.8641975308641975,44.0,6.8249999999999975,14,0.0,0.6,0.39999999999999997,supplier_delay,True,4,10,1.0
2000,supplier_delay,cd_vague_1,vague,TFIDF_LogReg,CausalOptimizer,1479.9816750904413,0.8641975308641975,43.99999999999997,6.375458122738972,14,0.2881220537123606,0.37847674291890326,0.33340120336873624,supplier_delay,True,8,10,1.0
2000,supplier_delay,cd_vague_1,vague,TFIDF_LogReg_Calibrated,CausalOptimizer,1383.0061306878206,0.8549382716049383,47.0,8.374846732804487,13,0.0,0.7343909653328656,0.2656090346671343,supplier_delay,True,8,10,1.0
2000,supplier_delay,cd_vague_1,vague,PerfectSemantic,CausalOptimizer,1413.0,0.8549382716049383,47.0,8.025,15,0.0,1.0,0.0,supplier_delay,True,4,10,1.0
2000,supplier_delay,cd_vague_2,vague,NoInfo,CausalOptimizer,1491.8,0.8617283950617285,44.8,5.235,16,0.35,0.35,0.3,normal,False,0,0,1.0
2000,supplier_delay,cd_vague_2,vague,RuleBased,CausalOptimizer,1413.0,0.8549382716049383,47.0,8.025,15,0.0,1.0,0.0,supplier_delay,True,4,10,1.0
2000,supplier_delay,cd_vague_2,vague,TFIDF_LogReg,CausalOptimizer,1493.622410108039,0.8635901279135973,44.19679855599448,5.955720324901243,15,0.33267715716288576,0.4004783181701407,0.26684452466697356,supplier_delay,True,8,10,1.0
2000,supplier_delay,cd_vague_2,vague,TFIDF_LogReg_Calibrated,CausalOptimizer,1413.0,0.8549382716049383,47.0,8.025,15,0.11851130242360192,0.8814886975763981,0.0,supplier_delay,True,8,10,1.0
2000,supplier_delay,cd_vague_2,vague,PerfectSemantic,CausalOptimizer,1413.0,0.8549382716049383,47.0,8.025,15,0.0,1.0,0.0,supplier_delay,True,4,10,1.0
2000,supplier_delay,cd_vague_3,vague,NoInfo,CausalOptimizer,1491.8,0.8617283950617285,44.8,5.235,16,0.35,0.35,0.3,normal,False,0,0,1.0
2000,supplier_delay,cd_vague_3,vague,RuleBased,CausalOptimizer,1413.0,0.8549382716049383,47.0,8.025,15,0.0,1.0,0.0,supplier_delay,True,4,10,1.0
2000,supplier_delay,cd_vague_3,vague,TFIDF_LogReg,CausalOptimizer,1492.6427433409885,0.8631581760762737,44.33675095128734,5.924231035960348,15,0.3570807868648029,0.3838498215400494,0.2590693915951477,supplier_delay,True,8,10,1.0
2000,supplier_delay,cd_vague_3,vague,TFIDF_LogReg_Calibrated,CausalOptimizer,1468.0,0.8549382716049383,47.0,6.125,14,0.3349590287226755,0.6650409712773245,0.0,supplier_delay,True,8,10,1.0
2000,supplier_delay,cd_vague_3,vague,PerfectSemantic,CausalOptimizer,1413.0,0.8549382716049383,47.0,8.025,15,0.0,1.0,0.0,supplier_delay,True,4,10,1.0
2000,supplier_delay,cd_vague_4,vague,NoInfo,CausalOptimizer,1491.8,0.8617283950617285,44.8,5.235,16,0.35,0.35,0.3,normal,False,0,0,1.0
2000,supplier_delay,cd_vague_4,vague,RuleBased,CausalOptimizer,1500.0,0.8641975308641975,44.0,5.35,14,0.3333333333333333,0.3333333333333333,0.3333333333333333,normal,False,0,0,1.0
2000,supplier_delay,cd_vague_4,vague,TFIDF_LogReg,CausalOptimizer,1486.2696109274195,0.8641975308641975,44.0,6.218259726814507,14,0.31434998660035207,0.3755374612789805,0.31011255212066746,supplier_delay,True,8,10,1.0
2000,supplier_delay,cd_vague_4,vague,TFIDF_LogReg_Calibrated,CausalOptimizer,1402.9198984359994,0.8601586405961194,45.30860044685734,9.078562360357079,14,0.0,0.8974611235238154,0.10253887647618465,supplier_delay,True,8,10,1.0
2000,supplier_delay,cd_vague_4,vague,PerfectSemantic,CausalOptimizer,1413.0,0.8549382716049383,47.0,8.025,15,0.0,1.0,0.0,supplier_delay,True,4,10,1.0
2001,supplier_delay,cd_clear_1,clear,NoInfo,CausalOptimizer,1589.0000000000005,0.8481159420289855,52.39999999999999,3.8400000000000007,11,0.35,0.35,0.3,normal,False,0,0,1.0
2001,supplier_delay,cd_clear_1,clear,RuleBased,CausalOptimizer,1680.0,0.8579710144927536,49.0,4.525,10,0.0,1.0,0.0,supplier_delay,True,4,8,1.0
2001,supplier_delay,cd_clear_1,clear,TFIDF_LogReg,CausalOptimizer,1702.8089643292406,0.8677388995159955,45.63007966698153,4.352744024976385,9,0.23745986963093338,0.421500123431182,0.3410400069378847,supplier_delay,True,8,10,1.0
2001,supplier_delay,cd_clear_1,clear,TFIDF_LogReg_Calibrated,CausalOptimizer,1815.360425774943,0.8935270702584655,36.733160760829435,5.097725051294648,7,0.0,0.47360751585061306,0.5263924841493869,demand_surge,False,0,10,1.75
2001,supplier_delay,cd_clear_1,clear,PerfectSemantic,CausalOptimizer,1680.0,0.8579710144927536,49.0,4.525,10,0.0,1.0,0.0,supplier_delay,True,4,10,1.0
2001,supplier_delay,cd_clear_2,clear,NoInfo,CausalOptimizer,1589.0000000000005,0.8481159420289855,52.39999999999999,3.8400000000000007,11,0.35,0.35,0.3,normal,False,0,0,1.0
2001,supplier_delay,cd_clear_2,clear,RuleBased,CausalOptimizer,1617.827586206896,0.8490754622688655,52.06896551724138,3.9017241379310343,11,0.2758620689655173,0.5172413793103449,0.20689655172413793,supplier_delay,True,4,8,1.0
2001,supplier_delay,cd_clear_2,clear,TFIDF_LogReg,CausalOptimizer,1688.98139846703,0.8646558302044661,46.69373857945919,4.272969606540561,10,0.2897803462021731,0.39133920753656015,0.3188804462612668,supplier_delay,True,8,10,1.0
2001,supplier_delay,cd_clear_2,clear,TFIDF_LogReg_Calibrated,CausalOptimizer,1641.42223725887,0.8560372654141216,49.66714343212806,4.597586695677025,11,0.09372902690017108,0.7316791500552591,0.17459182304456988,supplier_delay,True,8,10,1.0
2001,supplier_delay,cd_clear_2,clear,PerfectSemantic,CausalOptimizer,1680.0,0.8579710144927536,49.0,4.525,10,0.0,1.0,0.0,supplier_delay,True,4,10,1.0
2001,supplier_delay,cd_clear_3,clear,NoInfo,CausalOptimizer,1589.0000000000005,0.8481159420289855,52.39999999999999,3.8400000000000007,11,0.35,0.35,0.3,normal,False,0,0,1.0
2001,supplier_delay,cd_clear_3,clear,RuleBased,CausalOptimizer,1800.0,0.8898550724637682,38.0,4.975,7,0.0,0.5,0.5,supplier_delay,True,4,4,1.0
2001,supplier_delay,cd_clear_3,clear,TFIDF_LogReg,CausalOptimizer,1701.3519956056507,0.8674140458429542,45.74215418418078,4.344338436186442,9,0.26709012841761415,0.3942047504194853,0.3387051211629006,supplier_delay,True,8,10,1.0
2001,supplier_delay,cd_clear_3,clear,TFIDF_LogReg_Calibrated,CausalOptimizer,1607.2038578706993,0.8524682034256992,50.89846981813376,3.9855156259790037,9,0.296713271444418,0.3675360099397193,0.33575071861586275,supplier_delay,True,8,10,1.0
2001,supplier_delay,cd_clear_3,clear,PerfectSemantic,CausalOptimizer,1680.0,0.8579710144927536,49.0,4.525,10,0.0,1.0,0.0,supplier_delay,True,4,10,1.0
2001,supplier_delay,cd_clear_4,clear,NoInfo,CausalOptimizer,1589.0000000000005,0.8481159420289855,52.39999999999999,3.8400000000000007,11,0.35,0.35,0.3,normal,False,0,0,1.0
2001,supplier_delay,cd_clear_4,clear,RuleBased,CausalOptimizer,1800.0,0.8898550724637682,38.0,4.975,7,0.0,0.5,0.5,supplier_delay,True,4,8,1.0
2001,supplier_delay,cd_clear_4,clear,TFIDF_LogReg,CausalOptimizer,1675.2415454942916,0.8615923178359624,47.75065034659299,4.193701224005525,10,0.2868313071460786,0.4163072417412755,0.296861451112646,supplier_delay,True,8,10,1.0
2001,supplier_delay,cd_clear_4,clear,TFIDF_LogReg_Calibrated,CausalOptimizer,1544.0,0.8347826086956521,57.0,4.1,11,0.3333333333333333,0.6666666666666666,0.0,supplier_delay,True,8,10,1.0
2001,supplier_delay,cd_clear_4,clear,PerfectSemantic,CausalOptimizer,1680.0,0.8579710144927536,49.0,4.525,10,0.0,1.0,0.0,supplier_delay,True,4,10,1.0
2001,supplier_delay,cd_moderate_1,moderate,NoInfo,CausalOptimizer,1589.0000000000005,0.8481159420289855,52.39999999999999,3.8400000000000007,11,0.35,0.35,0.3,normal,False,0,0,1.0
2001,supplier_delay,cd_moderate_1,moderate,RuleBased,CausalOptimizer,1680.0,0.8579710144927536,49.0,4.525,10,0.0,1.0,0.0,supplier_delay,True,4,10,1.0
2001,supplier_delay,cd_moderate_1,moderate,TFIDF_LogReg,CausalOptimizer,1687.4738359889552,0.8643196958726769,46.80970492392646,4.264272130705516,10,0.2872828661830683,0.39625265306539953,0.31646448075153216,supplier_delay,True,8,10,1.0
2001,supplier_delay,cd_moderate_1,moderate,TFIDF_LogReg_Calibrated,CausalOptimizer,1706.4565989614687,0.864946836815505,46.59334129865078,4.82624850650298,10,0.0,0.9331483694069662,0.06685163059303378,supplier_delay,True,8,10,1.0
2001,supplier_delay,cd_moderate_1,moderate,PerfectSemantic,CausalOptimizer,1680.0,0.8579710144927536,49.0,4.525,10,0.0,1.0,0.0,supplier_delay,True,4,10,1.0
2001,supplier_delay,cd_moderate_2,moderate,NoInfo,CausalOptimizer,1589.0000000000005,0.8481159420289855,52.39999999999999,3.8400000000000007,11,0.35,0.35,0.3,normal,False,0,0,1.0
2001,supplier_delay,cd_moderate_2,moderate,RuleBased,CausalOptimizer,1680.0,0.8579710144927536,49.0,4.525,10,0.0,1.0,0.0,supplier_delay,True,4,10,1.0
2001,supplier_delay,cd_moderate_2,moderate,TFIDF_LogReg,CausalOptimizer,1711.5441646471452,0.8696865473014816,44.958141180988804,4.4031394114258395,9,0.2549948483684219,0.3899664262355114,0.3550387253960666,supplier_delay,True,8,10,1.0
2001,supplier_delay,cd_moderate_2,moderate,TFIDF_LogReg_Calibrated,CausalOptimizer,1764.8820814801275,0.8817924135985369,40.781617308504764,4.740301039594911,8,0.0,0.5579503605938493,0.4420496394061508,supplier_delay,True,8,10,1.0
2001,supplier_delay,cd_moderate_2,moderate,PerfectSemantic,CausalOptimizer,1680.0,0.8579710144927536,49.0,4.525,10,0.0,1.0,0.0,supplier_delay,True,4,10,1.0
2001,supplier_delay,cd_moderate_3,moderate,NoInfo,CausalOptimizer,1589.0000000000005,0.8481159420289855,52.39999999999999,3.8400000000000007,11,0.35,0.35,0.3,normal,False,0,0,1.0
2001,supplier_delay,cd_moderate_3,moderate,RuleBased,CausalOptimizer,1680.0,0.8579710144927536,49.0,4.525,10,0.0,1.0,0.0,supplier_delay,True,4,10,1.0
2001,supplier_delay,cd_moderate_3,moderate,TFIDF_LogReg,CausalOptimizer,1654.8445840810236,0.8570975666435916,49.301339507960904,4.083349594790066,11,0.2972294001921947,0.43821517289032413,0.26455542691748124,supplier_delay,True,8,10,1.0
2001,supplier_delay,cd_moderate_3,moderate,TFIDF_LogReg_Calibrated,CausalOptimizer,1680.0,0.8579710144927536,49.0,4.525,10,0.0,1.0,0.0,supplier_delay,True,8,10,1.0
2001,supplier_delay,cd_moderate_3,moderate,PerfectSemantic,CausalOptimizer,1680.0,0.8579710144927536,49.0,4.525,10,0.0,1.0,0.0,supplier_delay,True,4,10,1.0
2001,supplier_delay,cd_moderate_4,moderate,NoInfo,CausalOptimizer,1589.0000000000005,0.8481159420289855,52.39999999999999,3.8400000000000007,11,0.35,0.35,0.3,normal,False,0,0,1.0
2001,supplier_delay,cd_moderate_4,moderate,RuleBased,CausalOptimizer,1680.0,0.8579710144927536,49.0,4.525,10,0.0,1.0,0.0,supplier_delay,True,4,10,1.0
2001,supplier_delay,cd_moderate_4,moderate,TFIDF_LogReg,CausalOptimizer,1617.489798284707,0.854982664152015,50.03098086755483,4.075362695860393,9,0.2700074678575591,0.3735873147032703,0.35640521743917064,supplier_delay,True,8,10,1.0
2001,supplier_delay,cd_moderate_4,moderate,TFIDF_LogReg_Calibrated,CausalOptimizer,1805.2315565563579,0.891105706034689,37.56853141803229,5.0167985188781214,7,0.0,0.4910110712090061,0.5089889287909939,demand_surge,False,0,10,1.75
2001,supplier_delay,cd_moderate_4,moderate,PerfectSemantic,CausalOptimizer,1680.0,0.8579710144927536,49.0,4.525,10,0.0,1.0,0.0,supplier_delay,True,4,10,1.0
2001,supplier_delay,cd_vague_1,vague,NoInfo,CausalOptimizer,1589.0000000000005,0.8481159420289855,52.39999999999999,3.8400000000000007,11,0.35,0.35,0.3,normal,False,0,0,1.0
2001,supplier_delay,cd_vague_1,vague,RuleBased,CausalOptimizer,1739.3999999999996,0.8759420289855072,42.80000000000001,4.5699999999999985,8,0.0,0.6,0.39999999999999997,supplier_delay,True,4,10,1.0
2001,supplier_delay,cd_vague_1,vague,TFIDF_LogReg,CausalOptimizer,1698.0423509020918,0.8666761094542011,45.99674223830063,4.325244332127456,9,0.2881220537123606,0.37847674291890326,0.33340120336873624,supplier_delay,True,8,10,1.0
2001,supplier_delay,cd_vague_1,vague,TFIDF_LogReg_Calibrated,CausalOptimizer,1692.2098413442607,0.8671176216116512,45.84442054398036,4.856985748801333,11,0.0,0.7343909653328656,0.2656090346671343,supplier_delay,True,8,10,1.0
2001,supplier_delay,cd_vague_1,vague,PerfectSemantic,CausalOptimizer,1680.0,0.8579710144927536,49.0,4.525,10,0.0,1.0,0.0,supplier_delay,True,4,10,1.0
2001,supplier_delay,cd_vague_2,vague,NoInfo,CausalOptimizer,1589.0000000000005,0.8481159420289855,52.39999999999999,3.8400000000000007,11,0.35,0.35,0.3,normal,False,0,0,1.0
2001,supplier_delay,cd_vague_2,vague,RuleBased,CausalOptimizer,1680.0,0.8579710144927536,49.0,4.525,10,0.0,1.0,0.0,supplier_delay,True,4,10,1.0
2001,supplier_delay,cd_vague_2,vague,TFIDF_LogReg,CausalOptimizer,1656.3141848361965,0.8574160498087384,49.19146281598526,4.090560252700967,11,0.33267715716288576,0.4004783181701407,0.26684452466697356,supplier_delay,True,8,10,1.0
2001,supplier_delay,cd_vague_2,vague,TFIDF_LogReg_Calibrated,CausalOptimizer,1680.0,0.8579710144927536,49.0,4.525,10,0.11851130242360192,0.8814886975763981,0.0,supplier_delay,True,8,10,1.0
2001,supplier_delay,cd_vague_2,vague,PerfectSemantic,CausalOptimizer,1680.0,0.8579710144927536,49.0,4.525,10,0.0,1.0,0.0,supplier_delay,True,4,10,1.0
2001,supplier_delay,cd_vague_3,vague,NoInfo,CausalOptimizer,1589.0000000000005,0.8481159420289855,52.39999999999999,3.8400000000000007,11,0.35,0.35,0.3,normal,False,0,0,1.0
2001,supplier_delay,cd_vague_3,vague,RuleBased,CausalOptimizer,1680.0,0.8579710144927536,49.0,4.525,10,0.0,1.0,0.0,supplier_delay,True,4,10,1.0
2001,supplier_delay,cd_vague_3,vague,TFIDF_LogReg,CausalOptimizer,1651.322549404085,0.8563342921639626,49.56466920343291,4.066068583524715,11,0.3570807868648029,0.3838498215400494,0.2590693915951477,supplier_delay,True,8,10,1.0
2001,supplier_delay,cd_vague_3,vague,TFIDF_LogReg_Calibrated,CausalOptimizer,1544.0,0.8347826086956521,57.0,4.1,11,0.3349590287226755,0.6650409712773245,0.0,supplier_delay,True,8,10,1.0
2001,supplier_delay,cd_vague_3,vague,PerfectSemantic,CausalOptimizer,1680.0,0.8579710144927536,49.0,4.525,10,0.0,1.0,0.0,supplier_delay,True,4,10,1.0
2001,supplier_delay,cd_vague_4,vague,NoInfo,CausalOptimizer,1589.0000000000005,0.8481159420289855,52.39999999999999,3.8400000000000007,11,0.35,0.35,0.3,normal,False,0,0,1.0
2001,supplier_delay,cd_vague_4,vague,RuleBased,CausalOptimizer,1606.0,0.8521739130434782,51.0,3.975,9,0.3333333333333333,0.3333333333333333,0.3333333333333333,normal,False,0,0,1.0
2001,supplier_delay,cd_vague_4,vague,TFIDF_LogReg,CausalOptimizer,1683.5102325232965,0.8634359492805567,47.11459749820796,4.241405187634403,10,0.31434998660035207,0.3755374612789805,0.31011255212066746,supplier_delay,True,8,10,1.0
2001,supplier_delay,cd_vague_4,vague,TFIDF_LogReg_Calibrated,CausalOptimizer,1717.3768962017123,0.8686707233424426,45.30860044685735,5.067137416214247,10,0.0,0.8974611235238154,0.10253887647618465,supplier_delay,True,8,10,1.0
2001,supplier_delay,cd_vague_4,vague,PerfectSemantic,CausalOptimizer,1680.0,0.8579710144927536,49.0,4.525,10,0.0,1.0,0.0,supplier_delay,True,4,10,1.0
2002,supplier_delay,cd_clear_1,clear,NoInfo,CausalOptimizer,1709.2000000000005,0.8908536585365855,35.8,4.200000000000001,11,0.35,0.35,0.3,normal,False,0,0,1.0
2002,supplier_delay,cd_clear_1,clear,RuleBased,CausalOptimizer,1779.0,0.899390243902439,33.0,4.95,11,0.0,1.0,0.0,supplier_delay,True,4,8,1.0
2002,supplier_delay,cd_clear_1,clear,TFIDF_LogReg,CausalOptimizer,1772.7281624560112,0.9000951225857821,32.76879979186345,4.474276021854338,14,0.23745986963093338,0.421500123431182,0.3410400069378847,supplier_delay,True,8,10,1.0
2002,supplier_delay,cd_clear_1,clear,TFIDF_LogReg_Calibrated,CausalOptimizer,1820.3254530028223,0.9170480930624441,27.208225475518397,5.508573484722072,12,0.0,0.47360751585061306,0.5263924841493869,demand_surge,False,0,10,1.75
2002,supplier_delay,cd_clear_1,clear,PerfectSemantic,CausalOptimizer,1779.0,0.899390243902439,33.0,4.95,11,0.0,1.0,0.0,supplier_delay,True,4,10,1.0
2002,supplier_delay,cd_clear_2,clear,NoInfo,CausalOptimizer,1709.2000000000005,0.8908536585365855,35.8,4.200000000000001,11,0.35,0.35,0.3,normal,False,0,0,1.0
2002,supplier_delay,cd_clear_2,clear,RuleBased,CausalOptimizer,1703.4137931034484,0.8840412111017661,38.03448275862069,3.9758620689655175,14,0.2758620689655173,0.5172413793103449,0.20689655172413793,supplier_delay,True,4,8,1.0
2002,supplier_delay,cd_clear_2,clear,TFIDF_LogReg,CausalOptimizer,1759.680638630544,0.8970108051771597,33.78045590189159,4.395801673479751,14,0.2897803462021731,0.39133920753656015,0.3188804462612668,supplier_delay,True,8,10,1.0
2002,supplier_delay,cd_clear_2,clear,TFIDF_LogReg_Calibrated,CausalOptimizer,1768.5648900736726,0.8973562700239999,33.66714343212806,4.580908109873823,13,0.09372902690017108,0.7316791500552591,0.17459182304456988,supplier_delay,True,8,10,1.0
2002,supplier_delay,cd_clear_2,clear,PerfectSemantic,CausalOptimizer,1779.0,0.899390243902439,33.0,4.95,11,0.0,1.0,0.0,supplier_delay,True,4,10,1.0
2002,supplier_delay,cd_clear_3,clear,NoInfo,CausalOptimizer,1709.2000000000005,0.8908536585365855,35.8,4.200000000000001,11,0.35,0.35,0.3,normal,False,0,0,1.0
2002,supplier_delay,cd_clear_3,clear,RuleBased,CausalOptimizer,1817.0,0.9146341463414634,28.0,5.275,12,0.0,0.5,0.5,supplier_delay,True,4,4,1.0
2002,supplier_delay,cd_clear_3,clear,TFIDF_LogReg,CausalOptimizer,1771.901612891667,0.8998815659600213,32.838846365112985,4.4669211316631365,14,0.26709012841761415,0.3942047504194853,0.3387051211629006,supplier_delay,True,8,10,1.0
2002,supplier_delay,cd_clear_3,clear,TFIDF_LogReg_Calibrated,CausalOptimizer,1723.0725215584748,0.8965625657270606,33.927478441524116,4.602195584428456,10,0.296713271444418,0.3675360099397193,0.33575071861586275,supplier_delay,True,8,10,1.0
2002,supplier_delay,cd_clear_3,clear,PerfectSemantic,CausalOptimizer,1779.0,0.899390243902439,33.0,4.95,11,0.0,1.0,0.0,supplier_delay,True,4,10,1.0
2002,supplier_delay,cd_clear_4,clear,NoInfo,CausalOptimizer,1709.2000000000005,0.8908536585365855,35.8,4.200000000000001,11,0.35,0.35,0.3,normal,False,0,0,1.0
2002,supplier_delay,cd_clear_4,clear,RuleBased,CausalOptimizer,1817.0,0.9146341463414634,28.0,5.275,12,0.0,0.5,0.5,supplier_delay,True,4,8,1.0
2002,supplier_delay,cd_clear_4,clear,TFIDF_LogReg,CausalOptimizer,1743.959076094429,0.8933857267075699,34.96948163991711,4.313230441672422,14,0.2868313071460786,0.4163072417412755,0.296861451112646,supplier_delay,True,8,10,1.0
2002,supplier_delay,cd_clear_4,clear,TFIDF_LogReg_Calibrated,CausalOptimizer,1666.0,0.875,41.0,4.0,14,0.3333333333333333,0.6666666666666666,0.0,supplier_delay,True,8,10,1.0
2002,supplier_delay,cd_clear_4,clear,PerfectSemantic,CausalOptimizer,1779.0,0.899390243902439,33.0,4.95,11,0.0,1.0,0.0,supplier_delay,True,4,10,1.0
2002,supplier_delay,cd_moderate_1,moderate,NoInfo,CausalOptimizer,1709.2000000000005,0.8908536585365855,35.8,4.200000000000001,11,0.35,0.35,0.3,normal,False,0,0,1.0
2002,supplier_delay,cd_moderate_1,moderate,RuleBased,CausalOptimizer,1779.0,0.899390243902439,33.0,4.95,11,0.0,1.0,0.0,supplier_delay,True,4,10,1.0
2002,supplier_delay,cd_moderate_1,moderate,TFIDF_LogReg,CausalOptimizer,1757.9556392565937,0.8966130547578742,33.91091803941727,4.386741802818245,14,0.2872828661830683,0.39625265306539953,0.31646448075153216,supplier_delay,True,8,10,1.0
2002,supplier_delay,cd_moderate_1,moderate,TFIDF_LogReg_Calibrated,CausalOptimizer,1809.6745944579231,0.907916678808919,30.203329350674608,5.50180339828208,13,0.0,0.9331483694069662,0.06685163059303378,supplier_delay,True,8,10,1.0
2002,supplier_delay,cd_moderate_1,moderate,PerfectSemantic,CausalOptimizer,1779.0,0.899390243902439,33.0,4.95,11,0.0,1.0,0.0,supplier_delay,True,4,10,1.0
2002,supplier_delay,cd_moderate_2,moderate,NoInfo,CausalOptimizer,1709.2000000000005,0.8908536585365855,35.8,4.200000000000001,11,0.35,0.35,0.3,normal,False,0,0,1.0
2002,supplier_delay,cd_moderate_2,moderate,RuleBased,CausalOptimizer,1779.0,0.899390243902439,33.0,4.95,11,0.0,1.0,0.0,supplier_delay,True,4,10,1.0
2002,supplier_delay,cd_moderate_2,moderate,TFIDF_LogReg,CausalOptimizer,1777.6837087902074,0.9013754931764696,32.348838238118,4.51837198499761,14,0.2549948483684219,0.3899664262355114,0.3550387253960666,supplier_delay,True,8,10,1.0
2002,supplier_delay,cd_moderate_2,moderate,TFIDF_LogReg_Calibrated,CausalOptimizer,1807.353402639661,0.9093338084822699,29.738510817815474,4.820760606882291,14,0.0,0.5579503605938493,0.4420496394061508,supplier_delay,True,8,10,1.0
2002,supplier_delay,cd_moderate_2,moderate,PerfectSemantic,CausalOptimizer,1779.0,0.899390243902439,33.0,4.95,11,0.0,1.0,0.0,supplier_delay,True,4,10,1.0
2002,supplier_delay,cd_moderate_3,moderate,NoInfo,CausalOptimizer,1709.2000000000005,0.8908536585365855,35.8,4.200000000000001,11,0.35,0.35,0.3,normal,False,0,0,1.0
2002,supplier_delay,cd_moderate_3,moderate,RuleBased,CausalOptimizer,1779.0,0.899390243902439,33.0,4.95,11,0.0,1.0,0.0,supplier_delay,True,4,10,1.0
2002,supplier_delay,cd_moderate_3,moderate,TFIDF_LogReg,CausalOptimizer,1716.9059698986907,0.8882601531890839,36.65066975398045,4.192082850940554,14,0.2972294001921947,0.43821517289032413,0.26455542691748124,supplier_delay,True,8,10,1.0
2002,supplier_delay,cd_moderate_3,moderate,TFIDF_LogReg_Calibrated,CausalOptimizer,1779.0,0.899390243902439,33.0,4.95,11,0.0,1.0,0.0,supplier_delay,True,8,10,1.0
2002,supplier_delay,cd_moderate_3,moderate,PerfectSemantic,CausalOptimizer,1779.0,0.899390243902439,33.0,4.95,11,0.0,1.0,0.0,supplier_delay,True,4,10,1.0
2002,supplier_delay,cd_moderate_4,moderate,NoInfo,CausalOptimizer,1709.2000000000005,0.8908536585365855,35.8,4.200000000000001,11,0.35,0.35,0.3,normal,False,0,0,1.0
2002,supplier_delay,cd_moderate_4,moderate,RuleBased,CausalOptimizer,1779.0,0.899390243902439,33.0,4.95,11,0.0,1.0,0.0,supplier_delay,True,4,10,1.0
2002,supplier_delay,cd_moderate_4,moderate,TFIDF_LogReg,CausalOptimizer,1723.6921565231746,0.8984516967169973,33.307843476824885,4.834558696190669,10,0.2700074678575591,0.3735873147032703,0.35640521743917064,supplier_delay,True,8,10,1.0
2002,supplier_delay,cd_moderate_4,moderate,TFIDF_LogReg_Calibrated,CausalOptimizer,1818.1326050276646,0.9154563044625909,27.730332136270185,5.3545520198002965,12,0.0,0.4910110712090061,0.5089889287909939,demand_surge,False,0,10,1.75
2002,supplier_delay,cd_moderate_4,moderate,PerfectSemantic,CausalOptimizer,1779.0,0.899390243902439,33.0,4.95,11,0.0,1.0,0.0,supplier_delay,True,4,10,1.0
2002,supplier_delay,cd_vague_1,vague,NoInfo,CausalOptimizer,1709.2000000000005,0.8908536585365855,35.8,4.200000000000001,11,0.35,0.35,0.3,normal,False,0,0,1.0
2002,supplier_delay,cd_vague_1,vague,RuleBased,CausalOptimizer,1793.6000000000001,0.9054878048780488,31.000000000000007,4.659999999999999,14,0.0,0.6,0.39999999999999997,supplier_delay,True,4,10,1.0
2002,supplier_delay,cd_vague_1,vague,TFIDF_LogReg,CausalOptimizer,1770.024025992533,0.8993964515276284,32.99796389893787,4.450213790611523,14,0.2881220537123606,0.37847674291890326,0.33340120336873624,supplier_delay,True,8,10,1.0
2002,supplier_delay,cd_vague_1,vague,TFIDF_LogReg_Calibrated,CausalOptimizer,1785.8382898561597,0.9029133520000597,31.844420543980366,5.041274536003857,13,0.0,0.7343909653328656,0.2656090346671343,supplier_delay,True,8,10,1.0
2002,supplier_delay,cd_vague_1,vague,PerfectSemantic,CausalOptimizer,1779.0,0.899390243902439,33.0,4.95,11,0.0,1.0,0.0,supplier_delay,True,4,10,1.0
2002,supplier_delay,cd_vague_2,vague,NoInfo,CausalOptimizer,1709.2000000000005,0.8908536585365855,35.8,4.200000000000001,11,0.35,0.35,0.3,normal,False,0,0,1.0
2002,supplier_delay,cd_vague_2,vague,RuleBased,CausalOptimizer,1779.0,0.899390243902439,33.0,4.95,11,0.0,1.0,0.0,supplier_delay,True,4,10,1.0
2002,supplier_delay,cd_vague_2,vague,TFIDF_LogReg,CausalOptimizer,1722.5269906122192,0.8884439156463919,36.59039566798342,4.200666967501151,14,0.33267715716288576,0.4004783181701407,0.26684452466697356,supplier_delay,True,8,10,1.0
2002,supplier_delay,cd_vague_2,vague,TFIDF_LogReg_Calibrated,CausalOptimizer,1779.0,0.899390243902439,33.0,4.95,11,0.11851130242360192,0.8814886975763981,0.0,supplier_delay,True,8,10,1.0
2002,supplier_delay,cd_vague_2,vague,PerfectSemantic,CausalOptimizer,1779.0,0.899390243902439,33.0,4.95,11,0.0,1.0,0.0,supplier_delay,True,4,10,1.0
2002,supplier_delay,cd_vague_3,vague,NoInfo,CausalOptimizer,1709.2000000000005,0.8908536585365855,35.8,4.200000000000001,11,0.35,0.35,0.3,normal,False,0,0,1.0
2002,supplier_delay,cd_vague_3,vague,RuleBased,CausalOptimizer,1779.0,0.899390243902439,33.0,4.95,11,0.0,1.0,0.0,supplier_delay,True,4,10,1.0
2002,supplier_delay,cd_vague_3,vague,TFIDF_LogReg,CausalOptimizer,1715.6222376332648,0.8878587359703767,36.78233460171646,4.171510218481804,14,0.3570807868648029,0.3838498215400494,0.2590693915951477,supplier_delay,True,8,10,1.0
2002,supplier_delay,cd_vague_3,vague,TFIDF_LogReg_Calibrated,CausalOptimizer,1666.0,0.875,41.0,4.0,14,0.3349590287226755,0.6650409712773245,0.0,supplier_delay,True,8,10,1.0
2002,supplier_delay,cd_vague_3,vague,PerfectSemantic,CausalOptimizer,1779.0,0.899390243902439,33.0,4.95,11,0.0,1.0,0.0,supplier_delay,True,4,10,1.0
2002,supplier_delay,cd_vague_4,vague,NoInfo,CausalOptimizer,1709.2000000000005,0.8908536585365855,35.8,4.200000000000001,11,0.35,0.35,0.3,normal,False,0,0,1.0
2002,supplier_delay,cd_vague_4,vague,RuleBased,CausalOptimizer,1723.0,0.8963414634146342,34.0,4.575,10,0.3333333333333333,0.3333333333333333,0.3333333333333333,normal,False,0,0,1.0
2002,supplier_delay,cd_vague_4,vague,TFIDF_LogReg,CausalOptimizer,1753.4203622141563,0.89556731041011,34.25392218548395,4.362922070452504,14,0.31434998660035207,0.3755374612789805,0.31011255212066746,supplier_delay,True,8,10,1.0
2002,supplier_delay,cd_vague_4,vague,TFIDF_LogReg_Calibrated,CausalOptimizer,1792.9159631662837,0.9064226610121944,30.693367188000245,5.849754045642801,13,0.0,0.8974611235238154,0.10253887647618465,supplier_delay,True,8,10,1.0
2002,supplier_delay,cd_vague_4,vague,PerfectSemantic,CausalOptimizer,1779.0,0.899390243902439,33.0,4.95,11,0.0,1.0,0.0,supplier_delay,True,4,10,1.0
2003,supplier_delay,cd_clear_1,clear,NoInfo,CausalOptimizer,1665.5999999999997,0.8676557863501485,44.59999999999998,3.4450000000000003,13,0.35,0.35,0.3,normal,False,0,0,1.0
2003,supplier_delay,cd_clear_1,clear,RuleBased,CausalOptimizer,1595.0,0.857566765578635,48.0,5.45,12,0.0,1.0,0.0,supplier_delay,True,4,8,1.0
2003,supplier_delay,cd_clear_1,clear,TFIDF_LogReg,CausalOptimizer,1729.6646414985833,0.8818544812062588,39.815039833490765,4.407368029139116,12,0.23745986963093338,0.421500123431182,0.3410400069378847,supplier_delay,True,8,10,1.0
2003,supplier_delay,cd_clear_1,clear,TFIDF_LogReg_Calibrated,CausalOptimizer,1796.6185218210837,0.8999016001162331,33.733160760829435,5.291272650141137,10,0.0,0.47360751585061306,0.5263924841493869,demand_surge,False,0,10,1.75
2003,supplier_delay,cd_clear_1,clear,PerfectSemantic,CausalOptimizer,1595.0,0.857566765578635,48.0,5.45,12,0.0,1.0,0.0,supplier_delay,True,4,10,1.0
2003,supplier_delay,cd_clear_2,clear,NoInfo,CausalOptimizer,1665.5999999999997,0.8676557863501485,44.59999999999998,3.4450000000000003,13,0.35,0.35,0.3,normal,False,0,0,1.0
2003,supplier_delay,cd_clear_2,clear,RuleBased,CausalOptimizer,1643.7931034482754,0.8632968382277704,46.06896551724138,4.052586206896551,14,0.2758620689655173,0.5172413793103449,0.20689655172413793,supplier_delay,True,4,8,1.0
2003,supplier_delay,cd_clear_2,clear,TFIDF_LogReg,CausalOptimizer,1718.3743772100036,0.8792470665297946,40.69373857945919,4.338145137966231,14,0.2897803462021731,0.39133920753656015,0.3188804462612668,supplier_delay,True,8,10,1.0
2003,supplier_delay,cd_clear_2,clear,TFIDF_LogReg_Calibrated,CausalOptimizer,1621.4236675552543,0.8613807288712301,46.71469437039548,4.878530562960452,14,0.09372902690017108,0.7316791500552591,0.17459182304456988,supplier_delay,True,8,10,1.0
2003,supplier_delay,cd_clear_2,clear,PerfectSemantic,CausalOptimizer,1595.0,0.857566765578635,48.0,5.45,12,0.0,1.0,0.0,supplier_delay,True,4,10,1.0
2003,supplier_delay,cd_clear_3,clear,NoInfo,CausalOptimizer,1665.5999999999997,0.8676557863501485,44.59999999999998,3.4450000000000003,13,0.35,0.35,0.3,normal,False,0,0,1.0
2003,supplier_delay,cd_clear_3,clear,RuleBased,CausalOptimizer,1783.0,0.8961424332344213,35.0,5.125,10,0.0,0.5,0.5,supplier_delay,True,4,4,1.0
2003,supplier_delay,cd_clear_3,clear,TFIDF_LogReg,CausalOptimizer,1729.1603061711867,0.8816881985397911,39.87107709209039,4.397561508884182,12,0.26709012841761415,0.3942047504194853,0.3387051211629006,supplier_delay,True,8,10,1.0
2003,supplier_delay,cd_clear_3,clear,TFIDF_LogReg_Calibrated,CausalOptimizer,1688.2610776105125,0.8725757188331772,42.94198275321929,3.5416799584494534,10,0.296713271444418,0.3675360099397193,0.33575071861586275,supplier_delay,True,8,10,1.0
2003,supplier_delay,cd_clear_3,clear,PerfectSemantic,CausalOptimizer,1595.0,0.857566765578635,48.0,5.45,12,0.0,1.0,0.0,supplier_delay,True,4,10,1.0
2003,supplier_delay,cd_clear_4,clear,NoInfo,CausalOptimizer,1665.5999999999997,0.8676557863501485,44.59999999999998,3.4450000000000003,13,0.35,0.35,0.3,normal,False,0,0,1.0
2003,supplier_delay,cd_clear_4,clear,RuleBased,CausalOptimizer,1783.0,0.8961424332344213,35.0,5.125,10,0.0,0.5,0.5,supplier_delay,True,4,8,1.0
2003,supplier_delay,cd_clear_4,clear,TFIDF_LogReg,CausalOptimizer,1703.7097264410222,0.8761108298320683,41.75065034659299,4.281996700337247,14,0.2868313071460786,0.4163072417412755,0.296861451112646,supplier_delay,True,8,10,1.0
2003,supplier_delay,cd_clear_4,clear,TFIDF_LogReg_Calibrated,CausalOptimizer,1540.0,0.8427299703264095,53.0,4.4,15,0.3333333333333333,0.6666666666666666,0.0,supplier_delay,True,8,10,1.0
2003,supplier_delay,cd_clear_4,clear,PerfectSemantic,CausalOptimizer,1595.0,0.857566765578635,48.0,5.45,12,0.0,1.0,0.0,supplier_delay,True,4,10,1.0
2003,supplier_delay,cd_moderate_1,moderate,NoInfo,CausalOptimizer,1665.5999999999997,0.8676557863501485,44.59999999999998,3.4450000000000003,13,0.35,0.35,0.3,normal,False,0,0,1.0
2003,supplier_delay,cd_moderate_1,moderate,RuleBased,CausalOptimizer,1595.0,0.857566765578635,48.0,5.45,12,0.0,1.0,0.0,supplier_delay,True,4,10,1.0
2003,supplier_delay,cd_moderate_1,moderate,TFIDF_LogReg,CausalOptimizer,1716.7653441805203,0.8789029527479927,40.80970492392646,4.331984425916407,14,0.2872828661830683,0.39625265306539953,0.31646448075153216,supplier_delay,True,8,10,1.0
2003,supplier_delay,cd_moderate_1,moderate,TFIDF_LogReg_Calibrated,CausalOptimizer,1614.6543793943522,0.8647081860574161,45.59334129865078,5.921303995680889,12,0.0,0.9331483694069662,0.06685163059303378,supplier_delay,True,8,10,1.0
2003,supplier_delay,cd_moderate_1,moderate,PerfectSemantic,CausalOptimizer,1595.0,0.857566765578635,48.0,5.45,12,0.0,1.0,0.0,supplier_delay,True,4,10,1.0
2003,supplier_delay,cd_moderate_2,moderate,NoInfo,CausalOptimizer,1665.5999999999997,0.8676557863501485,44.59999999999998,3.4450000000000003,13,0.35,0.35,0.3,normal,False,0,0,1.0
2003,supplier_delay,cd_moderate_2,moderate,RuleBased,CausalOptimizer,1595.0,0.857566765578635,48.0,5.45,12,0.0,1.0,0.0,supplier_delay,True,4,10,1.0
2003,supplier_delay,cd_moderate_2,moderate,TFIDF_LogReg,CausalOptimizer,1732.6883646855504,0.8828514225801353,39.4790705904944,4.46616264666348,12,0.2549948483684219,0.3899664262355114,0.3550387253960666,supplier_delay,True,8,10,1.0
2003,supplier_delay,cd_moderate_2,moderate,TFIDF_LogReg_Calibrated,CausalOptimizer,1751.4827221117287,0.8890480455363431,37.39080865425238,4.831608485505834,12,0.0,0.5579503605938493,0.4420496394061508,supplier_delay,True,8,10,1.0
2003,supplier_delay,cd_moderate_2,moderate,PerfectSemantic,CausalOptimizer,1595.0,0.857566765578635,48.0,5.45,12,0.0,1.0,0.0,supplier_delay,True,4,10,1.0
2003,supplier_delay,cd_moderate_3,moderate,NoInfo,CausalOptimizer,1665.5999999999997,0.8676557863501485,44.59999999999998,3.4450000000000003,13,0.35,0.35,0.3,normal,False,0,0,1.0
2003,supplier_delay,cd_moderate_3,moderate,RuleBased,CausalOptimizer,1595.0,0.857566765578635,48.0,5.45,12,0.0,1.0,0.0,supplier_delay,True,4,10,1.0
2003,supplier_delay,cd_moderate_3,moderate,TFIDF_LogReg,CausalOptimizer,1682.1939143270429,0.871509378314656,43.301339507960904,4.199616338639577,14,0.2972294001921947,0.43821517289032413,0.26455542691748124,supplier_delay,True,8,10,1.0
2003,supplier_delay,cd_moderate_3,moderate,TFIDF_LogReg_Calibrated,CausalOptimizer,1595.0,0.857566765578635,48.0,5.45,12,0.0,1.0,0.0,supplier_delay,True,8,10,1.0
2003,supplier_delay,cd_moderate_3,moderate,PerfectSemantic,CausalOptimizer,1595.0,0.857566765578635,48.0,5.45,12,0.0,1.0,0.0,supplier_delay,True,4,10,1.0
2003,supplier_delay,cd_moderate_4,moderate,NoInfo,CausalOptimizer,1665.5999999999997,0.8676557863501485,44.59999999999998,3.4450000000000003,13,0.35,0.35,0.3,normal,False,0,0,1.0
2003,supplier_delay,cd_moderate_4,moderate,RuleBased,CausalOptimizer,1595.0,0.857566765578635,48.0,5.45,12,0.0,1.0,0.0,supplier_delay,True,4,10,1.0
2003,supplier_delay,cd_moderate_4,moderate,TFIDF_LogReg,CausalOptimizer,1690.4917634834298,0.8740466623695551,42.446274781459906,3.684196000330277,10,0.2700074678575591,0.3735873147032703,0.35640521743917064,supplier_delay,True,8,10,1.0
2003,supplier_delay,cd_moderate_4,moderate,TFIDF_LogReg_Calibrated,CausalOptimizer,1787.6382872561524,0.897422755436106,34.56853141803229,5.181630251383261,10,0.0,0.4910110712090061,0.5089889287909939,demand_surge,False,0,10,1.75
2003,supplier_delay,cd_moderate_4,moderate,PerfectSemantic,CausalOptimizer,1595.0,0.857566765578635,48.0,5.45,12,0.0,1.0,0.0,supplier_delay,True,4,10,1.0
2003,supplier_delay,cd_vague_1,vague,NoInfo,CausalOptimizer,1665.5999999999997,0.8676557863501485,44.59999999999998,3.4450000000000003,13,0.35,0.35,0.3,normal,False,0,0,1.0
2003,supplier_delay,cd_vague_1,vague,RuleBased,CausalOptimizer,1742.4,0.886053412462908,38.400000000000006,4.6549999999999985,12,0.0,0.6,0.39999999999999997,supplier_delay,True,4,10,1.0
2003,supplier_delay,cd_vague_1,vague,TFIDF_LogReg,CausalOptimizer,1728.014659927648,0.8813104714565274,39.998371119150285,4.375285054148695,12,0.2881220537123606,0.37847674291890326,0.33340120336873624,supplier_delay,True,8,10,1.0
2003,supplier_delay,cd_vague_1,vague,TFIDF_LogReg_Calibrated,CausalOptimizer,1649.349018559845,0.8694362017804155,44.0,5.391274536003857,12,0.0,0.7343909653328656,0.2656090346671343,supplier_delay,True,8,10,1.0
2003,supplier_delay,cd_vague_1,vague,PerfectSemantic,CausalOptimizer,1595.0,0.857566765578635,48.0,5.45,12,0.0,1.0,0.0,supplier_delay,True,4,10,1.0
2003,supplier_delay,cd_vague_2,vague,NoInfo,CausalOptimizer,1665.5999999999997,0.8676557863501485,44.59999999999998,3.4450000000000003,13,0.35,0.35,0.3,normal,False,0,0,1.0
2003,supplier_delay,cd_vague_2,vague,RuleBased,CausalOptimizer,1595.0,0.857566765578635,48.0,5.45,12,0.0,1.0,0.0,supplier_delay,True,4,10,1.0
2003,supplier_delay,cd_vague_2,vague,TFIDF_LogReg,CausalOptimizer,1683.7184534282046,0.871835421911023,43.19146281598526,4.205453537900783,14,0.33267715716288576,0.4004783181701407,0.26684452466697356,supplier_delay,True,8,10,1.0
2003,supplier_delay,cd_vague_2,vague,TFIDF_LogReg_Calibrated,CausalOptimizer,1595.0,0.857566765578635,48.0,5.45,12,0.11851130242360192,0.8814886975763981,0.0,supplier_delay,True,8,10,1.0
2003,supplier_delay,cd_vague_2,vague,PerfectSemantic,CausalOptimizer,1595.0,0.857566765578635,48.0,5.45,12,0.0,1.0,0.0,supplier_delay,True,4,10,1.0
2003,supplier_delay,cd_vague_3,vague,NoInfo,CausalOptimizer,1665.5999999999997,0.8676557863501485,44.59999999999998,3.4450000000000003,13,0.35,0.35,0.3,normal,False,0,0,1.0
2003,supplier_delay,cd_vague_3,vague,RuleBased,CausalOptimizer,1595.0,0.857566765578635,48.0,5.45,12,0.0,1.0,0.0,supplier_delay,True,4,10,1.0
2003,supplier_delay,cd_vague_3,vague,TFIDF_LogReg,CausalOptimizer,1678.5402148023686,0.8707279845595463,43.56466920343291,4.185626948567626,14,0.3570807868648029,0.3838498215400494,0.2590693915951477,supplier_delay,True,8,10,1.0
2003,supplier_delay,cd_vague_3,vague,TFIDF_LogReg_Calibrated,CausalOptimizer,1540.0,0.8427299703264095,53.0,4.4,15,0.3349590287226755,0.6650409712773245,0.0,supplier_delay,True,8,10,1.0
2003,supplier_delay,cd_vague_3,vague,PerfectSemantic,CausalOptimizer,1595.0,0.857566765578635,48.0,5.45,12,0.0,1.0,0.0,supplier_delay,True,4,10,1.0
2003,supplier_delay,cd_vague_4,vague,NoInfo,CausalOptimizer,1665.5999999999997,0.8676557863501485,44.59999999999998,3.4450000000000003,13,0.35,0.35,0.3,normal,False,0,0,1.0
2003,supplier_delay,cd_vague_4,vague,RuleBased,CausalOptimizer,1688.0,0.8724035608308606,43.0,3.525,10,0.3333333333333333,0.3333333333333333,0.3333333333333333,normal,False,0,0,1.0
2003,supplier_delay,cd_vague_4,vague,TFIDF_LogReg,CausalOptimizer,1712.5349597123643,0.877998227008285,41.11459749820796,4.315787007907703,14,0.31434998660035207,0.3755374612789805,0.31011255212066746,supplier_delay,True,8,10,1.0
2003,supplier_delay,cd_vague_4,vague,TFIDF_LogReg_Calibrated,CausalOptimizer,1623.6835290137121,0.868520473451462,44.30860044685735,6.2363265623999515,11,0.0,0.8974611235238154,0.10253887647618465,supplier_delay,True,8,10,1.0
2003,supplier_delay,cd_vague_4,vague,PerfectSemantic,CausalOptimizer,1595.0,0.857566765578635,48.0,5.45,12,0.0,1.0,0.0,supplier_delay,True,4,10,1.0
2004,supplier_delay,cd_clear_1,clear,NoInfo,CausalOptimizer,1422.2000000000003,0.9126279863481228,25.599999999999998,8.48,7,0.35,0.35,0.3,normal,False,0,0,1.0
2004,supplier_delay,cd_clear_1,clear,RuleBased,CausalOptimizer,1448.0,0.9215017064846417,23.0,10.425,7,0.0,1.0,0.0,supplier_delay,True,4,8,1.0
2004,supplier_delay,cd_clear_1,clear,TFIDF_LogReg,CausalOptimizer,1490.8958417067197,0.9291167242598517,20.768799791863458,9.23814803434253,7,0.23745986963093338,0.421500123431182,0.3410400069378847,supplier_delay,True,8,10,1.0
2004,supplier_delay,cd_clear_1,clear,TFIDF_LogReg_Calibrated,CausalOptimizer,1457.8066723229833,0.9396474737535585,17.68329019020736,11.381517115842474,5,0.0,0.47360751585061306,0.5263924841493869,demand_surge,False,0,10,1.75
2004,supplier_delay,cd_clear_1,clear,PerfectSemantic,CausalOptimizer,1448.0,0.9215017064846417,23.0,10.425,7,0.0,1.0,0.0,supplier_delay,True,4,10,1.0
2004,supplier_delay,cd_clear_2,clear,NoInfo,CausalOptimizer,1422.2000000000003,0.9126279863481228,25.599999999999998,8.48,7,0.35,0.35,0.3,normal,False,0,0,1.0
2004,supplier_delay,cd_clear_2,clear,RuleBased,CausalOptimizer,1452.6551724137926,0.9144403907261386,25.06896551724138,8.58103448275862,6,0.2758620689655173,0.5172413793103449,0.20689655172413793,supplier_delay,True,4,8,1.0
2004,supplier_delay,cd_clear_2,clear,TFIDF_LogReg,CausalOptimizer,1485.4445897802716,0.9268478272622457,21.433586612161996,9.12845820899327,7,0.2897803462021731,0.39133920753656015,0.3188804462612668,supplier_delay,True,8,10,1.0
2004,supplier_delay,cd_clear_2,clear,TFIDF_LogReg_Calibrated,CausalOptimizer,1415.8630683707343,0.9143511881346934,25.09510187653484,9.865382540117704,7,0.09372902690017108,0.7316791500552591,0.17459182304456988,supplier_delay,True,8,10,1.0
2004,supplier_delay,cd_clear_2,clear,PerfectSemantic,CausalOptimizer,1448.0,0.9215017064846417,23.0,10.425,7,0.0,1.0,0.0,supplier_delay,True,4,10,1.0
2004,supplier_delay,cd_clear_3,clear,NoInfo,CausalOptimizer,1422.2000000000003,0.9126279863481228,25.599999999999998,8.48,7,0.35,0.35,0.3,normal,False,0,0,1.0
2004,supplier_delay,cd_clear_3,clear,RuleBased,CausalOptimizer,1470.0,0.9385665529010239,18.0,10.95,5,0.0,0.5,0.5,supplier_delay,True,4,4,1.0
2004,supplier_delay,cd_clear_3,clear,TFIDF_LogReg,CausalOptimizer,1490.3214598060738,0.9288776574569522,20.838846365112985,9.226590349756359,7,0.26709012841761415,0.3942047504194853,0.3387051211629006,supplier_delay,True,8,10,1.0
2004,supplier_delay,cd_clear_3,clear,TFIDF_LogReg_Calibrated,CausalOptimizer,1417.6954094544008,0.9148242762289608,24.95648706491447,8.85001993767418,7,0.296713271444418,0.3675360099397193,0.33575071861586275,supplier_delay,True,8,10,1.0
2004,supplier_delay,cd_clear_3,clear,PerfectSemantic,CausalOptimizer,1448.0,0.9215017064846417,23.0,10.425,7,0.0,1.0,0.0,supplier_delay,True,4,10,1.0
2004,supplier_delay,cd_clear_4,clear,NoInfo,CausalOptimizer,1422.2000000000003,0.9126279863481228,25.599999999999998,8.48,7,0.35,0.35,0.3,normal,False,0,0,1.0
2004,supplier_delay,cd_clear_4,clear,RuleBased,CausalOptimizer,1470.0,0.9385665529010239,18.0,10.95,5,0.0,0.5,0.5,supplier_delay,True,4,8,1.0
2004,supplier_delay,cd_clear_4,clear,TFIDF_LogReg,CausalOptimizer,1480.0279169737112,0.92459332263952,22.094156466620618,9.019464183007598,7,0.2868313071460786,0.4163072417412755,0.296861451112646,supplier_delay,True,8,10,1.0
2004,supplier_delay,cd_clear_4,clear,TFIDF_LogReg_Calibrated,CausalOptimizer,1414.0,0.9044368600682594,28.0,8.65,8,0.3333333333333333,0.6666666666666666,0.0,supplier_delay,True,8,10,1.0
2004,supplier_delay,cd_clear_4,clear,PerfectSemantic,CausalOptimizer,1448.0,0.9215017064846417,23.0,10.425,7,0.0,1.0,0.0,supplier_delay,True,4,10,1.0
2004,supplier_delay,cd_moderate_1,moderate,NoInfo,CausalOptimizer,1422.2000000000003,0.9126279863481228,25.599999999999998,8.48,7,0.35,0.35,0.3,normal,False,0,0,1.0
2004,supplier_delay,cd_moderate_1,moderate,RuleBased,CausalOptimizer,1448.0,0.9215017064846417,23.0,10.425,7,0.0,1.0,0.0,supplier_delay,True,4,10,1.0
2004,supplier_delay,cd_moderate_1,moderate,TFIDF_LogReg,CausalOptimizer,1484.8502622648766,0.9266004587800204,21.506065577454038,9.116499179720083,7,0.2872828661830683,0.39625265306539953,0.31646448075153216,supplier_delay,True,8,10,1.0
2004,supplier_delay,cd_moderate_1,moderate,TFIDF_LogReg_Calibrated,CausalOptimizer,1418.1533890905555,0.9194577125718709,23.598890216441795,11.056609186159395,8,0.0,0.9331483694069662,0.06685163059303378,supplier_delay,True,8,10,1.0
2004,supplier_delay,cd_moderate_1,moderate,PerfectSemantic,CausalOptimizer,1448.0,0.9215017064846417,23.0,10.425,7,0.0,1.0,0.0,supplier_delay,True,4,10,1.0
2004,supplier_delay,cd_moderate_2,moderate,NoInfo,CausalOptimizer,1422.2000000000003,0.9126279863481228,25.599999999999998,8.48,7,0.35,0.35,0.3,normal,False,0,0,1.0
2004,supplier_delay,cd_moderate_2,moderate,RuleBased,CausalOptimizer,1448.0,0.9215017064846417,23.0,10.425,7,0.0,1.0,0.0,supplier_delay,True,4,10,1.0
2004,supplier_delay,cd_moderate_2,moderate,TFIDF_LogReg,CausalOptimizer,1494.3395264474325,0.930550040142942,20.348838238118,9.30744169071053,7,0.2549948483684219,0.3899664262355114,0.3550387253960666,supplier_delay,True,8,10,1.0
2004,supplier_delay,cd_moderate_2,moderate,TFIDF_LogReg_Calibrated,CausalOptimizer,1498.9023860664267,0.9361931592930847,18.69540432712619,9.94927861748887,5,0.0,0.5579503605938493,0.4420496394061508,supplier_delay,True,8,10,1.0
2004,supplier_delay,cd_moderate_2,moderate,PerfectSemantic,CausalOptimizer,1448.0,0.9215017064846417,23.0,10.425,7,0.0,1.0,0.0,supplier_delay,True,4,10,1.0
2004,supplier_delay,cd_moderate_3,moderate,NoInfo,CausalOptimizer,1422.2000000000003,0.9126279863481228,25.599999999999998,8.48,7,0.35,0.35,0.3,normal,False,0,0,1.0
2004,supplier_delay,cd_moderate_3,moderate,RuleBased,CausalOptimizer,1448.0,0.9215017064846417,23.0,10.425,7,0.0,1.0,0.0,supplier_delay,True,4,10,1.0
2004,supplier_delay,cd_moderate_3,moderate,TFIDF_LogReg,CausalOptimizer,1472.0806350217003,0.9212855385922336,23.063337192475565,8.859549363241532,7,0.2972294001921947,0.43821517289032413,0.26455542691748124,supplier_delay,True,8,10,1.0
2004,supplier_delay,cd_moderate_3,moderate,TFIDF_LogReg_Calibrated,CausalOptimizer,1448.0,0.9215017064846417,23.0,10.425,7,0.0,1.0,0.0,supplier_delay,True,8,10,1.0
2004,supplier_delay,cd_moderate_3,moderate,PerfectSemantic,CausalOptimizer,1448.0,0.9215017064846417,23.0,10.425,7,0.0,1.0,0.0,supplier_delay,True,4,10,1.0
2004,supplier_delay,cd_moderate_4,moderate,NoInfo,CausalOptimizer,1422.2000000000003,0.9126279863481228,25.599999999999998,8.48,7,0.35,0.35,0.3,normal,False,0,0,1.0
2004,supplier_delay,cd_moderate_4,moderate,RuleBased,CausalOptimizer,1448.0,0.9215017064846417,23.0,10.425,7,0.0,1.0,0.0,supplier_delay,True,4,10,1.0
2004,supplier_delay,cd_moderate_4,moderate,TFIDF_LogReg,CausalOptimizer,1415.0929426026644,0.9160931532897785,24.58470608609493,9.063794000495415,7,0.2700074678575591,0.3735873147032703,0.35640521743917064,supplier_delay,True,8,10,1.0
2004,supplier_delay,cd_moderate_4,moderate,TFIDF_LogReg_Calibrated,CausalOptimizer,1465.8471148985602,0.9389347001552626,17.89213285450808,11.096968985732747,5,0.0,0.4910110712090061,0.5089889287909939,demand_surge,False,0,10,1.75
2004,supplier_delay,cd_moderate_4,moderate,PerfectSemantic,CausalOptimizer,1448.0,0.9215017064846417,23.0,10.425,7,0.0,1.0,0.0,supplier_delay,True,4,10,1.0
2004,supplier_delay,cd_vague_1,vague,NoInfo,CausalOptimizer,1422.2000000000003,0.9126279863481228,25.599999999999998,8.48,7,0.35,0.35,0.3,normal,False,0,0,1.0
2004,supplier_delay,cd_vague_1,vague,RuleBased,CausalOptimizer,1501.3999999999992,0.9337883959044367,19.400000000000013,9.604999999999999,6,0.0,0.6,0.39999999999999997,supplier_delay,True,4,10,1.0
2004,supplier_delay,cd_vague_1,vague,TFIDF_LogReg,CausalOptimizer,1489.0166960287095,0.9283345942015772,20.99796389893789,9.20033595667525,7,0.2881220537123606,0.37847674291890326,0.33340120336873624,supplier_delay,True,8,10,1.0
2004,supplier_delay,cd_vague_1,vague,TFIDF_LogReg_Calibrated,CausalOptimizer,1370.7584296957532,0.9106235207644859,26.187308416005607,10.556115891203927,6,0.0,0.7343909653328656,0.2656090346671343,supplier_delay,True,8,10,1.0
2004,supplier_delay,cd_vague_1,vague,PerfectSemantic,CausalOptimizer,1448.0,0.9215017064846417,23.0,10.425,7,0.0,1.0,0.0,supplier_delay,True,4,10,1.0
2004,supplier_delay,cd_vague_2,vague,NoInfo,CausalOptimizer,1422.2000000000003,0.9126279863481228,25.599999999999998,8.48,7,0.35,0.35,0.3,normal,False,0,0,1.0
2004,supplier_delay,cd_vague_2,vague,RuleBased,CausalOptimizer,1448.0,0.9215017064846417,23.0,10.425,7,0.0,1.0,0.0,supplier_delay,True,4,10,1.0
2004,supplier_delay,cd_vague_2,vague,TFIDF_LogReg,CausalOptimizer,1472.6437530680753,0.9215199172013965,22.994664259990792,8.87088039710152,7,0.33267715716288576,0.4004783181701407,0.26684452466697356,supplier_delay,True,8,10,1.0
2004,supplier_delay,cd_vague_2,vague,TFIDF_LogReg_Calibrated,CausalOptimizer,1448.0,0.9215017064846417,23.0,10.425,7,0.11851130242360192,0.8814886975763981,0.0,supplier_delay,True,8,10,1.0
2004,supplier_delay,cd_vague_2,vague,PerfectSemantic,CausalOptimizer,1448.0,0.9215017064846417,23.0,10.425,7,0.0,1.0,0.0,supplier_delay,True,4,10,1.0
2004,supplier_delay,cd_vague_3,vague,NoInfo,CausalOptimizer,1422.2000000000003,0.9126279863481228,25.599999999999998,8.48,7,0.35,0.35,0.3,normal,False,0,0,1.0
2004,supplier_delay,cd_vague_3,vague,RuleBased,CausalOptimizer,1448.0,0.9215017064846417,23.0,10.425,7,0.0,1.0,0.0,supplier_delay,True,4,10,1.0
2004,supplier_delay,cd_vague_3,vague,TFIDF_LogReg,CausalOptimizer,1470.7310703324065,0.9207238284909708,23.22791825214557,8.832393488395981,7,0.3570807868648029,0.3838498215400494,0.2590693915951477,supplier_delay,True,8,10,1.0
2004,supplier_delay,cd_vague_3,vague,TFIDF_LogReg_Calibrated,CausalOptimizer,1414.0,0.9044368600682594,28.0,8.65,8,0.3349590287226755,0.6650409712773245,0.0,supplier_delay,True,8,10,1.0
2004,supplier_delay,cd_vague_3,vague,PerfectSemantic,CausalOptimizer,1448.0,0.9215017064846417,23.0,10.425,7,0.0,1.0,0.0,supplier_delay,True,4,10,1.0
2004,supplier_delay,cd_vague_4,vague,NoInfo,CausalOptimizer,1422.2000000000003,0.9126279863481228,25.599999999999998,8.48,7,0.35,0.35,0.3,normal,False,0,0,1.0
2004,supplier_delay,cd_vague_4,vague,RuleBased,CausalOptimizer,1418.0,0.9146757679180887,25.0,8.825,7,0.3333333333333333,0.3333333333333333,0.3333333333333333,normal,False,0,0,1.0
2004,supplier_delay,cd_vague_4,vague,TFIDF_LogReg,CausalOptimizer,1483.2876878216846,0.9259500906608192,21.696623436379973,9.085057132997303,7,0.31434998660035207,0.3755374612789805,0.31011255212066746,supplier_delay,True,8,10,1.0
2004,supplier_delay,cd_vague_4,vague,TFIDF_LogReg_Calibrated,CausalOptimizer,1408.0078705394303,0.9201885094158947,23.38476674114289,11.395896540057084,7,0.0,0.8974611235238154,0.10253887647618465,supplier_delay,True,8,10,1.0
2004,supplier_delay,cd_vague_4,vague,PerfectSemantic,CausalOptimizer,1448.0,0.9215017064846417,23.0,10.425,7,0.0,1.0,0.0,supplier_delay,True,4,10,1.0
2005,supplier_delay,cd_clear_1,clear,NoInfo,CausalOptimizer,1311.3999999999994,0.8239067055393586,60.4,6.9300000000000015,8,0.35,0.35,0.3,normal,False,0,0,1.0
2005,supplier_delay,cd_clear_1,clear,RuleBased,CausalOptimizer,1738.0,0.8688046647230321,45.0,4.0,10,0.0,1.0,0.0,supplier_delay,True,4,8,1.0
2005,supplier_delay,cd_clear_1,clear,TFIDF_LogReg,CausalOptimizer,1580.9827190841997,0.8546318370987812,49.86127987511807,5.10592007284779,7,0.23745986963093338,0.421500123431182,0.3410400069378847,supplier_delay,True,8,10,1.0
2005,supplier_delay,cd_clear_1,clear,TFIDF_LogReg_Calibrated,CausalOptimizer,1565.199482282488,0.864358789255653,46.52493528531104,6.960038828813377,7,0.0,0.47360751585061306,0.5263924841493869,demand_surge,False,0,10,1.75
2005,supplier_delay,cd_clear_1,clear,PerfectSemantic,CausalOptimizer,1738.0,0.8688046647230321,45.0,4.0,10,0.0,1.0,0.0,supplier_delay,True,4,10,1.0
2005,supplier_delay,cd_clear_2,clear,NoInfo,CausalOptimizer,1311.3999999999994,0.8239067055393586,60.4,6.9300000000000015,8,0.35,0.35,0.3,normal,False,0,0,1.0
2005,supplier_delay,cd_clear_2,clear,RuleBased,CausalOptimizer,1581.8965517241372,0.8467879762742535,52.55172413793103,3.881896551724137,9,0.2758620689655173,0.5172413793103449,0.20689655172413793,supplier_delay,True,4,8,1.0
2005,supplier_delay,cd_clear_2,clear,TFIDF_LogReg,CausalOptimizer,1578.4741944813495,0.8534689447017575,50.2601519672972,4.884084351047351,7,0.2897803462021731,0.39133920753656015,0.3188804462612668,supplier_delay,True,8,10,1.0
2005,supplier_delay,cd_clear_2,clear,TFIDF_LogReg_Calibrated,CausalOptimizer,1728.3746863206022,0.8697750920346121,44.66714343212806,3.951153016047081,8,0.09372902690017108,0.7316791500552591,0.17459182304456988,supplier_delay,True,8,10,1.0
2005,supplier_delay,cd_clear_2,clear,PerfectSemantic,CausalOptimizer,1738.0,0.8688046647230321,45.0,4.0,10,0.0,1.0,0.0,supplier_delay,True,4,10,1.0
2005,supplier_delay,cd_clear_3,clear,NoInfo,CausalOptimizer,1311.3999999999994,0.8239067055393586,60.4,6.9300000000000015,8,0.35,0.35,0.3,normal,False,0,0,1.0
2005,supplier_delay,cd_clear_3,clear,RuleBased,CausalOptimizer,1569.0,0.8629737609329446,47.0,6.675,7,0.0,0.5,0.5,supplier_delay,True,4,4,1.0
2005,supplier_delay,cd_clear_3,clear,TFIDF_LogReg,CausalOptimizer,1581.2909240064964,0.8545093066499482,49.90330781906779,5.0814037722104555,7,0.26709012841761415,0.3942047504194853,0.3387051211629006,supplier_delay,True,8,10,1.0
2005,supplier_delay,cd_clear_3,clear,TFIDF_LogReg_Calibrated,CausalOptimizer,1304.1007326748982,0.8251574595434122,59.970991376609646,7.409085132483665,8,0.296713271444418,0.3675360099397193,0.33575071861586275,supplier_delay,True,8,10,1.0
2005,supplier_delay,cd_clear_3,clear,PerfectSemantic,CausalOptimizer,1738.0,0.8688046647230321,45.0,4.0,10,0.0,1.0,0.0,supplier_delay,True,4,10,1.0
2005,supplier_delay,cd_clear_4,clear,NoInfo,CausalOptimizer,1311.3999999999994,0.8239067055393586,60.4,6.9300000000000015,8,0.35,0.35,0.3,normal,False,0,0,1.0
2005,supplier_delay,cd_clear_4,clear,RuleBased,CausalOptimizer,1569.0,0.8629737609329446,47.0,6.675,7,0.0,0.5,0.5,supplier_delay,True,4,8,1.0
2005,supplier_delay,cd_clear_4,clear,TFIDF_LogReg,CausalOptimizer,1580.7201319865103,0.8523134289213634,50.65649387997237,4.669399148348299,7,0.2868313071460786,0.4163072417412755,0.296861451112646,supplier_delay,True,8,10,1.0
2005,supplier_delay,cd_clear_4,clear,TFIDF_LogReg_Calibrated,CausalOptimizer,1605.0,0.8454810495626822,53.0,3.6,10,0.3333333333333333,0.6666666666666666,0.0,supplier_delay,True,8,10,1.0
2005,supplier_delay,cd_clear_4,clear,PerfectSemantic,CausalOptimizer,1738.0,0.8688046647230321,45.0,4.0,10,0.0,1.0,0.0,supplier_delay,True,4,10,1.0
2005,supplier_delay,cd_moderate_1,moderate,NoInfo,CausalOptimizer,1311.3999999999994,0.8239067055393586,60.4,6.9300000000000015,8,0.35,0.35,0.3,normal,False,0,0,1.0
2005,supplier_delay,cd_moderate_1,moderate,RuleBased,CausalOptimizer,1738.0,0.8688046647230321,45.0,4.0,10,0.0,1.0,0.0,supplier_delay,True,4,10,1.0
2005,supplier_delay,cd_moderate_1,moderate,TFIDF_LogReg,CausalOptimizer,1578.7206229633446,0.8533421593397305,50.30363934647242,4.860528687327438,7,0.2872828661830683,0.39625265306539953,0.31646448075153216,supplier_delay,True,8,10,1.0
2005,supplier_delay,cd_moderate_1,moderate,TFIDF_LogReg_Calibrated,CausalOptimizer,1786.1276251091936,0.8781599949517949,41.79112173153437,4.120471658012237,9,0.0,0.9331483694069662,0.06685163059303378,supplier_delay,True,8,10,1.0
2005,supplier_delay,cd_moderate_1,moderate,PerfectSemantic,CausalOptimizer,1738.0,0.8688046647230321,45.0,4.0,10,0.0,1.0,0.0,supplier_delay,True,4,10,1.0
2005,supplier_delay,cd_moderate_2,moderate,NoInfo,CausalOptimizer,1311.3999999999994,0.8239067055393586,60.4,6.9300000000000015,8,0.35,0.35,0.3,normal,False,0,0,1.0
2005,supplier_delay,cd_moderate_2,moderate,RuleBased,CausalOptimizer,1738.0,0.8688046647230321,45.0,4.0,10,0.0,1.0,0.0,supplier_delay,True,4,10,1.0
2005,supplier_delay,cd_moderate_2,moderate,TFIDF_LogReg,CausalOptimizer,1579.1348882477198,0.8553664637234086,49.6093029428708,5.252906616658699,7,0.2549948483684219,0.3899664262355114,0.3550387253960666,supplier_delay,True,8,10,1.0
2005,supplier_delay,cd_moderate_2,moderate,TFIDF_LogReg_Calibrated,CausalOptimizer,1568.8678302898836,0.8599326341379321,48.04310649068928,6.136061646477201,7,0.0,0.5579503605938493,0.4420496394061508,supplier_delay,True,8,10,1.0
2005,supplier_delay,cd_moderate_2,moderate,PerfectSemantic,CausalOptimizer,1738.0,0.8688046647230321,45.0,4.0,10,0.0,1.0,0.0,supplier_delay,True,4,10,1.0
2005,supplier_delay,cd_moderate_3,moderate,NoInfo,CausalOptimizer,1311.3999999999994,0.8239067055393586,60.4,6.9300000000000015,8,0.35,0.35,0.3,normal,False,0,0,1.0
2005,supplier_delay,cd_moderate_3,moderate,RuleBased,CausalOptimizer,1738.0,0.8688046647230321,45.0,4.0,10,0.0,1.0,0.0,supplier_delay,True,4,10,1.0
2005,supplier_delay,cd_moderate_3,moderate,TFIDF_LogReg,CausalOptimizer,1584.0153464544167,0.8506180690510632,51.23800231548534,4.354415412445441,7,0.2972294001921947,0.43821517289032413,0.26455542691748124,supplier_delay,True,8,10,1.0
2005,supplier_delay,cd_moderate_3,moderate,TFIDF_LogReg_Calibrated,CausalOptimizer,1738.0,0.8688046647230321,45.0,4.0,10,0.0,1.0,0.0,supplier_delay,True,8,10,1.0
2005,supplier_delay,cd_moderate_3,moderate,PerfectSemantic,CausalOptimizer,1738.0,0.8688046647230321,45.0,4.0,10,0.0,1.0,0.0,supplier_delay,True,4,10,1.0
2005,supplier_delay,cd_moderate_4,moderate,NoInfo,CausalOptimizer,1311.3999999999994,0.8239067055393586,60.4,6.9300000000000015,8,0.35,0.35,0.3,normal,False,0,0,1.0
2005,supplier_delay,cd_moderate_4,moderate,RuleBased,CausalOptimizer,1738.0,0.8688046647230321,45.0,4.0,10,0.0,1.0,0.0,supplier_delay,True,4,10,1.0
2005,supplier_delay,cd_moderate_4,moderate,TFIDF_LogReg,CausalOptimizer,1296.4172591126287,0.8258800659162392,59.72313739072995,7.700313565892304,8,0.2700074678575591,0.3735873147032703,0.35640521743917064,supplier_delay,True,8,10,1.0
2005,supplier_delay,cd_moderate_4,moderate,TFIDF_LogReg_Calibrated,CausalOptimizer,1567.705594254096,0.8634454831435506,46.83819928176211,6.772080430942734,7,0.0,0.4910110712090061,0.5089889287909939,demand_surge,False,0,10,1.75
2005,supplier_delay,cd_moderate_4,moderate,PerfectSemantic,CausalOptimizer,1738.0,0.8688046647230321,45.0,4.0,10,0.0,1.0,0.0,supplier_delay,True,4,10,1.0
2005,supplier_delay,cd_vague_1,vague,NoInfo,CausalOptimizer,1311.3999999999994,0.8239067055393586,60.4,6.9300000000000015,8,0.35,0.35,0.3,normal,False,0,0,1.0
2005,supplier_delay,cd_vague_1,vague,RuleBased,CausalOptimizer,1573.2000000000003,0.8577259475218658,48.800000000000004,5.724999999999997,7,0.0,0.6,0.39999999999999997,supplier_delay,True,4,10,1.0
2005,supplier_delay,cd_vague_1,vague,TFIDF_LogReg,CausalOptimizer,1581.9910411553278,0.8542309669406335,49.998778339362715,5.025712635371734,7,0.2881220537123606,0.37847674291890326,0.33340120336873624,supplier_delay,True,8,10,1.0
2005,supplier_delay,cd_vague_1,vague,TFIDF_LogReg_Calibrated,CausalOptimizer,1756.7492336640219,0.8786431977609657,41.62538316798878,4.485798601604067,7,0.0,0.7343909653328656,0.2656090346671343,supplier_delay,True,8,10,1.0
2005,supplier_delay,cd_vague_1,vague,PerfectSemantic,CausalOptimizer,1738.0,0.8688046647230321,45.0,4.0,10,0.0,1.0,0.0,supplier_delay,True,4,10,1.0
2005,supplier_delay,cd_vague_2,vague,NoInfo,CausalOptimizer,1311.3999999999994,0.8239067055393586,60.4,6.9300000000000015,8,0.35,0.35,0.3,normal,False,0,0,1.0
2005,supplier_delay,cd_vague_2,vague,RuleBased,CausalOptimizer,1738.0,0.8688046647230321,45.0,4.0,10,0.0,1.0,0.0,supplier_delay,True,4,10,1.0
2005,supplier_delay,cd_vague_2,vague,TFIDF_LogReg,CausalOptimizer,1583.7818584839679,0.8507381966297538,51.19679855599448,4.376734115502994,7,0.33267715716288576,0.4004783181701407,0.26684452466697356,supplier_delay,True,8,10,1.0
2005,supplier_delay,cd_vague_2,vague,TFIDF_LogReg_Calibrated,CausalOptimizer,1738.0,0.8688046647230321,45.0,4.0,10,0.11851130242360192,0.8814886975763981,0.0,supplier_delay,True,8,10,1.0
2005,supplier_delay,cd_vague_2,vague,PerfectSemantic,CausalOptimizer,1738.0,0.8688046647230321,45.0,4.0,10,0.0,1.0,0.0,supplier_delay,True,4,10,1.0
2005,supplier_delay,cd_vague_3,vague,NoInfo,CausalOptimizer,1311.3999999999994,0.8239067055393586,60.4,6.9300000000000015,8,0.35,0.35,0.3,normal,False,0,0,1.0
2005,supplier_delay,cd_vague_3,vague,RuleBased,CausalOptimizer,1738.0,0.8688046647230321,45.0,4.0,10,0.0,1.0,0.0,supplier_delay,True,4,10,1.0
2005,supplier_delay,cd_vague_3,vague,TFIDF_LogReg,CausalOptimizer,1584.5749220572957,0.8503301721536812,51.33675095128734,4.30092656805269,7,0.3570807868648029,0.3838498215400494,0.2590693915951477,supplier_delay,True,8,10,1.0
2005,supplier_delay,cd_vague_3,vague,TFIDF_LogReg_Calibrated,CausalOptimizer,1605.0,0.8454810495626822,53.0,3.6,10,0.3349590287226755,0.6650409712773245,0.0,supplier_delay,True,8,10,1.0
2005,supplier_delay,cd_vague_3,vague,PerfectSemantic,CausalOptimizer,1738.0,0.8688046647230321,45.0,4.0,10,0.0,1.0,0.0,supplier_delay,True,4,10,1.0
2005,supplier_delay,cd_vague_4,vague,NoInfo,CausalOptimizer,1311.3999999999994,0.8239067055393586,60.4,6.9300000000000015,8,0.35,0.35,0.3,normal,False,0,0,1.0
2005,supplier_delay,cd_vague_4,vague,RuleBased,CausalOptimizer,1305.0,0.8250728862973761,60.0,7.375,8,0.3333333333333333,0.3333333333333333,0.3333333333333333,normal,False,0,0,1.0
2005,supplier_delay,cd_vague_4,vague,TFIDF_LogReg,CausalOptimizer,1579.3685196836911,0.8530088219771779,50.417974061827984,4.798597383176508,7,0.31434998660035207,0.3755374612789805,0.31011255212066746,supplier_delay,True,8,10,1.0
2005,supplier_delay,cd_vague_4,vague,TFIDF_LogReg_Calibrated,CausalOptimizer,1810.7518247685673,0.883154128486463,40.07813392914313,4.211474135014271,9,0.0,0.8974611235238154,0.10253887647618465,supplier_delay,True,8,10,1.0
2005,supplier_delay,cd_vague_4,vague,PerfectSemantic,CausalOptimizer,1738.0,0.8688046647230321,45.0,4.0,10,0.0,1.0,0.0,supplier_delay,True,4,10,1.0
2006,supplier_delay,cd_clear_1,clear,NoInfo,CausalOptimizer,1622.5999999999997,0.857817109144543,48.199999999999996,3.4800000000000013,12,0.35,0.35,0.3,normal,False,0,0,1.0
2006,supplier_delay,cd_clear_1,clear,RuleBased,CausalOptimizer,1564.0,0.8495575221238938,51.0,5.65,12,0.0,1.0,0.0,supplier_delay,True,4,8,1.0
2006,supplier_delay,cd_clear_1,clear,TFIDF_LogReg,CausalOptimizer,1680.6702442043581,0.8683478475900251,44.63007966698153,4.231212028098434,12,0.23745986963093338,0.421500123431182,0.3410400069378847,supplier_delay,True,8,10,1.0
2006,supplier_delay,cd_clear_1,clear,TFIDF_LogReg_Calibrated,CausalOptimizer,1748.1146389397454,0.8913225808404022,36.84164509510368,5.660475988464881,8,0.0,0.47360751585061306,0.5263924841493869,demand_surge,False,0,10,1.75
2006,supplier_delay,cd_clear_1,clear,PerfectSemantic,CausalOptimizer,1564.0,0.8495575221238938,51.0,5.65,12,0.0,1.0,0.0,supplier_delay,True,4,10,1.0
2006,supplier_delay,cd_clear_2,clear,NoInfo,CausalOptimizer,1622.5999999999997,0.857817109144543,48.199999999999996,3.4800000000000013,12,0.35,0.35,0.3,normal,False,0,0,1.0
2006,supplier_delay,cd_clear_2,clear,RuleBased,CausalOptimizer,1623.9655172413793,0.8560675414505137,48.793103448275865,3.858620689655173,14,0.2758620689655173,0.5172413793103449,0.20689655172413793,supplier_delay,True,4,8,1.0
2006,supplier_delay,cd_clear_2,clear,TFIDF_LogReg,CausalOptimizer,1665.623526009191,0.8659776206130915,45.433586612161996,4.160977204905421,14,0.2897803462021731,0.39133920753656015,0.3188804462612668,supplier_delay,True,8,10,1.0
2006,supplier_delay,cd_clear_2,clear,TFIDF_LogReg_Calibrated,CausalOptimizer,1565.3846983952922,0.8495575221238938,51.0,5.090382540117703,11,0.09372902690017108,0.7316791500552591,0.17459182304456988,supplier_delay,True,8,10,1.0
2006,supplier_delay,cd_clear_2,clear,PerfectSemantic,CausalOptimizer,1564.0,0.8495575221238938,51.0,5.65,12,0.0,1.0,0.0,supplier_delay,True,4,10,1.0
2006,supplier_delay,cd_clear_3,clear,NoInfo,CausalOptimizer,1622.5999999999997,0.857817109144543,48.199999999999996,3.4800000000000013,12,0.35,0.35,0.3,normal,False,0,0,1.0
2006,supplier_delay,cd_clear_3,clear,RuleBased,CausalOptimizer,1763.0,0.8908554572271387,37.0,5.225,8,0.0,0.5,0.5,supplier_delay,True,4,4,1.0
2006,supplier_delay,cd_clear_3,clear,TFIDF_LogReg,CausalOptimizer,1679.2553034247176,0.868017244294452,44.74215418418078,4.221755740709748,12,0.26709012841761415,0.3942047504194853,0.3387051211629006,supplier_delay,True,8,10,1.0
2006,supplier_delay,cd_clear_3,clear,TFIDF_LogReg_Calibrated,CausalOptimizer,1636.9137716367948,0.8617420023753882,46.86946119474341,3.7793712311827337,10,0.296713271444418,0.3675360099397193,0.33575071861586275,supplier_delay,True,8,10,1.0
2006,supplier_delay,cd_clear_3,clear,PerfectSemantic,CausalOptimizer,1564.0,0.8495575221238938,51.0,5.65,12,0.0,1.0,0.0,supplier_delay,True,4,10,1.0
2006,supplier_delay,cd_clear_4,clear,NoInfo,CausalOptimizer,1622.5999999999997,0.857817109144543,48.199999999999996,3.4800000000000013,12,0.35,0.35,0.3,normal,False,0,0,1.0
2006,supplier_delay,cd_clear_4,clear,RuleBased,CausalOptimizer,1763.0,0.8908554572271387,37.0,5.225,8,0.0,0.5,0.5,supplier_delay,True,4,8,1.0
2006,supplier_delay,cd_clear_4,clear,TFIDF_LogReg,CausalOptimizer,1657.4324598139044,0.8640290369716206,46.09415646662062,4.101525918004144,14,0.2868313071460786,0.4163072417412755,0.296861451112646,supplier_delay,True,8,10,1.0
2006,supplier_delay,cd_clear_4,clear,TFIDF_LogReg_Calibrated,CausalOptimizer,1523.0,0.8348082595870207,56.0,4.15,14,0.3333333333333333,0.6666666666666666,0.0,supplier_delay,True,8,10,1.0
2006,supplier_delay,cd_clear_4,clear,PerfectSemantic,CausalOptimizer,1564.0,0.8495575221238938,51.0,5.65,12,0.0,1.0,0.0,supplier_delay,True,4,10,1.0
2006,supplier_delay,cd_moderate_1,moderate,NoInfo,CausalOptimizer,1622.5999999999997,0.857817109144543,48.199999999999996,3.4800000000000013,12,0.35,0.35,0.3,normal,False,0,0,1.0
2006,supplier_delay,cd_moderate_1,moderate,RuleBased,CausalOptimizer,1564.0,0.8495575221238938,51.0,5.65,12,0.0,1.0,0.0,supplier_delay,True,4,10,1.0
2006,supplier_delay,cd_moderate_1,moderate,TFIDF_LogReg,CausalOptimizer,1664.7247868395698,0.8657638183555928,45.50606557745404,4.154454098029136,14,0.2872828661830683,0.39625265306539953,0.31646448075153216,supplier_delay,True,8,10,1.0
2006,supplier_delay,cd_moderate_1,moderate,TFIDF_LogReg_Calibrated,CausalOptimizer,1537.9278640687169,0.8495575221238938,51.0,6.301803398282082,12,0.0,0.9331483694069662,0.06685163059303378,supplier_delay,True,8,10,1.0
2006,supplier_delay,cd_moderate_1,moderate,PerfectSemantic,CausalOptimizer,1564.0,0.8495575221238938,51.0,5.65,12,0.0,1.0,0.0,supplier_delay,True,4,10,1.0
2006,supplier_delay,cd_moderate_2,moderate,NoInfo,CausalOptimizer,1622.5999999999997,0.857817109144543,48.199999999999996,3.4800000000000013,12,0.35,0.35,0.3,normal,False,0,0,1.0
2006,supplier_delay,cd_moderate_2,moderate,RuleBased,CausalOptimizer,1564.0,0.8495575221238938,51.0,5.65,12,0.0,1.0,0.0,supplier_delay,True,4,10,1.0
2006,supplier_delay,cd_moderate_2,moderate,TFIDF_LogReg,CausalOptimizer,1689.1534675900164,0.8703299670177322,43.958141180988804,4.287906837854069,12,0.2549948483684219,0.3899664262355114,0.3550387253960666,supplier_delay,True,8,10,1.0
2006,supplier_delay,cd_moderate_2,moderate,TFIDF_LogReg_Calibrated,CausalOptimizer,1741.620592297943,0.8826500964350891,39.781617308504764,4.646838269149524,11,0.0,0.5579503605938493,0.4420496394061508,supplier_delay,True,8,10,1.0
2006,supplier_delay,cd_moderate_2,moderate,PerfectSemantic,CausalOptimizer,1564.0,0.8495575221238938,51.0,5.65,12,0.0,1.0,0.0,supplier_delay,True,4,10,1.0
2006,supplier_delay,cd_moderate_3,moderate,NoInfo,CausalOptimizer,1622.5999999999997,0.857817109144543,48.199999999999996,3.4800000000000013,12,0.35,0.35,0.3,normal,False,0,0,1.0
2006,supplier_delay,cd_moderate_3,moderate,RuleBased,CausalOptimizer,1564.0,0.8495575221238938,51.0,5.65,12,0.0,1.0,0.0,supplier_delay,True,4,10,1.0
2006,supplier_delay,cd_moderate_3,moderate,TFIDF_LogReg,CausalOptimizer,1645.4146188133032,0.8611700967773582,47.063337192475565,4.0142996526772,14,0.2972294001921947,0.43821517289032413,0.26455542691748124,supplier_delay,True,8,10,1.0
2006,supplier_delay,cd_moderate_3,moderate,TFIDF_LogReg_Calibrated,CausalOptimizer,1564.0,0.8495575221238938,51.0,5.65,12,0.0,1.0,0.0,supplier_delay,True,8,10,1.0
2006,supplier_delay,cd_moderate_3,moderate,PerfectSemantic,CausalOptimizer,1564.0,0.8495575221238938,51.0,5.65,12,0.0,1.0,0.0,supplier_delay,True,4,10,1.0
2006,supplier_delay,cd_moderate_4,moderate,NoInfo,CausalOptimizer,1622.5999999999997,0.857817109144543,48.199999999999996,3.4800000000000013,12,0.35,0.35,0.3,normal,False,0,0,1.0
2006,supplier_delay,cd_moderate_4,moderate,RuleBased,CausalOptimizer,1564.0,0.8495575221238938,51.0,5.65,12,0.0,1.0,0.0,supplier_delay,True,4,10,1.0
2006,supplier_delay,cd_moderate_4,moderate,TFIDF_LogReg,CausalOptimizer,1644.721172192006,0.8650320995330832,45.75411825828479,4.030323391885924,10,0.2700074678575591,0.3735873147032703,0.35640521743917064,supplier_delay,True,8,10,1.0
2006,supplier_delay,cd_moderate_4,moderate,TFIDF_LogReg_Calibrated,CausalOptimizer,1757.9302441618793,0.891014553311935,36.94606642725404,5.373317325051399,8,0.0,0.4910110712090061,0.5089889287909939,demand_surge,False,0,10,1.75
2006,supplier_delay,cd_moderate_4,moderate,PerfectSemantic,CausalOptimizer,1564.0,0.8495575221238938,51.0,5.65,12,0.0,1.0,0.0,supplier_delay,True,4,10,1.0
2006,supplier_delay,cd_vague_1,vague,NoInfo,CausalOptimizer,1622.5999999999997,0.857817109144543,48.199999999999996,3.4800000000000013,12,0.35,0.35,0.3,normal,False,0,0,1.0
2006,supplier_delay,cd_vague_1,vague,RuleBased,CausalOptimizer,1716.3999999999999,0.8766961651917404,41.80000000000001,4.469999999999999,12,0.0,0.6,0.39999999999999997,supplier_delay,True,4,10,1.0
2006,supplier_delay,cd_vague_1,vague,TFIDF_LogReg,CausalOptimizer,1676.041129241455,0.8672662470846589,44.99674223830063,4.200274873643385,12,0.2881220537123606,0.37847674291890326,0.33340120336873624,supplier_delay,True,8,10,1.0
2006,supplier_delay,cd_vague_1,vague,TFIDF_LogReg_Calibrated,CausalOptimizer,1608.4923366402238,0.8623684008024344,46.657112127974756,5.874846732804488,10,0.0,0.7343909653328656,0.2656090346671343,supplier_delay,True,8,10,1.0
2006,supplier_delay,cd_vague_1,vague,PerfectSemantic,CausalOptimizer,1564.0,0.8495575221238938,51.0,5.65,12,0.0,1.0,0.0,supplier_delay,True,4,10,1.0
2006,supplier_delay,cd_vague_2,vague,NoInfo,CausalOptimizer,1622.5999999999997,0.857817109144543,48.199999999999996,3.4800000000000013,12,0.35,0.35,0.3,normal,False,0,0,1.0
2006,supplier_delay,cd_vague_2,vague,RuleBased,CausalOptimizer,1564.0,0.8495575221238938,51.0,5.65,12,0.0,1.0,0.0,supplier_delay,True,4,10,1.0
2006,supplier_delay,cd_vague_2,vague,TFIDF_LogReg,CausalOptimizer,1646.2661631761143,0.8613726717994372,46.994664259990785,4.020480216600829,14,0.33267715716288576,0.4004783181701407,0.26684452466697356,supplier_delay,True,8,10,1.0
2006,supplier_delay,cd_vague_2,vague,TFIDF_LogReg_Calibrated,CausalOptimizer,1564.0,0.8495575221238938,51.0,5.65,12,0.11851130242360192,0.8814886975763981,0.0,supplier_delay,True,8,10,1.0
2006,supplier_delay,cd_vague_2,vague,PerfectSemantic,CausalOptimizer,1564.0,0.8495575221238938,51.0,5.65,12,0.0,1.0,0.0,supplier_delay,True,4,10,1.0
2006,supplier_delay,cd_vague_3,vague,NoInfo,CausalOptimizer,1622.5999999999997,0.857817109144543,48.199999999999996,3.4800000000000013,12,0.35,0.35,0.3,normal,False,0,0,1.0
2006,supplier_delay,cd_vague_3,vague,RuleBased,CausalOptimizer,1564.0,0.8495575221238938,51.0,5.65,12,0.0,1.0,0.0,supplier_delay,True,4,10,1.0
2006,supplier_delay,cd_vague_3,vague,TFIDF_LogReg,CausalOptimizer,1643.3738136733946,0.8606846069258243,47.22791825214557,3.9994873573068985,14,0.3570807868648029,0.3838498215400494,0.2590693915951477,supplier_delay,True,8,10,1.0
2006,supplier_delay,cd_vague_3,vague,TFIDF_LogReg_Calibrated,CausalOptimizer,1523.0,0.8348082595870207,56.0,4.15,14,0.3349590287226755,0.6650409712773245,0.0,supplier_delay,True,8,10,1.0
2006,supplier_delay,cd_vague_3,vague,PerfectSemantic,CausalOptimizer,1564.0,0.8495575221238938,51.0,5.65,12,0.0,1.0,0.0,supplier_delay,True,4,10,1.0
2006,supplier_delay,cd_vague_4,vague,NoInfo,CausalOptimizer,1622.5999999999997,0.857817109144543,48.199999999999996,3.4800000000000013,12,0.35,0.35,0.3,normal,False,0,0,1.0
2006,supplier_delay,cd_vague_4,vague,RuleBased,CausalOptimizer,1636.0,0.8613569321533924,47.0,3.75,10,0.3333333333333333,0.3333333333333333,0.3333333333333333,normal,False,0,0,1.0
2006,supplier_delay,cd_vague_4,vague,TFIDF_LogReg,CausalOptimizer,1662.3618693888884,0.8652017007776401,45.69662343637997,4.137303890725803,14,0.31434998660035207,0.3755374612789805,0.31011255212066746,supplier_delay,True,8,10,1.0
2006,supplier_delay,cd_vague_4,vague,TFIDF_LogReg_Calibrated,CausalOptimizer,1538.9198984359994,0.8515970488293294,50.30860044685734,6.678562360357079,11,0.0,0.8974611235238154,0.10253887647618465,supplier_delay,True,8,10,1.0
2006,supplier_delay,cd_vague_4,vague,PerfectSemantic,CausalOptimizer,1564.0,0.8495575221238938,51.0,5.65,12,0.0,1.0,0.0,supplier_delay,True,4,10,1.0
2007,supplier_delay,cd_clear_1,clear,NoInfo,CausalOptimizer,1434.8,0.8973509933774835,30.999999999999996,7.730000000000001,5,0.35,0.35,0.3,normal,False,0,0,1.0
2007,supplier_delay,cd_clear_1,clear,RuleBased,CausalOptimizer,1670.0,0.9337748344370861,20.0,7.725,6,0.0,1.0,0.0,supplier_delay,True,4,8,1.0
2007,supplier_delay,cd_clear_1,clear,TFIDF_LogReg,CausalOptimizer,1600.7744024976375,0.9346935107608074,19.72255975023615,8.616616037464578,5,0.23745986963093338,0.421500123431182,0.3410400069378847,supplier_delay,True,8,10,1.0
2007,supplier_delay,cd_clear_1,clear,TFIDF_LogReg_Calibrated,CausalOptimizer,1663.7593903399195,0.9567885080442977,13.049870570622076,9.836067013253176,4,0.0,0.47360751585061306,0.5263924841493869,demand_surge,False,0,10,1.75
2007,supplier_delay,cd_clear_1,clear,PerfectSemantic,CausalOptimizer,1670.0,0.9337748344370861,20.0,7.725,6,0.0,1.0,0.0,supplier_delay,True,4,10,1.0
2007,supplier_delay,cd_clear_2,clear,NoInfo,CausalOptimizer,1434.8,0.8973509933774835,30.999999999999996,7.730000000000001,5,0.35,0.35,0.3,normal,False,0,0,1.0
2007,supplier_delay,cd_clear_2,clear,RuleBased,CausalOptimizer,1559.310344827586,0.9187029002055264,24.55172413793104,7.72155172413793,5,0.2758620689655173,0.5172413793103449,0.20689655172413793,supplier_delay,True,4,8,1.0
2007,supplier_delay,cd_clear_2,clear,TFIDF_LogReg,CausalOptimizer,1593.577416555947,0.9320519737265087,20.520303934594395,8.477443012263553,5,0.2897803462021731,0.39133920753656015,0.3188804462612668,supplier_delay,True,8,10,1.0
2007,supplier_delay,cd_clear_2,clear,TFIDF_LogReg_Calibrated,CausalOptimizer,1683.6138713083242,0.9348770085028872,19.667143432128057,7.267795844440679,7,0.09372902690017108,0.7316791500552591,0.17459182304456988,supplier_delay,True,8,10,1.0
2007,supplier_delay,cd_clear_2,clear,PerfectSemantic,CausalOptimizer,1670.0,0.9337748344370861,20.0,7.725,6,0.0,1.0,0.0,supplier_delay,True,4,10,1.0
2007,supplier_delay,cd_clear_3,clear,NoInfo,CausalOptimizer,1434.8,0.8973509933774835,30.999999999999996,7.730000000000001,5,0.35,0.35,0.3,normal,False,0,0,1.0
2007,supplier_delay,cd_clear_3,clear,RuleBased,CausalOptimizer,1656.0,0.9536423841059603,14.0,9.65,4,0.0,0.5,0.5,supplier_delay,True,4,4,1.0
2007,supplier_delay,cd_clear_3,clear,TFIDF_LogReg,CausalOptimizer,1599.9338436186436,0.9344151800061736,19.806615638135582,8.604007654279663,5,0.26709012841761415,0.3942047504194853,0.3387051211629006,supplier_delay,True,8,10,1.0
2007,supplier_delay,cd_clear_3,clear,TFIDF_LogReg_Calibrated,CausalOptimizer,1441.4496336625498,0.9009023892664765,29.927478441524116,7.992767781826592,5,0.296713271444418,0.3675360099397193,0.33575071861586275,supplier_delay,True,8,10,1.0
2007,supplier_delay,cd_clear_3,clear,PerfectSemantic,CausalOptimizer,1670.0,0.9337748344370861,20.0,7.725,6,0.0,1.0,0.0,supplier_delay,True,4,10,1.0
2007,supplier_delay,cd_clear_4,clear,NoInfo,CausalOptimizer,1434.8,0.8973509933774835,30.999999999999996,7.730000000000001,5,0.35,0.35,0.3,normal,False,0,0,1.0
2007,supplier_delay,cd_clear_4,clear,RuleBased,CausalOptimizer,1656.0,0.9536423841059603,14.0,9.65,4,0.0,0.5,0.5,supplier_delay,True,4,8,1.0
2007,supplier_delay,cd_clear_4,clear,TFIDF_LogReg,CausalOptimizer,1586.8396040404705,0.9294271928478651,21.31298775994474,8.328814795010361,5,0.2868313071460786,0.4163072417412755,0.296861451112646,supplier_delay,True,8,10,1.0
2007,supplier_delay,cd_clear_4,clear,TFIDF_LogReg_Calibrated,CausalOptimizer,1590.0,0.9105960264900662,27.0,6.45,7,0.3333333333333333,0.6666666666666666,0.0,supplier_delay,True,8,10,1.0
2007,supplier_delay,cd_clear_4,clear,PerfectSemantic,CausalOptimizer,1670.0,0.9337748344370861,20.0,7.725,6,0.0,1.0,0.0,supplier_delay,True,4,10,1.0
2007,supplier_delay,cd_moderate_1,moderate,NoInfo,CausalOptimizer,1434.8,0.8973509933774835,30.999999999999996,7.730000000000001,5,0.35,0.35,0.3,normal,False,0,0,1.0
2007,supplier_delay,cd_moderate_1,moderate,RuleBased,CausalOptimizer,1670.0,0.9337748344370861,20.0,7.725,6,0.0,1.0,0.0,supplier_delay,True,4,10,1.0
2007,supplier_delay,cd_moderate_1,moderate,TFIDF_LogReg,CausalOptimizer,1592.8381311099686,0.9317639778379309,20.607278692944845,8.461135245072843,5,0.2872828661830683,0.39625265306539953,0.31646448075153216,supplier_delay,True,8,10,1.0
2007,supplier_delay,cd_moderate_1,moderate,TFIDF_LogReg_Calibrated,CausalOptimizer,1695.2699163641673,0.9417439029846002,17.59334129865078,8.08641497403671,6,0.0,0.9331483694069662,0.06685163059303378,supplier_delay,True,8,10,1.0
2007,supplier_delay,cd_moderate_1,moderate,PerfectSemantic,CausalOptimizer,1670.0,0.9337748344370861,20.0,7.725,6,0.0,1.0,0.0,supplier_delay,True,4,10,1.0
2007,supplier_delay,cd_moderate_2,moderate,NoInfo,CausalOptimizer,1434.8,0.8973509933774835,30.999999999999996,7.730000000000001,5,0.35,0.35,0.3,normal,False,0,0,1.0
2007,supplier_delay,cd_moderate_2,moderate,RuleBased,CausalOptimizer,1670.0,0.9337748344370861,20.0,7.725,6,0.0,1.0,0.0,supplier_delay,True,4,10,1.0
2007,supplier_delay,cd_moderate_2,moderate,TFIDF_LogReg,CausalOptimizer,1605.8139411425836,0.9363622321664187,19.2186058857416,8.69220911713876,5,0.2549948483684219,0.3899664262355114,0.3550387253960666,supplier_delay,True,8,10,1.0
2007,supplier_delay,cd_moderate_2,moderate,TFIDF_LogReg_Calibrated,CausalOptimizer,1638.9625939854086,0.9467343941013954,16.08621298137857,9.241449957813362,4,0.0,0.5579503605938493,0.4420496394061508,supplier_delay,True,8,10,1.0
2007,supplier_delay,cd_moderate_2,moderate,PerfectSemantic,CausalOptimizer,1670.0,0.9337748344370861,20.0,7.725,6,0.0,1.0,0.0,supplier_delay,True,4,10,1.0
2007,supplier_delay,cd_moderate_3,moderate,NoInfo,CausalOptimizer,1434.8,0.8973509933774835,30.999999999999996,7.730000000000001,5,0.35,0.35,0.3,normal,False,0,0,1.0
2007,supplier_delay,cd_moderate_3,moderate,RuleBased,CausalOptimizer,1670.0,0.9337748344370861,20.0,7.725,6,0.0,1.0,0.0,supplier_delay,True,4,10,1.0
2007,supplier_delay,cd_moderate_3,moderate,TFIDF_LogReg,CausalOptimizer,1576.9539606367498,0.9255761436060573,22.476004630970678,8.110749131692998,5,0.2972294001921947,0.43821517289032413,0.26455542691748124,supplier_delay,True,8,10,1.0
2007,supplier_delay,cd_moderate_3,moderate,TFIDF_LogReg_Calibrated,CausalOptimizer,1670.0,0.9337748344370861,20.0,7.725,6,0.0,1.0,0.0,supplier_delay,True,8,10,1.0
2007,supplier_delay,cd_moderate_3,moderate,PerfectSemantic,CausalOptimizer,1670.0,0.9337748344370861,20.0,7.725,6,0.0,1.0,0.0,supplier_delay,True,4,10,1.0
2007,supplier_delay,cd_moderate_4,moderate,NoInfo,CausalOptimizer,1434.8,0.8973509933774835,30.999999999999996,7.730000000000001,5,0.35,0.35,0.3,normal,False,0,0,1.0
2007,supplier_delay,cd_moderate_4,moderate,RuleBased,CausalOptimizer,1670.0,0.9337748344370861,20.0,7.725,6,0.0,1.0,0.0,supplier_delay,True,4,10,1.0
2007,supplier_delay,cd_moderate_4,moderate,TFIDF_LogReg,CausalOptimizer,1445.2913704436855,0.9029541606727651,29.307843476824882,8.144578348177905,5,0.2700074678575591,0.3735873147032703,0.35640521743917064,supplier_delay,True,8,10,1.0
2007,supplier_delay,cd_moderate_4,moderate,TFIDF_LogReg_Calibrated,CausalOptimizer,1658.642745064551,0.9547139120413105,13.676398563524224,9.713371947976508,4,0.0,0.4910110712090061,0.5089889287909939,demand_surge,False,0,10,1.75
2007,supplier_delay,cd_moderate_4,moderate,PerfectSemantic,CausalOptimizer,1670.0,0.9337748344370861,20.0,7.725,6,0.0,1.0,0.0,supplier_delay,True,4,10,1.0
2007,supplier_delay,cd_vague_1,vague,NoInfo,CausalOptimizer,1434.8,0.8973509933774835,30.999999999999996,7.730000000000001,5,0.35,0.35,0.3,normal,False,0,0,1.0
2007,supplier_delay,cd_vague_1,vague,RuleBased,CausalOptimizer,1621.4000000000003,0.9417218543046357,17.60000000000001,8.95,4,0.0,0.6,0.39999999999999997,supplier_delay,True,4,10,1.0
2007,supplier_delay,cd_vague_1,vague,TFIDF_LogReg,CausalOptimizer,1598.0244332127452,0.9337829249048826,19.99755667872548,8.575366498191181,5,0.2881220537123606,0.37847674291890326,0.33340120336873624,supplier_delay,True,8,10,1.0
2007,supplier_delay,cd_vague_1,vague,TFIDF_LogReg_Calibrated,CausalOptimizer,1722.0061306878201,0.9470198675496688,16.0,7.774846732804487,6,0.0,0.7343909653328656,0.2656090346671343,supplier_delay,True,8,10,1.0
2007,supplier_delay,cd_vague_1,vague,PerfectSemantic,CausalOptimizer,1670.0,0.9337748344370861,20.0,7.725,6,0.0,1.0,0.0,supplier_delay,True,4,10,1.0
2007,supplier_delay,cd_vague_2,vague,NoInfo,CausalOptimizer,1434.8,0.8973509933774835,30.999999999999996,7.730000000000001,5,0.35,0.35,0.3,normal,False,0,0,1.0
2007,supplier_delay,cd_vague_2,vague,RuleBased,CausalOptimizer,1670.0,0.9337748344370861,20.0,7.725,6,0.0,1.0,0.0,supplier_delay,True,4,10,1.0
2007,supplier_delay,cd_vague_2,vague,TFIDF_LogReg,CausalOptimizer,1577.654424548094,0.9258490161854671,22.39359711198895,8.126200541502072,5,0.33267715716288576,0.4004783181701407,0.26684452466697356,supplier_delay,True,8,10,1.0
2007,supplier_delay,cd_vague_2,vague,TFIDF_LogReg_Calibrated,CausalOptimizer,1670.0,0.9337748344370861,20.0,7.725,6,0.11851130242360192,0.8814886975763981,0.0,supplier_delay,True,8,10,1.0
2007,supplier_delay,cd_vague_2,vague,PerfectSemantic,CausalOptimizer,1670.0,0.9337748344370861,20.0,7.725,6,0.0,1.0,0.0,supplier_delay,True,4,10,1.0
2007,supplier_delay,cd_vague_3,vague,NoInfo,CausalOptimizer,1434.8,0.8973509933774835,30.999999999999996,7.730000000000001,5,0.35,0.35,0.3,normal,False,0,0,1.0
2007,supplier_delay,cd_vague_3,vague,RuleBased,CausalOptimizer,1670.0,0.9337748344370861,20.0,7.725,6,0.0,1.0,0.0,supplier_delay,True,4,10,1.0
2007,supplier_delay,cd_vague_3,vague,TFIDF_LogReg,CausalOptimizer,1575.2752338281148,0.9249221791305474,22.673501902574685,8.073718393267246,5,0.3570807868648029,0.3838498215400494,0.2590693915951477,supplier_delay,True,8,10,1.0
2007,supplier_delay,cd_vague_3,vague,TFIDF_LogReg_Calibrated,CausalOptimizer,1590.0,0.9105960264900662,27.0,6.45,7,0.3349590287226755,0.6650409712773245,0.0,supplier_delay,True,8,10,1.0
2007,supplier_delay,cd_vague_3,vague,PerfectSemantic,CausalOptimizer,1670.0,0.9337748344370861,20.0,7.725,6,0.0,1.0,0.0,supplier_delay,True,4,10,1.0
2007,supplier_delay,cd_vague_4,vague,NoInfo,CausalOptimizer,1434.8,0.8973509933774835,30.999999999999996,7.730000000000001,5,0.35,0.35,0.3,normal,False,0,0,1.0
2007,supplier_delay,cd_vague_4,vague,RuleBased,CausalOptimizer,1441.0,0.9006622516556292,30.0,7.975,5,0.3333333333333333,0.3333333333333333,0.3333333333333333,normal,False,0,0,1.0
2007,supplier_delay,cd_vague_4,vague,TFIDF_LogReg,CausalOptimizer,1590.8944409489245,0.93100679429253,20.835948123655967,8.418259726814506,5,0.31434998660035207,0.3755374612789805,0.31011255212066746,supplier_delay,True,8,10,1.0
2007,supplier_delay,cd_vague_4,vague,TFIDF_LogReg_Calibrated,CausalOptimizer,1707.6073627194266,0.9459980117653729,16.30860044685735,8.388230719757091,5,0.0,0.8974611235238154,0.10253887647618465,supplier_delay,True,8,10,1.0
2007,supplier_delay,cd_vague_4,vague,PerfectSemantic,CausalOptimizer,1670.0,0.9337748344370861,20.0,7.725,6,0.0,1.0,0.0,supplier_delay,True,4,10,1.0
2008,supplier_delay,cd_clear_1,clear,NoInfo,CausalOptimizer,1486.3999999999994,0.8695384615384616,42.4,6.255000000000002,8,0.35,0.35,0.3,normal,False,0,0,1.0
2008,supplier_delay,cd_clear_1,clear,RuleBased,CausalOptimizer,1801.0,0.9076923076923077,30.0,4.675,8,0.0,1.0,0.0,supplier_delay,True,4,8,1.0
2008,supplier_delay,cd_clear_1,clear,TFIDF_LogReg,CausalOptimizer,1726.0751991674547,0.9019652926919445,31.861279875118072,4.903608070766425,6,0.23745986963093338,0.421500123431182,0.3410400069378847,supplier_delay,True,8,10,1.0
2008,supplier_delay,cd_clear_1,clear,TFIDF_LogReg_Calibrated,CausalOptimizer,1702.0411273775924,0.9122309683528892,28.524935285311038,6.913997701435784,6,0.0,0.47360751585061306,0.5263924841493869,demand_surge,False,0,10,1.75
2008,supplier_delay,cd_clear_1,clear,PerfectSemantic,CausalOptimizer,1801.0,0.9076923076923077,30.0,4.675,8,0.0,1.0,0.0,supplier_delay,True,4,10,1.0
2008,supplier_delay,cd_clear_2,clear,NoInfo,CausalOptimizer,1486.3999999999994,0.8695384615384616,42.4,6.255000000000002,8,0.35,0.35,0.3,normal,False,0,0,1.0
2008,supplier_delay,cd_clear_2,clear,RuleBased,CausalOptimizer,1706.448275862068,0.8906100795755968,35.55172413793103,3.918103448275861,7,0.2758620689655173,0.5172413793103449,0.20689655172413793,supplier_delay,True,4,8,1.0
2008,supplier_delay,cd_clear_2,clear,TFIDF_LogReg,CausalOptimizer,1728.7343464486466,0.9007379939467779,32.2601519672972,4.677580551864922,6,0.2897803462021731,0.39133920753656015,0.3188804462612668,supplier_delay,True,8,10,1.0
2008,supplier_delay,cd_clear_2,clear,TFIDF_LogReg_Calibrated,CausalOptimizer,1819.2306032094161,0.9119397154035057,28.619592493860637,4.401153016047081,7,0.09372902690017108,0.7316791500552591,0.17459182304456988,supplier_delay,True,8,10,1.0
2008,supplier_delay,cd_clear_2,clear,PerfectSemantic,CausalOptimizer,1801.0,0.9076923076923077,30.0,4.675,8,0.0,1.0,0.0,supplier_delay,True,4,10,1.0
2008,supplier_delay,cd_clear_3,clear,NoInfo,CausalOptimizer,1486.3999999999994,0.8695384615384616,42.4,6.255000000000002,8,0.35,0.35,0.3,normal,False,0,0,1.0
2008,supplier_delay,cd_clear_3,clear,RuleBased,CausalOptimizer,1706.0,0.9107692307692308,29.0,6.625,6,0.0,0.5,0.5,supplier_delay,True,4,4,1.0
2008,supplier_delay,cd_clear_3,clear,TFIDF_LogReg,CausalOptimizer,1726.3553854604513,0.9018359759413299,31.90330781906779,4.879792235861585,6,0.26709012841761415,0.3942047504194853,0.3387051211629006,supplier_delay,True,8,10,1.0
2008,supplier_delay,cd_clear_3,clear,TFIDF_LogReg_Calibrated,CausalOptimizer,1474.1732542333737,0.8708584880719704,41.970991376609646,6.732272093521769,8,0.296713271444418,0.3675360099397193,0.33575071861586275,supplier_delay,True,8,10,1.0
2008,supplier_delay,cd_clear_3,clear,PerfectSemantic,CausalOptimizer,1801.0,0.9076923076923077,30.0,4.675,8,0.0,1.0,0.0,supplier_delay,True,4,10,1.0
2008,supplier_delay,cd_clear_4,clear,NoInfo,CausalOptimizer,1486.3999999999994,0.8695384615384616,42.4,6.255000000000002,8,0.35,0.35,0.3,normal,False,0,0,1.0
2008,supplier_delay,cd_clear_4,clear,RuleBased,CausalOptimizer,1706.0,0.9107692307692308,29.0,6.625,6,0.0,0.5,0.5,supplier_delay,True,4,8,1.0
2008,supplier_delay,cd_clear_4,clear,TFIDF_LogReg,CausalOptimizer,1731.3766258664828,0.8995184803693158,32.65649387997237,4.45298680134899,6,0.2868313071460786,0.4163072417412755,0.296861451112646,supplier_delay,True,8,10,1.0
2008,supplier_delay,cd_clear_4,clear,TFIDF_LogReg_Calibrated,CausalOptimizer,1699.0,0.8861538461538462,37.0,3.95,9,0.3333333333333333,0.6666666666666666,0.0,supplier_delay,True,8,10,1.0
2008,supplier_delay,cd_clear_4,clear,PerfectSemantic,CausalOptimizer,1801.0,0.9076923076923077,30.0,4.675,8,0.0,1.0,0.0,supplier_delay,True,4,10,1.0
2008,supplier_delay,cd_moderate_1,moderate,NoInfo,CausalOptimizer,1486.3999999999994,0.8695384615384616,42.4,6.255000000000002,8,0.35,0.35,0.3,normal,False,0,0,1.0
2008,supplier_delay,cd_moderate_1,moderate,RuleBased,CausalOptimizer,1801.0,0.9076923076923077,30.0,4.675,8,0.0,1.0,0.0,supplier_delay,True,4,10,1.0
2008,supplier_delay,cd_moderate_1,moderate,TFIDF_LogReg,CausalOptimizer,1729.0242623098168,0.9006041866262386,32.30363934647242,4.652937703665627,6,0.2872828661830683,0.39625265306539953,0.31646448075153216,supplier_delay,True,8,10,1.0
2008,supplier_delay,cd_moderate_1,moderate,TFIDF_LogReg_Calibrated,CausalOptimizer,1829.8799044161906,0.9150974113887668,27.593341298650785,4.915665870134922,8,0.0,0.9331483694069662,0.06685163059303378,supplier_delay,True,8,10,1.0
2008,supplier_delay,cd_moderate_1,moderate,PerfectSemantic,CausalOptimizer,1801.0,0.9076923076923077,30.0,4.675,8,0.0,1.0,0.0,supplier_delay,True,4,10,1.0
2008,supplier_delay,cd_moderate_2,moderate,NoInfo,CausalOptimizer,1486.3999999999994,0.8695384615384616,42.4,6.255000000000002,8,0.35,0.35,0.3,normal,False,0,0,1.0
2008,supplier_delay,cd_moderate_2,moderate,RuleBased,CausalOptimizer,1801.0,0.9076923076923077,30.0,4.675,8,0.0,1.0,0.0,supplier_delay,True,4,10,1.0
2008,supplier_delay,cd_moderate_2,moderate,TFIDF_LogReg,CausalOptimizer,1724.3953529524724,0.9027406063296282,31.6093029428708,5.046394999039879,6,0.2549948483684219,0.3899664262355114,0.3550387253960666,supplier_delay,True,8,10,1.0
2008,supplier_delay,cd_moderate_2,moderate,TFIDF_LogReg_Calibrated,CausalOptimizer,1714.6925540890777,0.9075596723363406,30.043106490689283,5.99044355149735,6,0.0,0.5579503605938493,0.4420496394061508,supplier_delay,True,8,10,1.0
2008,supplier_delay,cd_moderate_2,moderate,PerfectSemantic,CausalOptimizer,1801.0,0.9076923076923077,30.0,4.675,8,0.0,1.0,0.0,supplier_delay,True,4,10,1.0
2008,supplier_delay,cd_moderate_3,moderate,NoInfo,CausalOptimizer,1486.3999999999994,0.8695384615384616,42.4,6.255000000000002,8,0.35,0.35,0.3,normal,False,0,0,1.0
2008,supplier_delay,cd_moderate_3,moderate,RuleBased,CausalOptimizer,1801.0,0.9076923076923077,30.0,4.675,8,0.0,1.0,0.0,supplier_delay,True,4,10,1.0
2008,supplier_delay,cd_moderate_3,moderate,TFIDF_LogReg,CausalOptimizer,1728.5892839363123,0.8969969088277825,33.47600463097068,4.19486604920391,7,0.2972294001921947,0.43821517289032413,0.26455542691748124,supplier_delay,True,8,10,1.0
2008,supplier_delay,cd_moderate_3,moderate,TFIDF_LogReg_Calibrated,CausalOptimizer,1801.0,0.9076923076923077,30.0,4.675,8,0.0,1.0,0.0,supplier_delay,True,8,10,1.0
2008,supplier_delay,cd_moderate_3,moderate,PerfectSemantic,CausalOptimizer,1801.0,0.9076923076923077,30.0,4.675,8,0.0,1.0,0.0,supplier_delay,True,4,10,1.0
2008,supplier_delay,cd_moderate_4,moderate,NoInfo,CausalOptimizer,1486.3999999999994,0.8695384615384616,42.4,6.255000000000002,8,0.35,0.35,0.3,normal,False,0,0,1.0
2008,supplier_delay,cd_moderate_4,moderate,RuleBased,CausalOptimizer,1801.0,0.9076923076923077,30.0,4.675,8,0.0,1.0,0.0,supplier_delay,True,4,10,1.0
2008,supplier_delay,cd_moderate_4,moderate,TFIDF_LogReg,CausalOptimizer,1467.1094156358038,0.8716211157208309,41.72313739072995,7.008009652812928,8,0.2700074678575591,0.3735873147032703,0.35640521743917064,supplier_delay,True,8,10,1.0
2008,supplier_delay,cd_moderate_4,moderate,TFIDF_LogReg_Calibrated,CausalOptimizer,1704.6516606813504,0.9112670791330396,28.83819928176211,6.723428770261383,6,0.0,0.4910110712090061,0.5089889287909939,demand_surge,False,0,10,1.75
2008,supplier_delay,cd_moderate_4,moderate,PerfectSemantic,CausalOptimizer,1801.0,0.9076923076923077,30.0,4.675,8,0.0,1.0,0.0,supplier_delay,True,4,10,1.0
2008,supplier_delay,cd_vague_1,vague,NoInfo,CausalOptimizer,1486.3999999999994,0.8695384615384616,42.4,6.255000000000002,8,0.35,0.35,0.3,normal,False,0,0,1.0
2008,supplier_delay,cd_vague_1,vague,RuleBased,CausalOptimizer,1721.0000000000005,0.9052307692307692,30.800000000000004,5.529999999999997,6,0.0,0.6,0.39999999999999997,supplier_delay,True,4,10,1.0
2008,supplier_delay,cd_vague_1,vague,TFIDF_LogReg,CausalOptimizer,1726.9918555957527,0.9015422204942686,31.998778339362723,4.825692274361113,6,0.2881220537123606,0.37847674291890326,0.33340120336873624,supplier_delay,True,8,10,1.0
2008,supplier_delay,cd_vague_1,vague,TFIDF_LogReg_Calibrated,CausalOptimizer,1879.3019628803083,0.9253822574277614,24.25076633597756,4.701509814401542,7,0.0,0.7343909653328656,0.2656090346671343,supplier_delay,True,8,10,1.0
2008,supplier_delay,cd_vague_1,vague,PerfectSemantic,CausalOptimizer,1801.0,0.9076923076923077,30.0,4.675,8,0.0,1.0,0.0,supplier_delay,True,4,10,1.0
2008,supplier_delay,cd_vague_2,vague,NoInfo,CausalOptimizer,1486.3999999999994,0.8695384615384616,42.4,6.255000000000002,8,0.35,0.35,0.3,normal,False,0,0,1.0
2008,supplier_delay,cd_vague_2,vague,RuleBased,CausalOptimizer,1801.0,0.9076923076923077,30.0,4.675,8,0.0,1.0,0.0,supplier_delay,True,4,10,1.0
2008,supplier_delay,cd_vague_2,vague,TFIDF_LogReg,CausalOptimizer,1729.468297472118,0.8972504704246494,33.39359711198895,4.205853718401474,7,0.33267715716288576,0.4004783181701407,0.26684452466697356,supplier_delay,True,8,10,1.0
2008,supplier_delay,cd_vague_2,vague,TFIDF_LogReg_Calibrated,CausalOptimizer,1801.0,0.9076923076923077,30.0,4.675,8,0.11851130242360192,0.8814886975763981,0.0,supplier_delay,True,8,10,1.0
2008,supplier_delay,cd_vague_2,vague,PerfectSemantic,CausalOptimizer,1801.0,0.9076923076923077,30.0,4.675,8,0.0,1.0,0.0,supplier_delay,True,4,10,1.0
2008,supplier_delay,cd_vague_3,vague,NoInfo,CausalOptimizer,1486.3999999999994,0.8695384615384616,42.4,6.255000000000002,8,0.35,0.35,0.3,normal,False,0,0,1.0
2008,supplier_delay,cd_vague_3,vague,RuleBased,CausalOptimizer,1801.0,0.9076923076923077,30.0,4.675,8,0.0,1.0,0.0,supplier_delay,True,4,10,1.0
2008,supplier_delay,cd_vague_3,vague,TFIDF_LogReg,CausalOptimizer,1726.4826463725376,0.8963892249151548,33.673501902574685,4.168533079656709,7,0.3570807868648029,0.3838498215400494,0.2590693915951477,supplier_delay,True,8,10,1.0
2008,supplier_delay,cd_vague_3,vague,TFIDF_LogReg_Calibrated,CausalOptimizer,1699.0,0.8861538461538462,37.0,3.95,9,0.3349590287226755,0.6650409712773245,0.0,supplier_delay,True,8,10,1.0
2008,supplier_delay,cd_vague_3,vague,PerfectSemantic,CausalOptimizer,1801.0,0.9076923076923077,30.0,4.675,8,0.0,1.0,0.0,supplier_delay,True,4,10,1.0
2008,supplier_delay,cd_vague_4,vague,NoInfo,CausalOptimizer,1486.3999999999994,0.8695384615384616,42.4,6.255000000000002,8,0.35,0.35,0.3,normal,False,0,0,1.0
2008,supplier_delay,cd_vague_4,vague,RuleBased,CausalOptimizer,1475.0,0.8707692307692307,42.0,6.7,8,0.3333333333333333,0.3333333333333333,0.3333333333333333,normal,False,0,0,1.0
2008,supplier_delay,cd_vague_4,vague,TFIDF_LogReg,CausalOptimizer,1729.7864937455192,0.9002523875020678,32.417974061827984,4.588148031630809,6,0.31434998660035207,0.3755374612789805,0.31011255212066746,supplier_delay,True,8,10,1.0
2008,supplier_delay,cd_vague_4,vague,TFIDF_LogReg_Calibrated,CausalOptimizer,1845.0663281199973,0.9190504601635159,26.308600446857355,5.049901618257121,7,0.0,0.8974611235238154,0.10253887647618465,supplier_delay,True,8,10,1.0
2008,supplier_delay,cd_vague_4,vague,PerfectSemantic,CausalOptimizer,1801.0,0.9076923076923077,30.0,4.675,8,0.0,1.0,0.0,supplier_delay,True,4,10,1.0
2009,supplier_delay,cd_clear_1,clear,NoInfo,CausalOptimizer,1466.8000000000002,0.8734567901234568,40.99999999999999,8.335000000000003,7,0.35,0.35,0.3,normal,False,0,0,1.0
2009,supplier_delay,cd_clear_1,clear,RuleBased,CausalOptimizer,1752.0,0.904320987654321,31.0,5.825,7,0.0,1.0,0.0,supplier_delay,True,4,8,1.0
2009,supplier_delay,cd_clear_1,clear,TFIDF_LogReg,CausalOptimizer,1532.7398406660366,0.8834296302720264,37.76879979186346,7.680920072847789,6,0.23745986963093338,0.421500123431182,0.3410400069378847,supplier_delay,True,8,10,1.0
2009,supplier_delay,cd_clear_1,clear,TFIDF_LogReg_Calibrated,CausalOptimizer,1560.917745244816,0.9015693960934392,31.891515665725755,9.635038828813379,6,0.0,0.47360751585061306,0.5263924841493869,demand_surge,False,0,10,1.75
2009,supplier_delay,cd_clear_1,clear,PerfectSemantic,CausalOptimizer,1752.0,0.904320987654321,31.0,5.825,7,0.0,1.0,0.0,supplier_delay,True,4,10,1.0
2009,supplier_delay,cd_clear_2,clear,NoInfo,CausalOptimizer,1466.8000000000002,0.8734567901234568,40.99999999999999,8.335000000000003,7,0.35,0.35,0.3,normal,False,0,0,1.0
2009,supplier_delay,cd_clear_2,clear,RuleBased,CausalOptimizer,1525.172413793103,0.8710089399744572,41.793103448275865,6.253448275862068,6,0.2758620689655173,0.5172413793103449,0.20689655172413793,supplier_delay,True,4,8,1.0
2009,supplier_delay,cd_clear_2,clear,TFIDF_LogReg,CausalOptimizer,1531.2195440981088,0.8813778190982654,38.433586612161996,7.446076752682491,6,0.2897803462021731,0.39133920753656015,0.3188804462612668,supplier_delay,True,8,10,1.0
2009,supplier_delay,cd_clear_2,clear,TFIDF_LogReg_Calibrated,CausalOptimizer,1628.8573471851978,0.8862427556012415,36.85734718519774,6.160627446290961,7,0.09372902690017108,0.7316791500552591,0.17459182304456988,supplier_delay,True,8,10,1.0
2009,supplier_delay,cd_clear_2,clear,PerfectSemantic,CausalOptimizer,1752.0,0.904320987654321,31.0,5.825,7,0.0,1.0,0.0,supplier_delay,True,4,10,1.0
2009,supplier_delay,cd_clear_3,clear,NoInfo,CausalOptimizer,1466.8000000000002,0.8734567901234568,40.99999999999999,8.335000000000003,7,0.35,0.35,0.3,normal,False,0,0,1.0
2009,supplier_delay,cd_clear_3,clear,RuleBased,CausalOptimizer,1553.0,0.8981481481481481,33.0,9.35,6,0.0,0.5,0.5,supplier_delay,True,4,4,1.0
2009,supplier_delay,cd_clear_3,clear,TFIDF_LogReg,CausalOptimizer,1532.5156916316382,0.883213437144713,37.838846365112985,7.656403772210456,6,0.26709012841761415,0.3942047504194853,0.3387051211629006,supplier_delay,True,8,10,1.0
2009,supplier_delay,cd_clear_3,clear,TFIDF_LogReg_Calibrated,CausalOptimizer,1475.3763145971068,0.8766327426647851,39.970991376609646,8.727195584428458,6,0.296713271444418,0.3675360099397193,0.33575071861586275,supplier_delay,True,8,10,1.0
2009,supplier_delay,cd_clear_3,clear,PerfectSemantic,CausalOptimizer,1752.0,0.904320987654321,31.0,5.825,7,0.0,1.0,0.0,supplier_delay,True,4,10,1.0
2009,supplier_delay,cd_clear_4,clear,NoInfo,CausalOptimizer,1466.8000000000002,0.8734567901234568,40.99999999999999,8.335000000000003,7,0.35,0.35,0.3,normal,False,0,0,1.0
2009,supplier_delay,cd_clear_4,clear,RuleBased,CausalOptimizer,1553.0,0.8981481481481481,33.0,9.35,6,0.0,0.5,0.5,supplier_delay,True,4,8,1.0
2009,supplier_delay,cd_clear_4,clear,TFIDF_LogReg,CausalOptimizer,1530.0305183600822,0.8793390232511711,39.09415646662062,7.211574454349682,6,0.2868313071460786,0.4163072417412755,0.296861451112646,supplier_delay,True,8,10,1.0
2009,supplier_delay,cd_clear_4,clear,TFIDF_LogReg_Calibrated,CausalOptimizer,1632.0,0.8796296296296297,39.0,5.1,8,0.3333333333333333,0.6666666666666666,0.0,supplier_delay,True,8,10,1.0
2009,supplier_delay,cd_clear_4,clear,PerfectSemantic,CausalOptimizer,1752.0,0.904320987654321,31.0,5.825,7,0.0,1.0,0.0,supplier_delay,True,4,10,1.0
2009,supplier_delay,cd_moderate_1,moderate,NoInfo,CausalOptimizer,1466.8000000000002,0.8734567901234568,40.99999999999999,8.335000000000003,7,0.35,0.35,0.3,normal,False,0,0,1.0
2009,supplier_delay,cd_moderate_1,moderate,RuleBased,CausalOptimizer,1752.0,0.904320987654321,31.0,5.825,7,0.0,1.0,0.0,supplier_delay,True,4,10,1.0
2009,supplier_delay,cd_moderate_1,moderate,TFIDF_LogReg,CausalOptimizer,1531.089081960583,0.8811541185881049,38.50606557745404,7.420346720003818,6,0.2872828661830683,0.39625265306539953,0.31646448075153216,supplier_delay,True,8,10,1.0
2009,supplier_delay,cd_moderate_1,moderate,TFIDF_LogReg_Calibrated,CausalOptimizer,1738.7023390468783,0.9055589808134512,30.598890216441795,6.442885437251329,5,0.0,0.9331483694069662,0.06685163059303378,supplier_delay,True,8,10,1.0
2009,supplier_delay,cd_moderate_1,moderate,PerfectSemantic,CausalOptimizer,1752.0,0.904320987654321,31.0,5.825,7,0.0,1.0,0.0,supplier_delay,True,4,10,1.0
2009,supplier_delay,cd_moderate_2,moderate,NoInfo,CausalOptimizer,1466.8000000000002,0.8734567901234568,40.99999999999999,8.335000000000003,7,0.35,0.35,0.3,normal,False,0,0,1.0
2009,supplier_delay,cd_moderate_2,moderate,RuleBased,CausalOptimizer,1752.0,0.904320987654321,31.0,5.825,7,0.0,1.0,0.0,supplier_delay,True,4,10,1.0
2009,supplier_delay,cd_moderate_2,moderate,TFIDF_LogReg,CausalOptimizer,1534.0837176380223,0.8847258079070432,37.348838238118,7.8279066166587,6,0.2549948483684219,0.3899664262355114,0.3550387253960666,supplier_delay,True,8,10,1.0
2009,supplier_delay,cd_moderate_2,moderate,TFIDF_LogReg_Calibrated,CausalOptimizer,1542.4367653829909,0.892782374019088,34.738510817815474,8.741521213764582,6,0.0,0.5579503605938493,0.4420496394061508,supplier_delay,True,8,10,1.0
2009,supplier_delay,cd_moderate_2,moderate,PerfectSemantic,CausalOptimizer,1752.0,0.904320987654321,31.0,5.825,7,0.0,1.0,0.0,supplier_delay,True,4,10,1.0
2009,supplier_delay,cd_moderate_3,moderate,NoInfo,CausalOptimizer,1466.8000000000002,0.8734567901234568,40.99999999999999,8.335000000000003,7,0.35,0.35,0.3,normal,False,0,0,1.0
2009,supplier_delay,cd_moderate_3,moderate,RuleBased,CausalOptimizer,1752.0,0.904320987654321,31.0,5.825,7,0.0,1.0,0.0,supplier_delay,True,4,10,1.0
2009,supplier_delay,cd_moderate_3,moderate,TFIDF_LogReg,CausalOptimizer,1528.2859930535442,0.8763477247145817,40.063337192475565,6.867515296671175,6,0.2972294001921947,0.43821517289032413,0.26455542691748124,supplier_delay,True,8,10,1.0
2009,supplier_delay,cd_moderate_3,moderate,TFIDF_LogReg_Calibrated,CausalOptimizer,1752.0,0.904320987654321,31.0,5.825,7,0.0,1.0,0.0,supplier_delay,True,8,10,1.0
2009,supplier_delay,cd_moderate_3,moderate,PerfectSemantic,CausalOptimizer,1752.0,0.904320987654321,31.0,5.825,7,0.0,1.0,0.0,supplier_delay,True,4,10,1.0
2009,supplier_delay,cd_moderate_4,moderate,NoInfo,CausalOptimizer,1466.8000000000002,0.8734567901234568,40.99999999999999,8.335000000000003,7,0.35,0.35,0.3,normal,False,0,0,1.0
2009,supplier_delay,cd_moderate_4,moderate,RuleBased,CausalOptimizer,1752.0,0.904320987654321,31.0,5.825,7,0.0,1.0,0.0,supplier_delay,True,4,10,1.0
2009,supplier_delay,cd_moderate_4,moderate,TFIDF_LogReg,CausalOptimizer,1470.047453900694,0.8773977241026854,39.72313739072995,8.959558696190669,6,0.2700074678575591,0.3735873147032703,0.35640521743917064,supplier_delay,True,8,10,1.0
2009,supplier_delay,cd_moderate_4,moderate,TFIDF_LogReg_Calibrated,CausalOptimizer,1555.6966786372977,0.8993133796580918,32.622464990778255,9.447080430942734,6,0.0,0.4910110712090061,0.5089889287909939,demand_surge,False,0,10,1.75
2009,supplier_delay,cd_moderate_4,moderate,PerfectSemantic,CausalOptimizer,1752.0,0.904320987654321,31.0,5.825,7,0.0,1.0,0.0,supplier_delay,True,4,10,1.0
2009,supplier_delay,cd_vague_1,vague,NoInfo,CausalOptimizer,1466.8000000000002,0.8734567901234568,40.99999999999999,8.335000000000003,7,0.35,0.35,0.3,normal,False,0,0,1.0
2009,supplier_delay,cd_vague_1,vague,RuleBased,CausalOptimizer,1538.4,0.8888888888888888,36.00000000000001,8.299999999999997,6,0.0,0.6,0.39999999999999997,supplier_delay,True,4,10,1.0
2009,supplier_delay,cd_vague_1,vague,TFIDF_LogReg,CausalOptimizer,1532.0065155233988,0.8827223336452534,37.99796389893788,7.600712635371735,7,0.2881220537123606,0.37847674291890326,0.33340120336873624,supplier_delay,True,8,10,1.0
2009,supplier_delay,cd_vague_1,vague,TFIDF_LogReg_Calibrated,CausalOptimizer,1636.6509814401536,0.8924554921482086,34.84442054398036,6.895957246403997,6,0.0,0.7343909653328656,0.2656090346671343,supplier_delay,True,8,10,1.0
2009,supplier_delay,cd_vague_1,vague,PerfectSemantic,CausalOptimizer,1752.0,0.904320987654321,31.0,5.825,7,0.0,1.0,0.0,supplier_delay,True,4,10,1.0
2009,supplier_delay,cd_vague_2,vague,NoInfo,CausalOptimizer,1466.8000000000002,0.8734567901234568,40.99999999999999,8.335000000000003,7,0.35,0.35,0.3,normal,False,0,0,1.0
2009,supplier_delay,cd_vague_2,vague,RuleBased,CausalOptimizer,1752.0,0.904320987654321,31.0,5.825,7,0.0,1.0,0.0,supplier_delay,True,4,10,1.0
2009,supplier_delay,cd_vague_2,vague,TFIDF_LogReg,CausalOptimizer,1528.4096043320171,0.876559678209905,39.994664259990785,6.89189418770327,6,0.33267715716288576,0.4004783181701407,0.26684452466697356,supplier_delay,True,8,10,1.0
2009,supplier_delay,cd_vague_2,vague,TFIDF_LogReg_Calibrated,CausalOptimizer,1752.0,0.904320987654321,31.0,5.825,7,0.11851130242360192,0.8814886975763981,0.0,supplier_delay,True,8,10,1.0
2009,supplier_delay,cd_vague_2,vague,PerfectSemantic,CausalOptimizer,1752.0,0.904320987654321,31.0,5.825,7,0.0,1.0,0.0,supplier_delay,True,4,10,1.0
2009,supplier_delay,cd_vague_3,vague,NoInfo,CausalOptimizer,1466.8000000000002,0.8734567901234568,40.99999999999999,8.335000000000003,7,0.35,0.35,0.3,normal,False,0,0,1.0
2009,supplier_delay,cd_vague_3,vague,RuleBased,CausalOptimizer,1752.0,0.904320987654321,31.0,5.825,7,0.0,1.0,0.0,supplier_delay,True,4,10,1.0
2009,supplier_delay,cd_vague_3,vague,TFIDF_LogReg,CausalOptimizer,1527.9897471461375,0.8758397584810322,40.22791825214557,6.809089020488322,6,0.3570807868648029,0.3838498215400494,0.2590693915951477,supplier_delay,True,8,10,1.0
2009,supplier_delay,cd_vague_3,vague,TFIDF_LogReg_Calibrated,CausalOptimizer,1632.0,0.8796296296296297,39.0,5.1,8,0.3349590287226755,0.6650409712773245,0.0,supplier_delay,True,8,10,1.0
2009,supplier_delay,cd_vague_3,vague,PerfectSemantic,CausalOptimizer,1752.0,0.904320987654321,31.0,5.825,7,0.0,1.0,0.0,supplier_delay,True,4,10,1.0
2009,supplier_delay,cd_vague_4,vague,NoInfo,CausalOptimizer,1466.8000000000002,0.8734567901234568,40.99999999999999,8.335000000000003,7,0.35,0.35,0.3,normal,False,0,0,1.0
2009,supplier_delay,cd_vague_4,vague,RuleBased,CausalOptimizer,1476.0,0.8765432098765432,40.0,8.7,6,0.3333333333333333,0.3333333333333333,0.3333333333333333,normal,False,0,0,1.0
2009,supplier_delay,cd_vague_4,vague,TFIDF_LogReg,CausalOptimizer,1530.746077814516,0.8805659770482099,38.69662343637997,7.352698680085109,6,0.31434998660035207,0.3755374612789805,0.31011255212066746,supplier_delay,True,8,10,1.0
2009,supplier_delay,cd_vague_4,vague,TFIDF_LogReg_Calibrated,CausalOptimizer,1719.1680736674311,0.9062198557372132,30.38476674114289,7.016891461857048,6,0.0,0.8974611235238154,0.10253887647618465,supplier_delay,True,8,10,1.0
2009,supplier_delay,cd_vague_4,vague,PerfectSemantic,CausalOptimizer,1752.0,0.904320987654321,31.0,5.825,7,0.0,1.0,0.0,supplier_delay,True,4,10,1.0
2010,supplier_delay,cd_clear_1,clear,NoInfo,CausalOptimizer,1658.4,0.8912500000000001,34.8,4.610000000000001,11,0.35,0.35,0.3,normal,False,0,0,1.0
2010,supplier_delay,cd_clear_1,clear,RuleBased,CausalOptimizer,1563.0,0.884375,37.0,7.65,11,0.0,1.0,0.0,supplier_delay,True,4,8,1.0
2010,supplier_delay,cd_clear_1,clear,TFIDF_LogReg,CausalOptimizer,1570.069596461679,0.8876445001300853,35.95375995837269,6.666756105108955,10,0.23745986963093338,0.421500123431182,0.3410400069378847,supplier_delay,True,8,10,1.0
2010,supplier_delay,cd_clear_1,clear,TFIDF_LogReg_Calibrated,CausalOptimizer,1480.8565428936047,0.891119859077801,34.84164509510368,9.47484613486321,10,0.0,0.47360751585061306,0.5263924841493869,demand_surge,False,0,10,1.75
2010,supplier_delay,cd_clear_1,clear,PerfectSemantic,CausalOptimizer,1563.0,0.884375,37.0,7.65,11,0.0,1.0,0.0,supplier_delay,True,4,10,1.0
2010,supplier_delay,cd_clear_2,clear,NoInfo,CausalOptimizer,1658.4,0.8912500000000001,34.8,4.610000000000001,11,0.35,0.35,0.3,normal,False,0,0,1.0
2010,supplier_delay,cd_clear_2,clear,RuleBased,CausalOptimizer,1634.1034482758619,0.8875,36.0,4.922413793103448,11,0.2758620689655173,0.5172413793103449,0.20689655172413793,supplier_delay,True,4,8,1.0
2010,supplier_delay,cd_clear_2,clear,TFIDF_LogReg,CausalOptimizer,1577.7584495656727,0.8875,36.0,6.331038760858193,10,0.2897803462021731,0.39133920753656015,0.3188804462612668,supplier_delay,True,8,10,1.0
2010,supplier_delay,cd_clear_2,clear,TFIDF_LogReg_Calibrated,CausalOptimizer,1500.5201997281729,0.8732123701387712,40.572041555593216,7.333178384558382,12,0.09372902690017108,0.7316791500552591,0.17459182304456988,supplier_delay,True,8,10,1.0
2010,supplier_delay,cd_clear_2,clear,PerfectSemantic,CausalOptimizer,1563.0,0.884375,37.0,7.65,11,0.0,1.0,0.0,supplier_delay,True,4,10,1.0
2010,supplier_delay,cd_clear_3,clear,NoInfo,CausalOptimizer,1658.4,0.8912500000000001,34.8,4.610000000000001,11,0.35,0.35,0.3,normal,False,0,0,1.0
2010,supplier_delay,cd_clear_3,clear,RuleBased,CausalOptimizer,1494.0,0.890625,35.0,9.075,10,0.0,0.5,0.5,supplier_delay,True,4,4,1.0
2010,supplier_delay,cd_clear_3,clear,TFIDF_LogReg,CausalOptimizer,1571.2603882069216,0.8876007210218045,35.9677692730226,6.631382585617942,10,0.26709012841761415,0.3942047504194853,0.3387051211629006,supplier_delay,True,8,10,1.0
2010,supplier_delay,cd_clear_3,clear,TFIDF_LogReg_Calibrated,CausalOptimizer,1666.2175646754267,0.8939766298702372,33.927478441524116,4.953646015597974,9,0.296713271444418,0.3675360099397193,0.33575071861586275,supplier_delay,True,8,10,1.0
2010,supplier_delay,cd_clear_3,clear,PerfectSemantic,CausalOptimizer,1563.0,0.884375,37.0,7.65,11,0.0,1.0,0.0,supplier_delay,True,4,10,1.0
2010,supplier_delay,cd_clear_4,clear,NoInfo,CausalOptimizer,1658.4,0.8912500000000001,34.8,4.610000000000001,11,0.35,0.35,0.3,normal,False,0,0,1.0
2010,supplier_delay,cd_clear_4,clear,RuleBased,CausalOptimizer,1494.0,0.890625,35.0,9.075,10,0.0,0.5,0.5,supplier_delay,True,4,8,1.0
2010,supplier_delay,cd_clear_4,clear,TFIDF_LogReg,CausalOptimizer,1590.3513102791426,0.8875,36.0,6.016217243021411,11,0.2868313071460786,0.4163072417412755,0.296861451112646,supplier_delay,True,8,10,1.0
2010,supplier_delay,cd_clear_4,clear,TFIDF_LogReg_Calibrated,CausalOptimizer,1569.0,0.871875,41.0,5.2,12,0.3333333333333333,0.6666666666666666,0.0,supplier_delay,True,8,10,1.0
2010,supplier_delay,cd_clear_4,clear,PerfectSemantic,CausalOptimizer,1563.0,0.884375,37.0,7.65,11,0.0,1.0,0.0,supplier_delay,True,4,10,1.0
2010,supplier_delay,cd_moderate_1,moderate,NoInfo,CausalOptimizer,1658.4,0.8912500000000001,34.8,4.610000000000001,11,0.35,0.35,0.3,normal,False,0,0,1.0
2010,supplier_delay,cd_moderate_1,moderate,RuleBased,CausalOptimizer,1563.0,0.884375,37.0,7.65,11,0.0,1.0,0.0,supplier_delay,True,4,10,1.0
2010,supplier_delay,cd_moderate_1,moderate,TFIDF_LogReg,CausalOptimizer,1579.2225246645712,0.8874999999999998,36.0,6.2944368833857105,10,0.2872828661830683,0.39625265306539953,0.31646448075153216,supplier_delay,True,8,10,1.0
2010,supplier_delay,cd_moderate_1,moderate,TFIDF_LogReg_Calibrated,CausalOptimizer,1570.5267542851589,0.8918784680736194,34.598890216441795,8.62255250218387,11,0.0,0.9331483694069662,0.06685163059303378,supplier_delay,True,8,10,1.0
2010,supplier_delay,cd_moderate_1,moderate,PerfectSemantic,CausalOptimizer,1563.0,0.884375,37.0,7.65,11,0.0,1.0,0.0,supplier_delay,True,4,10,1.0
2010,supplier_delay,cd_moderate_2,moderate,NoInfo,CausalOptimizer,1658.4,0.8912500000000001,34.8,4.610000000000001,11,0.35,0.35,0.3,normal,False,0,0,1.0
2010,supplier_delay,cd_moderate_2,moderate,RuleBased,CausalOptimizer,1563.0,0.884375,37.0,7.65,11,0.0,1.0,0.0,supplier_delay,True,4,10,1.0
2010,supplier_delay,cd_moderate_2,moderate,TFIDF_LogReg,CausalOptimizer,1562.930250048006,0.8879069761011763,35.869767647623604,6.878836689750409,10,0.2549948483684219,0.3899664262355114,0.3550387253960666,supplier_delay,True,8,10,1.0
2010,supplier_delay,cd_moderate_2,moderate,TFIDF_LogReg_Calibrated,CausalOptimizer,1518.5546839028634,0.8895384307388653,35.3477021635631,8.197052037003186,10,0.0,0.5579503605938493,0.4420496394061508,supplier_delay,True,8,10,1.0
2010,supplier_delay,cd_moderate_2,moderate,PerfectSemantic,CausalOptimizer,1563.0,0.884375,37.0,7.65,11,0.0,1.0,0.0,supplier_delay,True,4,10,1.0
2010,supplier_delay,cd_moderate_3,moderate,NoInfo,CausalOptimizer,1658.4,0.8912500000000001,34.8,4.610000000000001,11,0.35,0.35,0.3,normal,False,0,0,1.0
2010,supplier_delay,cd_moderate_3,moderate,RuleBased,CausalOptimizer,1563.0,0.884375,37.0,7.65,11,0.0,1.0,0.0,supplier_delay,True,4,10,1.0
2010,supplier_delay,cd_moderate_3,moderate,TFIDF_LogReg,CausalOptimizer,1607.775392764124,0.8875,36.0,5.580615180896908,12,0.2972294001921947,0.43821517289032413,0.26455542691748124,supplier_delay,True,8,10,1.0
2010,supplier_delay,cd_moderate_3,moderate,TFIDF_LogReg_Calibrated,CausalOptimizer,1563.0,0.884375,37.0,7.65,11,0.0,1.0,0.0,supplier_delay,True,8,10,1.0
2010,supplier_delay,cd_moderate_3,moderate,PerfectSemantic,CausalOptimizer,1563.0,0.884375,37.0,7.65,11,0.0,1.0,0.0,supplier_delay,True,4,10,1.0
2010,supplier_delay,cd_moderate_4,moderate,NoInfo,CausalOptimizer,1658.4,0.8912500000000001,34.8,4.610000000000001,11,0.35,0.35,0.3,normal,False,0,0,1.0
2010,supplier_delay,cd_moderate_4,moderate,RuleBased,CausalOptimizer,1563.0,0.884375,37.0,7.65,11,0.0,1.0,0.0,supplier_delay,True,4,10,1.0
2010,supplier_delay,cd_moderate_4,moderate,TFIDF_LogReg,CausalOptimizer,1668.0764695695252,0.8959129891349222,33.307843476824885,5.198401826654171,9,0.2700074678575591,0.3735873147032703,0.35640521743917064,supplier_delay,True,8,10,1.0
2010,supplier_delay,cd_moderate_4,moderate,TFIDF_LogReg_Calibrated,CausalOptimizer,1489.5235134620848,0.8907935424148311,34.94606642725404,9.211182271183556,10,0.0,0.4910110712090061,0.5089889287909939,demand_surge,False,0,10,1.75
2010,supplier_delay,cd_moderate_4,moderate,PerfectSemantic,CausalOptimizer,1563.0,0.884375,37.0,7.65,11,0.0,1.0,0.0,supplier_delay,True,4,10,1.0
2010,supplier_delay,cd_vague_1,vague,NoInfo,CausalOptimizer,1658.4,0.8912500000000001,34.8,4.610000000000001,11,0.35,0.35,0.3,normal,False,0,0,1.0
2010,supplier_delay,cd_vague_1,vague,RuleBased,CausalOptimizer,1539.9999999999998,0.8887499999999999,35.6,7.559999999999997,10,0.0,0.6,0.39999999999999997,supplier_delay,True,4,10,1.0
2010,supplier_delay,cd_vague_1,vague,TFIDF_LogReg,CausalOptimizer,1573.9653862819443,0.8875012725631638,35.99959277978756,6.5510282310363595,10,0.2881220537123606,0.37847674291890326,0.33340120336873624,supplier_delay,True,8,10,1.0
2010,supplier_delay,cd_vague_1,vague,TFIDF_LogReg_Calibrated,CausalOptimizer,1477.4442054398044,0.8805655082000262,38.21903737599159,8.851279913608272,10,0.0,0.7343909653328656,0.2656090346671343,supplier_delay,True,8,10,1.0
2010,supplier_delay,cd_vague_1,vague,PerfectSemantic,CausalOptimizer,1563.0,0.884375,37.0,7.65,11,0.0,1.0,0.0,supplier_delay,True,4,10,1.0
2010,supplier_delay,cd_vague_2,vague,NoInfo,CausalOptimizer,1658.4,0.8912500000000001,34.8,4.610000000000001,11,0.35,0.35,0.3,normal,False,0,0,1.0
2010,supplier_delay,cd_vague_2,vague,RuleBased,CausalOptimizer,1563.0,0.884375,37.0,7.65,11,0.0,1.0,0.0,supplier_delay,True,4,10,1.0
2010,supplier_delay,cd_vague_2,vague,TFIDF_LogReg,CausalOptimizer,1606.7178296038585,0.8875,36.0,5.6070542599035464,12,0.33267715716288576,0.4004783181701407,0.26684452466697356,supplier_delay,True,8,10,1.0
2010,supplier_delay,cd_vague_2,vague,TFIDF_LogReg_Calibrated,CausalOptimizer,1563.0,0.884375,37.0,7.65,11,0.11851130242360192,0.8814886975763981,0.0,supplier_delay,True,8,10,1.0
2010,supplier_delay,cd_vague_2,vague,PerfectSemantic,CausalOptimizer,1563.0,0.884375,37.0,7.65,11,0.0,1.0,0.0,supplier_delay,True,4,10,1.0
2010,supplier_delay,cd_vague_3,vague,NoInfo,CausalOptimizer,1658.4,0.8912500000000001,34.8,4.610000000000001,11,0.35,0.35,0.3,normal,False,0,0,1.0
2010,supplier_delay,cd_vague_3,vague,RuleBased,CausalOptimizer,1563.0,0.884375,37.0,7.65,11,0.0,1.0,0.0,supplier_delay,True,4,10,1.0
2010,supplier_delay,cd_vague_3,vague,TFIDF_LogReg,CausalOptimizer,1610.3099410830414,0.8875,36.0,5.517251472923955,12,0.3570807868648029,0.3838498215400494,0.2590693915951477,supplier_delay,True,8,10,1.0
2010,supplier_delay,cd_vague_3,vague,TFIDF_LogReg_Calibrated,CausalOptimizer,1569.0,0.871875,41.0,5.2,12,0.3349590287226755,0.6650409712773245,0.0,supplier_delay,True,8,10,1.0
2010,supplier_delay,cd_vague_3,vague,PerfectSemantic,CausalOptimizer,1563.0,0.884375,37.0,7.65,11,0.0,1.0,0.0,supplier_delay,True,4,10,1.0
2010,supplier_delay,cd_vague_4,vague,NoInfo,CausalOptimizer,1658.4,0.8912500000000001,34.8,4.610000000000001,11,0.35,0.35,0.3,normal,False,0,0,1.0
2010,supplier_delay,cd_vague_4,vague,RuleBased,CausalOptimizer,1666.0,0.89375,34.0,4.925,9,0.3333333333333333,0.3333333333333333,0.3333333333333333,normal,False,0,0,1.0
2010,supplier_delay,cd_vague_4,vague,TFIDF_LogReg,CausalOptimizer,1582.9571959166672,0.8875,36.0,6.201070102083313,11,0.31434998660035207,0.3755374612789805,0.31011255212066746,supplier_delay,True,8,10,1.0
2010,supplier_delay,cd_vague_4,vague,TFIDF_LogReg_Calibrated,CausalOptimizer,1556.3946049154308,0.8925476039339285,34.38476674114289,9.115036495371351,11,0.0,0.8974611235238154,0.10253887647618465,supplier_delay,True,8,10,1.0
2010,supplier_delay,cd_vague_4,vague,PerfectSemantic,CausalOptimizer,1563.0,0.884375,37.0,7.65,11,0.0,1.0,0.0,supplier_delay,True,4,10,1.0
2011,supplier_delay,cd_clear_1,clear,NoInfo,CausalOptimizer,1649.2000000000005,0.9101265822784811,28.4,6.285000000000002,5,0.35,0.35,0.3,normal,False,0,0,1.0
2011,supplier_delay,cd_clear_1,clear,RuleBased,CausalOptimizer,1632.0,0.9050632911392406,30.0,7.425,10,0.0,1.0,0.0,supplier_delay,True,4,8,1.0
2011,supplier_delay,cd_clear_1,clear,TFIDF_LogReg,CausalOptimizer,1737.0924800832543,0.9246359498940167,23.815039833490765,6.421672064522329,6,0.23745986963093338,0.421500123431182,0.3410400069378847,supplier_delay,True,8,10,1.0
2011,supplier_delay,cd_clear_1,clear,TFIDF_LogReg_Calibrated,CausalOptimizer,1761.0148977985018,0.9440402209170654,17.68329019020736,8.467146969444148,4,0.0,0.47360751585061306,0.5263924841493869,demand_surge,False,0,10,1.75
2011,supplier_delay,cd_clear_1,clear,PerfectSemantic,CausalOptimizer,1632.0,0.9050632911392406,30.0,7.425,10,0.0,1.0,0.0,supplier_delay,True,4,10,1.0
2011,supplier_delay,cd_clear_2,clear,NoInfo,CausalOptimizer,1649.2000000000005,0.9101265822784811,28.4,6.285000000000002,5,0.35,0.35,0.3,normal,False,0,0,1.0
2011,supplier_delay,cd_clear_2,clear,RuleBased,CausalOptimizer,1682.206896551724,0.9087734613705805,28.827586206896555,5.700862068965517,8,0.2758620689655173,0.5172413793103449,0.20689655172413793,supplier_delay,True,4,8,1.0
2011,supplier_delay,cd_clear_2,clear,TFIDF_LogReg,CausalOptimizer,1736.306261420541,0.922952945285666,24.346869289729597,6.228595748594641,7,0.2897803462021731,0.39133920753656015,0.3188804462612668,supplier_delay,True,8,10,1.0
2011,supplier_delay,cd_clear_2,clear,TFIDF_LogReg_Calibrated,CausalOptimizer,1675.8630683707343,0.9110914497578011,28.09510187653484,6.765382540117703,11,0.09372902690017108,0.7316791500552591,0.17459182304456988,supplier_delay,True,8,10,1.0
2011,supplier_delay,cd_clear_2,clear,PerfectSemantic,CausalOptimizer,1632.0,0.9050632911392406,30.0,7.425,10,0.0,1.0,0.0,supplier_delay,True,4,10,1.0
2011,supplier_delay,cd_clear_3,clear,NoInfo,CausalOptimizer,1649.2000000000005,0.9101265822784811,28.4,6.285000000000002,5,0.35,0.35,0.3,normal,False,0,0,1.0
2011,supplier_delay,cd_clear_3,clear,RuleBased,CausalOptimizer,1774.0,0.9430379746835443,18.0,8.0,4,0.0,0.5,0.5,supplier_delay,True,4,4,1.0
2011,supplier_delay,cd_clear_3,clear,TFIDF_LogReg,CausalOptimizer,1737.064461453955,0.9244586167971824,23.87107709209039,6.399957626814975,6,0.26709012841761415,0.3942047504194853,0.3387051211629006,supplier_delay,True,8,10,1.0
2011,supplier_delay,cd_clear_3,clear,TFIDF_LogReg_Calibrated,CausalOptimizer,1638.2602801035448,0.9114842045043999,27.970991376609646,6.730096446767493,5,0.296713271444418,0.3675360099397193,0.33575071861586275,supplier_delay,True,8,10,1.0
2011,supplier_delay,cd_clear_3,clear,PerfectSemantic,CausalOptimizer,1632.0,0.9050632911392406,30.0,7.425,10,0.0,1.0,0.0,supplier_delay,True,4,10,1.0
2011,supplier_delay,cd_clear_4,clear,NoInfo,CausalOptimizer,1649.2000000000005,0.9101265822784811,28.4,6.285000000000002,5,0.35,0.35,0.3,normal,False,0,0,1.0
2011,supplier_delay,cd_clear_4,clear,RuleBased,CausalOptimizer,1774.0,0.9430379746835443,18.0,8.0,4,0.0,0.5,0.5,supplier_delay,True,4,8,1.0
2011,supplier_delay,cd_clear_4,clear,TFIDF_LogReg,CausalOptimizer,1734.5597360269799,0.9212806165402009,24.875325173296496,6.060876530006906,9,0.2868313071460786,0.4163072417412755,0.296861451112646,supplier_delay,True,8,10,1.0
2011,supplier_delay,cd_clear_4,clear,TFIDF_LogReg_Calibrated,CausalOptimizer,1596.0,0.8892405063291139,35.0,5.75,14,0.3333333333333333,0.6666666666666666,0.0,supplier_delay,True,8,10,1.0
2011,supplier_delay,cd_clear_4,clear,PerfectSemantic,CausalOptimizer,1632.0,0.9050632911392406,30.0,7.425,10,0.0,1.0,0.0,supplier_delay,True,4,10,1.0
2011,supplier_delay,cd_moderate_1,moderate,NoInfo,CausalOptimizer,1649.2000000000005,0.9101265822784811,28.4,6.285000000000002,5,0.35,0.35,0.3,normal,False,0,0,1.0
2011,supplier_delay,cd_moderate_1,moderate,RuleBased,CausalOptimizer,1632.0,0.9050632911392406,30.0,7.425,10,0.0,1.0,0.0,supplier_delay,True,4,10,1.0
2011,supplier_delay,cd_moderate_1,moderate,TFIDF_LogReg,CausalOptimizer,1736.1902950760734,0.9227694542342934,24.40485246196323,6.20830163831287,7,0.2872828661830683,0.39625265306539953,0.31646448075153216,supplier_delay,True,8,10,1.0
2011,supplier_delay,cd_moderate_1,moderate,TFIDF_LogReg_Calibrated,CausalOptimizer,1653.2532696107942,0.912679299687814,27.59334129865077,8.036831142871037,9,0.0,0.9331483694069662,0.06685163059303378,supplier_delay,True,8,10,1.0
2011,supplier_delay,cd_moderate_1,moderate,PerfectSemantic,CausalOptimizer,1632.0,0.9050632911392406,30.0,7.425,10,0.0,1.0,0.0,supplier_delay,True,4,10,1.0
2011,supplier_delay,cd_moderate_2,moderate,NoInfo,CausalOptimizer,1649.2000000000005,0.9101265822784811,28.4,6.285000000000002,5,0.35,0.35,0.3,normal,False,0,0,1.0
2011,supplier_delay,cd_moderate_2,moderate,RuleBased,CausalOptimizer,1632.0,0.9050632911392406,30.0,7.425,10,0.0,1.0,0.0,supplier_delay,True,4,10,1.0
2011,supplier_delay,cd_moderate_2,moderate,TFIDF_LogReg,CausalOptimizer,1737.260464704753,0.9256991437009668,23.479070590494402,6.55186014618342,6,0.2549948483684219,0.3899664262355114,0.3550387253960666,supplier_delay,True,8,10,1.0
2011,supplier_delay,cd_moderate_2,moderate,TFIDF_LogReg_Calibrated,CausalOptimizer,1770.9597437473599,0.93753635817147,19.738510817815477,7.345831862833512,6,0.0,0.5579503605938493,0.4420496394061508,supplier_delay,True,8,10,1.0
2011,supplier_delay,cd_moderate_2,moderate,PerfectSemantic,CausalOptimizer,1632.0,0.9050632911392406,30.0,7.425,10,0.0,1.0,0.0,supplier_delay,True,4,10,1.0
2011,supplier_delay,cd_moderate_3,moderate,NoInfo,CausalOptimizer,1649.2000000000005,0.9101265822784811,28.4,6.285000000000002,5,0.35,0.35,0.3,normal,False,0,0,1.0
2011,supplier_delay,cd_moderate_3,moderate,RuleBased,CausalOptimizer,1632.0,0.9050632911392406,30.0,7.425,10,0.0,1.0,0.0,supplier_delay,True,4,10,1.0
2011,supplier_delay,cd_moderate_3,moderate,TFIDF_LogReg,CausalOptimizer,1726.7659004341308,0.9186265602960252,25.714006946456017,5.917082850940554,8,0.2972294001921947,0.43821517289032413,0.26455542691748124,supplier_delay,True,8,10,1.0
2011,supplier_delay,cd_moderate_3,moderate,TFIDF_LogReg_Calibrated,CausalOptimizer,1632.0,0.9050632911392406,30.0,7.425,10,0.0,1.0,0.0,supplier_delay,True,8,10,1.0
2011,supplier_delay,cd_moderate_3,moderate,PerfectSemantic,CausalOptimizer,1632.0,0.9050632911392406,30.0,7.425,10,0.0,1.0,0.0,supplier_delay,True,4,10,1.0
2011,supplier_delay,cd_moderate_4,moderate,NoInfo,CausalOptimizer,1649.2000000000005,0.9101265822784811,28.4,6.285000000000002,5,0.35,0.35,0.3,normal,False,0,0,1.0
2011,supplier_delay,cd_moderate_4,moderate,RuleBased,CausalOptimizer,1632.0,0.9050632911392406,30.0,7.425,10,0.0,1.0,0.0,supplier_delay,True,4,10,1.0
2011,supplier_delay,cd_moderate_4,moderate,TFIDF_LogReg,CausalOptimizer,1631.940003463614,0.9122685525609812,27.723137390729953,6.987244957117673,5,0.2700074678575591,0.3735873147032703,0.35640521743917064,supplier_delay,True,8,10,1.0
2011,supplier_delay,cd_moderate_4,moderate,TFIDF_LogReg_Calibrated,CausalOptimizer,1769.5774470348304,0.9433793264097846,17.892132854508077,8.159104039600592,4,0.0,0.4910110712090061,0.5089889287909939,demand_surge,False,0,10,1.75
2011,supplier_delay,cd_moderate_4,moderate,PerfectSemantic,CausalOptimizer,1632.0,0.9050632911392406,30.0,7.425,10,0.0,1.0,0.0,supplier_delay,True,4,10,1.0
2011,supplier_delay,cd_vague_1,vague,NoInfo,CausalOptimizer,1649.2000000000005,0.9101265822784811,28.4,6.285000000000002,5,0.35,0.35,0.3,normal,False,0,0,1.0
2011,supplier_delay,cd_vague_1,vague,RuleBased,CausalOptimizer,1758.7999999999995,0.9322784810126581,21.400000000000013,6.969999999999999,6,0.0,0.6,0.39999999999999997,supplier_delay,True,4,10,1.0
2011,supplier_delay,cd_vague_1,vague,TFIDF_LogReg,CausalOptimizer,1737.000814440425,0.9240557875976257,23.9983711191503,6.350631191329251,6,0.2881220537123606,0.37847674291890326,0.33340120336873624,supplier_delay,True,8,10,1.0
2011,supplier_delay,cd_vague_1,vague,TFIDF_LogReg_Calibrated,CausalOptimizer,1640.1013175677786,0.9095137525063202,28.593654208002807,7.585005377604418,9,0.0,0.7343909653328656,0.2656090346671343,supplier_delay,True,8,10,1.0
2011,supplier_delay,cd_vague_1,vague,PerfectSemantic,CausalOptimizer,1632.0,0.9050632911392406,30.0,7.425,10,0.0,1.0,0.0,supplier_delay,True,4,10,1.0
2011,supplier_delay,cd_vague_2,vague,NoInfo,CausalOptimizer,1649.2000000000005,0.9101265822784811,28.4,6.285000000000002,5,0.35,0.35,0.3,normal,False,0,0,1.0
2011,supplier_delay,cd_vague_2,vague,RuleBased,CausalOptimizer,1632.0,0.9050632911392406,30.0,7.425,10,0.0,1.0,0.0,supplier_delay,True,4,10,1.0
2011,supplier_delay,cd_vague_2,vague,TFIDF_LogReg,CausalOptimizer,1728.4362830320624,0.9190008499747068,25.59573140799263,5.925800361001381,9,0.33267715716288576,0.4004783181701407,0.26684452466697356,supplier_delay,True,8,10,1.0
2011,supplier_delay,cd_vague_2,vague,TFIDF_LogReg_Calibrated,CausalOptimizer,1632.0,0.9050632911392406,30.0,7.425,10,0.11851130242360192,0.8814886975763981,0.0,supplier_delay,True,8,10,1.0
2011,supplier_delay,cd_vague_2,vague,PerfectSemantic,CausalOptimizer,1632.0,0.9050632911392406,30.0,7.425,10,0.0,1.0,0.0,supplier_delay,True,4,10,1.0
2011,supplier_delay,cd_vague_3,vague,NoInfo,CausalOptimizer,1649.2000000000005,0.9101265822784811,28.4,6.285000000000002,5,0.35,0.35,0.3,normal,False,0,0,1.0
2011,supplier_delay,cd_vague_3,vague,RuleBased,CausalOptimizer,1632.0,0.9050632911392406,30.0,7.425,10,0.0,1.0,0.0,supplier_delay,True,4,10,1.0
2011,supplier_delay,cd_vague_3,vague,TFIDF_LogReg,CausalOptimizer,1722.5197090946444,0.9176890732472721,26.010252853862028,5.8965102184818035,8,0.3570807868648029,0.3838498215400494,0.2590693915951477,supplier_delay,True,8,10,1.0
2011,supplier_delay,cd_vague_3,vague,TFIDF_LogReg_Calibrated,CausalOptimizer,1596.0,0.8892405063291139,35.0,5.75,14,0.3349590287226755,0.6650409712773245,0.0,supplier_delay,True,8,10,1.0
2011,supplier_delay,cd_vague_3,vague,PerfectSemantic,CausalOptimizer,1632.0,0.9050632911392406,30.0,7.425,10,0.0,1.0,0.0,supplier_delay,True,4,10,1.0
2011,supplier_delay,cd_vague_4,vague,NoInfo,CausalOptimizer,1649.2000000000005,0.9101265822784811,28.4,6.285000000000002,5,0.35,0.35,0.3,normal,False,0,0,1.0
2011,supplier_delay,cd_vague_4,vague,RuleBased,CausalOptimizer,1639.0,0.9113924050632911,28.0,6.7,5,0.3333333333333333,0.3333333333333333,0.3333333333333333,normal,False,0,0,1.0
2011,supplier_delay,cd_vague_4,vague,TFIDF_LogReg,CausalOptimizer,1735.8854025017918,0.9222870292749875,24.55729874910398,6.154945437813607,7,0.31434998660035207,0.3755374612789805,0.31011255212066746,supplier_delay,True,8,10,1.0
2011,supplier_delay,cd_vague_4,vague,TFIDF_LogReg_Calibrated,CausalOptimizer,1633.0196763485753,0.9118806969095844,27.845699776571323,8.461228180657073,9,0.0,0.8974611235238154,0.10253887647618465,supplier_delay,True,8,10,1.0
2011,supplier_delay,cd_vague_4,vague,PerfectSemantic,CausalOptimizer,1632.0,0.9050632911392406,30.0,7.425,10,0.0,1.0,0.0,supplier_delay,True,4,10,1.0
2012,supplier_delay,cd_clear_1,clear,NoInfo,CausalOptimizer,1546.4000000000003,0.8235955056179775,62.8,3.2350000000000003,18,0.35,0.35,0.3,normal,False,0,0,1.0
2012,supplier_delay,cd_clear_1,clear,RuleBased,CausalOptimizer,1595.0,0.8314606741573034,60.0,4.55,19,0.0,1.0,0.0,supplier_delay,True,4,8,1.0
2012,supplier_delay,cd_clear_1,clear,TFIDF_LogReg,CausalOptimizer,1634.149925536432,0.838247641501814,57.58383962535422,3.6877160114475096,18,0.23745986963093338,0.421500123431182,0.3410400069378847,supplier_delay,True,8,10,1.0
2012,supplier_delay,cd_clear_1,clear,TFIDF_LogReg_Calibrated,CausalOptimizer,1766.9177452448157,0.8645836363047237,48.2082254755184,4.087095197692976,15,0.0,0.47360751585061306,0.5263924841493869,demand_surge,False,0,10,1.75
2012,supplier_delay,cd_clear_1,clear,PerfectSemantic,CausalOptimizer,1595.0,0.8314606741573034,60.0,4.55,19,0.0,1.0,0.0,supplier_delay,True,4,10,1.0
2012,supplier_delay,cd_clear_2,clear,NoInfo,CausalOptimizer,1546.4000000000003,0.8235955056179775,62.8,3.2350000000000003,18,0.35,0.35,0.3,normal,False,0,0,1.0
2012,supplier_delay,cd_clear_2,clear,RuleBased,CausalOptimizer,1527.1034482758619,0.8179000387446725,64.82758620689656,3.466379310344828,18,0.2758620689655173,0.5172413793103449,0.20689655172413793,supplier_delay,True,4,8,1.0
2012,supplier_delay,cd_clear_2,clear,TFIDF_LogReg,CausalOptimizer,1616.4665961164908,0.8348863598261471,58.78045590189159,3.6511527363310905,18,0.2897803462021731,0.39133920753656015,0.3188804462612668,supplier_delay,True,8,10,1.0
2012,supplier_delay,cd_clear_2,clear,TFIDF_LogReg_Calibrated,CausalOptimizer,1578.4697881971374,0.8295866757524493,60.66714343212806,4.171397922220339,17,0.09372902690017108,0.7316791500552591,0.17459182304456988,supplier_delay,True,8,10,1.0
2012,supplier_delay,cd_clear_2,clear,PerfectSemantic,CausalOptimizer,1595.0,0.8314606741573034,60.0,4.55,19,0.0,1.0,0.0,supplier_delay,True,4,10,1.0
2012,supplier_delay,cd_clear_3,clear,NoInfo,CausalOptimizer,1546.4000000000003,0.8235955056179775,62.8,3.2350000000000003,18,0.35,0.35,0.3,normal,False,0,0,1.0
2012,supplier_delay,cd_clear_3,clear,RuleBased,CausalOptimizer,1759.0,0.8623595505617978,49.0,4.0,15,0.0,0.5,0.5,supplier_delay,True,4,4,1.0
2012,supplier_delay,cd_clear_3,clear,TFIDF_LogReg,CausalOptimizer,1632.2866866879947,0.8378934734348219,57.709923457203374,3.6838634499187863,18,0.26709012841761415,0.3942047504194853,0.3387051211629006,supplier_delay,True,8,10,1.0
2012,supplier_delay,cd_clear_3,clear,TFIDF_LogReg_Calibrated,CausalOptimizer,1574.9290734554584,0.8290183674304961,60.86946119474341,3.304713901300933,18,0.296713271444418,0.3675360099397193,0.33575071861586275,supplier_delay,True,8,10,1.0
2012,supplier_delay,cd_clear_3,clear,PerfectSemantic,CausalOptimizer,1595.0,0.8314606741573034,60.0,4.55,19,0.0,1.0,0.0,supplier_delay,True,4,10,1.0
2012,supplier_delay,cd_clear_4,clear,NoInfo,CausalOptimizer,1546.4000000000003,0.8235955056179775,62.8,3.2350000000000003,18,0.35,0.35,0.3,normal,False,0,0,1.0
2012,supplier_delay,cd_clear_4,clear,RuleBased,CausalOptimizer,1759.0,0.8623595505617978,49.0,4.0,15,0.0,0.5,0.5,supplier_delay,True,4,8,1.0
2012,supplier_delay,cd_clear_4,clear,TFIDF_LogReg,CausalOptimizer,1598.8954379878912,0.8315463998878732,59.96948163991711,3.6148213943358662,18,0.2868313071460786,0.4163072417412755,0.296861451112646,supplier_delay,True,8,10,1.0
2012,supplier_delay,cd_clear_4,clear,TFIDF_LogReg_Calibrated,CausalOptimizer,1477.0,0.8089887640449438,68.0,3.775,20,0.3333333333333333,0.6666666666666666,0.0,supplier_delay,True,8,10,1.0
2012,supplier_delay,cd_clear_4,clear,PerfectSemantic,CausalOptimizer,1595.0,0.8314606741573034,60.0,4.55,19,0.0,1.0,0.0,supplier_delay,True,4,10,1.0
2012,supplier_delay,cd_moderate_1,moderate,NoInfo,CausalOptimizer,1546.4000000000003,0.8235955056179775,62.8,3.2350000000000003,18,0.35,0.35,0.3,normal,False,0,0,1.0
2012,supplier_delay,cd_moderate_1,moderate,RuleBased,CausalOptimizer,1595.0,0.8314606741573034,60.0,4.55,19,0.0,1.0,0.0,supplier_delay,True,4,10,1.0
2012,supplier_delay,cd_moderate_1,moderate,TFIDF_LogReg,CausalOptimizer,1614.5386556397225,0.8345198931477044,58.91091803941727,3.6471663932400276,18,0.2872828661830683,0.39625265306539953,0.31646448075153216,supplier_delay,True,8,10,1.0
2012,supplier_delay,cd_moderate_1,moderate,TFIDF_LogReg_Calibrated,CausalOptimizer,1631.902100087355,0.8393476642834479,57.192231515092566,4.750554891779101,19,0.0,0.9331483694069662,0.06685163059303378,supplier_delay,True,8,10,1.0
2012,supplier_delay,cd_moderate_1,moderate,PerfectSemantic,CausalOptimizer,1595.0,0.8314606741573034,60.0,4.55,19,0.0,1.0,0.0,supplier_delay,True,4,10,1.0
2012,supplier_delay,cd_moderate_2,moderate,NoInfo,CausalOptimizer,1546.4000000000003,0.8235955056179775,62.8,3.2350000000000003,18,0.35,0.35,0.3,normal,False,0,0,1.0
2012,supplier_delay,cd_moderate_2,moderate,RuleBased,CausalOptimizer,1595.0,0.8314606741573034,60.0,4.55,19,0.0,1.0,0.0,supplier_delay,True,4,10,1.0
2012,supplier_delay,cd_moderate_2,moderate,TFIDF_LogReg,CausalOptimizer,1645.320902866061,0.8403710426162573,56.82790882861241,3.7108138969035096,18,0.2549948483684219,0.3899664262355114,0.3550387253960666,supplier_delay,True,8,10,1.0
2012,supplier_delay,cd_moderate_2,moderate,TFIDF_LogReg_Calibrated,CausalOptimizer,1714.1464209003607,0.8535693273256519,52.12931947206786,3.869611688663839,17,0.0,0.5579503605938493,0.4420496394061508,supplier_delay,True,8,10,1.0
2012,supplier_delay,cd_moderate_2,moderate,PerfectSemantic,CausalOptimizer,1595.0,0.8314606741573034,60.0,4.55,19,0.0,1.0,0.0,supplier_delay,True,4,10,1.0
2012,supplier_delay,cd_moderate_3,moderate,NoInfo,CausalOptimizer,1546.4000000000003,0.8235955056179775,62.8,3.2350000000000003,18,0.35,0.35,0.3,normal,False,0,0,1.0
2012,supplier_delay,cd_moderate_3,moderate,RuleBased,CausalOptimizer,1595.0,0.8314606741573034,60.0,4.55,19,0.0,1.0,0.0,supplier_delay,True,4,10,1.0
2012,supplier_delay,cd_moderate_3,moderate,TFIDF_LogReg,CausalOptimizer,1573.11523068015,0.8266460479032134,61.71400694645602,3.5615164544138436,18,0.2972294001921947,0.43821517289032413,0.26455542691748124,supplier_delay,True,8,10,1.0
2012,supplier_delay,cd_moderate_3,moderate,TFIDF_LogReg_Calibrated,CausalOptimizer,1595.0,0.8314606741573034,60.0,4.55,19,0.0,1.0,0.0,supplier_delay,True,8,10,1.0
2012,supplier_delay,cd_moderate_3,moderate,PerfectSemantic,CausalOptimizer,1595.0,0.8314606741573034,60.0,4.55,19,0.0,1.0,0.0,supplier_delay,True,4,10,1.0
2012,supplier_delay,cd_moderate_4,moderate,NoInfo,CausalOptimizer,1546.4000000000003,0.8235955056179775,62.8,3.2350000000000003,18,0.35,0.35,0.3,normal,False,0,0,1.0
2012,supplier_delay,cd_moderate_4,moderate,RuleBased,CausalOptimizer,1595.0,0.8314606741573034,60.0,4.55,19,0.0,1.0,0.0,supplier_delay,True,4,10,1.0
2012,supplier_delay,cd_moderate_4,moderate,TFIDF_LogReg,CausalOptimizer,1591.4113635164576,0.8321513532070652,59.75411825828479,3.3449901740063823,18,0.2700074678575591,0.3735873147032703,0.35640521743917064,supplier_delay,True,8,10,1.0
2012,supplier_delay,cd_moderate_4,moderate,TFIDF_LogReg_Calibrated,CausalOptimizer,1761.696678637298,0.8631170445610388,48.730332136270185,4.02966346501028,15,0.0,0.4910110712090061,0.5089889287909939,demand_surge,False,0,10,1.75
2012,supplier_delay,cd_moderate_4,moderate,PerfectSemantic,CausalOptimizer,1595.0,0.8314606741573034,60.0,4.55,19,0.0,1.0,0.0,supplier_delay,True,4,10,1.0
2012,supplier_delay,cd_vague_1,vague,NoInfo,CausalOptimizer,1546.4000000000003,0.8235955056179775,62.8,3.2350000000000003,18,0.35,0.35,0.3,normal,False,0,0,1.0
2012,supplier_delay,cd_vague_1,vague,RuleBased,CausalOptimizer,1681.1999999999998,0.8471910112359551,54.40000000000001,3.7849999999999993,18,0.0,0.6,0.39999999999999997,supplier_delay,True,4,10,1.0
2012,supplier_delay,cd_vague_1,vague,TFIDF_LogReg,CausalOptimizer,1628.054160288252,0.8370889465784039,57.996335018088196,3.6751119855584164,18,0.2881220537123606,0.37847674291890326,0.33340120336873624,supplier_delay,True,8,10,1.0
2012,supplier_delay,cd_vague_1,vague,TFIDF_LogReg_Calibrated,CausalOptimizer,1629.8034955522635,0.8403246613933135,56.84442054398036,4.417144393601262,17,0.0,0.7343909653328656,0.2656090346671343,supplier_delay,True,8,10,1.0
2012,supplier_delay,cd_vague_1,vague,PerfectSemantic,CausalOptimizer,1595.0,0.8314606741573034,60.0,4.55,19,0.0,1.0,0.0,supplier_delay,True,4,10,1.0
2012,supplier_delay,cd_vague_2,vague,NoInfo,CausalOptimizer,1546.4000000000003,0.8235955056179775,62.8,3.2350000000000003,18,0.35,0.35,0.3,normal,False,0,0,1.0
2012,supplier_delay,cd_vague_2,vague,RuleBased,CausalOptimizer,1595.0,0.8314606741573034,60.0,4.55,19,0.0,1.0,0.0,supplier_delay,True,4,10,1.0
2012,supplier_delay,cd_vague_2,vague,TFIDF_LogReg,CausalOptimizer,1574.9419306842449,0.8269932705955523,61.590395667983415,3.565293465700506,18,0.33267715716288576,0.4004783181701407,0.26684452466697356,supplier_delay,True,8,10,1.0
2012,supplier_delay,cd_vague_2,vague,TFIDF_LogReg_Calibrated,CausalOptimizer,1595.0,0.8314606741573034,60.0,4.55,19,0.11851130242360192,0.8814886975763981,0.0,supplier_delay,True,8,10,1.0
2012,supplier_delay,cd_vague_2,vague,PerfectSemantic,CausalOptimizer,1595.0,0.8314606741573034,60.0,4.55,19,0.0,1.0,0.0,supplier_delay,True,4,10,1.0
2012,supplier_delay,cd_vague_3,vague,NoInfo,CausalOptimizer,1546.4000000000003,0.8235955056179775,62.8,3.2350000000000003,18,0.35,0.35,0.3,normal,False,0,0,1.0
2012,supplier_delay,cd_vague_3,vague,RuleBased,CausalOptimizer,1595.0,0.8314606741573034,60.0,4.55,19,0.0,1.0,0.0,supplier_delay,True,4,10,1.0
2012,supplier_delay,cd_vague_3,vague,TFIDF_LogReg,CausalOptimizer,1568.7373744929278,0.8258138964779157,62.01025285386203,3.5524644961319938,18,0.3570807868648029,0.3838498215400494,0.2590693915951477,supplier_delay,True,8,10,1.0
2012,supplier_delay,cd_vague_3,vague,TFIDF_LogReg_Calibrated,CausalOptimizer,1477.0,0.8089887640449438,68.0,3.775,20,0.3349590287226755,0.6650409712773245,0.0,supplier_delay,True,8,10,1.0
2012,supplier_delay,cd_vague_3,vague,PerfectSemantic,CausalOptimizer,1595.0,0.8314606741573034,60.0,4.55,19,0.0,1.0,0.0,supplier_delay,True,4,10,1.0
2012,supplier_delay,cd_vague_4,vague,NoInfo,CausalOptimizer,1546.4000000000003,0.8235955056179775,62.8,3.2350000000000003,18,0.35,0.35,0.3,normal,False,0,0,1.0
2012,supplier_delay,cd_vague_4,vague,RuleBased,CausalOptimizer,1573.0,0.8286516853932584,61.0,3.3,18,0.3333333333333333,0.3333333333333333,0.3333333333333333,normal,False,0,0,1.0
2012,supplier_delay,cd_vague_4,vague,TFIDF_LogReg,CausalOptimizer,1609.4698165922928,0.8335563983553822,59.25392218548395,3.6366857109991018,18,0.31434998660035207,0.3755374612789805,0.31011255212066746,supplier_delay,True,8,10,1.0
2012,supplier_delay,cd_vague_4,vague,TFIDF_LogReg_Calibrated,CausalOptimizer,1651.5252935205685,0.843557957337078,55.69336718800023,4.859520786785692,18,0.0,0.8974611235238154,0.10253887647618465,supplier_delay,True,8,10,1.0
2012,supplier_delay,cd_vague_4,vague,PerfectSemantic,CausalOptimizer,1595.0,0.8314606741573034,60.0,4.55,19,0.0,1.0,0.0,supplier_delay,True,4,10,1.0
2013,supplier_delay,cd_clear_1,clear,NoInfo,CausalOptimizer,1440.6000000000001,0.8462908011869436,51.8,5.950000000000001,11,0.35,0.35,0.3,normal,False,0,0,1.0
2013,supplier_delay,cd_clear_1,clear,RuleBased,CausalOptimizer,1697.0,0.8724035608308606,43.0,4.575,12,0.0,1.0,0.0,supplier_delay,True,4,8,1.0
2013,supplier_delay,cd_clear_1,clear,TFIDF_LogReg,CausalOptimizer,1714.5203186679257,0.8787499113497981,40.86127987511807,4.315168081173251,9,0.23745986963093338,0.421500123431182,0.3410400069378847,supplier_delay,True,8,10,1.0
2013,supplier_delay,cd_clear_1,clear,TFIDF_LogReg_Calibrated,CausalOptimizer,1683.24935285311,0.8886500436637655,37.52493528531104,6.458792064547825,8,0.0,0.47360751585061306,0.5263924841493869,demand_surge,False,0,10,1.75
2013,supplier_delay,cd_clear_1,clear,PerfectSemantic,CausalOptimizer,1697.0,0.8724035608308606,43.0,4.575,12,0.0,1.0,0.0,supplier_delay,True,4,10,1.0
2013,supplier_delay,cd_clear_2,clear,NoInfo,CausalOptimizer,1440.6000000000001,0.8462908011869436,51.8,5.950000000000001,11,0.35,0.35,0.3,normal,False,0,0,1.0
2013,supplier_delay,cd_clear_2,clear,RuleBased,CausalOptimizer,1643.3793103448272,0.8610457382584672,46.82758620689655,3.645689655172414,11,0.2758620689655173,0.5172413793103449,0.20689655172413793,supplier_delay,True,4,8,1.0
2013,supplier_delay,cd_clear_2,clear,TFIDF_LogReg,CausalOptimizer,1713.7453496167568,0.877051671774,41.433586612161996,4.112267480837882,10,0.2897803462021731,0.39133920753656015,0.3188804462612668,supplier_delay,True,8,10,1.0
2013,supplier_delay,cd_clear_2,clear,TFIDF_LogReg_Calibrated,CausalOptimizer,1687.517339135405,0.8704239067295904,43.66714343212806,4.302341789503767,11,0.09372902690017108,0.7316791500552591,0.17459182304456988,supplier_delay,True,8,10,1.0
2013,supplier_delay,cd_clear_2,clear,PerfectSemantic,CausalOptimizer,1697.0,0.8724035608308606,43.0,4.575,12,0.0,1.0,0.0,supplier_delay,True,4,10,1.0
2013,supplier_delay,cd_clear_3,clear,NoInfo,CausalOptimizer,1440.6000000000001,0.8462908011869436,51.8,5.950000000000001,11,0.35,0.35,0.3,normal,False,0,0,1.0
2013,supplier_delay,cd_clear_3,clear,RuleBased,CausalOptimizer,1688.0,0.887240356083086,38.0,6.15,8,0.0,0.5,0.5,supplier_delay,True,4,4,1.0
2013,supplier_delay,cd_clear_3,clear,TFIDF_LogReg,CausalOptimizer,1714.968616736723,0.8786251993499472,40.90330781906779,4.287849917605936,9,0.26709012841761415,0.3942047504194853,0.3387051211629006,supplier_delay,True,8,10,1.0
2013,supplier_delay,cd_clear_3,clear,TFIDF_LogReg_Calibrated,CausalOptimizer,1441.2892887269356,0.8487507674284581,50.970991376609646,6.254371231182732,10,0.296713271444418,0.3675360099397193,0.33575071861586275,supplier_delay,True,8,10,1.0
2013,supplier_delay,cd_clear_3,clear,PerfectSemantic,CausalOptimizer,1697.0,0.8724035608308606,43.0,4.575,12,0.0,1.0,0.0,supplier_delay,True,4,10,1.0
2013,supplier_delay,cd_clear_4,clear,NoInfo,CausalOptimizer,1440.6000000000001,0.8462908011869436,51.8,5.950000000000001,11,0.35,0.35,0.3,normal,False,0,0,1.0
2013,supplier_delay,cd_clear_4,clear,RuleBased,CausalOptimizer,1688.0,0.887240356083086,38.0,6.15,8,0.0,0.5,0.5,supplier_delay,True,4,8,1.0
2013,supplier_delay,cd_clear_4,clear,TFIDF_LogReg,CausalOptimizer,1710.3103863735723,0.875091523837921,42.09415646662062,3.9405193186786382,10,0.2868313071460786,0.4163072417412755,0.296861451112646,supplier_delay,True,8,10,1.0
2013,supplier_delay,cd_clear_4,clear,TFIDF_LogReg_Calibrated,CausalOptimizer,1580.0,0.8486646884272997,51.0,3.775,12,0.3333333333333333,0.6666666666666666,0.0,supplier_delay,True,8,10,1.0
2013,supplier_delay,cd_clear_4,clear,PerfectSemantic,CausalOptimizer,1697.0,0.8724035608308606,43.0,4.575,12,0.0,1.0,0.0,supplier_delay,True,4,10,1.0
2013,supplier_delay,cd_moderate_1,moderate,NoInfo,CausalOptimizer,1440.6000000000001,0.8462908011869436,51.8,5.950000000000001,11,0.35,0.35,0.3,normal,False,0,0,1.0
2013,supplier_delay,cd_moderate_1,moderate,RuleBased,CausalOptimizer,1697.0,0.8724035608308606,43.0,4.575,12,0.0,1.0,0.0,supplier_delay,True,4,10,1.0
2013,supplier_delay,cd_moderate_1,moderate,TFIDF_LogReg,CausalOptimizer,1713.3684589972383,0.8768366006603738,41.50606557745404,4.09342294986195,10,0.2872828661830683,0.39625265306539953,0.31646448075153216,supplier_delay,True,8,10,1.0
2013,supplier_delay,cd_moderate_1,moderate,TFIDF_LogReg_Calibrated,CausalOptimizer,1734.704319654471,0.8807352180561052,40.19223151509257,4.815665870134923,12,0.0,0.9331483694069662,0.06685163059303378,supplier_delay,True,8,10,1.0
2013,supplier_delay,cd_moderate_1,moderate,PerfectSemantic,CausalOptimizer,1697.0,0.8724035608308606,43.0,4.575,12,0.0,1.0,0.0,supplier_delay,True,4,10,1.0
2013,supplier_delay,cd_moderate_2,moderate,NoInfo,CausalOptimizer,1440.6000000000001,0.8462908011869436,51.8,5.950000000000001,11,0.35,0.35,0.3,normal,False,0,0,1.0
2013,supplier_delay,cd_moderate_2,moderate,RuleBased,CausalOptimizer,1697.0,0.8724035608308606,43.0,4.575,12,0.0,1.0,0.0,supplier_delay,True,4,10,1.0
2013,supplier_delay,cd_moderate_2,moderate,TFIDF_LogReg,CausalOptimizer,1711.8325647239558,0.8794976173802053,40.6093029428708,4.478953087133979,9,0.2549948483684219,0.3899664262355114,0.3550387253960666,supplier_delay,True,8,10,1.0
2013,supplier_delay,cd_moderate_2,moderate,TFIDF_LogReg_Calibrated,CausalOptimizer,1699.7787670704563,0.8841450845973612,39.04310649068928,5.473058443319196,9,0.0,0.5579503605938493,0.4420496394061508,supplier_delay,True,8,10,1.0
2013,supplier_delay,cd_moderate_2,moderate,PerfectSemantic,CausalOptimizer,1697.0,0.8724035608308606,43.0,4.575,12,0.0,1.0,0.0,supplier_delay,True,4,10,1.0
2013,supplier_delay,cd_moderate_3,moderate,NoInfo,CausalOptimizer,1440.6000000000001,0.8462908011869436,51.8,5.950000000000001,11,0.35,0.35,0.3,normal,False,0,0,1.0
2013,supplier_delay,cd_moderate_3,moderate,RuleBased,CausalOptimizer,1697.0,0.8724035608308606,43.0,4.575,12,0.0,1.0,0.0,supplier_delay,True,4,10,1.0
2013,supplier_delay,cd_moderate_3,moderate,TFIDF_LogReg,CausalOptimizer,1688.3532329956356,0.8702848458562136,43.71400694645602,3.8186662807524434,11,0.2972294001921947,0.43821517289032413,0.26455542691748124,supplier_delay,True,8,10,1.0
2013,supplier_delay,cd_moderate_3,moderate,TFIDF_LogReg_Calibrated,CausalOptimizer,1697.0,0.8724035608308606,43.0,4.575,12,0.0,1.0,0.0,supplier_delay,True,8,10,1.0
2013,supplier_delay,cd_moderate_3,moderate,PerfectSemantic,CausalOptimizer,1697.0,0.8724035608308606,43.0,4.575,12,0.0,1.0,0.0,supplier_delay,True,4,10,1.0
2013,supplier_delay,cd_moderate_4,moderate,NoInfo,CausalOptimizer,1440.6000000000001,0.8462908011869436,51.8,5.950000000000001,11,0.35,0.35,0.3,normal,False,0,0,1.0
2013,supplier_delay,cd_moderate_4,moderate,RuleBased,CausalOptimizer,1697.0,0.8724035608308606,43.0,4.575,12,0.0,1.0,0.0,supplier_delay,True,4,10,1.0
2013,supplier_delay,cd_moderate_4,moderate,TFIDF_LogReg,CausalOptimizer,1435.216866072884,0.849486239196647,50.72313739072995,6.505323391885922,10,0.2700074678575591,0.3735873147032703,0.35640521743917064,supplier_delay,True,8,10,1.0
2013,supplier_delay,cd_moderate_4,moderate,TFIDF_LogReg_Calibrated,CausalOptimizer,1686.3819928176204,0.8877204769087178,37.83819928176211,6.2551704668546275,8,0.0,0.4910110712090061,0.5089889287909939,demand_surge,False,0,10,1.75
2013,supplier_delay,cd_moderate_4,moderate,PerfectSemantic,CausalOptimizer,1697.0,0.8724035608308606,43.0,4.575,12,0.0,1.0,0.0,supplier_delay,True,4,10,1.0
2013,supplier_delay,cd_vague_1,vague,NoInfo,CausalOptimizer,1440.6000000000001,0.8462908011869436,51.8,5.950000000000001,11,0.35,0.35,0.3,normal,False,0,0,1.0
2013,supplier_delay,cd_vague_1,vague,RuleBased,CausalOptimizer,1707.5999999999997,0.8818991097922848,39.800000000000004,4.999999999999997,9,0.0,0.6,0.39999999999999997,supplier_delay,True,4,10,1.0
2013,supplier_delay,cd_vague_1,vague,TFIDF_LogReg,CausalOptimizer,1715.9869689532027,0.8783419040374993,40.998778339362715,4.225794079414218,9,0.2881220537123606,0.37847674291890326,0.33340120336873624,supplier_delay,True,8,10,1.0
2013,supplier_delay,cd_vague_1,vague,TFIDF_LogReg_Calibrated,CausalOptimizer,1739.3971497602663,0.8817672980890789,39.84442054398036,4.616351169601613,11,0.0,0.7343909653328656,0.2656090346671343,supplier_delay,True,8,10,1.0
2013,supplier_delay,cd_vague_1,vague,PerfectSemantic,CausalOptimizer,1697.0,0.8724035608308606,43.0,4.575,12,0.0,1.0,0.0,supplier_delay,True,4,10,1.0
2013,supplier_delay,cd_vague_2,vague,NoInfo,CausalOptimizer,1440.6000000000001,0.8462908011869436,51.8,5.950000000000001,11,0.35,0.35,0.3,normal,False,0,0,1.0
2013,supplier_delay,cd_vague_2,vague,RuleBased,CausalOptimizer,1697.0,0.8724035608308606,43.0,4.575,12,0.0,1.0,0.0,supplier_delay,True,4,10,1.0
2013,supplier_delay,cd_vague_2,vague,TFIDF_LogReg,CausalOptimizer,1690.1387292402394,0.8706516449021264,43.59039566798342,3.8255335740009215,11,0.33267715716288576,0.4004783181701407,0.26684452466697356,supplier_delay,True,8,10,1.0
2013,supplier_delay,cd_vague_2,vague,TFIDF_LogReg_Calibrated,CausalOptimizer,1697.0,0.8724035608308606,43.0,4.575,12,0.11851130242360192,0.8814886975763981,0.0,supplier_delay,True,8,10,1.0
2013,supplier_delay,cd_vague_2,vague,PerfectSemantic,CausalOptimizer,1697.0,0.8724035608308606,43.0,4.575,12,0.0,1.0,0.0,supplier_delay,True,4,10,1.0
2013,supplier_delay,cd_vague_3,vague,NoInfo,CausalOptimizer,1440.6000000000001,0.8462908011869436,51.8,5.950000000000001,11,0.35,0.35,0.3,normal,False,0,0,1.0
2013,supplier_delay,cd_vague_3,vague,RuleBased,CausalOptimizer,1697.0,0.8724035608308606,43.0,4.575,12,0.0,1.0,0.0,supplier_delay,True,4,10,1.0
2013,supplier_delay,cd_vague_3,vague,TFIDF_LogReg,CausalOptimizer,1684.0741254442153,0.869405777881715,44.01025285386203,3.802208174785443,11,0.3570807868648029,0.3838498215400494,0.2590693915951477,supplier_delay,True,8,10,1.0
2013,supplier_delay,cd_vague_3,vague,TFIDF_LogReg_Calibrated,CausalOptimizer,1580.0,0.8486646884272997,51.0,3.775,12,0.3349590287226755,0.6650409712773245,0.0,supplier_delay,True,8,10,1.0
2013,supplier_delay,cd_vague_3,vague,PerfectSemantic,CausalOptimizer,1697.0,0.8724035608308606,43.0,4.575,12,0.0,1.0,0.0,supplier_delay,True,4,10,1.0
2013,supplier_delay,cd_vague_4,vague,NoInfo,CausalOptimizer,1440.6000000000001,0.8462908011869436,51.8,5.950000000000001,11,0.35,0.35,0.3,normal,False,0,0,1.0
2013,supplier_delay,cd_vague_4,vague,RuleBased,CausalOptimizer,1442.0,0.8486646884272997,51.0,6.225,10,0.3333333333333333,0.3333333333333333,0.3333333333333333,normal,False,0,0,1.0
2013,supplier_delay,cd_vague_4,vague,TFIDF_LogReg,CausalOptimizer,1712.3775581308232,0.8762711470730564,41.69662343637997,4.043877906541208,10,0.31434998660035207,0.3755374612789805,0.31011255212066746,supplier_delay,True,8,10,1.0
2013,supplier_delay,cd_vague_4,vague,TFIDF_LogReg_Calibrated,CausalOptimizer,1759.831926332568,0.8851828866824918,38.69336718800024,4.944139955314265,12,0.0,0.8974611235238154,0.10253887647618465,supplier_delay,True,8,10,1.0
2013,supplier_delay,cd_vague_4,vague,PerfectSemantic,CausalOptimizer,1697.0,0.8724035608308606,43.0,4.575,12,0.0,1.0,0.0,supplier_delay,True,4,10,1.0
2014,supplier_delay,cd_clear_1,clear,NoInfo,CausalOptimizer,1479.5999999999995,0.837463976945245,56.4,5.860000000000001,12,0.35,0.35,0.3,normal,False,0,0,1.0
2014,supplier_delay,cd_clear_1,clear,RuleBased,CausalOptimizer,1739.0,0.861671469740634,48.0,3.875,13,0.0,1.0,0.0,supplier_delay,True,4,8,1.0
2014,supplier_delay,cd_clear_1,clear,TFIDF_LogReg,CausalOptimizer,1587.9537599583732,0.8506771186354734,51.815039833490765,5.302452069725742,11,0.23745986963093338,0.421500123431182,0.3410400069378847,supplier_delay,True,8,10,1.0
2014,supplier_delay,cd_clear_1,clear,TFIDF_LogReg_Calibrated,CausalOptimizer,1598.7007765762678,0.8644095948973428,47.049870570622076,7.136285593078929,11,0.0,0.47360751585061306,0.5263924841493869,demand_surge,False,0,10,1.75
2014,supplier_delay,cd_clear_1,clear,PerfectSemantic,CausalOptimizer,1739.0,0.861671469740634,48.0,3.875,13,0.0,1.0,0.0,supplier_delay,True,4,10,1.0
2014,supplier_delay,cd_clear_2,clear,NoInfo,CausalOptimizer,1479.5999999999995,0.837463976945245,56.4,5.860000000000001,12,0.35,0.35,0.3,normal,False,0,0,1.0
2014,supplier_delay,cd_clear_2,clear,RuleBased,CausalOptimizer,1586.4827586206893,0.841399185133658,55.03448275862069,4.011206896551724,12,0.2758620689655173,0.5172413793103449,0.20689655172413793,supplier_delay,True,4,8,1.0
2014,supplier_delay,cd_clear_2,clear,TFIDF_LogReg,CausalOptimizer,1587.8265653551343,0.8491444689056785,52.3468692897296,5.086252284108161,12,0.2897803462021731,0.39133920753656015,0.3188804462612668,supplier_delay,True,8,10,1.0
2014,supplier_delay,cd_clear_2,clear,TFIDF_LogReg_Calibrated,CausalOptimizer,1644.665713135744,0.8476733510513034,52.85734718519774,3.8404182975273073,14,0.09372902690017108,0.7316791500552591,0.17459182304456988,supplier_delay,True,8,10,1.0
2014,supplier_delay,cd_clear_2,clear,PerfectSemantic,CausalOptimizer,1739.0,0.861671469740634,48.0,3.875,13,0.0,1.0,0.0,supplier_delay,True,4,10,1.0
2014,supplier_delay,cd_clear_3,clear,NoInfo,CausalOptimizer,1479.5999999999995,0.837463976945245,56.4,5.860000000000001,12,0.35,0.35,0.3,normal,False,0,0,1.0
2014,supplier_delay,cd_clear_3,clear,RuleBased,CausalOptimizer,1593.0,0.861671469740634,48.0,6.875,11,0.0,0.5,0.5,supplier_delay,True,4,4,1.0
2014,supplier_delay,cd_clear_3,clear,TFIDF_LogReg,CausalOptimizer,1587.9677692730222,0.8505156279766848,51.87107709209039,5.27898646768715,11,0.26709012841761415,0.3942047504194853,0.3387051211629006,supplier_delay,True,8,10,1.0
2014,supplier_delay,cd_clear_3,clear,TFIDF_LogReg_Calibrated,CausalOptimizer,1469.3037930386308,0.8387003130357071,55.970991376609646,6.331909485729389,12,0.296713271444418,0.3675360099397193,0.33575071861586275,supplier_delay,True,8,10,1.0
2014,supplier_delay,cd_clear_3,clear,PerfectSemantic,CausalOptimizer,1739.0,0.861671469740634,48.0,3.875,13,0.0,1.0,0.0,supplier_delay,True,4,10,1.0
2014,supplier_delay,cd_clear_4,clear,NoInfo,CausalOptimizer,1479.5999999999995,0.837463976945245,56.4,5.860000000000001,12,0.35,0.35,0.3,normal,False,0,0,1.0
2014,supplier_delay,cd_clear_4,clear,RuleBased,CausalOptimizer,1593.0,0.861671469740634,48.0,6.875,11,0.0,0.5,0.5,supplier_delay,True,4,8,1.0
2014,supplier_delay,cd_clear_4,clear,TFIDF_LogReg,CausalOptimizer,1587.5623374133522,0.8476215412873301,52.875325173296496,4.874869930681402,12,0.2868313071460786,0.4163072417412755,0.296861451112646,supplier_delay,True,8,10,1.0
2014,supplier_delay,cd_clear_4,clear,TFIDF_LogReg_Calibrated,CausalOptimizer,1644.0,0.8414985590778098,55.0,2.875,14,0.3333333333333333,0.6666666666666666,0.0,supplier_delay,True,8,10,1.0
2014,supplier_delay,cd_clear_4,clear,PerfectSemantic,CausalOptimizer,1739.0,0.861671469740634,48.0,3.875,13,0.0,1.0,0.0,supplier_delay,True,4,10,1.0
2014,supplier_delay,cd_moderate_1,moderate,NoInfo,CausalOptimizer,1479.5999999999995,0.837463976945245,56.4,5.860000000000001,12,0.35,0.35,0.3,normal,False,0,0,1.0
2014,supplier_delay,cd_moderate_1,moderate,RuleBased,CausalOptimizer,1739.0,0.861671469740634,48.0,3.875,13,0.0,1.0,0.0,supplier_delay,True,4,10,1.0
2014,supplier_delay,cd_moderate_1,moderate,TFIDF_LogReg,CausalOptimizer,1587.7975737690188,0.8489773704266189,52.40485246196323,5.063059015214708,12,0.2872828661830683,0.39625265306539953,0.31646448075153216,supplier_delay,True,8,10,1.0
2014,supplier_delay,cd_moderate_1,moderate,TFIDF_LogReg_Calibrated,CausalOptimizer,1686.8557281374335,0.8582036618136178,49.203329350674615,4.677219567116406,13,0.0,0.9331483694069662,0.06685163059303378,supplier_delay,True,8,10,1.0
2014,supplier_delay,cd_moderate_1,moderate,PerfectSemantic,CausalOptimizer,1739.0,0.861671469740634,48.0,3.875,13,0.0,1.0,0.0,supplier_delay,True,4,10,1.0
2014,supplier_delay,cd_moderate_2,moderate,NoInfo,CausalOptimizer,1479.5999999999995,0.837463976945245,56.4,5.860000000000001,12,0.35,0.35,0.3,normal,False,0,0,1.0
2014,supplier_delay,cd_moderate_2,moderate,RuleBased,CausalOptimizer,1739.0,0.861671469740634,48.0,3.875,13,0.0,1.0,0.0,supplier_delay,True,4,10,1.0
2014,supplier_delay,cd_moderate_2,moderate,TFIDF_LogReg,CausalOptimizer,1587.869767647624,0.8516453297103908,51.4790705904944,5.443139190230468,11,0.2549948483684219,0.3899664262355114,0.3550387253960666,supplier_delay,True,8,10,1.0
2014,supplier_delay,cd_moderate_2,moderate,TFIDF_LogReg_Calibrated,CausalOptimizer,1587.6522978364371,0.8576633756361602,49.39080865425238,6.309983984209969,11,0.0,0.5579503605938493,0.4420496394061508,supplier_delay,True,8,10,1.0
2014,supplier_delay,cd_moderate_2,moderate,PerfectSemantic,CausalOptimizer,1739.0,0.861671469740634,48.0,3.875,13,0.0,1.0,0.0,supplier_delay,True,4,10,1.0
2014,supplier_delay,cd_moderate_3,moderate,NoInfo,CausalOptimizer,1479.5999999999995,0.837463976945245,56.4,5.860000000000001,12,0.35,0.35,0.3,normal,False,0,0,1.0
2014,supplier_delay,cd_moderate_3,moderate,RuleBased,CausalOptimizer,1739.0,0.861671469740634,48.0,3.875,13,0.0,1.0,0.0,supplier_delay,True,4,10,1.0
2014,supplier_delay,cd_moderate_3,moderate,TFIDF_LogReg,CausalOptimizer,1587.1746651230096,0.8453871188646096,53.65066975398045,4.564732098407819,12,0.2972294001921947,0.43821517289032413,0.26455542691748124,supplier_delay,True,8,10,1.0
2014,supplier_delay,cd_moderate_3,moderate,TFIDF_LogReg_Calibrated,CausalOptimizer,1739.0,0.861671469740634,48.0,3.875,13,0.0,1.0,0.0,supplier_delay,True,8,10,1.0
2014,supplier_delay,cd_moderate_3,moderate,PerfectSemantic,CausalOptimizer,1739.0,0.861671469740634,48.0,3.875,13,0.0,1.0,0.0,supplier_delay,True,4,10,1.0
2014,supplier_delay,cd_moderate_4,moderate,NoInfo,CausalOptimizer,1479.5999999999995,0.837463976945245,56.4,5.860000000000001,12,0.35,0.35,0.3,normal,False,0,0,1.0
2014,supplier_delay,cd_moderate_4,moderate,RuleBased,CausalOptimizer,1739.0,0.861671469740634,48.0,3.875,13,0.0,1.0,0.0,supplier_delay,True,4,10,1.0
2014,supplier_delay,cd_moderate_4,moderate,TFIDF_LogReg,CausalOptimizer,1463.3552973775184,0.839414589652075,55.72313739072995,6.604548870197052,12,0.2700074678575591,0.3735873147032703,0.35640521743917064,supplier_delay,True,8,10,1.0
2014,supplier_delay,cd_moderate_4,moderate,TFIDF_LogReg_Calibrated,CausalOptimizer,1594.9416086188548,0.8626040387218322,47.67639856352422,6.963990395030839,11,0.0,0.4910110712090061,0.5089889287909939,demand_surge,False,0,10,1.75
2014,supplier_delay,cd_moderate_4,moderate,PerfectSemantic,CausalOptimizer,1739.0,0.861671469740634,48.0,3.875,13,0.0,1.0,0.0,supplier_delay,True,4,10,1.0
2014,supplier_delay,cd_vague_1,vague,NoInfo,CausalOptimizer,1479.5999999999995,0.837463976945245,56.4,5.860000000000001,12,0.35,0.35,0.3,normal,False,0,0,1.0
2014,supplier_delay,cd_vague_1,vague,RuleBased,CausalOptimizer,1587.6,0.8547550432276656,50.400000000000006,5.894999999999998,11,0.0,0.6,0.39999999999999997,supplier_delay,True,4,10,1.0
2014,supplier_delay,cd_vague_1,vague,TFIDF_LogReg,CausalOptimizer,1587.9995927797884,0.8501487864001432,51.998371119150306,5.2256820938557995,11,0.2881220537123606,0.37847674291890326,0.33340120336873624,supplier_delay,True,8,10,1.0
2014,supplier_delay,cd_vague_1,vague,TFIDF_LogReg_Calibrated,CausalOptimizer,1650.9365420800277,0.8523947049683239,51.21903737599158,4.338971497602666,15,0.0,0.7343909653328656,0.2656090346671343,supplier_delay,True,8,10,1.0
2014,supplier_delay,cd_vague_1,vague,PerfectSemantic,CausalOptimizer,1739.0,0.861671469740634,48.0,3.875,13,0.0,1.0,0.0,supplier_delay,True,4,10,1.0
2014,supplier_delay,cd_vague_2,vague,NoInfo,CausalOptimizer,1479.5999999999995,0.837463976945245,56.4,5.860000000000001,12,0.35,0.35,0.3,normal,False,0,0,1.0
2014,supplier_delay,cd_vague_2,vague,RuleBased,CausalOptimizer,1739.0,0.861671469740634,48.0,3.875,13,0.0,1.0,0.0,supplier_delay,True,4,10,1.0
2014,supplier_delay,cd_vague_2,vague,TFIDF_LogReg,CausalOptimizer,1587.2021342960034,0.8455454426282634,53.59573140799263,4.586707436802948,12,0.33267715716288576,0.4004783181701407,0.26684452466697356,supplier_delay,True,8,10,1.0
2014,supplier_delay,cd_vague_2,vague,TFIDF_LogReg_Calibrated,CausalOptimizer,1739.0,0.861671469740634,48.0,3.875,13,0.11851130242360192,0.8814886975763981,0.0,supplier_delay,True,8,10,1.0
2014,supplier_delay,cd_vague_2,vague,PerfectSemantic,CausalOptimizer,1739.0,0.861671469740634,48.0,3.875,13,0.0,1.0,0.0,supplier_delay,True,4,10,1.0
2014,supplier_delay,cd_vague_3,vague,NoInfo,CausalOptimizer,1479.5999999999995,0.837463976945245,56.4,5.860000000000001,12,0.35,0.35,0.3,normal,False,0,0,1.0
2014,supplier_delay,cd_vague_3,vague,RuleBased,CausalOptimizer,1739.0,0.861671469740634,48.0,3.875,13,0.0,1.0,0.0,supplier_delay,True,4,10,1.0
2014,supplier_delay,cd_vague_3,vague,TFIDF_LogReg,CausalOptimizer,1587.108832699142,0.8450076812630649,53.78233460171646,4.5120661593134175,12,0.3570807868648029,0.3838498215400494,0.2590693915951477,supplier_delay,True,8,10,1.0
2014,supplier_delay,cd_vague_3,vague,TFIDF_LogReg_Calibrated,CausalOptimizer,1644.0,0.8414985590778098,55.0,2.875,14,0.3349590287226755,0.6650409712773245,0.0,supplier_delay,True,8,10,1.0
2014,supplier_delay,cd_vague_3,vague,PerfectSemantic,CausalOptimizer,1739.0,0.861671469740634,48.0,3.875,13,0.0,1.0,0.0,supplier_delay,True,4,10,1.0
2014,supplier_delay,cd_vague_4,vague,NoInfo,CausalOptimizer,1479.5999999999995,0.837463976945245,56.4,5.860000000000001,12,0.35,0.35,0.3,normal,False,0,0,1.0
2014,supplier_delay,cd_vague_4,vague,RuleBased,CausalOptimizer,1470.0,0.8386167146974063,56.0,6.3,12,0.3333333333333333,0.3333333333333333,0.3333333333333333,normal,False,0,0,1.0
2014,supplier_delay,cd_vague_4,vague,TFIDF_LogReg,CausalOptimizer,1587.721350625448,0.8485380439507091,52.55729874910398,5.002080500358408,12,0.31434998660035207,0.3755374612789805,0.31011255212066746,supplier_delay,True,8,10,1.0
2014,supplier_delay,cd_vague_4,vague,TFIDF_LogReg_Calibrated,CausalOptimizer,1659.019676348576,0.8563524502116101,49.84569977657132,5.105466517714217,13,0.0,0.8974611235238154,0.10253887647618465,supplier_delay,True,8,10,1.0
2014,supplier_delay,cd_vague_4,vague,PerfectSemantic,CausalOptimizer,1739.0,0.861671469740634,48.0,3.875,13,0.0,1.0,0.0,supplier_delay,True,4,10,1.0
2015,supplier_delay,cd_clear_1,clear,NoInfo,CausalOptimizer,1224.6,0.8675409836065574,40.4,10.135000000000002,6,0.35,0.35,0.3,normal,False,0,0,1.0
2015,supplier_delay,cd_clear_1,clear,RuleBased,CausalOptimizer,1538.0,0.9147540983606557,26.0,9.375,4,0.0,1.0,0.0,supplier_delay,True,4,8,1.0
2015,supplier_delay,cd_clear_1,clear,TFIDF_LogReg,CausalOptimizer,1387.1214392090812,0.9020941643438752,29.861279875118072,10.37745206972574,5,0.23745986963093338,0.421500123431182,0.3410400069378847,supplier_delay,True,8,10,1.0
2015,supplier_delay,cd_clear_1,clear,TFIDF_LogReg_Calibrated,CausalOptimizer,1365.9912568069701,0.913032999064554,26.524935285311038,12.240244465701338,5,0.0,0.47360751585061306,0.5263924841493869,demand_surge,False,0,10,1.75
2015,supplier_delay,cd_clear_1,clear,PerfectSemantic,CausalOptimizer,1538.0,0.9147540983606557,26.0,9.375,4,0.0,1.0,0.0,supplier_delay,True,4,10,1.0
2015,supplier_delay,cd_clear_2,clear,NoInfo,CausalOptimizer,1224.6,0.8675409836065574,40.4,10.135000000000002,6,0.35,0.35,0.3,normal,False,0,0,1.0
2015,supplier_delay,cd_clear_2,clear,RuleBased,CausalOptimizer,1402.4137931034481,0.8941775014132278,32.275862068965516,9.029310344827584,5,0.2758620689655173,0.5172413793103449,0.20689655172413793,supplier_delay,True,4,8,1.0
2015,supplier_delay,cd_clear_2,clear,TFIDF_LogReg,CausalOptimizer,1389.6476291262152,0.9007863869924683,30.260151967297197,10.154748484925733,5,0.2897803462021731,0.39133920753656015,0.3188804462612668,supplier_delay,True,8,10,1.0
2015,supplier_delay,cd_clear_2,clear,TFIDF_LogReg_Calibrated,CausalOptimizer,1547.7708270869673,0.9147540983606557,26.0,8.853351775912431,4,0.09372902690017108,0.7316791500552591,0.17459182304456988,supplier_delay,True,8,10,1.0
2015,supplier_delay,cd_clear_2,clear,PerfectSemantic,CausalOptimizer,1538.0,0.9147540983606557,26.0,9.375,4,0.0,1.0,0.0,supplier_delay,True,4,10,1.0
2015,supplier_delay,cd_clear_3,clear,NoInfo,CausalOptimizer,1224.6,0.8675409836065574,40.4,10.135000000000002,6,0.35,0.35,0.3,normal,False,0,0,1.0
2015,supplier_delay,cd_clear_3,clear,RuleBased,CausalOptimizer,1369.0,0.9114754098360656,27.0,11.975,5,0.0,0.5,0.5,supplier_delay,True,4,4,1.0
2015,supplier_delay,cd_clear_3,clear,TFIDF_LogReg,CausalOptimizer,1387.3876161874293,0.9019563678063351,29.90330781906779,10.35398646768715,5,0.26709012841761415,0.3942047504194853,0.3387051211629006,supplier_delay,True,8,10,1.0
2015,supplier_delay,cd_clear_3,clear,TFIDF_LogReg_Calibrated,CausalOptimizer,1216.4633404672782,0.8689475692570177,39.970991376609646,10.552920800013215,6,0.296713271444418,0.3675360099397193,0.33575071861586275,supplier_delay,True,8,10,1.0
2015,supplier_delay,cd_clear_3,clear,PerfectSemantic,CausalOptimizer,1538.0,0.9147540983606557,26.0,9.375,4,0.0,1.0,0.0,supplier_delay,True,4,10,1.0
2015,supplier_delay,cd_clear_4,clear,NoInfo,CausalOptimizer,1224.6,0.8675409836065574,40.4,10.135000000000002,6,0.35,0.35,0.3,normal,False,0,0,1.0
2015,supplier_delay,cd_clear_4,clear,RuleBased,CausalOptimizer,1369.0,0.9114754098360656,27.0,11.975,5,0.0,0.5,0.5,supplier_delay,True,4,8,1.0
2015,supplier_delay,cd_clear_4,clear,TFIDF_LogReg,CausalOptimizer,1392.1577945731585,0.899486905311566,30.656493879972373,9.933457583682095,5,0.2868313071460786,0.4163072417412755,0.296861451112646,supplier_delay,True,8,10,1.0
2015,supplier_delay,cd_clear_4,clear,TFIDF_LogReg_Calibrated,CausalOptimizer,1563.0,0.9016393442622951,30.0,6.65,6,0.3333333333333333,0.6666666666666666,0.0,supplier_delay,True,8,10,1.0
2015,supplier_delay,cd_clear_4,clear,PerfectSemantic,CausalOptimizer,1538.0,0.9147540983606557,26.0,9.375,4,0.0,1.0,0.0,supplier_delay,True,4,10,1.0
2015,supplier_delay,cd_moderate_1,moderate,NoInfo,CausalOptimizer,1224.6,0.8675409836065574,40.4,10.135000000000002,6,0.35,0.35,0.3,normal,False,0,0,1.0
2015,supplier_delay,cd_moderate_1,moderate,RuleBased,CausalOptimizer,1538.0,0.9147540983606557,26.0,9.375,4,0.0,1.0,0.0,supplier_delay,True,4,10,1.0
2015,supplier_delay,cd_moderate_1,moderate,TFIDF_LogReg,CausalOptimizer,1389.9230491943254,0.9006438054214019,30.303639346472423,10.130468031552898,5,0.2872828661830683,0.39625265306539953,0.31646448075153216,supplier_delay,True,8,10,1.0
2015,supplier_delay,cd_moderate_1,moderate,TFIDF_LogReg_Calibrated,CausalOptimizer,1475.0368618169446,0.9147540983606557,26.0,10.9490784545764,4,0.0,0.9331483694069662,0.06685163059303378,supplier_delay,True,8,10,1.0
2015,supplier_delay,cd_moderate_1,moderate,PerfectSemantic,CausalOptimizer,1538.0,0.9147540983606557,26.0,9.375,4,0.0,1.0,0.0,supplier_delay,True,4,10,1.0
2015,supplier_delay,cd_moderate_2,moderate,NoInfo,CausalOptimizer,1224.6,0.8675409836065574,40.4,10.135000000000002,6,0.35,0.35,0.3,normal,False,0,0,1.0
2015,supplier_delay,cd_moderate_2,moderate,RuleBased,CausalOptimizer,1538.0,0.9147540983606557,26.0,9.375,4,0.0,1.0,0.0,supplier_delay,True,4,10,1.0
2015,supplier_delay,cd_moderate_2,moderate,TFIDF_LogReg,CausalOptimizer,1385.5255853048486,0.9029203182200958,29.609302942870798,10.518139190230468,5,0.2549948483684219,0.3899664262355114,0.3550387253960666,supplier_delay,True,8,10,1.0
2015,supplier_delay,cd_moderate_2,moderate,TFIDF_LogReg_Calibrated,CausalOptimizer,1375.606341107699,0.908055388555117,28.043106490689283,11.392598876031816,5,0.0,0.5579503605938493,0.4420496394061508,supplier_delay,True,8,10,1.0
2015,supplier_delay,cd_moderate_2,moderate,PerfectSemantic,CausalOptimizer,1538.0,0.9147540983606557,26.0,9.375,4,0.0,1.0,0.0,supplier_delay,True,4,10,1.0
2015,supplier_delay,cd_moderate_3,moderate,NoInfo,CausalOptimizer,1224.6,0.8675409836065574,40.4,10.135000000000002,6,0.35,0.35,0.3,normal,False,0,0,1.0
2015,supplier_delay,cd_moderate_3,moderate,RuleBased,CausalOptimizer,1538.0,0.9147540983606557,26.0,9.375,4,0.0,1.0,0.0,supplier_delay,True,4,10,1.0
2015,supplier_delay,cd_moderate_3,moderate,TFIDF_LogReg,CausalOptimizer,1395.8406813314073,0.8975803202770972,31.23800231548534,9.608782040520685,5,0.2972294001921947,0.43821517289032413,0.26455542691748124,supplier_delay,True,8,10,1.0
2015,supplier_delay,cd_moderate_3,moderate,TFIDF_LogReg_Calibrated,CausalOptimizer,1538.0,0.9147540983606557,26.0,9.375,4,0.0,1.0,0.0,supplier_delay,True,8,10,1.0
2015,supplier_delay,cd_moderate_3,moderate,PerfectSemantic,CausalOptimizer,1538.0,0.9147540983606557,26.0,9.375,4,0.0,1.0,0.0,supplier_delay,True,4,10,1.0
2015,supplier_delay,cd_moderate_4,moderate,NoInfo,CausalOptimizer,1224.6,0.8675409836065574,40.4,10.135000000000002,6,0.35,0.35,0.3,normal,False,0,0,1.0
2015,supplier_delay,cd_moderate_4,moderate,RuleBased,CausalOptimizer,1538.0,0.9147540983606557,26.0,9.375,4,0.0,1.0,0.0,supplier_delay,True,4,10,1.0
2015,supplier_delay,cd_moderate_4,moderate,TFIDF_LogReg,CausalOptimizer,1211.878041728504,0.8697602052762952,39.72313739072995,10.79148026142242,6,0.2700074678575591,0.3735873147032703,0.35640521743917064,supplier_delay,True,8,10,1.0
2015,supplier_delay,cd_moderate_4,moderate,TFIDF_LogReg_Calibrated,CausalOptimizer,1367.9752621178263,0.9120059039942225,26.83819928176211,12.065338734349485,5,0.0,0.4910110712090061,0.5089889287909939,demand_surge,False,0,10,1.75
2015,supplier_delay,cd_moderate_4,moderate,PerfectSemantic,CausalOptimizer,1538.0,0.9147540983606557,26.0,9.375,4,0.0,1.0,0.0,supplier_delay,True,4,10,1.0
2015,supplier_delay,cd_vague_1,vague,NoInfo,CausalOptimizer,1224.6,0.8675409836065574,40.4,10.135000000000002,6,0.35,0.35,0.3,normal,False,0,0,1.0
2015,supplier_delay,cd_vague_1,vague,RuleBased,CausalOptimizer,1380.3999999999996,0.9055737704918032,28.800000000000004,10.969999999999995,5,0.0,0.6,0.39999999999999997,supplier_delay,True,4,10,1.0
2015,supplier_delay,cd_vague_1,vague,TFIDF_LogReg,CausalOptimizer,1387.9922628159652,0.9016433497070074,29.998778339362715,10.300682093855796,5,0.2881220537123606,0.37847674291890326,0.33340120336873624,supplier_delay,True,8,10,1.0
2015,supplier_delay,cd_vague_1,vague,TFIDF_LogReg_Calibrated,CausalOptimizer,1470.2343640955437,0.9147540983606557,26.0,10.751996504010165,4,0.0,0.7343909653328656,0.2656090346671343,supplier_delay,True,8,10,1.0
2015,supplier_delay,cd_vague_1,vague,PerfectSemantic,CausalOptimizer,1538.0,0.9147540983606557,26.0,9.375,4,0.0,1.0,0.0,supplier_delay,True,4,10,1.0
2015,supplier_delay,cd_vague_2,vague,NoInfo,CausalOptimizer,1224.6,0.8675409836065574,40.4,10.135000000000002,6,0.35,0.35,0.3,normal,False,0,0,1.0
2015,supplier_delay,cd_vague_2,vague,RuleBased,CausalOptimizer,1538.0,0.9147540983606557,26.0,9.375,4,0.0,1.0,0.0,supplier_delay,True,4,10,1.0
2015,supplier_delay,cd_vague_2,vague,TFIDF_LogReg,CausalOptimizer,1395.579724187965,0.89771541457051,31.196798555994476,9.631787472903087,5,0.33267715716288576,0.4004783181701407,0.26684452466697356,supplier_delay,True,8,10,1.0
2015,supplier_delay,cd_vague_2,vague,TFIDF_LogReg_Calibrated,CausalOptimizer,1538.0,0.9147540983606557,26.0,9.375,4,0.11851130242360192,0.8814886975763981,0.0,supplier_delay,True,8,10,1.0
2015,supplier_delay,cd_vague_2,vague,PerfectSemantic,CausalOptimizer,1538.0,0.9147540983606557,26.0,9.375,4,0.0,1.0,0.0,supplier_delay,True,4,10,1.0
2015,supplier_delay,cd_vague_3,vague,NoInfo,CausalOptimizer,1224.6,0.8675409836065574,40.4,10.135000000000002,6,0.35,0.35,0.3,normal,False,0,0,1.0
2015,supplier_delay,cd_vague_3,vague,RuleBased,CausalOptimizer,1538.0,0.9147540983606557,26.0,9.375,4,0.0,1.0,0.0,supplier_delay,True,4,10,1.0
2015,supplier_delay,cd_vague_3,vague,TFIDF_LogReg,CausalOptimizer,1396.4660893581533,0.8972565542580743,31.336750951287343,9.553647385531233,5,0.3570807868648029,0.3838498215400494,0.2590693915951477,supplier_delay,True,8,10,1.0
2015,supplier_delay,cd_vague_3,vague,TFIDF_LogReg_Calibrated,CausalOptimizer,1563.0,0.9016393442622951,30.0,6.65,6,0.3349590287226755,0.6650409712773245,0.0,supplier_delay,True,8,10,1.0
2015,supplier_delay,cd_vague_3,vague,PerfectSemantic,CausalOptimizer,1538.0,0.9147540983606557,26.0,9.375,4,0.0,1.0,0.0,supplier_delay,True,4,10,1.0
2015,supplier_delay,cd_vague_4,vague,NoInfo,CausalOptimizer,1224.6,0.8675409836065574,40.4,10.135000000000002,6,0.35,0.35,0.3,normal,False,0,0,1.0
2015,supplier_delay,cd_vague_4,vague,RuleBased,CausalOptimizer,1217.0,0.8688524590163934,40.0,10.525,6,0.3333333333333333,0.3333333333333333,0.3333333333333333,normal,False,0,0,1.0
2015,supplier_delay,cd_vague_4,vague,TFIDF_LogReg,CausalOptimizer,1390.6471690582437,0.9002689375022034,30.417974061827984,10.066631148812709,5,0.31434998660035207,0.3755374612789805,0.31011255212066746,supplier_delay,True,8,10,1.0
2015,supplier_delay,cd_vague_4,vague,TFIDF_LogReg_Calibrated,CausalOptimizer,1443.5607109480045,0.9147540983606557,26.0,11.735982226299877,4,0.0,0.8974611235238154,0.10253887647618465,supplier_delay,True,8,10,1.0
2015,supplier_delay,cd_vague_4,vague,PerfectSemantic,CausalOptimizer,1538.0,0.9147540983606557,26.0,9.375,4,0.0,1.0,0.0,supplier_delay,True,4,10,1.0
2016,supplier_delay,cd_clear_1,clear,NoInfo,CausalOptimizer,1687.0000000000005,0.9296774193548388,21.799999999999994,6.835000000000003,4,0.35,0.35,0.3,normal,False,0,0,1.0
2016,supplier_delay,cd_clear_1,clear,RuleBased,CausalOptimizer,1570.0,0.9064516129032258,29.0,8.625,5,0.0,1.0,0.0,supplier_delay,True,4,8,1.0
2016,supplier_delay,cd_clear_1,clear,TFIDF_LogReg,CausalOptimizer,1654.6534360870335,0.9291814194891204,21.953759958372693,8.1521601144751,3,0.23745986963093338,0.421500123431182,0.3410400069378847,supplier_delay,True,8,10,1.0
2016,supplier_delay,cd_clear_1,clear,TFIDF_LogReg_Calibrated,CausalOptimizer,1555.381478178916,0.9327688867899881,20.84164509510368,11.078805007485617,3,0.0,0.47360751585061306,0.5263924841493869,demand_surge,False,0,10,1.75
2016,supplier_delay,cd_clear_1,clear,PerfectSemantic,CausalOptimizer,1570.0,0.9064516129032258,29.0,8.625,5,0.0,1.0,0.0,supplier_delay,True,4,10,1.0
2016,supplier_delay,cd_clear_2,clear,NoInfo,CausalOptimizer,1687.0000000000005,0.9296774193548388,21.799999999999994,6.835000000000003,4,0.35,0.35,0.3,normal,False,0,0,1.0
2016,supplier_delay,cd_clear_2,clear,RuleBased,CausalOptimizer,1706.3448275862067,0.9225806451612903,24.0,5.916379310344828,4,0.2758620689655173,0.5172413793103449,0.20689655172413793,supplier_delay,True,4,8,1.0
2016,supplier_delay,cd_clear_2,clear,TFIDF_LogReg,CausalOptimizer,1667.151428308646,0.9287525247663472,22.0867173224324,7.786527363310903,3,0.2897803462021731,0.39133920753656015,0.3188804462612668,supplier_delay,True,8,10,1.0
2016,supplier_delay,cd_clear_2,clear,TFIDF_LogReg_Calibrated,CausalOptimizer,1555.6742949140485,0.9033791965750562,29.95244906173258,8.077163002455745,3,0.09372902690017108,0.7316791500552591,0.17459182304456988,supplier_delay,True,8,10,1.0
2016,supplier_delay,cd_clear_2,clear,PerfectSemantic,CausalOptimizer,1570.0,0.9064516129032258,29.0,8.625,5,0.0,1.0,0.0,supplier_delay,True,4,10,1.0
2016,supplier_delay,cd_clear_3,clear,NoInfo,CausalOptimizer,1687.0000000000005,0.9296774193548388,21.799999999999994,6.835000000000003,4,0.35,0.35,0.3,normal,False,0,0,1.0
2016,supplier_delay,cd_clear_3,clear,RuleBased,CausalOptimizer,1569.0,0.932258064516129,21.0,10.675,3,0.0,0.5,0.5,supplier_delay,True,4,4,1.0
2016,supplier_delay,cd_clear_3,clear,TFIDF_LogReg,CausalOptimizer,1655.9703116641251,0.92913622815154,21.967769273022597,8.113634499187858,3,0.26709012841761415,0.3942047504194853,0.3387051211629006,supplier_delay,True,8,10,1.0
2016,supplier_delay,cd_clear_3,clear,TFIDF_LogReg_Calibrated,CausalOptimizer,1702.1015301818652,0.9357178114789545,19.927478441524116,7.278646015597974,4,0.296713271444418,0.3675360099397193,0.33575071861586275,supplier_delay,True,8,10,1.0
2016,supplier_delay,cd_clear_3,clear,PerfectSemantic,CausalOptimizer,1570.0,0.9064516129032258,29.0,8.625,5,0.0,1.0,0.0,supplier_delay,True,4,10,1.0
2016,supplier_delay,cd_clear_4,clear,NoInfo,CausalOptimizer,1687.0000000000005,0.9296774193548388,21.799999999999994,6.835000000000003,4,0.35,0.35,0.3,normal,False,0,0,1.0
2016,supplier_delay,cd_clear_4,clear,RuleBased,CausalOptimizer,1569.0,0.932258064516129,21.0,10.675,3,0.0,0.5,0.5,supplier_delay,True,4,8,1.0
2016,supplier_delay,cd_clear_4,clear,TFIDF_LogReg,CausalOptimizer,1679.5701415724666,0.9283263506666964,22.218831293324122,7.423213943358658,3,0.2868313071460786,0.4163072417412755,0.296861451112646,supplier_delay,True,8,10,1.0
2016,supplier_delay,cd_clear_4,clear,TFIDF_LogReg_Calibrated,CausalOptimizer,1599.0,0.9,31.0,6.45,6,0.3333333333333333,0.6666666666666666,0.0,supplier_delay,True,8,10,1.0
2016,supplier_delay,cd_clear_4,clear,PerfectSemantic,CausalOptimizer,1570.0,0.9064516129032258,29.0,8.625,5,0.0,1.0,0.0,supplier_delay,True,4,10,1.0
2016,supplier_delay,cd_moderate_1,moderate,NoInfo,CausalOptimizer,1687.0000000000005,0.9296774193548388,21.799999999999994,6.835000000000003,4,0.35,0.35,0.3,normal,False,0,0,1.0
2016,supplier_delay,cd_moderate_1,moderate,RuleBased,CausalOptimizer,1570.0,0.9064516129032258,29.0,8.625,5,0.0,1.0,0.0,supplier_delay,True,4,10,1.0
2016,supplier_delay,cd_moderate_1,moderate,TFIDF_LogReg,CausalOptimizer,1668.5140328561347,0.9287057641435781,22.101213115490808,7.746663932400279,3,0.2872828661830683,0.39625265306539953,0.31646448075153216,supplier_delay,True,8,10,1.0
2016,supplier_delay,cd_moderate_1,moderate,TFIDF_LogReg_Calibrated,CausalOptimizer,1580.4344032903045,0.9142150280688685,26.59334129865077,9.477358290061185,5,0.0,0.9331483694069662,0.06685163059303378,supplier_delay,True,8,10,1.0
2016,supplier_delay,cd_moderate_1,moderate,PerfectSemantic,CausalOptimizer,1570.0,0.9064516129032258,29.0,8.625,5,0.0,1.0,0.0,supplier_delay,True,4,10,1.0
2016,supplier_delay,cd_moderate_2,moderate,NoInfo,CausalOptimizer,1687.0000000000005,0.9296774193548388,21.799999999999994,6.835000000000003,4,0.35,0.35,0.3,normal,False,0,0,1.0
2016,supplier_delay,cd_moderate_2,moderate,RuleBased,CausalOptimizer,1570.0,0.9064516129032258,29.0,8.625,5,0.0,1.0,0.0,supplier_delay,True,4,10,1.0
2016,supplier_delay,cd_moderate_2,moderate,TFIDF_LogReg,CausalOptimizer,1646.7581588766186,0.9294523624270207,21.8697676476236,8.383138969035098,3,0.2549948483684219,0.3899664262355114,0.3550387253960666,supplier_delay,True,8,10,1.0
2016,supplier_delay,cd_moderate_2,moderate,TFIDF_LogReg_Calibrated,CausalOptimizer,1599.9454925571158,0.9311364446336674,21.347702163563095,9.762281820646875,3,0.0,0.5579503605938493,0.4420496394061508,supplier_delay,True,8,10,1.0
2016,supplier_delay,cd_moderate_2,moderate,PerfectSemantic,CausalOptimizer,1570.0,0.9064516129032258,29.0,8.625,5,0.0,1.0,0.0,supplier_delay,True,4,10,1.0
2016,supplier_delay,cd_moderate_3,moderate,NoInfo,CausalOptimizer,1687.0000000000005,0.9296774193548388,21.799999999999994,6.835000000000003,4,0.35,0.35,0.3,normal,False,0,0,1.0
2016,supplier_delay,cd_moderate_3,moderate,RuleBased,CausalOptimizer,1570.0,0.9064516129032258,29.0,8.625,5,0.0,1.0,0.0,supplier_delay,True,4,10,1.0
2016,supplier_delay,cd_moderate_3,moderate,TFIDF_LogReg,CausalOptimizer,1697.7907392185405,0.927701072779048,22.412667438495113,6.890164544138439,3,0.2972294001921947,0.43821517289032413,0.26455542691748124,supplier_delay,True,8,10,1.0
2016,supplier_delay,cd_moderate_3,moderate,TFIDF_LogReg_Calibrated,CausalOptimizer,1570.0,0.9064516129032258,29.0,8.625,5,0.0,1.0,0.0,supplier_delay,True,8,10,1.0
2016,supplier_delay,cd_moderate_3,moderate,PerfectSemantic,CausalOptimizer,1570.0,0.9064516129032258,29.0,8.625,5,0.0,1.0,0.0,supplier_delay,True,4,10,1.0
2016,supplier_delay,cd_moderate_4,moderate,NoInfo,CausalOptimizer,1687.0000000000005,0.9296774193548388,21.799999999999994,6.835000000000003,4,0.35,0.35,0.3,normal,False,0,0,1.0
2016,supplier_delay,cd_moderate_4,moderate,RuleBased,CausalOptimizer,1570.0,0.9064516129032258,29.0,8.625,5,0.0,1.0,0.0,supplier_delay,True,4,10,1.0
2016,supplier_delay,cd_moderate_4,moderate,TFIDF_LogReg,CausalOptimizer,1702.9690191324453,0.9377166339457262,19.307843476824882,7.523401826654171,4,0.2700074678575591,0.3735873147032703,0.35640521743917064,supplier_delay,True,8,10,1.0
2016,supplier_delay,cd_moderate_4,moderate,TFIDF_LogReg_Calibrated,CausalOptimizer,1564.361712743847,0.9324320437830514,20.94606642725404,10.812530610502204,3,0.0,0.4910110712090061,0.5089889287909939,demand_surge,False,0,10,1.75
2016,supplier_delay,cd_moderate_4,moderate,PerfectSemantic,CausalOptimizer,1570.0,0.9064516129032258,29.0,8.625,5,0.0,1.0,0.0,supplier_delay,True,4,10,1.0
2016,supplier_delay,cd_vague_1,vague,NoInfo,CausalOptimizer,1687.0000000000005,0.9296774193548388,21.799999999999994,6.835000000000003,4,0.35,0.35,0.3,normal,False,0,0,1.0
2016,supplier_delay,cd_vague_1,vague,RuleBased,CausalOptimizer,1622.3999999999996,0.9303225806451613,21.6,9.099999999999996,3,0.0,0.6,0.39999999999999997,supplier_delay,True,4,10,1.0
2016,supplier_delay,cd_vague_1,vague,TFIDF_LogReg,CausalOptimizer,1658.9617213000324,0.9290335716781046,21.999592779787566,8.026119855584158,3,0.2881220537123606,0.37847674291890326,0.33340120336873624,supplier_delay,True,8,10,1.0
2016,supplier_delay,cd_vague_1,vague,TFIDF_LogReg_Calibrated,CausalOptimizer,1540.749233664023,0.9140093157162105,26.657112127974763,9.893424307209534,3,0.0,0.7343909653328656,0.2656090346671343,supplier_delay,True,8,10,1.0
2016,supplier_delay,cd_vague_1,vague,PerfectSemantic,CausalOptimizer,1570.0,0.9064516129032258,29.0,8.625,5,0.0,1.0,0.0,supplier_delay,True,4,10,1.0
2016,supplier_delay,cd_vague_2,vague,NoInfo,CausalOptimizer,1687.0000000000005,0.9296774193548388,21.799999999999994,6.835000000000003,4,0.35,0.35,0.3,normal,False,0,0,1.0
2016,supplier_delay,cd_vague_2,vague,RuleBased,CausalOptimizer,1570.0,0.9064516129032258,29.0,8.625,5,0.0,1.0,0.0,supplier_delay,True,4,10,1.0
2016,supplier_delay,cd_vague_2,vague,TFIDF_LogReg,CausalOptimizer,1696.4996880878266,0.9277453778967801,22.398932851998154,6.927934657005066,3,0.33267715716288576,0.4004783181701407,0.26684452466697356,supplier_delay,True,8,10,1.0
2016,supplier_delay,cd_vague_2,vague,TFIDF_LogReg_Calibrated,CausalOptimizer,1570.0,0.9064516129032258,29.0,8.625,5,0.11851130242360192,0.8814886975763981,0.0,supplier_delay,True,8,10,1.0
2016,supplier_delay,cd_vague_2,vague,PerfectSemantic,CausalOptimizer,1570.0,0.9064516129032258,29.0,8.625,5,0.0,1.0,0.0,supplier_delay,True,4,10,1.0
2016,supplier_delay,cd_vague_3,vague,NoInfo,CausalOptimizer,1687.0000000000005,0.9296774193548388,21.799999999999994,6.835000000000003,4,0.35,0.35,0.3,normal,False,0,0,1.0
2016,supplier_delay,cd_vague_3,vague,RuleBased,CausalOptimizer,1570.0,0.9064516129032258,29.0,8.625,5,0.0,1.0,0.0,supplier_delay,True,4,10,1.0
2016,supplier_delay,cd_vague_3,vague,TFIDF_LogReg,CausalOptimizer,1700.8848631403366,0.9275948914502287,22.445583650429114,6.799644961319936,3,0.3570807868648029,0.3838498215400494,0.2590693915951477,supplier_delay,True,8,10,1.0
2016,supplier_delay,cd_vague_3,vague,TFIDF_LogReg_Calibrated,CausalOptimizer,1599.0,0.9,31.0,6.45,6,0.3349590287226755,0.6650409712773245,0.0,supplier_delay,True,8,10,1.0
2016,supplier_delay,cd_vague_3,vague,PerfectSemantic,CausalOptimizer,1570.0,0.9064516129032258,29.0,8.625,5,0.0,1.0,0.0,supplier_delay,True,4,10,1.0
2016,supplier_delay,cd_vague_4,vague,NoInfo,CausalOptimizer,1687.0000000000005,0.9296774193548388,21.799999999999994,6.835000000000003,4,0.35,0.35,0.3,normal,False,0,0,1.0
2016,supplier_delay,cd_vague_4,vague,RuleBased,CausalOptimizer,1702.0,0.9354838709677419,20.0,7.25,4,0.3333333333333333,0.3333333333333333,0.3333333333333333,normal,False,0,0,1.0
2016,supplier_delay,cd_vague_4,vague,TFIDF_LogReg,CausalOptimizer,1672.0965206039439,0.9285828235894323,22.139324687275995,7.641857109991015,3,0.31434998660035207,0.3755374612789805,0.31011255212066746,supplier_delay,True,8,10,1.0
2016,supplier_delay,cd_vague_4,vague,TFIDF_LogReg_Calibrated,CausalOptimizer,1587.0722310245703,0.9183593533972344,25.30860044685734,9.932370675071358,5,0.0,0.8974611235238154,0.10253887647618465,supplier_delay,True,8,10,1.0
2016,supplier_delay,cd_vague_4,vague,PerfectSemantic,CausalOptimizer,1570.0,0.9064516129032258,29.0,8.625,5,0.0,1.0,0.0,supplier_delay,True,4,10,1.0
2017,supplier_delay,cd_clear_1,clear,NoInfo,CausalOptimizer,1434.0,0.8297376093294462,58.4,4.915000000000001,13,0.35,0.35,0.3,normal,False,0,0,1.0
2017,supplier_delay,cd_clear_1,clear,RuleBased,CausalOptimizer,1503.0,0.8454810495626822,53.0,7.05,10,0.0,1.0,0.0,supplier_delay,True,4,8,1.0
2017,supplier_delay,cd_clear_1,clear,TFIDF_LogReg,CausalOptimizer,1547.4852840378487,0.8522556276716944,50.676319708608844,5.817340015610241,13,0.23745986963093338,0.421500123431182,0.3410400069378847,supplier_delay,True,8,10,1.0
2017,supplier_delay,cd_clear_1,clear,TFIDF_LogReg_Calibrated,CausalOptimizer,1675.5275238728693,0.8787906534812446,41.574805855933114,6.381889560805016,10,0.0,0.47360751585061306,0.5263924841493869,demand_surge,False,0,10,1.75
2017,supplier_delay,cd_clear_1,clear,PerfectSemantic,CausalOptimizer,1503.0,0.8454810495626822,53.0,7.05,10,0.0,1.0,0.0,supplier_delay,True,4,10,1.0
2017,supplier_delay,cd_clear_2,clear,NoInfo,CausalOptimizer,1434.0,0.8297376093294462,58.4,4.915000000000001,13,0.35,0.35,0.3,normal,False,0,0,1.0
2017,supplier_delay,cd_clear_2,clear,RuleBased,CausalOptimizer,1469.4137931034481,0.8358298984618477,56.310344827586206,5.515517241379311,13,0.2758620689655173,0.5172413793103449,0.20689655172413793,supplier_delay,True,4,8,1.0
2017,supplier_delay,cd_clear_2,clear,TFIDF_LogReg,CausalOptimizer,1534.5884197240573,0.849542212078639,51.607021257026794,5.76748100408785,13,0.2897803462021731,0.39133920753656015,0.3188804462612668,supplier_delay,True,8,10,1.0
2017,supplier_delay,cd_clear_2,clear,TFIDF_LogReg_Calibrated,CausalOptimizer,1458.1873431603012,0.8374278562429653,55.7622453086629,6.5404182975273075,10,0.09372902690017108,0.7316791500552591,0.17459182304456988,supplier_delay,True,8,10,1.0
2017,supplier_delay,cd_clear_2,clear,PerfectSemantic,CausalOptimizer,1503.0,0.8454810495626822,53.0,7.05,10,0.0,1.0,0.0,supplier_delay,True,4,10,1.0
2017,supplier_delay,cd_clear_3,clear,NoInfo,CausalOptimizer,1434.0,0.8297376093294462,58.4,4.915000000000001,13,0.35,0.35,0.3,normal,False,0,0,1.0
2017,supplier_delay,cd_clear_3,clear,RuleBased,CausalOptimizer,1657.0,0.8746355685131195,43.0,6.275,10,0.0,0.5,0.5,supplier_delay,True,4,4,1.0
2017,supplier_delay,cd_clear_3,clear,TFIDF_LogReg,CausalOptimizer,1546.126380516808,0.8519697232910839,50.77438491115818,5.812086522616527,13,0.26709012841761415,0.3942047504194853,0.3387051211629006,supplier_delay,True,8,10,1.0
2017,supplier_delay,cd_clear_3,clear,TFIDF_LogReg_Calibrated,CausalOptimizer,1455.4504311695175,0.8341152483436333,56.89846981813376,4.979351293508553,13,0.296713271444418,0.3675360099397193,0.33575071861586275,supplier_delay,True,8,10,1.0
2017,supplier_delay,cd_clear_3,clear,PerfectSemantic,CausalOptimizer,1503.0,0.8454810495626822,53.0,7.05,10,0.0,1.0,0.0,supplier_delay,True,4,10,1.0
2017,supplier_delay,cd_clear_4,clear,NoInfo,CausalOptimizer,1434.0,0.8297376093294462,58.4,4.915000000000001,13,0.35,0.35,0.3,normal,False,0,0,1.0
2017,supplier_delay,cd_clear_4,clear,RuleBased,CausalOptimizer,1657.0,0.8746355685131195,43.0,6.275,10,0.0,0.5,0.5,supplier_delay,True,4,8,1.0
2017,supplier_delay,cd_clear_4,clear,TFIDF_LogReg,CausalOptimizer,1521.7733645475596,0.8468460085910529,52.53181905326886,5.717938265003453,13,0.2868313071460786,0.4163072417412755,0.296861451112646,supplier_delay,True,8,10,1.0
2017,supplier_delay,cd_clear_4,clear,TFIDF_LogReg_Calibrated,CausalOptimizer,1401.0,0.8221574344023324,61.0,5.875,12,0.3333333333333333,0.6666666666666666,0.0,supplier_delay,True,8,10,1.0
2017,supplier_delay,cd_clear_4,clear,PerfectSemantic,CausalOptimizer,1503.0,0.8454810495626822,53.0,7.05,10,0.0,1.0,0.0,supplier_delay,True,4,10,1.0
2017,supplier_delay,cd_moderate_1,moderate,NoInfo,CausalOptimizer,1434.0,0.8297376093294462,58.4,4.915000000000001,13,0.35,0.35,0.3,normal,False,0,0,1.0
2017,supplier_delay,cd_moderate_1,moderate,RuleBased,CausalOptimizer,1503.0,0.8454810495626822,53.0,7.05,10,0.0,1.0,0.0,supplier_delay,True,4,10,1.0
2017,supplier_delay,cd_moderate_1,moderate,TFIDF_LogReg,CausalOptimizer,1533.1823277973915,0.8492463795672431,51.70849180843565,5.762045081690947,13,0.2872828661830683,0.39625265306539953,0.31646448075153216,supplier_delay,True,8,10,1.0
2017,supplier_delay,cd_moderate_1,moderate,TFIDF_LogReg_Calibrated,CausalOptimizer,1514.6745944579231,0.8507191564120273,51.20332935067461,7.476803398282081,9,0.0,0.9331483694069662,0.06685163059303378,supplier_delay,True,8,10,1.0
2017,supplier_delay,cd_moderate_1,moderate,PerfectSemantic,CausalOptimizer,1503.0,0.8454810495626822,53.0,7.05,10,0.0,1.0,0.0,supplier_delay,True,4,10,1.0
2017,supplier_delay,cd_moderate_2,moderate,NoInfo,CausalOptimizer,1434.0,0.8297376093294462,58.4,4.915000000000001,13,0.35,0.35,0.3,normal,False,0,0,1.0
2017,supplier_delay,cd_moderate_2,moderate,RuleBased,CausalOptimizer,1503.0,0.8454810495626822,53.0,7.05,10,0.0,1.0,0.0,supplier_delay,True,4,10,1.0
2017,supplier_delay,cd_moderate_2,moderate,TFIDF_LogReg,CausalOptimizer,1555.632538180511,0.8539697564624922,50.0883735333652,5.84883713214115,13,0.2549948483684219,0.3899664262355114,0.3550387253960666,supplier_delay,True,8,10,1.0
2017,supplier_delay,cd_moderate_2,moderate,TFIDF_LogReg_Calibrated,CausalOptimizer,1615.1895273910502,0.865512188128082,46.129319472067856,6.068534026396607,12,0.0,0.5579503605938493,0.4420496394061508,supplier_delay,True,8,10,1.0
2017,supplier_delay,cd_moderate_2,moderate,PerfectSemantic,CausalOptimizer,1503.0,0.8454810495626822,53.0,7.05,10,0.0,1.0,0.0,supplier_delay,True,4,10,1.0
2017,supplier_delay,cd_moderate_3,moderate,NoInfo,CausalOptimizer,1434.0,0.8297376093294462,58.4,4.915000000000001,13,0.35,0.35,0.3,normal,False,0,0,1.0
2017,supplier_delay,cd_moderate_3,moderate,RuleBased,CausalOptimizer,1503.0,0.8454810495626822,53.0,7.05,10,0.0,1.0,0.0,supplier_delay,True,4,10,1.0
2017,supplier_delay,cd_moderate_3,moderate,TFIDF_LogReg,CausalOptimizer,1502.9712584659742,0.8428901688936856,53.88867206946579,5.645249710564333,13,0.2972294001921947,0.43821517289032413,0.26455542691748124,supplier_delay,True,8,10,1.0
2017,supplier_delay,cd_moderate_3,moderate,TFIDF_LogReg_Calibrated,CausalOptimizer,1503.0,0.8454810495626822,53.0,7.05,10,0.0,1.0,0.0,supplier_delay,True,8,10,1.0
2017,supplier_delay,cd_moderate_3,moderate,PerfectSemantic,CausalOptimizer,1503.0,0.8454810495626822,53.0,7.05,10,0.0,1.0,0.0,supplier_delay,True,4,10,1.0
2017,supplier_delay,cd_moderate_4,moderate,NoInfo,CausalOptimizer,1434.0,0.8297376093294462,58.4,4.915000000000001,13,0.35,0.35,0.3,normal,False,0,0,1.0
2017,supplier_delay,cd_moderate_4,moderate,RuleBased,CausalOptimizer,1503.0,0.8454810495626822,53.0,7.05,10,0.0,1.0,0.0,supplier_delay,True,4,10,1.0
2017,supplier_delay,cd_moderate_4,moderate,TFIDF_LogReg,CausalOptimizer,1467.8431304635021,0.8366443706485281,56.03098086755485,5.016529391390507,13,0.2700074678575591,0.3735873147032703,0.35640521743917064,supplier_delay,True,8,10,1.0
2017,supplier_delay,cd_moderate_4,moderate,TFIDF_LogReg_Calibrated,CausalOptimizer,1663.3102280112773,0.8760507351449378,42.51459784528633,6.311405161603526,10,0.0,0.4910110712090061,0.5089889287909939,demand_surge,False,0,10,1.75
2017,supplier_delay,cd_moderate_4,moderate,PerfectSemantic,CausalOptimizer,1503.0,0.8454810495626822,53.0,7.05,10,0.0,1.0,0.0,supplier_delay,True,4,10,1.0
2017,supplier_delay,cd_vague_1,vague,NoInfo,CausalOptimizer,1434.0,0.8297376093294462,58.4,4.915000000000001,13,0.35,0.35,0.3,normal,False,0,0,1.0
2017,supplier_delay,cd_vague_1,vague,RuleBased,CausalOptimizer,1581.6,0.8594752186588922,48.20000000000001,5.955,12,0.0,0.6,0.39999999999999997,supplier_delay,True,4,10,1.0
2017,supplier_delay,cd_vague_1,vague,TFIDF_LogReg,CausalOptimizer,1543.0395003606045,0.8513202639693498,50.997149458513064,5.800152707579661,13,0.2881220537123606,0.37847674291890326,0.33340120336873624,supplier_delay,True,8,10,1.0
2017,supplier_delay,cd_vague_1,vague,TFIDF_LogReg_Calibrated,CausalOptimizer,1480.3520839037558,0.844934960886281,53.18730841600561,7.016274536003857,9,0.0,0.7343909653328656,0.2656090346671343,supplier_delay,True,8,10,1.0
2017,supplier_delay,cd_vague_1,vague,PerfectSemantic,CausalOptimizer,1503.0,0.8454810495626822,53.0,7.05,10,0.0,1.0,0.0,supplier_delay,True,4,10,1.0
2017,supplier_delay,cd_vague_2,vague,NoInfo,CausalOptimizer,1434.0,0.8297376093294462,58.4,4.915000000000001,13,0.35,0.35,0.3,normal,False,0,0,1.0
2017,supplier_delay,cd_vague_2,vague,RuleBased,CausalOptimizer,1503.0,0.8454810495626822,53.0,7.05,10,0.0,1.0,0.0,supplier_delay,True,4,10,1.0
2017,supplier_delay,cd_vague_2,vague,TFIDF_LogReg,CausalOptimizer,1504.3035133561787,0.8431704665772971,53.7925299639871,5.650400180500691,13,0.33267715716288576,0.4004783181701407,0.26684452466697356,supplier_delay,True,8,10,1.0
2017,supplier_delay,cd_vague_2,vague,TFIDF_LogReg_Calibrated,CausalOptimizer,1503.0,0.8454810495626822,53.0,7.05,10,0.11851130242360192,0.8814886975763981,0.0,supplier_delay,True,8,10,1.0
2017,supplier_delay,cd_vague_2,vague,PerfectSemantic,CausalOptimizer,1503.0,0.8454810495626822,53.0,7.05,10,0.0,1.0,0.0,supplier_delay,True,4,10,1.0
2017,supplier_delay,cd_vague_3,vague,NoInfo,CausalOptimizer,1434.0,0.8297376093294462,58.4,4.915000000000001,13,0.35,0.35,0.3,normal,False,0,0,1.0
2017,supplier_delay,cd_vague_3,vague,RuleBased,CausalOptimizer,1503.0,0.8454810495626822,53.0,7.05,10,0.0,1.0,0.0,supplier_delay,True,4,10,1.0
2017,supplier_delay,cd_vague_3,vague,TFIDF_LogReg,CausalOptimizer,1499.7783859083759,0.8422184094664612,54.1190855530038,5.632906131089082,13,0.3570807868648029,0.3838498215400494,0.2590693915951477,supplier_delay,True,8,10,1.0
2017,supplier_delay,cd_vague_3,vague,TFIDF_LogReg_Calibrated,CausalOptimizer,1401.0,0.8221574344023324,61.0,5.875,12,0.3349590287226755,0.6650409712773245,0.0,supplier_delay,True,8,10,1.0
2017,supplier_delay,cd_vague_3,vague,PerfectSemantic,CausalOptimizer,1503.0,0.8454810495626822,53.0,7.05,10,0.0,1.0,0.0,supplier_delay,True,4,10,1.0
2017,supplier_delay,cd_vague_4,vague,NoInfo,CausalOptimizer,1434.0,0.8297376093294462,58.4,4.915000000000001,13,0.35,0.35,0.3,normal,False,0,0,1.0
2017,supplier_delay,cd_vague_4,vague,RuleBased,CausalOptimizer,1454.0,0.8338192419825073,57.0,4.975,13,0.3333333333333333,0.3333333333333333,0.3333333333333333,normal,False,0,0,1.0
2017,supplier_delay,cd_vague_4,vague,TFIDF_LogReg,CausalOptimizer,1529.4855053342285,0.8484685923879536,51.97527281093196,5.747753242271502,13,0.31434998660035207,0.3755374612789805,0.31011255212066746,supplier_delay,True,8,10,1.0
2017,supplier_delay,cd_vague_4,vague,TFIDF_LogReg_Calibrated,CausalOptimizer,1490.4786417491464,0.8488463563365267,51.84569977657132,7.824754045642801,9,0.0,0.8974611235238154,0.10253887647618465,supplier_delay,True,8,10,1.0
2017,supplier_delay,cd_vague_4,vague,PerfectSemantic,CausalOptimizer,1503.0,0.8454810495626822,53.0,7.05,10,0.0,1.0,0.0,supplier_delay,True,4,10,1.0
2018,supplier_delay,cd_clear_1,clear,NoInfo,CausalOptimizer,1455.8000000000002,0.8789968652037616,38.599999999999994,7.19,6,0.35,0.35,0.3,normal,False,0,0,1.0
2018,supplier_delay,cd_clear_1,clear,RuleBased,CausalOptimizer,1673.0,0.9059561128526645,30.0,6.625,9,0.0,1.0,0.0,supplier_delay,True,4,8,1.0
2018,supplier_delay,cd_clear_1,clear,TFIDF_LogReg,CausalOptimizer,1693.601120541155,0.9128055177633517,27.815039833490765,6.233956053074818,6,0.23745986963093338,0.421500123431182,0.3410400069378847,supplier_delay,True,8,10,1.0
2018,supplier_delay,cd_clear_1,clear,TFIDF_LogReg_Calibrated,CausalOptimizer,1704.583549048963,0.926750531722838,23.366580380414717,7.7558613763652176,5,0.0,0.47360751585061306,0.5263924841493869,demand_surge,False,0,10,1.75
2018,supplier_delay,cd_clear_1,clear,PerfectSemantic,CausalOptimizer,1673.0,0.9059561128526645,30.0,6.625,9,0.0,1.0,0.0,supplier_delay,True,4,10,1.0
2018,supplier_delay,cd_clear_2,clear,NoInfo,CausalOptimizer,1455.8000000000002,0.8789968652037616,38.599999999999994,7.19,6,0.35,0.35,0.3,normal,False,0,0,1.0
2018,supplier_delay,cd_clear_2,clear,RuleBased,CausalOptimizer,1603.6896551724137,0.8932007350556697,34.06896551724138,5.828448275862069,8,0.2758620689655173,0.5172413793103449,0.20689655172413793,supplier_delay,True,4,8,1.0
2018,supplier_delay,cd_clear_2,clear,TFIDF_LogReg,CausalOptimizer,1682.8540732754093,0.9100509762399398,28.693738579459193,6.13380927184461,7,0.2897803462021731,0.39133920753656015,0.3188804462612668,supplier_delay,True,8,10,1.0
2018,supplier_delay,cd_clear_2,clear,TFIDF_LogReg_Calibrated,CausalOptimizer,1655.659991950207,0.90386475413126,30.667143432128057,6.376153016047081,7,0.09372902690017108,0.7316791500552591,0.17459182304456988,supplier_delay,True,8,10,1.0
2018,supplier_delay,cd_clear_2,clear,PerfectSemantic,CausalOptimizer,1673.0,0.9059561128526645,30.0,6.625,9,0.0,1.0,0.0,supplier_delay,True,4,10,1.0
2018,supplier_delay,cd_clear_3,clear,NoInfo,CausalOptimizer,1455.8000000000002,0.8789968652037616,38.599999999999994,7.19,6,0.35,0.35,0.3,normal,False,0,0,1.0
2018,supplier_delay,cd_clear_3,clear,RuleBased,CausalOptimizer,1703.0,0.9247648902821317,24.0,7.55,5,0.0,0.5,0.5,supplier_delay,True,4,4,1.0
2018,supplier_delay,cd_clear_3,clear,TFIDF_LogReg,CausalOptimizer,1693.4189994507067,0.9126298523758922,27.87107709209039,6.216094176896189,6,0.26709012841761415,0.3942047504194853,0.3387051211629006,supplier_delay,True,8,10,1.0
2018,supplier_delay,cd_clear_3,clear,TFIDF_LogReg_Calibrated,CausalOptimizer,1449.5793749608388,0.8810141471319295,37.95648706491447,7.602920800013214,6,0.296713271444418,0.3675360099397193,0.33575071861586275,supplier_delay,True,8,10,1.0
2018,supplier_delay,cd_clear_3,clear,PerfectSemantic,CausalOptimizer,1673.0,0.9059561128526645,30.0,6.625,9,0.0,1.0,0.0,supplier_delay,True,4,10,1.0
2018,supplier_delay,cd_clear_4,clear,NoInfo,CausalOptimizer,1455.8000000000002,0.8789968652037616,38.599999999999994,7.19,6,0.35,0.35,0.3,normal,False,0,0,1.0
2018,supplier_delay,cd_clear_4,clear,RuleBased,CausalOptimizer,1703.0,0.9247648902821317,24.0,7.55,5,0.0,0.5,0.5,supplier_delay,True,4,8,1.0
2018,supplier_delay,cd_clear_4,clear,TFIDF_LogReg,CausalOptimizer,1667.3967386810773,0.9067377732081725,29.75065034659299,6.071055135671041,7,0.2868313071460786,0.4163072417412755,0.296861451112646,supplier_delay,True,8,10,1.0
2018,supplier_delay,cd_clear_4,clear,TFIDF_LogReg_Calibrated,CausalOptimizer,1553.0,0.8808777429467085,38.0,5.9,10,0.3333333333333333,0.6666666666666666,0.0,supplier_delay,True,8,10,1.0
2018,supplier_delay,cd_clear_4,clear,PerfectSemantic,CausalOptimizer,1673.0,0.9059561128526645,30.0,6.625,9,0.0,1.0,0.0,supplier_delay,True,4,10,1.0
2018,supplier_delay,cd_moderate_1,moderate,NoInfo,CausalOptimizer,1455.8000000000002,0.8789968652037616,38.599999999999994,7.19,6,0.35,0.35,0.3,normal,False,0,0,1.0
2018,supplier_delay,cd_moderate_1,moderate,RuleBased,CausalOptimizer,1673.0,0.9059561128526645,30.0,6.625,9,0.0,1.0,0.0,supplier_delay,True,4,10,1.0
2018,supplier_delay,cd_moderate_1,moderate,TFIDF_LogReg,CausalOptimizer,1681.1580654875754,0.9096874453795408,28.80970492392646,6.126923770141866,7,0.2872828661830683,0.39625265306539953,0.31646448075153216,supplier_delay,True,8,10,1.0
2018,supplier_delay,cd_moderate_1,moderate,TFIDF_LogReg_Calibrated,CausalOptimizer,1708.4954413860057,0.914757894937014,27.192231515092573,6.860721359312832,8,0.0,0.9331483694069662,0.06685163059303378,supplier_delay,True,8,10,1.0
2018,supplier_delay,cd_moderate_1,moderate,PerfectSemantic,CausalOptimizer,1673.0,0.9059561128526645,30.0,6.625,9,0.0,1.0,0.0,supplier_delay,True,4,10,1.0
2018,supplier_delay,cd_moderate_2,moderate,NoInfo,CausalOptimizer,1455.8000000000002,0.8789968652037616,38.599999999999994,7.19,6,0.35,0.35,0.3,normal,False,0,0,1.0
2018,supplier_delay,cd_moderate_2,moderate,RuleBased,CausalOptimizer,1673.0,0.9059561128526645,30.0,6.625,9,0.0,1.0,0.0,supplier_delay,True,4,10,1.0
2018,supplier_delay,cd_moderate_2,moderate,TFIDF_LogReg,CausalOptimizer,1694.6930205808922,0.9138587128824627,27.4790705904944,6.341046249279909,6,0.2549948483684219,0.3899664262355114,0.3550387253960666,supplier_delay,True,8,10,1.0
2018,supplier_delay,cd_moderate_2,moderate,TFIDF_LogReg_Calibrated,CausalOptimizer,1703.6954043271264,0.9204049885446633,25.39080865425238,7.045831862833512,5,0.0,0.5579503605938493,0.4420496394061508,supplier_delay,True,8,10,1.0
2018,supplier_delay,cd_moderate_2,moderate,PerfectSemantic,CausalOptimizer,1673.0,0.9059561128526645,30.0,6.625,9,0.0,1.0,0.0,supplier_delay,True,4,10,1.0
2018,supplier_delay,cd_moderate_3,moderate,NoInfo,CausalOptimizer,1455.8000000000002,0.8789968652037616,38.599999999999994,7.19,6,0.35,0.35,0.3,normal,False,0,0,1.0
2018,supplier_delay,cd_moderate_3,moderate,RuleBased,CausalOptimizer,1673.0,0.9059561128526645,30.0,6.625,9,0.0,1.0,0.0,supplier_delay,True,4,10,1.0
2018,supplier_delay,cd_moderate_3,moderate,TFIDF_LogReg,CausalOptimizer,1644.717909696072,0.9018766786584298,31.301339507960904,5.978982966714821,7,0.2972294001921947,0.43821517289032413,0.26455542691748124,supplier_delay,True,8,10,1.0
2018,supplier_delay,cd_moderate_3,moderate,TFIDF_LogReg_Calibrated,CausalOptimizer,1673.0,0.9059561128526645,30.0,6.625,9,0.0,1.0,0.0,supplier_delay,True,8,10,1.0
2018,supplier_delay,cd_moderate_3,moderate,PerfectSemantic,CausalOptimizer,1673.0,0.9059561128526645,30.0,6.625,9,0.0,1.0,0.0,supplier_delay,True,4,10,1.0
2018,supplier_delay,cd_moderate_4,moderate,NoInfo,CausalOptimizer,1455.8000000000002,0.8789968652037616,38.599999999999994,7.19,6,0.35,0.35,0.3,normal,False,0,0,1.0
2018,supplier_delay,cd_moderate_4,moderate,RuleBased,CausalOptimizer,1673.0,0.9059561128526645,30.0,6.625,9,0.0,1.0,0.0,supplier_delay,True,4,10,1.0
2018,supplier_delay,cd_moderate_4,moderate,TFIDF_LogReg,CausalOptimizer,1445.9854921655844,0.8821796047457839,37.584706086094926,7.841480261422421,6,0.2700074678575591,0.3735873147032703,0.35640521743917064,supplier_delay,True,8,10,1.0
2018,supplier_delay,cd_moderate_4,moderate,TFIDF_LogReg_Calibrated,CausalOptimizer,1703.5393357274595,0.9254411733259682,23.784265709016147,7.620113644569753,5,0.0,0.4910110712090061,0.5089889287909939,demand_surge,False,0,10,1.75
2018,supplier_delay,cd_moderate_4,moderate,PerfectSemantic,CausalOptimizer,1673.0,0.9059561128526645,30.0,6.625,9,0.0,1.0,0.0,supplier_delay,True,4,10,1.0
2018,supplier_delay,cd_vague_1,vague,NoInfo,CausalOptimizer,1455.8000000000002,0.8789968652037616,38.599999999999994,7.19,6,0.35,0.35,0.3,normal,False,0,0,1.0
2018,supplier_delay,cd_vague_1,vague,RuleBased,CausalOptimizer,1698.000000000001,0.9172413793103449,26.400000000000006,6.689999999999998,5,0.0,0.6,0.39999999999999997,supplier_delay,True,4,10,1.0
2018,supplier_delay,cd_vague_1,vague,TFIDF_LogReg,CausalOptimizer,1693.0052938627614,0.9122308115387138,27.998371119150313,6.175519205770835,6,0.2881220537123606,0.37847674291890326,0.33340120336873624,supplier_delay,True,8,10,1.0
2018,supplier_delay,cd_vague_1,vague,TFIDF_LogReg_Calibrated,CausalOptimizer,1708.3971497602663,0.9158482114608765,26.844420543980366,6.696033880001752,6,0.0,0.7343909653328656,0.2656090346671343,supplier_delay,True,8,10,1.0
2018,supplier_delay,cd_vague_1,vague,PerfectSemantic,CausalOptimizer,1673.0,0.9059561128526645,30.0,6.625,9,0.0,1.0,0.0,supplier_delay,True,4,10,1.0
2018,supplier_delay,cd_vague_2,vague,NoInfo,CausalOptimizer,1455.8000000000002,0.8789968652037616,38.599999999999994,7.19,6,0.35,0.35,0.3,normal,False,0,0,1.0
2018,supplier_delay,cd_vague_2,vague,RuleBased,CausalOptimizer,1673.0,0.9059561128526645,30.0,6.625,9,0.0,1.0,0.0,supplier_delay,True,4,10,1.0
2018,supplier_delay,cd_vague_2,vague,TFIDF_LogReg,CausalOptimizer,1646.3248563162158,0.9022211196991059,31.19146281598526,5.985506895300874,7,0.33267715716288576,0.4004783181701407,0.26684452466697356,supplier_delay,True,8,10,1.0
2018,supplier_delay,cd_vague_2,vague,TFIDF_LogReg_Calibrated,CausalOptimizer,1673.0,0.9059561128526645,30.0,6.625,9,0.11851130242360192,0.8814886975763981,0.0,supplier_delay,True,8,10,1.0
2018,supplier_delay,cd_vague_2,vague,PerfectSemantic,CausalOptimizer,1673.0,0.9059561128526645,30.0,6.625,9,0.0,1.0,0.0,supplier_delay,True,4,10,1.0
2018,supplier_delay,cd_vague_3,vague,NoInfo,CausalOptimizer,1455.8000000000002,0.8789968652037616,38.599999999999994,7.19,6,0.35,0.35,0.3,normal,False,0,0,1.0
2018,supplier_delay,cd_vague_3,vague,RuleBased,CausalOptimizer,1673.0,0.9059561128526645,30.0,6.625,9,0.0,1.0,0.0,supplier_delay,True,4,10,1.0
2018,supplier_delay,cd_vague_3,vague,TFIDF_LogReg,CausalOptimizer,1640.8667128997936,0.901051193719646,31.564669203432913,5.963347766046171,7,0.3570807868648029,0.3838498215400494,0.2590693915951477,supplier_delay,True,8,10,1.0
2018,supplier_delay,cd_vague_3,vague,TFIDF_LogReg_Calibrated,CausalOptimizer,1553.0,0.8808777429467085,38.0,5.9,10,0.3349590287226755,0.6650409712773245,0.0,supplier_delay,True,8,10,1.0
2018,supplier_delay,cd_vague_3,vague,PerfectSemantic,CausalOptimizer,1673.0,0.9059561128526645,30.0,6.625,9,0.0,1.0,0.0,supplier_delay,True,4,10,1.0
2018,supplier_delay,cd_vague_4,vague,NoInfo,CausalOptimizer,1455.8000000000002,0.8789968652037616,38.599999999999994,7.19,6,0.35,0.35,0.3,normal,False,0,0,1.0
2018,supplier_delay,cd_vague_4,vague,RuleBased,CausalOptimizer,1450.0,0.8808777429467085,38.0,7.575,6,0.3333333333333333,0.3333333333333333,0.3333333333333333,normal,False,0,0,1.0
2018,supplier_delay,cd_vague_4,vague,TFIDF_LogReg,CausalOptimizer,1676.6990115887086,0.9087316692846146,29.114597498207957,6.108820773543902,7,0.31434998660035207,0.3755374612789805,0.31011255212066746,supplier_delay,True,8,10,1.0
2018,supplier_delay,cd_vague_4,vague,TFIDF_LogReg_Calibrated,CausalOptimizer,1727.7557600382825,0.9194565291912218,25.693367188000238,7.00180577561426,6,0.0,0.8974611235238154,0.10253887647618465,supplier_delay,True,8,10,1.0
2018,supplier_delay,cd_vague_4,vague,PerfectSemantic,CausalOptimizer,1673.0,0.9059561128526645,30.0,6.625,9,0.0,1.0,0.0,supplier_delay,True,4,10,1.0
2019,supplier_delay,cd_clear_1,clear,NoInfo,CausalOptimizer,1559.0,0.8237569060773482,63.79999999999999,3.3200000000000003,18,0.35,0.35,0.3,normal,False,0,0,1.0
2019,supplier_delay,cd_clear_1,clear,RuleBased,CausalOptimizer,1522.0,0.8176795580110497,66.0,5.025,15,0.0,1.0,0.0,supplier_delay,True,4,8,1.0
2019,supplier_delay,cd_clear_1,clear,TFIDF_LogReg,CausalOptimizer,1591.01120541155,0.8298788960625574,61.58383962535422,4.068496016650924,16,0.23745986963093338,0.421500123431182,0.3410400069378847,supplier_delay,True,8,10,1.0
2019,supplier_delay,cd_clear_1,clear,TFIDF_LogReg_Calibrated,CausalOptimizer,1708.5012942937792,0.8530159517250874,53.2082254755184,4.57917745244816,16,0.0,0.47360751585061306,0.5263924841493869,demand_surge,False,0,10,1.75
2019,supplier_delay,cd_clear_1,clear,PerfectSemantic,CausalOptimizer,1522.0,0.8176795580110497,66.0,5.025,15,0.0,1.0,0.0,supplier_delay,True,4,10,1.0
2019,supplier_delay,cd_clear_2,clear,NoInfo,CausalOptimizer,1559.0,0.8237569060773482,63.79999999999999,3.3200000000000003,18,0.35,0.35,0.3,normal,False,0,0,1.0
2019,supplier_delay,cd_clear_2,clear,RuleBased,CausalOptimizer,1486.3793103448274,0.8098685463897884,68.82758620689656,3.746551724137931,17,0.2758620689655173,0.5172413793103449,0.20689655172413793,supplier_delay,True,4,8,1.0
2019,supplier_delay,cd_clear_2,clear,TFIDF_LogReg,CausalOptimizer,1573.726748083788,0.8265733262378684,62.78045590189159,4.01531307102704,17,0.2897803462021731,0.39133920753656015,0.3188804462612668,supplier_delay,True,8,10,1.0
2019,supplier_delay,cd_clear_2,clear,TFIDF_LogReg_Calibrated,CausalOptimizer,1511.0893806909983,0.8158366203532375,66.66714343212806,4.505908109873824,16,0.09372902690017108,0.7316791500552591,0.17459182304456988,supplier_delay,True,8,10,1.0
2019,supplier_delay,cd_clear_2,clear,PerfectSemantic,CausalOptimizer,1522.0,0.8176795580110497,66.0,5.025,15,0.0,1.0,0.0,supplier_delay,True,4,10,1.0
2019,supplier_delay,cd_clear_3,clear,NoInfo,CausalOptimizer,1559.0,0.8237569060773482,63.79999999999999,3.3200000000000003,18,0.35,0.35,0.3,normal,False,0,0,1.0
2019,supplier_delay,cd_clear_3,clear,RuleBased,CausalOptimizer,1699.0,0.850828729281768,54.0,4.5,16,0.0,0.5,0.5,supplier_delay,True,4,4,1.0
2019,supplier_delay,cd_clear_3,clear,TFIDF_LogReg,CausalOptimizer,1589.1899945070625,0.829530598184521,61.709923457203374,4.062892290790961,16,0.26709012841761415,0.3942047504194853,0.3387051211629006,supplier_delay,True,8,10,1.0
2019,supplier_delay,cd_clear_3,clear,TFIDF_LogReg_Calibrated,CausalOptimizer,1587.9580820788485,0.8290898862023663,61.86946119474341,3.3789886857161733,17,0.296713271444418,0.3675360099397193,0.33575071861586275,supplier_delay,True,8,10,1.0
2019,supplier_delay,cd_clear_3,clear,PerfectSemantic,CausalOptimizer,1522.0,0.8176795580110497,66.0,5.025,15,0.0,1.0,0.0,supplier_delay,True,4,10,1.0
2019,supplier_delay,cd_clear_4,clear,NoInfo,CausalOptimizer,1559.0,0.8237569060773482,63.79999999999999,3.3200000000000003,18,0.35,0.35,0.3,normal,False,0,0,1.0
2019,supplier_delay,cd_clear_4,clear,RuleBased,CausalOptimizer,1699.0,0.850828729281768,54.0,4.5,16,0.0,0.5,0.5,supplier_delay,True,4,8,1.0
2019,supplier_delay,cd_clear_4,clear,TFIDF_LogReg,CausalOptimizer,1556.5519318678637,0.8232887247516102,63.96948163991711,3.9624674826703505,17,0.2868313071460786,0.4163072417412755,0.296861451112646,supplier_delay,True,8,10,1.0
2019,supplier_delay,cd_clear_4,clear,TFIDF_LogReg_Calibrated,CausalOptimizer,1417.0,0.7955801104972375,74.0,3.925,18,0.3333333333333333,0.6666666666666666,0.0,supplier_delay,True,8,10,1.0
2019,supplier_delay,cd_clear_4,clear,PerfectSemantic,CausalOptimizer,1522.0,0.8176795580110497,66.0,5.025,15,0.0,1.0,0.0,supplier_delay,True,4,10,1.0
2019,supplier_delay,cd_moderate_1,moderate,NoInfo,CausalOptimizer,1559.0,0.8237569060773482,63.79999999999999,3.3200000000000003,18,0.35,0.35,0.3,normal,False,0,0,1.0
2019,supplier_delay,cd_moderate_1,moderate,RuleBased,CausalOptimizer,1522.0,0.8176795580110497,66.0,5.025,15,0.0,1.0,0.0,supplier_delay,True,4,10,1.0
2019,supplier_delay,cd_moderate_1,moderate,TFIDF_LogReg,CausalOptimizer,1571.8422949861952,0.82621293359277,62.91091803941727,4.009514753803677,17,0.2872828661830683,0.39625265306539953,0.31646448075153216,supplier_delay,True,8,10,1.0
2019,supplier_delay,cd_moderate_1,moderate,TFIDF_LogReg_Calibrated,CausalOptimizer,1544.863257662818,0.8254358245439433,63.19223151509257,5.5765259523925295,15,0.0,0.9331483694069662,0.06685163059303378,supplier_delay,True,8,10,1.0
2019,supplier_delay,cd_moderate_1,moderate,PerfectSemantic,CausalOptimizer,1522.0,0.8176795580110497,66.0,5.025,15,0.0,1.0,0.0,supplier_delay,True,4,10,1.0
2019,supplier_delay,cd_moderate_2,moderate,NoInfo,CausalOptimizer,1559.0,0.8237569060773482,63.79999999999999,3.3200000000000003,18,0.35,0.35,0.3,normal,False,0,0,1.0
2019,supplier_delay,cd_moderate_2,moderate,RuleBased,CausalOptimizer,1522.0,0.8176795580110497,66.0,5.025,15,0.0,1.0,0.0,supplier_delay,True,4,10,1.0
2019,supplier_delay,cd_moderate_2,moderate,TFIDF_LogReg,CausalOptimizer,1601.930205808932,0.8319671026833911,60.82790882861241,4.10209294095056,16,0.2549948483684219,0.3899664262355114,0.3550387253960666,supplier_delay,True,8,10,1.0
2019,supplier_delay,cd_moderate_2,moderate,TFIDF_LogReg_Calibrated,CausalOptimizer,1671.712505755419,0.8449466312926301,56.12931947206786,4.310919134574762,16,0.0,0.5579503605938493,0.4420496394061508,supplier_delay,True,8,10,1.0
2019,supplier_delay,cd_moderate_2,moderate,PerfectSemantic,CausalOptimizer,1522.0,0.8176795580110497,66.0,5.025,15,0.0,1.0,0.0,supplier_delay,True,4,10,1.0
2019,supplier_delay,cd_moderate_3,moderate,NoInfo,CausalOptimizer,1559.0,0.8237569060773482,63.79999999999999,3.3200000000000003,18,0.35,0.35,0.3,normal,False,0,0,1.0
2019,supplier_delay,cd_moderate_3,moderate,RuleBased,CausalOptimizer,1522.0,0.8176795580110497,66.0,5.025,15,0.0,1.0,0.0,supplier_delay,True,4,10,1.0
2019,supplier_delay,cd_moderate_3,moderate,TFIDF_LogReg,CausalOptimizer,1531.3532329956356,0.8184695940705634,65.71400694645601,3.884933024601955,17,0.2972294001921947,0.43821517289032413,0.26455542691748124,supplier_delay,True,8,10,1.0
2019,supplier_delay,cd_moderate_3,moderate,TFIDF_LogReg_Calibrated,CausalOptimizer,1522.0,0.8176795580110497,66.0,5.025,15,0.0,1.0,0.0,supplier_delay,True,8,10,1.0
2019,supplier_delay,cd_moderate_3,moderate,PerfectSemantic,CausalOptimizer,1522.0,0.8176795580110497,66.0,5.025,15,0.0,1.0,0.0,supplier_delay,True,4,10,1.0
2019,supplier_delay,cd_moderate_4,moderate,NoInfo,CausalOptimizer,1559.0,0.8237569060773482,63.79999999999999,3.3200000000000003,18,0.35,0.35,0.3,normal,False,0,0,1.0
2019,supplier_delay,cd_moderate_4,moderate,RuleBased,CausalOptimizer,1522.0,0.8176795580110497,66.0,5.025,15,0.0,1.0,0.0,supplier_delay,True,4,10,1.0
2019,supplier_delay,cd_moderate_4,moderate,TFIDF_LogReg,CausalOptimizer,1604.688226125728,0.8321709440378873,60.754118258284784,3.413068608774631,17,0.2700074678575591,0.3735873147032703,0.35640521743917064,supplier_delay,True,8,10,1.0
2019,supplier_delay,cd_moderate_4,moderate,TFIDF_LogReg_Calibrated,CausalOptimizer,1702.236014364758,0.8515736681318503,53.730332136270185,4.526966786372982,16,0.0,0.4910110712090061,0.5089889287909939,demand_surge,False,0,10,1.75
2019,supplier_delay,cd_moderate_4,moderate,PerfectSemantic,CausalOptimizer,1522.0,0.8176795580110497,66.0,5.025,15,0.0,1.0,0.0,supplier_delay,True,4,10,1.0
2019,supplier_delay,cd_vague_1,vague,NoInfo,CausalOptimizer,1559.0,0.8237569060773482,63.79999999999999,3.3200000000000003,18,0.35,0.35,0.3,normal,False,0,0,1.0
2019,supplier_delay,cd_vague_1,vague,RuleBased,CausalOptimizer,1637.3999999999999,0.8386740331491713,58.40000000000001,4.209999999999999,16,0.0,0.6,0.39999999999999997,supplier_delay,True,4,10,1.0
2019,supplier_delay,cd_vague_1,vague,TFIDF_LogReg,CausalOptimizer,1585.0529386276148,0.8287394060273807,61.99633501808822,4.050162888084969,16,0.2881220537123606,0.37847674291890326,0.33340120336873624,supplier_delay,True,8,10,1.0
2019,supplier_delay,cd_vague_1,vague,TFIDF_LogReg_Calibrated,CausalOptimizer,1550.8669534722353,0.8263966283315459,62.84442054398036,5.057702339203226,14,0.0,0.7343909653328656,0.2656090346671343,supplier_delay,True,8,10,1.0
2019,supplier_delay,cd_vague_1,vague,PerfectSemantic,CausalOptimizer,1522.0,0.8176795580110497,66.0,5.025,15,0.0,1.0,0.0,supplier_delay,True,4,10,1.0
2019,supplier_delay,cd_vague_2,vague,NoInfo,CausalOptimizer,1559.0,0.8237569060773482,63.79999999999999,3.3200000000000003,18,0.35,0.35,0.3,normal,False,0,0,1.0
2019,supplier_delay,cd_vague_2,vague,RuleBased,CausalOptimizer,1522.0,0.8176795580110497,66.0,5.025,15,0.0,1.0,0.0,supplier_delay,True,4,10,1.0
2019,supplier_delay,cd_vague_2,vague,TFIDF_LogReg,CausalOptimizer,1533.1387292402396,0.8188110616906537,65.59039566798342,3.890426859200737,17,0.33267715716288576,0.4004783181701407,0.26684452466697356,supplier_delay,True,8,10,1.0
2019,supplier_delay,cd_vague_2,vague,TFIDF_LogReg_Calibrated,CausalOptimizer,1522.0,0.8176795580110497,66.0,5.025,15,0.11851130242360192,0.8814886975763981,0.0,supplier_delay,True,8,10,1.0
2019,supplier_delay,cd_vague_2,vague,PerfectSemantic,CausalOptimizer,1522.0,0.8176795580110497,66.0,5.025,15,0.0,1.0,0.0,supplier_delay,True,4,10,1.0
2019,supplier_delay,cd_vague_3,vague,NoInfo,CausalOptimizer,1559.0,0.8237569060773482,63.79999999999999,3.3200000000000003,18,0.35,0.35,0.3,normal,False,0,0,1.0
2019,supplier_delay,cd_vague_3,vague,RuleBased,CausalOptimizer,1522.0,0.8176795580110497,66.0,5.025,15,0.0,1.0,0.0,supplier_delay,True,4,10,1.0
2019,supplier_delay,cd_vague_3,vague,TFIDF_LogReg,CausalOptimizer,1527.074125444215,0.8176512352103259,66.01025285386203,3.8717665398283545,17,0.3570807868648029,0.3838498215400494,0.2590693915951477,supplier_delay,True,8,10,1.0
2019,supplier_delay,cd_vague_3,vague,TFIDF_LogReg_Calibrated,CausalOptimizer,1417.0,0.7955801104972375,74.0,3.925,18,0.3349590287226755,0.6650409712773245,0.0,supplier_delay,True,8,10,1.0
2019,supplier_delay,cd_vague_3,vague,PerfectSemantic,CausalOptimizer,1522.0,0.8176795580110497,66.0,5.025,15,0.0,1.0,0.0,supplier_delay,True,4,10,1.0
2019,supplier_delay,cd_vague_4,vague,NoInfo,CausalOptimizer,1559.0,0.8237569060773482,63.79999999999999,3.3200000000000003,18,0.35,0.35,0.3,normal,False,0,0,1.0
2019,supplier_delay,cd_vague_4,vague,RuleBased,CausalOptimizer,1586.0,0.8287292817679558,62.0,3.375,17,0.3333333333333333,0.3333333333333333,0.3333333333333333,normal,False,0,0,1.0
2019,supplier_delay,cd_vague_4,vague,TFIDF_LogReg,CausalOptimizer,1566.8877906541206,0.8252654083273925,63.25392218548395,3.994270125089602,17,0.31434998660035207,0.3755374612789805,0.31011255212066746,supplier_delay,True,8,10,1.0
2019,supplier_delay,cd_vague_4,vague,TFIDF_LogReg_Calibrated,CausalOptimizer,1557.372960931997,0.8295763337348059,61.69336718800024,5.870945730928524,14,0.0,0.8974611235238154,0.10253887647618465,supplier_delay,True,8,10,1.0
2019,supplier_delay,cd_vague_4,vague,PerfectSemantic,CausalOptimizer,1522.0,0.8176795580110497,66.0,5.025,15,0.0,1.0,0.0,supplier_delay,True,4,10,1.0
2000,demand_surge,cs_clear_1,clear,NoInfo,CausalOptimizer,1776.0000000000005,0.8543478260869565,53.599999999999994,4.835,14,0.35,0.35,0.3,normal,False,0,0,1.0
2000,demand_surge,cs_clear_1,clear,RuleBased,CausalOptimizer,2017.5714285714284,0.9083850931677019,33.71428571428572,6.75,13,0.0,0.2857142857142857,0.7142857142857143,demand_surge,True,0,10,1.75
2000,demand_surge,cs_clear_1,clear,TFIDF_LogReg,CausalOptimizer,1859.124122391034,0.8724182874763117,46.95007020871728,5.4168688567372385,14,0.25306016922754665,0.30839962678739646,0.4385402039850568,demand_surge,True,0,10,1.75
2000,demand_surge,cs_clear_1,clear,TFIDF_LogReg_Calibrated,CausalOptimizer,2066.302663368585,0.9201312688348149,29.391693068788122,7.260756188270132,14,0.028235133975045103,0.16019225873540613,0.8115726072895488,demand_surge,True,0,10,1.75
2000,demand_surge,cs_clear_1,clear,PerfectSemantic,CausalOptimizer,2185.0,0.9429347826086957,21.0,7.7,10,0.0,0.0,1.0,demand_surge,True,0,10,1.75
2000,demand_surge,cs_clear_2,clear,NoInfo,CausalOptimizer,1776.0000000000005,0.8543478260869565,53.599999999999994,4.835,14,0.35,0.35,0.3,normal,False,0,0,1.0
2000,demand_surge,cs_clear_2,clear,RuleBased,CausalOptimizer,2185.0,0.9429347826086957,21.0,7.7,10,0.0,0.0,1.0,demand_surge,True,0,10,1.75
2000,demand_surge,cs_clear_2,clear,TFIDF_LogReg,CausalOptimizer,1853.7983855976634,0.8712605186081877,47.37612915218693,5.379588699183644,14,0.2382103439647175,0.3321256800391768,0.42966397599610573,demand_surge,True,0,10,1.75
2000,demand_surge,cs_clear_2,clear,TFIDF_LogReg_Calibrated,CausalOptimizer,2009.7647388924051,0.9065602475204312,34.38582891248131,6.676549962697356,13,0.04291673587658595,0.25678803313344095,0.7002952309899731,demand_surge,True,0,10,1.75
2000,demand_surge,cs_clear_2,clear,PerfectSemantic,CausalOptimizer,2185.0,0.9429347826086957,21.0,7.7,10,0.0,0.0,1.0,demand_surge,True,0,10,1.75
2000,demand_surge,cs_clear_3,clear,NoInfo,CausalOptimizer,1776.0000000000005,0.8543478260869565,53.599999999999994,4.835,14,0.35,0.35,0.3,normal,False,0,0,1.0
2000,demand_surge,cs_clear_3,clear,RuleBased,CausalOptimizer,2185.0,0.9429347826086957,21.0,7.7,10,0.0,0.0,1.0,demand_surge,True,0,10,1.75
2000,demand_surge,cs_clear_3,clear,TFIDF_LogReg,CausalOptimizer,1853.7539396523678,0.8712508564461668,47.3796848278106,5.3792775775665715,14,0.2678348108474828,0.3025752897319048,0.4295898994206125,demand_surge,True,0,10,1.75
2000,demand_surge,cs_clear_3,clear,TFIDF_LogReg_Calibrated,CausalOptimizer,2212.4012148405864,0.9450649466278437,20.21609964095356,7.27852977260392,10,0.0,0.0435500199470249,0.9564499800529752,demand_surge,True,0,10,1.75
2000,demand_surge,cs_clear_3,clear,PerfectSemantic,CausalOptimizer,2185.0,0.9429347826086957,21.0,7.7,10,0.0,0.0,1.0,demand_surge,True,0,10,1.75
2000,demand_surge,cs_clear_4,clear,NoInfo,CausalOptimizer,1776.0000000000005,0.8543478260869565,53.599999999999994,4.835,14,0.35,0.35,0.3,normal,False,0,0,1.0
2000,demand_surge,cs_clear_4,clear,RuleBased,CausalOptimizer,2185.0,0.9429347826086957,21.0,7.7,10,0.0,0.0,1.0,demand_surge,True,0,10,1.75
2000,demand_surge,cs_clear_4,clear,TFIDF_LogReg,CausalOptimizer,1857.6838829846895,0.8721051919531935,47.06528936122484,5.406787180892826,14,0.2541504656514546,0.30970972937406327,0.4361398049744822,demand_surge,True,0,10,1.75
2000,demand_surge,cs_clear_4,clear,TFIDF_LogReg_Calibrated,CausalOptimizer,2198.598412483128,0.9441141083906506,20.56600811224059,7.490237254249618,10,0.024110660431078526,0.0,0.9758893395689214,demand_surge,True,0,10,1.75
2000,demand_surge,cs_clear_4,clear,PerfectSemantic,CausalOptimizer,2185.0,0.9429347826086957,21.0,7.7,10,0.0,0.0,1.0,demand_surge,True,0,10,1.75
2000,demand_surge,cs_moderate_1,moderate,NoInfo,CausalOptimizer,1776.0000000000005,0.8543478260869565,53.599999999999994,4.835,14,0.35,0.35,0.3,normal,False,0,0,1.0
2000,demand_surge,cs_moderate_1,moderate,RuleBased,CausalOptimizer,2185.0,0.9429347826086957,21.0,7.7,10,0.0,0.0,1.0,demand_surge,True,0,10,1.75
2000,demand_surge,cs_moderate_1,moderate,TFIDF_LogReg,CausalOptimizer,1868.3559706480066,0.8744252110104362,46.21152234815946,5.481491794536047,14,0.2562401671770621,0.28983321507626014,0.4539266177466778,demand_surge,True,0,10,1.75
2000,demand_surge,cs_moderate_1,moderate,TFIDF_LogReg_Calibrated,CausalOptimizer,2185.0,0.9429347826086957,21.0,7.7,10,0.0,0.0,1.0,demand_surge,True,0,10,1.75
2000,demand_surge,cs_moderate_1,moderate,PerfectSemantic,CausalOptimizer,2185.0,0.9429347826086957,21.0,7.7,10,0.0,0.0,1.0,demand_surge,True,0,10,1.75
2000,demand_surge,cs_moderate_2,moderate,NoInfo,CausalOptimizer,1776.0000000000005,0.8543478260869565,53.599999999999994,4.835,14,0.35,0.35,0.3,normal,False,0,0,1.0
2000,demand_surge,cs_moderate_2,moderate,RuleBased,CausalOptimizer,2185.0,0.9429347826086957,21.0,7.7,10,0.0,0.0,1.0,demand_surge,True,0,10,1.75
2000,demand_surge,cs_moderate_2,moderate,TFIDF_LogReg,CausalOptimizer,1813.9322284942587,0.8625939627161432,50.56542172045933,5.100525599459809,14,0.3050606623633326,0.33171895681290353,0.3632203808237639,demand_surge,True,0,10,1.75
2000,demand_surge,cs_moderate_2,moderate,TFIDF_LogReg_Calibrated,CausalOptimizer,2046.2654131097222,0.9150924294319127,31.24598596905614,7.019970284634485,13,0.030549867687620986,0.20374150666771496,0.765708625644664,demand_surge,True,0,10,1.75
2000,demand_surge,cs_moderate_2,moderate,PerfectSemantic,CausalOptimizer,2185.0,0.9429347826086957,21.0,7.7,10,0.0,0.0,1.0,demand_surge,True,0,10,1.75
2000,demand_surge,cs_moderate_3,moderate,NoInfo,CausalOptimizer,1776.0000000000005,0.8543478260869565,53.599999999999994,4.835,14,0.35,0.35,0.3,normal,False,0,0,1.0
2000,demand_surge,cs_moderate_3,moderate,RuleBased,CausalOptimizer,2185.0,0.9429347826086957,21.0,7.7,10,0.0,0.0,1.0,demand_surge,True,0,10,1.75
2000,demand_surge,cs_moderate_3,moderate,TFIDF_LogReg,CausalOptimizer,1835.8420276310144,0.8673569625284815,48.812637789518845,5.253894193417102,14,0.27367353039753234,0.3265897568841102,0.3997367127183575,demand_surge,True,0,10,1.75
2000,demand_surge,cs_moderate_3,moderate,TFIDF_LogReg_Calibrated,CausalOptimizer,2249.7919923037334,0.946674203177401,19.62389323071644,6.530642900120094,10,0.0,0.10398220511940719,0.8960177948805929,demand_surge,True,0,10,1.75
2000,demand_surge,cs_moderate_3,moderate,PerfectSemantic,CausalOptimizer,2185.0,0.9429347826086957,21.0,7.7,10,0.0,0.0,1.0,demand_surge,True,0,10,1.75
2000,demand_surge,cs_moderate_4,moderate,NoInfo,CausalOptimizer,1776.0000000000005,0.8543478260869565,53.599999999999994,4.835,14,0.35,0.35,0.3,normal,False,0,0,1.0
2000,demand_surge,cs_moderate_4,moderate,RuleBased,CausalOptimizer,1991.0,0.9021739130434783,36.0,6.5,13,0.0,0.33333333333333337,0.6666666666666667,demand_surge,True,0,10,1.75
2000,demand_surge,cs_moderate_4,moderate,TFIDF_LogReg,CausalOptimizer,1828.9774094638367,0.8658646542312688,49.36180724289307,5.205841866246855,14,0.2679551803248051,0.3437491372354677,0.3882956824397273,demand_surge,True,0,10,1.75
2000,demand_surge,cs_moderate_4,moderate,TFIDF_LogReg_Calibrated,CausalOptimizer,1990.6589711561012,0.9020941961561713,36.029335814528935,6.496791395285896,13,0.0,0.3339444961360196,0.6660555038639805,demand_surge,True,0,10,1.75
2000,demand_surge,cs_moderate_4,moderate,PerfectSemantic,CausalOptimizer,2185.0,0.9429347826086957,21.0,7.7,10,0.0,0.0,1.0,demand_surge,True,0,10,1.75
2000,demand_surge,cs_vague_1,vague,NoInfo,CausalOptimizer,1776.0000000000005,0.8543478260869565,53.599999999999994,4.835,14,0.35,0.35,0.3,normal,False,0,0,1.0
2000,demand_surge,cs_vague_1,vague,RuleBased,CausalOptimizer,2185.0,0.9429347826086957,21.0,7.7,10,0.0,0.0,1.0,demand_surge,True,0,10,1.75
2000,demand_surge,cs_vague_1,vague,TFIDF_LogReg,CausalOptimizer,1796.6880638109446,0.858845231263249,51.944954895124425,4.9798164466766135,14,0.3840830589921588,0.28143683465626657,0.3344801063515746,normal,False,0,0,1.0
2000,demand_surge,cs_vague_1,vague,TFIDF_LogReg_Calibrated,CausalOptimizer,1823.3146061345358,0.8563005481199444,52.88139829186043,3.8895755298924426,17,0.7480233048643404,0.0,0.2519766951356595,normal,False,0,0,1.0
2000,demand_surge,cs_vague_1,vague,PerfectSemantic,CausalOptimizer,2185.0,0.9429347826086957,21.0,7.7,10,0.0,0.0,1.0,demand_surge,True,0,10,1.75
2000,demand_surge,cs_vague_2,vague,NoInfo,CausalOptimizer,1776.0000000000005,0.8543478260869565,53.599999999999994,4.835,14,0.35,0.35,0.3,normal,False,0,0,1.0
2000,demand_surge,cs_vague_2,vague,RuleBased,CausalOptimizer,2185.0,0.9429347826086957,21.0,7.7,10,0.0,0.0,1.0,demand_surge,True,0,10,1.75
2000,demand_surge,cs_vague_2,vague,TFIDF_LogReg,CausalOptimizer,1819.1552509520536,0.8637294023808811,50.147579923835735,5.137086756664373,14,0.29028930827069516,0.3377852734758828,0.37192541825342207,demand_surge,True,0,10,1.75
2000,demand_surge,cs_vague_2,vague,TFIDF_LogReg_Calibrated,CausalOptimizer,2038.7364995302394,0.9133325150842073,31.893634449011667,6.949133732139349,13,0.0,0.24778405102107634,0.7522159489789236,demand_surge,True,0,10,1.75
2000,demand_surge,cs_vague_2,vague,PerfectSemantic,CausalOptimizer,2185.0,0.9429347826086957,21.0,7.7,10,0.0,0.0,1.0,demand_surge,True,0,10,1.75
2000,demand_surge,cs_vague_3,vague,NoInfo,CausalOptimizer,1776.0000000000005,0.8543478260869565,53.599999999999994,4.835,14,0.35,0.35,0.3,normal,False,0,0,1.0
2000,demand_surge,cs_vague_3,vague,RuleBased,CausalOptimizer,2185.0,0.9429347826086957,21.0,7.7,10,0.0,0.0,1.0,demand_surge,True,0,10,1.75
2000,demand_surge,cs_vague_3,vague,TFIDF_LogReg,CausalOptimizer,1790.2080874467983,0.857436540749304,52.46335300425613,4.934456612127589,14,0.3540121558864553,0.32230769836888046,0.32368014574466425,normal,False,0,0,1.0
2000,demand_surge,cs_vague_3,vague,TFIDF_LogReg_Calibrated,CausalOptimizer,2082.1082513008528,0.9030111925205542,35.69188115243604,4.295541256504265,13,0.43873853985992667,0.0,0.5612614601400733,demand_surge,True,0,10,1.75
2000,demand_surge,cs_vague_3,vague,PerfectSemantic,CausalOptimizer,2185.0,0.9429347826086957,21.0,7.7,10,0.0,0.0,1.0,demand_surge,True,0,10,1.75
2000,demand_surge,cs_vague_4,vague,NoInfo,CausalOptimizer,1776.0000000000005,0.8543478260869565,53.599999999999994,4.835,14,0.35,0.35,0.3,normal,False,0,0,1.0
2000,demand_surge,cs_vague_4,vague,RuleBased,CausalOptimizer,2185.0,0.9429347826086957,21.0,7.7,10,0.0,0.0,1.0,demand_surge,True,0,10,1.75
2000,demand_surge,cs_vague_4,vague,TFIDF_LogReg,CausalOptimizer,1801.141560661698,0.859813382752543,51.58867514706419,5.010990924631883,14,0.31990511097456986,0.33819228792260086,0.3419026011028292,demand_surge,True,0,10,1.75
2000,demand_surge,cs_vague_4,vague,TFIDF_LogReg_Calibrated,CausalOptimizer,1799.9271674838913,0.8595493842356285,51.68582660128868,5.00249017238724,14,0.3333333333333333,0.32678805419351414,0.33987861247315254,demand_surge,True,0,10,1.75
2000,demand_surge,cs_vague_4,vague,PerfectSemantic,CausalOptimizer,2185.0,0.9429347826086957,21.0,7.7,10,0.0,0.0,1.0,demand_surge,True,0,10,1.75
2001,demand_surge,cs_clear_1,clear,NoInfo,CausalOptimizer,1783.0000000000002,0.8073349633251835,78.8,2.6800000000000006,18,0.35,0.35,0.3,normal,False,0,0,1.0
2001,demand_surge,cs_clear_1,clear,RuleBased,CausalOptimizer,2085.857142857143,0.8613342647572476,56.71428571428572,3.9428571428571417,15,0.0,0.2857142857142857,0.7142857142857143,demand_surge,True,0,10,1.75
2001,demand_surge,cs_clear_1,clear,TFIDF_LogReg,CausalOptimizer,1891.061359108344,0.825626335000472,71.31882898480694,2.9709344283686194,18,0.25306016922754665,0.30839962678739646,0.4385402039850568,demand_surge,True,0,10,1.75
2001,demand_surge,cs_clear_1,clear,TFIDF_LogReg_Calibrated,CausalOptimizer,2132.685415855246,0.8727517974325142,52.04451485010165,4.640058663578185,13,0.028235133975045103,0.16019225873540613,0.8115726072895488,demand_surge,True,0,10,1.75
2001,demand_surge,cs_clear_1,clear,PerfectSemantic,CausalOptimizer,2322.0,0.8948655256723717,43.0,3.475,11,0.0,0.0,1.0,demand_surge,True,0,10,1.75
2001,demand_surge,cs_clear_2,clear,NoInfo,CausalOptimizer,1783.0000000000002,0.8073349633251835,78.8,2.6800000000000006,18,0.35,0.35,0.3,normal,False,0,0,1.0
2001,demand_surge,cs_clear_2,clear,RuleBased,CausalOptimizer,2322.0,0.8948655256723717,43.0,3.475,11,0.0,0.0,1.0,demand_surge,True,0,10,1.75
2001,demand_surge,cs_clear_2,clear,TFIDF_LogReg,CausalOptimizer,1884.1379012769626,0.8244544124787035,71.7981452962103,2.9522943495918224,18,0.2382103439647175,0.3321256800391768,0.42966397599610573,demand_surge,True,0,10,1.75
2001,demand_surge,cs_clear_2,clear,TFIDF_LogReg_Calibrated,CausalOptimizer,2077.9665102783447,0.859692349847234,57.38582891248131,3.871505678048861,15,0.04291673587658595,0.25678803313344095,0.7002952309899731,demand_surge,True,0,10,1.75
2001,demand_surge,cs_clear_2,clear,PerfectSemantic,CausalOptimizer,2322.0,0.8948655256723717,43.0,3.475,11,0.0,0.0,1.0,demand_surge,True,0,10,1.75
2001,demand_surge,cs_clear_3,clear,NoInfo,CausalOptimizer,1783.0000000000002,0.8073349633251835,78.8,2.6800000000000006,18,0.35,0.35,0.3,normal,False,0,0,1.0
2001,demand_surge,cs_clear_3,clear,RuleBased,CausalOptimizer,2322.0,0.8948655256723717,43.0,3.475,11,0.0,0.0,1.0,demand_surge,True,0,10,1.75
2001,demand_surge,cs_clear_3,clear,TFIDF_LogReg,CausalOptimizer,1884.0801215480778,0.8244446321973424,71.80214543128693,2.952138788783286,18,0.2678348108474828,0.3025752897319048,0.4295898994206125,demand_surge,True,0,10,1.75
2001,demand_surge,cs_clear_3,clear,TFIDF_LogReg_Calibrated,CausalOptimizer,2292.950486236553,0.8884767696899231,45.61300119682147,3.1560373653575846,13,0.0,0.0435500199470249,0.9564499800529752,demand_surge,True,0,10,1.75
2001,demand_surge,cs_clear_3,clear,PerfectSemantic,CausalOptimizer,2322.0,0.8948655256723717,43.0,3.475,11,0.0,0.0,1.0,demand_surge,True,0,10,1.75
2001,demand_surge,cs_clear_4,clear,NoInfo,CausalOptimizer,1783.0000000000002,0.8073349633251835,78.8,2.6800000000000006,18,0.35,0.35,0.3,normal,False,0,0,1.0
2001,demand_surge,cs_clear_4,clear,RuleBased,CausalOptimizer,2322.0,0.8948655256723717,43.0,3.475,11,0.0,0.0,1.0,demand_surge,True,0,10,1.75
2001,demand_surge,cs_clear_4,clear,TFIDF_LogReg,CausalOptimizer,1889.1890478800965,0.8253094119037214,71.44845053137794,2.965893590446413,18,0.2541504656514546,0.30970972937406327,0.4361398049744822,demand_surge,True,0,10,1.75
2001,demand_surge,cs_clear_4,clear,TFIDF_LogReg_Calibrated,CausalOptimizer,2306.3636443025557,0.8913285094722134,44.446639625864705,3.287253042090221,13,0.024110660431078526,0.0,0.9758893395689214,demand_surge,True,0,10,1.75
2001,demand_surge,cs_clear_4,clear,PerfectSemantic,CausalOptimizer,2322.0,0.8948655256723717,43.0,3.475,11,0.0,0.0,1.0,demand_surge,True,0,10,1.75
2001,demand_surge,cs_moderate_1,moderate,NoInfo,CausalOptimizer,1783.0000000000002,0.8073349633251835,78.8,2.6800000000000006,18,0.35,0.35,0.3,normal,False,0,0,1.0
2001,demand_surge,cs_moderate_1,moderate,RuleBased,CausalOptimizer,2322.0,0.8948655256723717,43.0,3.475,11,0.0,0.0,1.0,demand_surge,True,0,10,1.75
2001,demand_surge,cs_moderate_1,moderate,TFIDF_LogReg,CausalOptimizer,1902.7214036035289,0.8276577930521287,70.48796264167939,3.0117798532400335,17,0.2562401671770621,0.28983321507626014,0.4539266177466778,demand_surge,True,0,10,1.75
2001,demand_surge,cs_moderate_1,moderate,TFIDF_LogReg_Calibrated,CausalOptimizer,2322.0,0.8948655256723717,43.0,3.475,11,0.0,0.0,1.0,demand_surge,True,0,10,1.75
2001,demand_surge,cs_moderate_1,moderate,PerfectSemantic,CausalOptimizer,2322.0,0.8948655256723717,43.0,3.475,11,0.0,0.0,1.0,demand_surge,True,0,10,1.75
2001,demand_surge,cs_moderate_2,moderate,NoInfo,CausalOptimizer,1783.0000000000002,0.8073349633251835,78.8,2.6800000000000006,18,0.35,0.35,0.3,normal,False,0,0,1.0
2001,demand_surge,cs_moderate_2,moderate,RuleBased,CausalOptimizer,2322.0,0.8948655256723717,43.0,3.475,11,0.0,0.0,1.0,demand_surge,True,0,10,1.75
2001,demand_surge,cs_moderate_2,moderate,TFIDF_LogReg,CausalOptimizer,1832.311897042536,0.8156819084706192,75.38609943551674,2.8127627997299043,18,0.3050606623633326,0.33171895681290353,0.3632203808237639,demand_surge,True,0,10,1.75
2001,demand_surge,cs_moderate_2,moderate,TFIDF_LogReg_Calibrated,CausalOptimizer,2110.9458885555705,0.8673692274595204,54.245985969056136,4.302958398488279,13,0.030549867687620986,0.20374150666771496,0.765708625644664,demand_surge,True,0,10,1.75
2001,demand_surge,cs_moderate_2,moderate,PerfectSemantic,CausalOptimizer,2322.0,0.8948655256723717,43.0,3.475,11,0.0,0.0,1.0,demand_surge,True,0,10,1.75
2001,demand_surge,cs_moderate_3,moderate,NoInfo,CausalOptimizer,1783.0000000000002,0.8073349633251835,78.8,2.6800000000000006,18,0.35,0.35,0.3,normal,False,0,0,1.0
2001,demand_surge,cs_moderate_3,moderate,RuleBased,CausalOptimizer,2322.0,0.8948655256723717,43.0,3.475,11,0.0,0.0,1.0,demand_surge,True,0,10,1.75
2001,demand_surge,cs_moderate_3,moderate,TFIDF_LogReg,CausalOptimizer,1860.794635920319,0.8205031356645263,73.4142175132087,2.88944709670855,18,0.27367353039753234,0.3265897568841102,0.3997367127183575,demand_surge,True,0,10,1.75
2001,demand_surge,cs_moderate_3,moderate,TFIDF_LogReg_Calibrated,CausalOptimizer,2244.278840930415,0.8796114124519208,49.23893230716442,2.922456053873868,14,0.0,0.10398220511940719,0.8960177948805929,demand_surge,True,0,10,1.75
2001,demand_surge,cs_moderate_3,moderate,PerfectSemantic,CausalOptimizer,2322.0,0.8948655256723717,43.0,3.475,11,0.0,0.0,1.0,demand_surge,True,0,10,1.75
2001,demand_surge,cs_moderate_4,moderate,NoInfo,CausalOptimizer,1783.0000000000002,0.8073349633251835,78.8,2.6800000000000006,18,0.35,0.35,0.3,normal,False,0,0,1.0
2001,demand_surge,cs_moderate_4,moderate,RuleBased,CausalOptimizer,2059.0,0.8557457212713936,59.0,3.7,15,0.0,0.33333333333333337,0.6666666666666667,demand_surge,True,0,10,1.75
2001,demand_surge,cs_moderate_4,moderate,TFIDF_LogReg,CausalOptimizer,1851.8706323029871,0.8189925839895973,74.0320331482547,2.8654209331234277,18,0.2679551803248051,0.3437491372354677,0.3882956824397273,demand_surge,True,0,10,1.75
2001,demand_surge,cs_moderate_4,moderate,TFIDF_LogReg_Calibrated,CausalOptimizer,2058.570963712514,0.8556650298500121,59.033002791345055,3.6975247906491204,16,0.0,0.3339444961360196,0.6660555038639805,demand_surge,True,0,10,1.75
2001,demand_surge,cs_moderate_4,moderate,PerfectSemantic,CausalOptimizer,2322.0,0.8948655256723717,43.0,3.475,11,0.0,0.0,1.0,demand_surge,True,0,10,1.75
2001,demand_surge,cs_vague_1,vague,NoInfo,CausalOptimizer,1783.0000000000002,0.8073349633251835,78.8,2.6800000000000006,18,0.35,0.35,0.3,normal,False,0,0,1.0
2001,demand_surge,cs_vague_1,vague,RuleBased,CausalOptimizer,2322.0,0.8948655256723717,43.0,3.475,11,0.0,0.0,1.0,demand_surge,True,0,10,1.75
2001,demand_surge,cs_vague_1,vague,TFIDF_LogReg,CausalOptimizer,1809.8944829542284,0.8118873490048532,76.93807425701497,2.752408223338306,18,0.3840830589921588,0.28143683465626657,0.3344801063515746,normal,False,0,0,1.0
2001,demand_surge,cs_vague_1,vague,TFIDF_LogReg_Calibrated,CausalOptimizer,1661.3857671594194,0.7851310555211235,87.8813982918604,2.037796504270349,21,0.7480233048643404,0.0,0.2519766951356595,normal,False,0,0,1.0
2001,demand_surge,cs_vague_1,vague,PerfectSemantic,CausalOptimizer,2322.0,0.8948655256723717,43.0,3.475,11,0.0,0.0,1.0,demand_surge,True,0,10,1.75
2001,demand_surge,cs_vague_2,vague,NoInfo,CausalOptimizer,1783.0000000000002,0.8073349633251835,78.8,2.6800000000000006,18,0.35,0.35,0.3,normal,False,0,0,1.0
2001,demand_surge,cs_vague_2,vague,RuleBased,CausalOptimizer,2322.0,0.8948655256723717,43.0,3.475,11,0.0,0.0,1.0,demand_surge,True,0,10,1.75
2001,demand_surge,cs_vague_2,vague,TFIDF_LogReg,CausalOptimizer,1839.1018262376692,0.8168312288158553,74.91602741431521,2.8310433783321867,18,0.29028930827069516,0.3377852734758828,0.37192541825342207,demand_surge,True,0,10,1.75
2001,demand_surge,cs_vague_2,vague,TFIDF_LogReg_Calibrated,CausalOptimizer,2104.5503598160094,0.8657857348434923,54.89363444901167,4.203787224995088,13,0.0,0.24778405102107634,0.7522159489789236,demand_surge,True,0,10,1.75
2001,demand_surge,cs_vague_2,vague,PerfectSemantic,CausalOptimizer,2322.0,0.8948655256723717,43.0,3.475,11,0.0,0.0,1.0,demand_surge,True,0,10,1.75
2001,demand_surge,cs_vague_3,vague,NoInfo,CausalOptimizer,1783.0000000000002,0.8073349633251835,78.8,2.6800000000000006,18,0.35,0.35,0.3,normal,False,0,0,1.0
2001,demand_surge,cs_vague_3,vague,RuleBased,CausalOptimizer,2322.0,0.8948655256723717,43.0,3.475,11,0.0,0.0,1.0,demand_surge,True,0,10,1.75
2001,demand_surge,cs_vague_3,vague,TFIDF_LogReg,CausalOptimizer,1801.4705136808377,0.8104614373354813,77.52127212978814,2.729728306063795,18,0.3540121558864553,0.32230769836888046,0.32368014574466425,normal,False,0,0,1.0
2001,demand_surge,cs_vague_3,vague,TFIDF_LogReg_Calibrated,CausalOptimizer,1952.2380204085875,0.8305029036880304,69.3243123915956,2.1893245331470768,18,0.43873853985992667,0.0,0.5612614601400733,demand_surge,True,0,10,1.75
2001,demand_surge,cs_vague_3,vague,PerfectSemantic,CausalOptimizer,2322.0,0.8948655256723717,43.0,3.475,11,0.0,0.0,1.0,demand_surge,True,0,10,1.75
2001,demand_surge,cs_vague_4,vague,NoInfo,CausalOptimizer,1783.0000000000002,0.8073349633251835,78.8,2.6800000000000006,18,0.35,0.35,0.3,normal,False,0,0,1.0
2001,demand_surge,cs_vague_4,vague,RuleBased,CausalOptimizer,2322.0,0.8948655256723717,43.0,3.475,11,0.0,0.0,1.0,demand_surge,True,0,10,1.75
2001,demand_surge,cs_vague_4,vague,TFIDF_LogReg,CausalOptimizer,1815.6840288602073,0.8128673360869263,76.53725954044721,2.7679954623159415,18,0.31990511097456986,0.33819228792260086,0.3419026011028292,demand_surge,True,0,10,1.75
2001,demand_surge,cs_vague_4,vague,TFIDF_LogReg_Calibrated,CausalOptimizer,1814.105317729059,0.8126001102042792,76.64655492644977,2.7637450861936204,18,0.3333333333333333,0.32678805419351414,0.33987861247315254,demand_surge,True,0,10,1.75
2001,demand_surge,cs_vague_4,vague,PerfectSemantic,CausalOptimizer,2322.0,0.8948655256723717,43.0,3.475,11,0.0,0.0,1.0,demand_surge,True,0,10,1.75
2002,demand_surge,cs_clear_1,clear,NoInfo,CausalOptimizer,1890.0000000000002,0.851697127937337,56.8,3.7049999999999996,16,0.35,0.35,0.3,normal,False,0,0,1.0
2002,demand_surge,cs_clear_1,clear,RuleBased,CausalOptimizer,2205.4285714285716,0.9101081685938083,34.42857142857144,4.7678571428571415,12,0.0,0.2857142857142857,0.7142857142857143,demand_surge,True,0,10,1.75
2002,demand_surge,cs_clear_1,clear,TFIDF_LogReg,CausalOptimizer,2001.0613591083443,0.8712302115279192,49.31882898480694,3.920934428368619,15,0.25306016922754665,0.30839962678739646,0.4385402039850568,demand_surge,True,0,10,1.75
2002,demand_surge,cs_clear_1,clear,TFIDF_LogReg_Calibrated,CausalOptimizer,2269.637920811102,0.9238248584690225,29.175079206364355,5.2640202971767,12,0.028235133975045103,0.16019225873540613,0.8115726072895488,demand_surge,True,0,10,1.75
2002,demand_surge,cs_clear_1,clear,PerfectSemantic,CausalOptimizer,2507.0,0.9556135770234987,17.0,4.1,7,0.0,0.0,1.0,demand_surge,True,0,10,1.75
2002,demand_surge,cs_clear_2,clear,NoInfo,CausalOptimizer,1890.0000000000002,0.851697127937337,56.8,3.7049999999999996,16,0.35,0.35,0.3,normal,False,0,0,1.0
2002,demand_surge,cs_clear_2,clear,RuleBased,CausalOptimizer,2507.0,0.9556135770234987,17.0,4.1,7,0.0,0.0,1.0,demand_surge,True,0,10,1.75
2002,demand_surge,cs_clear_2,clear,TFIDF_LogReg,CausalOptimizer,1994.1379012769628,0.8699787329080673,49.798145296210286,3.902294349591822,15,0.2382103439647175,0.3321256800391768,0.42966397599610573,demand_surge,True,0,10,1.75
2002,demand_surge,cs_clear_2,clear,TFIDF_LogReg_Calibrated,CausalOptimizer,2196.1948524533823,0.9081356200351397,35.18405752654147,4.696505678048862,12,0.04291673587658595,0.25678803313344095,0.7002952309899731,demand_surge,True,0,10,1.75
2002,demand_surge,cs_clear_2,clear,PerfectSemantic,CausalOptimizer,2507.0,0.9556135770234987,17.0,4.1,7,0.0,0.0,1.0,demand_surge,True,0,10,1.75
2002,demand_surge,cs_clear_3,clear,NoInfo,CausalOptimizer,1890.0000000000002,0.851697127937337,56.8,3.7049999999999996,16,0.35,0.35,0.3,normal,False,0,0,1.0
2002,demand_surge,cs_clear_3,clear,RuleBased,CausalOptimizer,2507.0,0.9556135770234987,17.0,4.1,7,0.0,0.0,1.0,demand_surge,True,0,10,1.75
2002,demand_surge,cs_clear_3,clear,TFIDF_LogReg,CausalOptimizer,1994.080121548078,0.8699682886911568,49.80214543128693,3.9021387887832857,15,0.2678348108474828,0.3025752897319048,0.4295898994206125,demand_surge,True,0,10,1.75
2002,demand_surge,cs_clear_3,clear,TFIDF_LogReg_Calibrated,CausalOptimizer,2469.8953830051346,0.9487911195905444,19.61300119682147,3.9824149461430336,9,0.0,0.0435500199470249,0.9564499800529752,demand_surge,True,0,10,1.75
2002,demand_surge,cs_clear_3,clear,PerfectSemantic,CausalOptimizer,2507.0,0.9556135770234987,17.0,4.1,7,0.0,0.0,1.0,demand_surge,True,0,10,1.75
2002,demand_surge,cs_clear_4,clear,NoInfo,CausalOptimizer,1890.0000000000002,0.851697127937337,56.8,3.7049999999999996,16,0.35,0.35,0.3,normal,False,0,0,1.0
2002,demand_surge,cs_clear_4,clear,RuleBased,CausalOptimizer,2507.0,0.9556135770234987,17.0,4.1,7,0.0,0.0,1.0,demand_surge,True,0,10,1.75
2002,demand_surge,cs_clear_4,clear,TFIDF_LogReg,CausalOptimizer,1999.1890478800965,0.8708917740695092,49.448450531377944,3.915893590446413,15,0.2541504656514546,0.30970972937406327,0.4361398049744822,demand_surge,True,0,10,1.75
2002,demand_surge,cs_clear_4,clear,TFIDF_LogReg_Calibrated,CausalOptimizer,2486.4577173127213,0.9518364500630164,18.446639625864705,4.034901216836088,9,0.024110660431078526,0.0,0.9758893395689214,demand_surge,True,0,10,1.75
2002,demand_surge,cs_clear_4,clear,PerfectSemantic,CausalOptimizer,2507.0,0.9556135770234987,17.0,4.1,7,0.0,0.0,1.0,demand_surge,True,0,10,1.75
2002,demand_surge,cs_moderate_1,moderate,NoInfo,CausalOptimizer,1890.0000000000002,0.851697127937337,56.8,3.7049999999999996,16,0.35,0.35,0.3,normal,False,0,0,1.0
2002,demand_surge,cs_moderate_1,moderate,RuleBased,CausalOptimizer,2507.0,0.9556135770234987,17.0,4.1,7,0.0,0.0,1.0,demand_surge,True,0,10,1.75
2002,demand_surge,cs_moderate_1,moderate,TFIDF_LogReg,CausalOptimizer,2013.062761842409,0.8733995753480956,48.487962641679395,3.9532458972680233,15,0.2562401671770621,0.28983321507626014,0.4539266177466778,demand_surge,True,0,10,1.75
2002,demand_surge,cs_moderate_1,moderate,TFIDF_LogReg_Calibrated,CausalOptimizer,2507.0,0.9556135770234987,17.0,4.1,7,0.0,0.0,1.0,demand_surge,True,0,10,1.75
2002,demand_surge,cs_moderate_1,moderate,PerfectSemantic,CausalOptimizer,2507.0,0.9556135770234987,17.0,4.1,7,0.0,0.0,1.0,demand_surge,True,0,10,1.75
2002,demand_surge,cs_moderate_2,moderate,NoInfo,CausalOptimizer,1890.0000000000002,0.851697127937337,56.8,3.7049999999999996,16,0.35,0.35,0.3,normal,False,0,0,1.0
2002,demand_surge,cs_moderate_2,moderate,RuleBased,CausalOptimizer,2507.0,0.9556135770234987,17.0,4.1,7,0.0,0.0,1.0,demand_surge,True,0,10,1.75
2002,demand_surge,cs_moderate_2,moderate,TFIDF_LogReg,CausalOptimizer,1941.208508467249,0.860610706434682,53.38609943551673,3.7903475141120815,16,0.3050606623633326,0.33171895681290353,0.3632203808237639,demand_surge,True,0,10,1.75
2002,demand_surge,cs_moderate_2,moderate,TFIDF_LogReg_Calibrated,CausalOptimizer,2239.367692925478,0.9173583963049917,31.651734215188153,5.030113990787785,12,0.030549867687620986,0.20374150666771496,0.765708625644664,demand_surge,True,0,10,1.75
2002,demand_surge,cs_moderate_2,moderate,PerfectSemantic,CausalOptimizer,2507.0,0.9556135770234987,17.0,4.1,7,0.0,0.0,1.0,demand_surge,True,0,10,1.75
2002,demand_surge,cs_moderate_3,moderate,NoInfo,CausalOptimizer,1890.0000000000002,0.851697127937337,56.8,3.7049999999999996,16,0.35,0.35,0.3,normal,False,0,0,1.0
2002,demand_surge,cs_moderate_3,moderate,RuleBased,CausalOptimizer,2507.0,0.9556135770234987,17.0,4.1,7,0.0,0.0,1.0,demand_surge,True,0,10,1.75
2002,demand_surge,cs_moderate_3,moderate,TFIDF_LogReg,CausalOptimizer,1970.7867373018696,0.8657592232031103,51.4142175132087,3.839644562169782,16,0.27367353039753234,0.3265897568841102,0.3997367127183575,demand_surge,True,0,10,1.75
2002,demand_surge,cs_moderate_3,moderate,TFIDF_LogReg_Calibrated,CausalOptimizer,2418.407161238265,0.9393239365348187,23.23893230716442,3.8192480461776013,9,0.0,0.10398220511940719,0.8960177948805929,demand_surge,True,0,10,1.75
2002,demand_surge,cs_moderate_3,moderate,PerfectSemantic,CausalOptimizer,2507.0,0.9556135770234987,17.0,4.1,7,0.0,0.0,1.0,demand_surge,True,0,10,1.75
2002,demand_surge,cs_moderate_4,moderate,NoInfo,CausalOptimizer,1890.0000000000002,0.851697127937337,56.8,3.7049999999999996,16,0.35,0.35,0.3,normal,False,0,0,1.0
2002,demand_surge,cs_moderate_4,moderate,RuleBased,CausalOptimizer,2174.0,0.9033942558746736,37.0,4.525,12,0.0,0.33333333333333337,0.6666666666666667,demand_surge,True,0,10,1.75
2002,demand_surge,cs_moderate_4,moderate,TFIDF_LogReg,CausalOptimizer,1961.519502776179,0.8641461275502488,52.03203314825471,3.824199171293632,16,0.2679551803248051,0.3437491372354677,0.3882956824397273,demand_surge,True,0,10,1.75
2002,demand_surge,cs_moderate_4,moderate,TFIDF_LogReg_Calibrated,CausalOptimizer,2173.570963712514,0.903308086706671,37.033002791345055,4.52252479064912,13,0.0,0.3339444961360196,0.6660555038639805,demand_surge,True,0,10,1.75
2002,demand_surge,cs_moderate_4,moderate,PerfectSemantic,CausalOptimizer,2507.0,0.9556135770234987,17.0,4.1,7,0.0,0.0,1.0,demand_surge,True,0,10,1.75
2002,demand_surge,cs_vague_1,vague,NoInfo,CausalOptimizer,1890.0000000000002,0.851697127937337,56.8,3.7049999999999996,16,0.35,0.35,0.3,normal,False,0,0,1.0
2002,demand_surge,cs_vague_1,vague,RuleBased,CausalOptimizer,2507.0,0.9556135770234987,17.0,4.1,7,0.0,0.0,1.0,demand_surge,True,0,10,1.75
2002,demand_surge,cs_vague_1,vague,TFIDF_LogReg,CausalOptimizer,1917.9288861447756,0.8565585528537466,54.938074257014975,3.751548143574625,16,0.3840830589921588,0.28143683465626657,0.3344801063515746,normal,False,0,0,1.0
2002,demand_surge,cs_vague_1,vague,TFIDF_LogReg_Calibrated,CausalOptimizer,1820.3857671594196,0.8384297694729491,61.88139829186041,3.3127965042703487,17,0.7480233048643404,0.0,0.2519766951356595,normal,False,0,0,1.0
2002,demand_surge,cs_vague_1,vague,PerfectSemantic,CausalOptimizer,2507.0,0.9556135770234987,17.0,4.1,7,0.0,0.0,1.0,demand_surge,True,0,10,1.75
2002,demand_surge,cs_vague_2,vague,NoInfo,CausalOptimizer,1890.0000000000002,0.851697127937337,56.8,3.7049999999999996,16,0.35,0.35,0.3,normal,False,0,0,1.0
2002,demand_surge,cs_vague_2,vague,RuleBased,CausalOptimizer,2507.0,0.9556135770234987,17.0,4.1,7,0.0,0.0,1.0,demand_surge,True,0,10,1.75
2002,demand_surge,cs_vague_2,vague,TFIDF_LogReg,CausalOptimizer,1948.2595887852722,0.8618380485265921,52.9160274143152,3.8020993146421196,16,0.29028930827069516,0.3377852734758828,0.37192541825342207,demand_surge,True,0,10,1.75
2002,demand_surge,cs_vague_2,vague,TFIDF_LogReg_Calibrated,CausalOptimizer,2230.4625263260896,0.9154560345818848,32.380338755138126,4.96130133979251,12,0.0,0.24778405102107634,0.7522159489789236,demand_surge,True,0,10,1.75
2002,demand_surge,cs_vague_2,vague,PerfectSemantic,CausalOptimizer,2507.0,0.9556135770234987,17.0,4.1,7,0.0,0.0,1.0,demand_surge,True,0,10,1.75
2002,demand_surge,cs_vague_3,vague,NoInfo,CausalOptimizer,1890.0000000000002,0.851697127937337,56.8,3.7049999999999996,16,0.35,0.35,0.3,normal,False,0,0,1.0
2002,demand_surge,cs_vague_3,vague,RuleBased,CausalOptimizer,2507.0,0.9556135770234987,17.0,4.1,7,0.0,0.0,1.0,demand_surge,True,0,10,1.75
2002,demand_surge,cs_vague_3,vague,TFIDF_LogReg,CausalOptimizer,1909.180918053178,0.8550358430031642,55.521272129788144,3.7369681967552966,16,0.3540121558864553,0.32230769836888046,0.32368014574466425,normal,False,0,0,1.0
2002,demand_surge,cs_vague_3,vague,TFIDF_LogReg_Calibrated,CausalOptimizer,2115.0758642127894,0.8868816908835624,43.3243123915956,3.368378438042022,16,0.43873853985992667,0.0,0.5612614601400733,demand_surge,True,0,10,1.75
2002,demand_surge,cs_vague_3,vague,PerfectSemantic,CausalOptimizer,2507.0,0.9556135770234987,17.0,4.1,7,0.0,0.0,1.0,demand_surge,True,0,10,1.75
2002,demand_surge,cs_vague_4,vague,NoInfo,CausalOptimizer,1890.0000000000002,0.851697127937337,56.8,3.7049999999999996,16,0.35,0.35,0.3,normal,False,0,0,1.0
2002,demand_surge,cs_vague_4,vague,RuleBased,CausalOptimizer,2507.0,0.9556135770234987,17.0,4.1,7,0.0,0.0,1.0,demand_surge,True,0,10,1.75
2002,demand_surge,cs_vague_4,vague,TFIDF_LogReg,CausalOptimizer,1923.9411068932923,0.8576050664740282,54.53725954044721,3.7615685114888193,16,0.31990511097456986,0.33819228792260086,0.3419026011028292,demand_surge,True,0,10,1.75
2002,demand_surge,cs_vague_4,vague,TFIDF_LogReg_Calibrated,CausalOptimizer,1922.3016761032536,0.8573196999309406,54.64655492644977,3.758836126838756,16,0.3333333333333333,0.32678805419351414,0.33987861247315254,demand_surge,True,0,10,1.75
2002,demand_surge,cs_vague_4,vague,PerfectSemantic,CausalOptimizer,2507.0,0.9556135770234987,17.0,4.1,7,0.0,0.0,1.0,demand_surge,True,0,10,1.75
2003,demand_surge,cs_clear_1,clear,NoInfo,CausalOptimizer,1924.0000000000002,0.8401015228426397,63.0,2.625,17,0.35,0.35,0.3,normal,False,0,0,1.0
2003,demand_surge,cs_clear_1,clear,RuleBased,CausalOptimizer,2218.4285714285716,0.8934010152284264,42.00000000000001,3.6642857142857133,12,0.0,0.2857142857142857,0.7142857142857143,demand_surge,True,0,10,1.75
2003,demand_surge,cs_clear_1,clear,TFIDF_LogReg,CausalOptimizer,2040.2175652278956,0.8595968807492209,55.31882898480694,2.7920292753798264,15,0.25306016922754665,0.30839962678739646,0.4385402039850568,demand_surge,True,0,10,1.75
2003,demand_surge,cs_clear_1,clear,TFIDF_LogReg_Calibrated,CausalOptimizer,2262.33823763656,0.9037716992542159,37.91395049383894,4.200963861550429,11,0.028235133975045103,0.16019225873540613,0.8115726072895488,demand_surge,True,0,10,1.75
2003,demand_surge,cs_clear_1,clear,PerfectSemantic,CausalOptimizer,2381.0,0.9213197969543148,31.0,4.0,9,0.0,0.0,1.0,demand_surge,True,0,10,1.75
2003,demand_surge,cs_clear_2,clear,NoInfo,CausalOptimizer,1924.0000000000002,0.8401015228426397,63.0,2.625,17,0.35,0.35,0.3,normal,False,0,0,1.0
2003,demand_surge,cs_clear_2,clear,RuleBased,CausalOptimizer,2381.0,0.9213197969543148,31.0,4.0,9,0.0,0.0,1.0,demand_surge,True,0,10,1.75
2003,demand_surge,cs_clear_2,clear,TFIDF_LogReg,CausalOptimizer,2033.027820556846,0.8583803418877913,55.798145296210286,2.780046367594743,15,0.2382103439647175,0.3321256800391768,0.42966397599610573,demand_surge,True,0,10,1.75
2003,demand_surge,cs_clear_2,clear,TFIDF_LogReg_Calibrated,CausalOptimizer,2211.5452536470666,0.8919096439126366,42.587600298421144,3.6013285394548773,12,0.04291673587658595,0.25678803313344095,0.7002952309899731,demand_surge,True,0,10,1.75
2003,demand_surge,cs_clear_2,clear,PerfectSemantic,CausalOptimizer,2381.0,0.9213197969543148,31.0,4.0,9,0.0,0.0,1.0,demand_surge,True,0,10,1.75
2003,demand_surge,cs_clear_3,clear,NoInfo,CausalOptimizer,1924.0000000000002,0.8401015228426397,63.0,2.625,17,0.35,0.35,0.3,normal,False,0,0,1.0
2003,demand_surge,cs_clear_3,clear,RuleBased,CausalOptimizer,2381.0,0.9213197969543148,31.0,4.0,9,0.0,0.0,1.0,demand_surge,True,0,10,1.75
2003,demand_surge,cs_clear_3,clear,TFIDF_LogReg,CausalOptimizer,2032.9678185306964,0.8583701892606931,55.80214543128693,2.779946364217827,15,0.2678348108474828,0.3025752897319048,0.4295898994206125,demand_surge,True,0,10,1.75
2003,demand_surge,cs_clear_3,clear,TFIDF_LogReg_Calibrated,CausalOptimizer,2354.3473877924207,0.9160142107678751,33.09040095745718,3.8301549222066043,9,0.0,0.0435500199470249,0.9564499800529752,demand_surge,True,0,10,1.75
2003,demand_surge,cs_clear_3,clear,PerfectSemantic,CausalOptimizer,2381.0,0.9213197969543148,31.0,4.0,9,0.0,0.0,1.0,demand_surge,True,0,10,1.75
2003,demand_surge,cs_clear_4,clear,NoInfo,CausalOptimizer,1924.0000000000002,0.8401015228426397,63.0,2.625,17,0.35,0.35,0.3,normal,False,0,0,1.0
2003,demand_surge,cs_clear_4,clear,RuleBased,CausalOptimizer,2381.0,0.9213197969543148,31.0,4.0,9,0.0,0.0,1.0,demand_surge,True,0,10,1.75
2003,demand_surge,cs_clear_4,clear,TFIDF_LogReg,CausalOptimizer,2038.2732420293307,0.8592678920523402,55.448450531377944,2.7887887367155515,15,0.2541504656514546,0.30970972937406327,0.4361398049744822,demand_surge,True,0,10,1.75
2003,demand_surge,cs_clear_4,clear,TFIDF_LogReg_Calibrated,CausalOptimizer,2366.2442758161806,0.9183824576124574,32.157311700691764,3.9059684243187944,9,0.024110660431078526,0.0,0.9758893395689214,demand_surge,True,0,10,1.75
2003,demand_surge,cs_clear_4,clear,PerfectSemantic,CausalOptimizer,2381.0,0.9213197969543148,31.0,4.0,9,0.0,0.0,1.0,demand_surge,True,0,10,1.75
2003,demand_surge,cs_moderate_1,moderate,NoInfo,CausalOptimizer,1924.0000000000002,0.8401015228426397,63.0,2.625,17,0.35,0.35,0.3,normal,False,0,0,1.0
2003,demand_surge,cs_moderate_1,moderate,RuleBased,CausalOptimizer,2381.0,0.9213197969543148,31.0,4.0,9,0.0,0.0,1.0,demand_surge,True,0,10,1.75
2003,demand_surge,cs_moderate_1,moderate,TFIDF_LogReg,CausalOptimizer,2052.6805603748094,0.8617056785744178,54.487962641679395,2.812800933958015,15,0.2562401671770621,0.28983321507626014,0.4539266177466778,demand_surge,True,0,10,1.75
2003,demand_surge,cs_moderate_1,moderate,TFIDF_LogReg_Calibrated,CausalOptimizer,2381.0,0.9213197969543148,31.0,4.0,9,0.0,0.0,1.0,demand_surge,True,0,10,1.75
2003,demand_surge,cs_moderate_1,moderate,PerfectSemantic,CausalOptimizer,2381.0,0.9213197969543148,31.0,4.0,9,0.0,0.0,1.0,demand_surge,True,0,10,1.75
2003,demand_surge,cs_moderate_2,moderate,NoInfo,CausalOptimizer,1924.0000000000002,0.8401015228426397,63.0,2.625,17,0.35,0.35,0.3,normal,False,0,0,1.0
2003,demand_surge,cs_moderate_2,moderate,RuleBased,CausalOptimizer,2381.0,0.9213197969543148,31.0,4.0,9,0.0,0.0,1.0,demand_surge,True,0,10,1.75
2003,demand_surge,cs_moderate_2,moderate,TFIDF_LogReg,CausalOptimizer,1979.208508467249,0.8492738593007189,59.38609943551674,2.6903475141120814,15,0.3050606623633326,0.33171895681290353,0.3632203808237639,demand_surge,True,0,10,1.75
2003,demand_surge,cs_moderate_2,moderate,TFIDF_LogReg_Calibrated,CausalOptimizer,2241.9746297862307,0.898882645373289,39.840237722924115,3.939539166174584,11,0.030549867687620986,0.20374150666771496,0.765708625644664,demand_surge,True,0,10,1.75
2003,demand_surge,cs_moderate_2,moderate,PerfectSemantic,CausalOptimizer,2381.0,0.9213197969543148,31.0,4.0,9,0.0,0.0,1.0,demand_surge,True,0,10,1.75
2003,demand_surge,cs_moderate_3,moderate,NoInfo,CausalOptimizer,1924.0000000000002,0.8401015228426397,63.0,2.625,17,0.35,0.35,0.3,normal,False,0,0,1.0
2003,demand_surge,cs_moderate_3,moderate,RuleBased,CausalOptimizer,2381.0,0.9213197969543148,31.0,4.0,9,0.0,0.0,1.0,demand_surge,True,0,10,1.75
2003,demand_surge,cs_moderate_3,moderate,TFIDF_LogReg,CausalOptimizer,2008.7867373018696,0.8542786357532773,57.4142175132087,2.7396445621697825,15,0.27367353039753234,0.3265897568841102,0.3997367127183575,demand_surge,True,0,10,1.75
2003,demand_surge,cs_moderate_3,moderate,TFIDF_LogReg_Calibrated,CausalOptimizer,2316.867317544057,0.9086519140971281,35.99114584573154,3.606858723105957,10,0.0,0.10398220511940719,0.8960177948805929,demand_surge,True,0,10,1.75
2003,demand_surge,cs_moderate_3,moderate,PerfectSemantic,CausalOptimizer,2381.0,0.9213197969543148,31.0,4.0,9,0.0,0.0,1.0,demand_surge,True,0,10,1.75
2003,demand_surge,cs_moderate_4,moderate,NoInfo,CausalOptimizer,1924.0000000000002,0.8401015228426397,63.0,2.625,17,0.35,0.35,0.3,normal,False,0,0,1.0
2003,demand_surge,cs_moderate_4,moderate,RuleBased,CausalOptimizer,2195.0,0.8883248730964467,44.0,3.45,12,0.0,0.33333333333333337,0.6666666666666667,demand_surge,True,0,10,1.75
2003,demand_surge,cs_moderate_4,moderate,TFIDF_LogReg,CausalOptimizer,1999.519502776179,0.8527105757658511,58.03203314825471,2.724199171293632,15,0.2679551803248051,0.3437491372354677,0.3882956824397273,demand_surge,True,0,10,1.75
2003,demand_surge,cs_moderate_4,moderate,TFIDF_LogReg_Calibrated,CausalOptimizer,2194.6993079010786,0.8882597237621502,44.025668837712814,3.4472497673879126,12,0.0,0.3339444961360196,0.6660555038639805,demand_surge,True,0,10,1.75
2003,demand_surge,cs_moderate_4,moderate,PerfectSemantic,CausalOptimizer,2381.0,0.9213197969543148,31.0,4.0,9,0.0,0.0,1.0,demand_surge,True,0,10,1.75
2003,demand_surge,cs_vague_1,vague,NoInfo,CausalOptimizer,1924.0000000000002,0.8401015228426397,63.0,2.625,17,0.35,0.35,0.3,normal,False,0,0,1.0
2003,demand_surge,cs_vague_1,vague,RuleBased,CausalOptimizer,2381.0,0.9213197969543148,31.0,4.0,9,0.0,0.0,1.0,demand_surge,True,0,10,1.75
2003,demand_surge,cs_vague_1,vague,TFIDF_LogReg,CausalOptimizer,1955.9288861447758,0.8453348369111294,60.938074257014975,2.6515481435746255,15,0.3840830589921588,0.28143683465626657,0.3344801063515746,normal,False,0,0,1.0
2003,demand_surge,cs_vague_1,vague,TFIDF_LogReg_Calibrated,CausalOptimizer,1788.873906988606,0.8175599028125368,71.8813982918604,2.450593008540698,19,0.7480233048643404,0.0,0.2519766951356595,normal,False,0,0,1.0
2003,demand_surge,cs_vague_1,vague,PerfectSemantic,CausalOptimizer,2381.0,0.9213197969543148,31.0,4.0,9,0.0,0.0,1.0,demand_surge,True,0,10,1.75
2003,demand_surge,cs_vague_2,vague,NoInfo,CausalOptimizer,1924.0000000000002,0.8401015228426397,63.0,2.625,17,0.35,0.35,0.3,normal,False,0,0,1.0
2003,demand_surge,cs_vague_2,vague,RuleBased,CausalOptimizer,2381.0,0.9213197969543148,31.0,4.0,9,0.0,0.0,1.0,demand_surge,True,0,10,1.75
2003,demand_surge,cs_vague_2,vague,TFIDF_LogReg,CausalOptimizer,1986.259588785272,0.850466935496662,58.9160274143152,2.70209931464212,15,0.29028930827069516,0.3377852734758828,0.37192541825342207,demand_surge,True,0,10,1.75
2003,demand_surge,cs_vague_2,vague,TFIDF_LogReg_Calibrated,CausalOptimizer,2235.983881346642,0.8974443397388701,40.406930142885216,3.8626309091798645,11,0.0,0.24778405102107634,0.7522159489789236,demand_surge,True,0,10,1.75
2003,demand_surge,cs_vague_2,vague,PerfectSemantic,CausalOptimizer,2381.0,0.9213197969543148,31.0,4.0,9,0.0,0.0,1.0,demand_surge,True,0,10,1.75
2003,demand_surge,cs_vague_3,vague,NoInfo,CausalOptimizer,1924.0000000000002,0.8401015228426397,63.0,2.625,17,0.35,0.35,0.3,normal,False,0,0,1.0
2003,demand_surge,cs_vague_3,vague,RuleBased,CausalOptimizer,2381.0,0.9213197969543148,31.0,4.0,9,0.0,0.0,1.0,demand_surge,True,0,10,1.75
2003,demand_surge,cs_vague_3,vague,TFIDF_LogReg,CausalOptimizer,1946.0225355425375,0.843707636407817,61.57919125532016,2.6427601093084983,17,0.3540121558864553,0.32230769836888046,0.32368014574466425,normal,False,0,0,1.0
2003,demand_surge,cs_vague_3,vague,TFIDF_LogReg_Calibrated,CausalOptimizer,2072.767745365226,0.8646591056050873,53.3243123915956,2.776081409231121,14,0.43873853985992667,0.0,0.5612614601400733,demand_surge,True,0,10,1.75
2003,demand_surge,cs_vague_3,vague,PerfectSemantic,CausalOptimizer,2381.0,0.9213197969543148,31.0,4.0,9,0.0,0.0,1.0,demand_surge,True,0,10,1.75
2003,demand_surge,cs_vague_4,vague,NoInfo,CausalOptimizer,1924.0000000000002,0.8401015228426397,63.0,2.625,17,0.35,0.35,0.3,normal,False,0,0,1.0
2003,demand_surge,cs_vague_4,vague,RuleBased,CausalOptimizer,2381.0,0.9213197969543148,31.0,4.0,9,0.0,0.0,1.0,demand_surge,True,0,10,1.75
2003,demand_surge,cs_vague_4,vague,TFIDF_LogReg,CausalOptimizer,1961.9411068932923,0.8463521331460732,60.53725954044722,2.6615685114888192,15,0.31990511097456986,0.33819228792260086,0.3419026011028292,demand_surge,True,0,10,1.75
2003,demand_surge,cs_vague_4,vague,TFIDF_LogReg_Calibrated,CausalOptimizer,1960.3016761032532,0.8460747336892138,60.64655492644977,2.658836126838756,15,0.3333333333333333,0.32678805419351414,0.33987861247315254,demand_surge,True,0,10,1.75
2003,demand_surge,cs_vague_4,vague,PerfectSemantic,CausalOptimizer,2381.0,0.9213197969543148,31.0,4.0,9,0.0,0.0,1.0,demand_surge,True,0,10,1.75
2004,demand_surge,cs_clear_1,clear,NoInfo,CausalOptimizer,1600.4,0.8440111420612817,56.0,6.365,16,0.35,0.35,0.3,normal,False,0,0,1.0
2004,demand_surge,cs_clear_1,clear,RuleBased,CausalOptimizer,1981.0,0.9132510943095902,31.142857142857153,6.792857142857142,11,0.0,0.2857142857142857,0.7142857142857143,demand_surge,True,0,10,1.75
2004,demand_surge,cs_clear_1,clear,TFIDF_LogReg,CausalOptimizer,1731.1048721539235,0.8671654937022378,47.687587760896605,6.422343091793275,15,0.25306016922754665,0.30839962678739646,0.4385402039850568,demand_surge,True,0,10,1.75
2004,demand_surge,cs_clear_1,clear,TFIDF_LogReg_Calibrated,CausalOptimizer,2063.5043762607975,0.9295107421653843,25.30564356262706,7.0651331684292416,9,0.028235133975045103,0.16019225873540613,0.8115726072895488,demand_surge,True,0,10,1.75
2004,demand_surge,cs_clear_1,clear,PerfectSemantic,CausalOptimizer,2086.0,0.9387186629526463,22.0,7.625,7,0.0,0.0,1.0,demand_surge,True,0,10,1.75
2004,demand_surge,cs_clear_2,clear,NoInfo,CausalOptimizer,1600.4,0.8440111420612817,56.0,6.365,16,0.35,0.35,0.3,normal,False,0,0,1.0
2004,demand_surge,cs_clear_2,clear,RuleBased,CausalOptimizer,2086.0,0.9387186629526463,22.0,7.625,7,0.0,0.0,1.0,demand_surge,True,0,10,1.75
2004,demand_surge,cs_clear_2,clear,TFIDF_LogReg,CausalOptimizer,1722.7434653883317,0.8656820015592379,48.220161440233646,6.418348789198248,15,0.2382103439647175,0.3321256800391768,0.42966397599610573,demand_surge,True,0,10,1.75
2004,demand_surge,cs_clear_2,clear,TFIDF_LogReg_Calibrated,CausalOptimizer,1968.660393733156,0.9109128519760401,31.982286140601623,6.765575700430446,11,0.04291673587658595,0.25678803313344095,0.7002952309899731,demand_surge,True,0,10,1.75
2004,demand_surge,cs_clear_2,clear,PerfectSemantic,CausalOptimizer,2086.0,0.9387186629526463,22.0,7.625,7,0.0,0.0,1.0,demand_surge,True,0,10,1.75
2004,demand_surge,cs_clear_3,clear,NoInfo,CausalOptimizer,1600.4,0.8440111420612817,56.0,6.365,16,0.35,0.35,0.3,normal,False,0,0,1.0
2004,demand_surge,cs_clear_3,clear,RuleBased,CausalOptimizer,2086.0,0.9387186629526463,22.0,7.625,7,0.0,0.0,1.0,demand_surge,True,0,10,1.75
2004,demand_surge,cs_clear_3,clear,TFIDF_LogReg,CausalOptimizer,1722.6736852542167,0.8656696210730827,48.224606034763255,6.4183154547392745,15,0.2678348108474828,0.3025752897319048,0.4295898994206125,demand_surge,True,0,10,1.75
2004,demand_surge,cs_clear_3,clear,TFIDF_LogReg_Calibrated,CausalOptimizer,2076.8544958111233,0.9343515300331675,23.567800718092883,7.278777341421156,7,0.0,0.0435500199470249,0.9564499800529752,demand_surge,True,0,10,1.75
2004,demand_surge,cs_clear_3,clear,PerfectSemantic,CausalOptimizer,2086.0,0.9387186629526463,22.0,7.625,7,0.0,0.0,1.0,demand_surge,True,0,10,1.75
2004,demand_surge,cs_clear_4,clear,NoInfo,CausalOptimizer,1600.4,0.8440111420612817,56.0,6.365,16,0.35,0.35,0.3,normal,False,0,0,1.0
2004,demand_surge,cs_clear_4,clear,RuleBased,CausalOptimizer,2086.0,0.9387186629526463,22.0,7.625,7,0.0,0.0,1.0,demand_surge,True,0,10,1.75
2004,demand_surge,cs_clear_4,clear,TFIDF_LogReg,CausalOptimizer,1728.8436962859623,0.8667643128091058,47.831611701531045,6.421262912238518,15,0.2541504656514546,0.30970972937406327,0.4361398049744822,demand_surge,True,0,10,1.75
2004,demand_surge,cs_clear_4,clear,TFIDF_LogReg_Calibrated,CausalOptimizer,2080.936761309474,0.9363008808481371,22.867983775518823,7.433320249572927,7,0.024110660431078526,0.0,0.9758893395689214,demand_surge,True,0,10,1.75
2004,demand_surge,cs_clear_4,clear,PerfectSemantic,CausalOptimizer,2086.0,0.9387186629526463,22.0,7.625,7,0.0,0.0,1.0,demand_surge,True,0,10,1.75
2004,demand_surge,cs_moderate_1,moderate,NoInfo,CausalOptimizer,1600.4,0.8440111420612817,56.0,6.365,16,0.35,0.35,0.3,normal,False,0,0,1.0
2004,demand_surge,cs_moderate_1,moderate,RuleBased,CausalOptimizer,2086.0,0.9387186629526463,22.0,7.625,7,0.0,0.0,1.0,demand_surge,True,0,10,1.75
2004,demand_surge,cs_moderate_1,moderate,TFIDF_LogReg,CausalOptimizer,1745.5988739173704,0.8697370391777178,46.76440293519933,6.429266977986005,15,0.2562401671770621,0.28983321507626014,0.4539266177466778,demand_surge,True,0,10,1.75
2004,demand_surge,cs_moderate_1,moderate,TFIDF_LogReg_Calibrated,CausalOptimizer,2086.0,0.9387186629526463,22.0,7.625,7,0.0,0.0,1.0,demand_surge,True,0,10,1.75
2004,demand_surge,cs_moderate_1,moderate,PerfectSemantic,CausalOptimizer,2086.0,0.9387186629526463,22.0,7.625,7,0.0,0.0,1.0,demand_surge,True,0,10,1.75
2004,demand_surge,cs_moderate_2,moderate,NoInfo,CausalOptimizer,1600.4,0.8440111420612817,56.0,6.365,16,0.35,0.35,0.3,normal,False,0,0,1.0
2004,demand_surge,cs_moderate_2,moderate,RuleBased,CausalOptimizer,2086.0,0.9387186629526463,22.0,7.625,7,0.0,0.0,1.0,demand_surge,True,0,10,1.75
2004,demand_surge,cs_moderate_2,moderate,TFIDF_LogReg,CausalOptimizer,1660.1535987359857,0.8545772224217988,52.206777150574155,6.388449171370694,15,0.3050606623633326,0.33171895681290353,0.3632203808237639,demand_surge,True,0,10,1.75
2004,demand_surge,cs_moderate_2,moderate,TFIDF_LogReg_Calibrated,CausalOptimizer,2026.3550078185938,0.9218454527539827,28.05748246132017,6.893131820007094,11,0.030549867687620986,0.20374150666771496,0.765708625644664,demand_surge,True,0,10,1.75
2004,demand_surge,cs_moderate_2,moderate,PerfectSemantic,CausalOptimizer,2086.0,0.9387186629526463,22.0,7.625,7,0.0,0.0,1.0,demand_surge,True,0,10,1.75
2004,demand_surge,cs_moderate_3,moderate,NoInfo,CausalOptimizer,1600.4,0.8440111420612817,56.0,6.365,16,0.35,0.35,0.3,normal,False,0,0,1.0
2004,demand_surge,cs_moderate_3,moderate,RuleBased,CausalOptimizer,2086.0,0.9387186629526463,22.0,7.625,7,0.0,0.0,1.0,demand_surge,True,0,10,1.75
2004,demand_surge,cs_moderate_3,moderate,TFIDF_LogReg,CausalOptimizer,1694.5519833806927,0.8606802305378869,50.015797236898564,6.404881520723262,15,0.27367353039753234,0.3265897568841102,0.3997367127183575,demand_surge,True,0,10,1.75
2004,demand_surge,cs_moderate_3,moderate,TFIDF_LogReg_Calibrated,CausalOptimizer,2053.756705544743,0.9269110520691798,26.238932307164426,6.835509438515646,8,0.0,0.10398220511940719,0.8960177948805929,demand_surge,True,0,10,1.75
2004,demand_surge,cs_moderate_3,moderate,PerfectSemantic,CausalOptimizer,2086.0,0.9387186629526463,22.0,7.625,7,0.0,0.0,1.0,demand_surge,True,0,10,1.75
2004,demand_surge,cs_moderate_4,moderate,NoInfo,CausalOptimizer,1600.4,0.8440111420612817,56.0,6.365,16,0.35,0.35,0.3,normal,False,0,0,1.0
2004,demand_surge,cs_moderate_4,moderate,RuleBased,CausalOptimizer,1939.0,0.9052924791086351,34.0,6.7,11,0.0,0.33333333333333337,0.6666666666666667,demand_surge,True,0,10,1.75
2004,demand_surge,cs_moderate_4,moderate,TFIDF_LogReg,CausalOptimizer,1683.7745328582232,0.8587680806305952,50.702259053616345,6.399733057097878,15,0.2679551803248051,0.3437491372354677,0.3882956824397273,demand_surge,True,0,10,1.75
2004,demand_surge,cs_moderate_4,moderate,TFIDF_LogReg_Calibrated,CausalOptimizer,1938.4536204543983,0.905190334907629,34.03666976816117,6.698991581375568,12,0.0,0.3339444961360196,0.6660555038639805,demand_surge,True,0,10,1.75
2004,demand_surge,cs_moderate_4,moderate,PerfectSemantic,CausalOptimizer,2086.0,0.9387186629526463,22.0,7.625,7,0.0,0.0,1.0,demand_surge,True,0,10,1.75
2004,demand_surge,cs_vague_1,vague,NoInfo,CausalOptimizer,1600.4,0.8440111420612817,56.0,6.365,16,0.35,0.35,0.3,normal,False,0,0,1.0
2004,demand_surge,cs_vague_1,vague,RuleBased,CausalOptimizer,2086.0,0.9387186629526463,22.0,7.625,7,0.0,0.0,1.0,demand_surge,True,0,10,1.75
2004,demand_surge,cs_vague_1,vague,TFIDF_LogReg,CausalOptimizer,1633.080260183183,0.8497738339306251,53.93119361890554,6.375516047858209,15,0.3840830589921588,0.28143683465626657,0.3344801063515746,normal,False,0,0,1.0
2004,demand_surge,cs_vague_1,vague,TFIDF_LogReg_Calibrated,CausalOptimizer,1458.8976273302333,0.8192718710533132,64.8813982918604,6.25,16,0.7480233048643404,0.0,0.2519766951356595,normal,False,0,0,1.0
2004,demand_surge,cs_vague_1,vague,PerfectSemantic,CausalOptimizer,2086.0,0.9387186629526463,22.0,7.625,7,0.0,0.0,1.0,demand_surge,True,0,10,1.75
2004,demand_surge,cs_vague_2,vague,NoInfo,CausalOptimizer,1600.4,0.8440111420612817,56.0,6.365,16,0.35,0.35,0.3,normal,False,0,0,1.0
2004,demand_surge,cs_vague_2,vague,RuleBased,CausalOptimizer,2086.0,0.9387186629526463,22.0,7.625,7,0.0,0.0,1.0,demand_surge,True,0,10,1.75
2004,demand_surge,cs_vague_2,vague,TFIDF_LogReg,CausalOptimizer,1668.353743994724,0.8560321033292627,51.68447490479467,6.39236643821404,15,0.29028930827069516,0.3377852734758828,0.37192541825342207,demand_surge,True,0,10,1.75
2004,demand_surge,cs_vague_2,vague,TFIDF_LogReg_Calibrated,CausalOptimizer,2014.4544669994104,0.9195904093000987,28.86704306126459,6.866821100508901,11,0.0,0.24778405102107634,0.7522159489789236,demand_surge,True,0,10,1.75
2004,demand_surge,cs_vague_2,vague,PerfectSemantic,CausalOptimizer,2086.0,0.9387186629526463,22.0,7.625,7,0.0,0.0,1.0,demand_surge,True,0,10,1.75
2004,demand_surge,cs_vague_3,vague,NoInfo,CausalOptimizer,1600.4,0.8440111420612817,56.0,6.365,16,0.35,0.35,0.3,normal,False,0,0,1.0
2004,demand_surge,cs_vague_3,vague,RuleBased,CausalOptimizer,2086.0,0.9387186629526463,22.0,7.625,7,0.0,0.0,1.0,demand_surge,True,0,10,1.75
2004,demand_surge,cs_vague_3,vague,TFIDF_LogReg,CausalOptimizer,1622.8487781659414,0.8479688265868521,54.579191255320154,6.372104043723399,16,0.3540121558864553,0.32230769836888046,0.32368014574466425,normal,False,0,0,1.0
2004,demand_surge,cs_vague_3,vague,TFIDF_LogReg_Calibrated,CausalOptimizer,1754.0758642127896,0.8709629181292602,46.32431239159558,6.293378438042022,14,0.43873853985992667,0.0,0.5612614601400733,demand_surge,True,0,10,1.75
2004,demand_surge,cs_vague_3,vague,PerfectSemantic,CausalOptimizer,2086.0,0.9387186629526463,22.0,7.625,7,0.0,0.0,1.0,demand_surge,True,0,10,1.75
2004,demand_surge,cs_vague_4,vague,NoInfo,CausalOptimizer,1600.4,0.8440111420612817,56.0,6.365,16,0.35,0.35,0.3,normal,False,0,0,1.0
2004,demand_surge,cs_vague_4,vague,RuleBased,CausalOptimizer,2086.0,0.9387186629526463,22.0,7.625,7,0.0,0.0,1.0,demand_surge,True,0,10,1.75
2004,demand_surge,cs_vague_4,vague,TFIDF_LogReg,CausalOptimizer,1640.0722502388653,0.8510143623013086,53.485843933830246,6.378856170496273,15,0.31990511097456986,0.33819228792260086,0.3419026011028292,demand_surge,True,0,10,1.75
2004,demand_surge,cs_vague_4,vague,TFIDF_LogReg_Calibrated,CausalOptimizer,1638.1656529497095,0.8506760912211397,53.60728325161085,6.377945375612919,15,0.3333333333333333,0.32678805419351414,0.33987861247315254,demand_surge,True,0,10,1.75
2004,demand_surge,cs_vague_4,vague,PerfectSemantic,CausalOptimizer,2086.0,0.9387186629526463,22.0,7.625,7,0.0,0.0,1.0,demand_surge,True,0,10,1.75
2005,demand_surge,cs_clear_1,clear,NoInfo,CausalOptimizer,1803.4000000000003,0.807317073170732,79.00000000000001,2.3899999999999997,16,0.35,0.35,0.3,normal,False,0,0,1.0
2005,demand_surge,cs_clear_1,clear,RuleBased,CausalOptimizer,2183.7142857142853,0.8679442508710801,54.14285714285715,2.8249999999999997,11,0.0,0.2857142857142857,0.7142857142857143,demand_surge,True,0,10,1.75
2005,demand_surge,cs_clear_1,clear,TFIDF_LogReg,CausalOptimizer,1932.2111484821921,0.8275912493636668,70.68758776089659,2.494686183586551,14,0.25306016922754665,0.30839962678739646,0.4385402039850568,demand_surge,True,0,10,1.75
2005,demand_surge,cs_clear_1,clear,TFIDF_LogReg_Calibrated,CausalOptimizer,2257.8545346735264,0.8821813571643243,48.30564356262706,3.306379208111023,9,0.028235133975045103,0.16019225873540613,0.8115726072895488,demand_surge,True,0,10,1.75
2005,demand_surge,cs_clear_1,clear,PerfectSemantic,CausalOptimizer,2315.0,0.8902439024390244,45.0,3.0,10,0.0,0.0,1.0,demand_surge,True,0,10,1.75
2005,demand_surge,cs_clear_2,clear,NoInfo,CausalOptimizer,1803.4000000000003,0.807317073170732,79.00000000000001,2.3899999999999997,16,0.35,0.35,0.3,normal,False,0,0,1.0
2005,demand_surge,cs_clear_2,clear,RuleBased,CausalOptimizer,2315.0,0.8902439024390244,45.0,3.0,10,0.0,0.0,1.0,demand_surge,True,0,10,1.75
2005,demand_surge,cs_clear_2,clear,TFIDF_LogReg,CausalOptimizer,1924.009513820402,0.826292289170162,71.22016144023365,2.4866975783964955,14,0.2382103439647175,0.3321256800391768,0.42966397599610573,demand_surge,True,0,10,1.75
2005,demand_surge,cs_clear_2,clear,TFIDF_LogReg_Calibrated,CausalOptimizer,2172.046222645638,0.8658968630717033,54.98228614060162,2.7809299776184147,11,0.04291673587658595,0.25678803313344095,0.7002952309899731,demand_surge,True,0,10,1.75
2005,demand_surge,cs_clear_2,clear,PerfectSemantic,CausalOptimizer,2315.0,0.8902439024390244,45.0,3.0,10,0.0,0.0,1.0,demand_surge,True,0,10,1.75
2005,demand_surge,cs_clear_3,clear,NoInfo,CausalOptimizer,1803.4000000000003,0.807317073170732,79.00000000000001,2.3899999999999997,16,0.35,0.35,0.3,normal,False,0,0,1.0
2005,demand_surge,cs_clear_3,clear,RuleBased,CausalOptimizer,2315.0,0.8902439024390244,45.0,3.0,10,0.0,0.0,1.0,demand_surge,True,0,10,1.75
2005,demand_surge,cs_clear_3,clear,TFIDF_LogReg,CausalOptimizer,1923.941067064646,0.8262814486956993,71.22460603476326,2.4866309094785515,14,0.2678348108474828,0.3025752897319048,0.4295898994206125,demand_surge,True,0,10,1.75
2005,demand_surge,cs_clear_3,clear,TFIDF_LogReg_Calibrated,CausalOptimizer,2277.3727827657704,0.8838707287882401,47.61300119682147,2.895479952127141,11,0.0,0.0435500199470249,0.9564499800529752,demand_surge,True,0,10,1.75
2005,demand_surge,cs_clear_3,clear,PerfectSemantic,CausalOptimizer,2315.0,0.8902439024390244,45.0,3.0,10,0.0,0.0,1.0,demand_surge,True,0,10,1.75
2005,demand_surge,cs_clear_4,clear,NoInfo,CausalOptimizer,1803.4000000000003,0.807317073170732,79.00000000000001,2.3899999999999997,16,0.35,0.35,0.3,normal,False,0,0,1.0
2005,demand_surge,cs_clear_4,clear,RuleBased,CausalOptimizer,2315.0,0.8902439024390244,45.0,3.0,10,0.0,0.0,1.0,demand_surge,True,0,10,1.75
2005,demand_surge,cs_clear_4,clear,TFIDF_LogReg,CausalOptimizer,1929.9931797964218,0.8272399714596804,70.83161170153106,2.4925258244770343,14,0.2541504656514546,0.30970972937406327,0.4361398049744822,demand_surge,True,0,10,1.75
2005,demand_surge,cs_clear_4,clear,TFIDF_LogReg_Calibrated,CausalOptimizer,2294.168389387549,0.886715513107647,46.446639625864705,2.9421344149654116,11,0.024110660431078526,0.0,0.9758893395689214,demand_surge,True,0,10,1.75
2005,demand_surge,cs_clear_4,clear,PerfectSemantic,CausalOptimizer,2315.0,0.8902439024390244,45.0,3.0,10,0.0,0.0,1.0,demand_surge,True,0,10,1.75
2005,demand_surge,cs_moderate_1,moderate,NoInfo,CausalOptimizer,1803.4000000000003,0.807317073170732,79.00000000000001,2.3899999999999997,16,0.35,0.35,0.3,normal,False,0,0,1.0
2005,demand_surge,cs_moderate_1,moderate,RuleBased,CausalOptimizer,2315.0,0.8902439024390244,45.0,3.0,10,0.0,0.0,1.0,demand_surge,True,0,10,1.75
2005,demand_surge,cs_moderate_1,moderate,TFIDF_LogReg,CausalOptimizer,1946.4281947979305,0.8298429196702456,69.76440293519933,2.5085339559720103,14,0.2562401671770621,0.28983321507626014,0.4539266177466778,demand_surge,True,0,10,1.75
2005,demand_surge,cs_moderate_1,moderate,TFIDF_LogReg_Calibrated,CausalOptimizer,2315.0,0.8902439024390244,45.0,3.0,10,0.0,0.0,1.0,demand_surge,True,0,10,1.75
2005,demand_surge,cs_moderate_1,moderate,PerfectSemantic,CausalOptimizer,2315.0,0.8902439024390244,45.0,3.0,10,0.0,0.0,1.0,demand_surge,True,0,10,1.75
2005,demand_surge,cs_moderate_2,moderate,NoInfo,CausalOptimizer,1803.4000000000003,0.807317073170732,79.00000000000001,2.3899999999999997,16,0.35,0.35,0.3,normal,False,0,0,1.0
2005,demand_surge,cs_moderate_2,moderate,RuleBased,CausalOptimizer,2315.0,0.8902439024390244,45.0,3.0,10,0.0,0.0,1.0,demand_surge,True,0,10,1.75
2005,demand_surge,cs_moderate_2,moderate,TFIDF_LogReg,CausalOptimizer,1862.615631881158,0.8165688362181116,75.20677715057415,2.4268983427413877,14,0.3050606623633326,0.33171895681290353,0.3632203808237639,demand_surge,True,0,10,1.75
2005,demand_surge,cs_moderate_2,moderate,TFIDF_LogReg_Calibrated,CausalOptimizer,2224.281469233498,0.8754695549723899,51.05748246132017,3.044970284634485,10,0.030549867687620986,0.20374150666771496,0.765708625644664,demand_surge,True,0,10,1.75
2005,demand_surge,cs_moderate_2,moderate,PerfectSemantic,CausalOptimizer,2315.0,0.8902439024390244,45.0,3.0,10,0.0,0.0,1.0,demand_surge,True,0,10,1.75
2005,demand_surge,cs_moderate_3,moderate,NoInfo,CausalOptimizer,1803.4000000000003,0.807317073170732,79.00000000000001,2.3899999999999997,16,0.35,0.35,0.3,normal,False,0,0,1.0
2005,demand_surge,cs_moderate_3,moderate,RuleBased,CausalOptimizer,2315.0,0.8902439024390244,45.0,3.0,10,0.0,0.0,1.0,demand_surge,True,0,10,1.75
2005,demand_surge,cs_moderate_3,moderate,TFIDF_LogReg,CausalOptimizer,1896.3567225517625,0.821912689666101,73.01579723689856,2.459763041446522,14,0.27367353039753234,0.3265897568841102,0.3997367127183575,demand_surge,True,0,10,1.75
2005,demand_surge,cs_moderate_3,moderate,TFIDF_LogReg_Calibrated,CausalOptimizer,2225.03990862325,0.8750269943727698,51.23893230716442,2.753429361552979,12,0.0,0.10398220511940719,0.8960177948805929,demand_surge,True,0,10,1.75
2005,demand_surge,cs_moderate_3,moderate,PerfectSemantic,CausalOptimizer,2315.0,0.8902439024390244,45.0,3.0,10,0.0,0.0,1.0,demand_surge,True,0,10,1.75
2005,demand_surge,cs_moderate_4,moderate,NoInfo,CausalOptimizer,1803.4000000000003,0.807317073170732,79.00000000000001,2.3899999999999997,16,0.35,0.35,0.3,normal,False,0,0,1.0
2005,demand_surge,cs_moderate_4,moderate,RuleBased,CausalOptimizer,2143.0,0.8609756097560975,57.0,2.7,12,0.0,0.33333333333333337,0.6666666666666667,demand_surge,True,0,10,1.75
2005,demand_surge,cs_moderate_4,moderate,TFIDF_LogReg,CausalOptimizer,1885.785210574308,0.8202383925521552,73.70225905361634,2.449466114195755,14,0.2679551803248051,0.3437491372354677,0.3882956824397273,demand_surge,True,0,10,1.75
2005,demand_surge,cs_moderate_4,moderate,TFIDF_LogReg_Calibrated,CausalOptimizer,2142.435285570318,0.8608861712971678,57.03666976816117,2.699449953477582,14,0.0,0.3339444961360196,0.6660555038639805,demand_surge,True,0,10,1.75
2005,demand_surge,cs_moderate_4,moderate,PerfectSemantic,CausalOptimizer,2315.0,0.8902439024390244,45.0,3.0,10,0.0,0.0,1.0,demand_surge,True,0,10,1.75
2005,demand_surge,cs_vague_1,vague,NoInfo,CausalOptimizer,1803.4000000000003,0.807317073170732,79.00000000000001,2.3899999999999997,16,0.35,0.35,0.3,normal,False,0,0,1.0
2005,demand_surge,cs_vague_1,vague,RuleBased,CausalOptimizer,2315.0,0.8902439024390244,45.0,3.0,10,0.0,0.0,1.0,demand_surge,True,0,10,1.75
2005,demand_surge,cs_vague_1,vague,TFIDF_LogReg,CausalOptimizer,1836.0596182688553,0.8123629423929132,76.93119361890552,2.4010320957164173,14,0.3840830589921588,0.28143683465626657,0.3344801063515746,normal,False,0,0,1.0
2005,demand_surge,cs_vague_1,vague,TFIDF_LogReg_Calibrated,CausalOptimizer,1615.8976273302335,0.7807770773369255,89.8813982918604,2.525,17,0.7480233048643404,0.0,0.2519766951356595,normal,False,0,0,1.0
2005,demand_surge,cs_vague_1,vague,PerfectSemantic,CausalOptimizer,2315.0,0.8902439024390244,45.0,3.0,10,0.0,0.0,1.0,demand_surge,True,0,10,1.75
2005,demand_surge,cs_vague_2,vague,NoInfo,CausalOptimizer,1803.4000000000003,0.807317073170732,79.00000000000001,2.3899999999999997,16,0.35,0.35,0.3,normal,False,0,0,1.0
2005,demand_surge,cs_vague_2,vague,RuleBased,CausalOptimizer,2315.0,0.8902439024390244,45.0,3.0,10,0.0,0.0,1.0,demand_surge,True,0,10,1.75
2005,demand_surge,cs_vague_2,vague,TFIDF_LogReg,CausalOptimizer,1870.6590864661623,0.8178427441346471,74.68447490479467,2.43473287642808,14,0.29028930827069516,0.3377852734758828,0.37192541825342207,demand_surge,True,0,10,1.75
2005,demand_surge,cs_vague_2,vague,TFIDF_LogReg_Calibrated,CausalOptimizer,2214.161961734192,0.8734950169237449,51.86704306126459,2.974133732139349,10,0.0,0.24778405102107634,0.7522159489789236,demand_surge,True,0,10,1.75
2005,demand_surge,cs_vague_2,vague,PerfectSemantic,CausalOptimizer,2315.0,0.8902439024390244,45.0,3.0,10,0.0,0.0,1.0,demand_surge,True,0,10,1.75
2005,demand_surge,cs_vague_3,vague,NoInfo,CausalOptimizer,1803.4000000000003,0.807317073170732,79.00000000000001,2.3899999999999997,16,0.35,0.35,0.3,normal,False,0,0,1.0
2005,demand_surge,cs_vague_3,vague,RuleBased,CausalOptimizer,2315.0,0.8902439024390244,45.0,3.0,10,0.0,0.0,1.0,demand_surge,True,0,10,1.75
2005,demand_surge,cs_vague_3,vague,TFIDF_LogReg,CausalOptimizer,1825.8487781659417,0.8107824603528778,77.57919125532015,2.3971040437233992,16,0.3540121558864553,0.32230769836888046,0.32368014574466425,normal,False,0,0,1.0
2005,demand_surge,cs_vague_3,vague,TFIDF_LogReg_Calibrated,CausalOptimizer,1911.4434329736303,0.8260382624595229,71.32431239159558,2.559189219021011,16,0.43873853985992667,0.0,0.5612614601400733,demand_surge,True,0,10,1.75
2005,demand_surge,cs_vague_3,vague,PerfectSemantic,CausalOptimizer,2315.0,0.8902439024390244,45.0,3.0,10,0.0,0.0,1.0,demand_surge,True,0,10,1.75
2005,demand_surge,cs_vague_4,vague,NoInfo,CausalOptimizer,1803.4000000000003,0.807317073170732,79.00000000000001,2.3899999999999997,16,0.35,0.35,0.3,normal,False,0,0,1.0
2005,demand_surge,cs_vague_4,vague,RuleBased,CausalOptimizer,2315.0,0.8902439024390244,45.0,3.0,10,0.0,0.0,1.0,demand_surge,True,0,10,1.75
2005,demand_surge,cs_vague_4,vague,TFIDF_LogReg,CausalOptimizer,1842.9180034190144,0.8134491611369995,76.48584393383024,2.4077123409925463,14,0.31990511097456986,0.33819228792260086,0.3419026011028292,demand_surge,True,0,10,1.75
2005,demand_surge,cs_vague_4,vague,TFIDF_LogReg_Calibrated,CausalOptimizer,1841.0478379251929,0.8131529676789979,76.60728325161085,2.4058907512258374,14,0.3333333333333333,0.32678805419351414,0.33987861247315254,demand_surge,True,0,10,1.75
2005,demand_surge,cs_vague_4,vague,PerfectSemantic,CausalOptimizer,2315.0,0.8902439024390244,45.0,3.0,10,0.0,0.0,1.0,demand_surge,True,0,10,1.75
2006,demand_surge,cs_clear_1,clear,NoInfo,CausalOptimizer,1948.0000000000002,0.8391959798994975,64.0,2.325,18,0.35,0.35,0.3,normal,False,0,0,1.0
2006,demand_surge,cs_clear_1,clear,RuleBased,CausalOptimizer,2179.857142857143,0.8862167982770996,45.28571428571429,4.0142857142857125,14,0.0,0.2857142857142857,0.7142857142857143,demand_surge,True,0,10,1.75
2006,demand_surge,cs_clear_1,clear,TFIDF_LogReg,CausalOptimizer,2070.9550827800754,0.860081437786692,55.687587760896605,2.5760878261394793,16,0.25306016922754665,0.30839962678739646,0.4385402039850568,demand_surge,True,0,10,1.75
2006,demand_surge,cs_clear_1,clear,TFIDF_LogReg_Calibrated,CausalOptimizer,2208.1246039681782,0.8950166177447832,41.78338613757624,4.708530445765049,13,0.028235133975045103,0.16019225873540613,0.8115726072895488,demand_surge,True,0,10,1.75
2006,demand_surge,cs_clear_1,clear,PerfectSemantic,CausalOptimizer,2298.0,0.9095477386934674,36.0,4.775,11,0.0,0.0,1.0,demand_surge,True,0,10,1.75
2006,demand_surge,cs_clear_2,clear,NoInfo,CausalOptimizer,1948.0000000000002,0.8391959798994975,64.0,2.325,18,0.35,0.35,0.3,normal,False,0,0,1.0
2006,demand_surge,cs_clear_2,clear,RuleBased,CausalOptimizer,2298.0,0.9095477386934674,36.0,4.775,11,0.0,0.0,1.0,demand_surge,True,0,10,1.75
2006,demand_surge,cs_clear_2,clear,TFIDF_LogReg,CausalOptimizer,2063.8718528448926,0.858743312964237,56.22016144023365,2.5401391027842286,16,0.2382103439647175,0.3321256800391768,0.42966397599610573,demand_surge,True,0,10,1.75
2006,demand_surge,cs_clear_2,clear,TFIDF_LogReg_Calibrated,CausalOptimizer,2175.4921120688714,0.8849513274262287,45.78937168436099,3.9219485245338204,14,0.04291673587658595,0.25678803313344095,0.7002952309899731,demand_surge,True,0,10,1.75
2006,demand_surge,cs_clear_2,clear,PerfectSemantic,CausalOptimizer,2298.0,0.9095477386934674,36.0,4.775,11,0.0,0.0,1.0,demand_surge,True,0,10,1.75
2006,demand_surge,cs_clear_3,clear,NoInfo,CausalOptimizer,1948.0000000000002,0.8391959798994975,64.0,2.325,18,0.35,0.35,0.3,normal,False,0,0,1.0
2006,demand_surge,cs_clear_3,clear,RuleBased,CausalOptimizer,2298.0,0.9095477386934674,36.0,4.775,11,0.0,0.0,1.0,demand_surge,True,0,10,1.75
2006,demand_surge,cs_clear_3,clear,TFIDF_LogReg,CausalOptimizer,2063.8127397376493,0.8587321456412983,56.224606034763255,2.53983909265348,16,0.2678348108474828,0.3025752897319048,0.4295898994206125,demand_surge,True,0,10,1.75
2006,demand_surge,cs_clear_3,clear,TFIDF_LogReg_Calibrated,CausalOptimizer,2276.7894898270174,0.9042954749812634,38.09040095745718,4.469102371341692,13,0.0,0.0435500199470249,0.9564499800529752,demand_surge,True,0,10,1.75
2006,demand_surge,cs_clear_3,clear,PerfectSemantic,CausalOptimizer,2298.0,0.9095477386934674,36.0,4.775,11,0.0,0.0,1.0,demand_surge,True,0,10,1.75
2006,demand_surge,cs_clear_4,clear,NoInfo,CausalOptimizer,1948.0000000000002,0.8391959798994975,64.0,2.325,18,0.35,0.35,0.3,normal,False,0,0,1.0
2006,demand_surge,cs_clear_4,clear,RuleBased,CausalOptimizer,2298.0,0.9095477386934674,36.0,4.775,11,0.0,0.0,1.0,demand_surge,True,0,10,1.75
2006,demand_surge,cs_clear_4,clear,TFIDF_LogReg,CausalOptimizer,2069.0395643696374,0.8597195685891179,55.831611701531045,2.5663662101466542,16,0.2541504656514546,0.30970972937406327,0.4361398049744822,demand_surge,True,0,10,1.75
2006,demand_surge,cs_clear_4,clear,TFIDF_LogReg_Calibrated,CausalOptimizer,2286.70356318015,0.9066399203500207,37.157311700691764,4.5944862402195445,13,0.024110660431078526,0.0,0.9758893395689214,demand_surge,True,0,10,1.75
2006,demand_surge,cs_clear_4,clear,PerfectSemantic,CausalOptimizer,2298.0,0.9095477386934674,36.0,4.775,11,0.0,0.0,1.0,demand_surge,True,0,10,1.75
2006,demand_surge,cs_moderate_1,moderate,NoInfo,CausalOptimizer,1948.0000000000002,0.8391959798994975,64.0,2.325,18,0.35,0.35,0.3,normal,False,0,0,1.0
2006,demand_surge,cs_moderate_1,moderate,RuleBased,CausalOptimizer,2298.0,0.9095477386934674,36.0,4.775,11,0.0,0.0,1.0,demand_surge,True,0,10,1.75
2006,demand_surge,cs_moderate_1,moderate,TFIDF_LogReg,CausalOptimizer,2083.233440961849,0.862400997650253,54.76440293519933,2.6384028018740455,16,0.2562401671770621,0.28983321507626014,0.4539266177466778,demand_surge,True,0,10,1.75
2006,demand_surge,cs_moderate_1,moderate,TFIDF_LogReg_Calibrated,CausalOptimizer,2298.0,0.9095477386934674,36.0,4.775,11,0.0,0.0,1.0,demand_surge,True,0,10,1.75
2006,demand_surge,cs_moderate_1,moderate,PerfectSemantic,CausalOptimizer,2298.0,0.9095477386934674,36.0,4.775,11,0.0,0.0,1.0,demand_surge,True,0,10,1.75
2006,demand_surge,cs_moderate_2,moderate,NoInfo,CausalOptimizer,1948.0000000000002,0.8391959798994975,64.0,2.325,18,0.35,0.35,0.3,normal,False,0,0,1.0
2006,demand_surge,cs_moderate_2,moderate,RuleBased,CausalOptimizer,2298.0,0.9095477386934674,36.0,4.775,11,0.0,0.0,1.0,demand_surge,True,0,10,1.75
2006,demand_surge,cs_moderate_2,moderate,TFIDF_LogReg,CausalOptimizer,2004.8983427413875,0.8487266905764467,60.206777150574155,2.419830571235646,18,0.3050606623633326,0.33171895681290353,0.3632203808237639,demand_surge,True,0,10,1.75
2006,demand_surge,cs_moderate_2,moderate,TFIDF_LogReg_Calibrated,CausalOptimizer,2195.9010912011354,0.8908681168924822,43.4344894767921,4.353676929254782,14,0.030549867687620986,0.20374150666771496,0.765708625644664,demand_surge,True,0,10,1.75
2006,demand_surge,cs_moderate_2,moderate,PerfectSemantic,CausalOptimizer,2298.0,0.9095477386934674,36.0,4.775,11,0.0,0.0,1.0,demand_surge,True,0,10,1.75
2006,demand_surge,cs_moderate_3,moderate,NoInfo,CausalOptimizer,1948.0000000000002,0.8391959798994975,64.0,2.325,18,0.35,0.35,0.3,normal,False,0,0,1.0
2006,demand_surge,cs_moderate_3,moderate,RuleBased,CausalOptimizer,2298.0,0.9095477386934674,36.0,4.775,11,0.0,0.0,1.0,demand_surge,True,0,10,1.75
2006,demand_surge,cs_moderate_3,moderate,TFIDF_LogReg,CausalOptimizer,2037.7630414465216,0.8542316652339231,58.01579723689855,2.474605069077536,18,0.27367353039753234,0.3265897568841102,0.3997367127183575,demand_surge,True,0,10,1.75
2006,demand_surge,cs_moderate_3,moderate,TFIDF_LogReg_Calibrated,CausalOptimizer,2244.601822774087,0.8970071712418805,40.99114584573152,4.113496092355203,14,0.0,0.10398220511940719,0.8960177948805929,demand_surge,True,0,10,1.75
2006,demand_surge,cs_moderate_3,moderate,PerfectSemantic,CausalOptimizer,2298.0,0.9095477386934674,36.0,4.775,11,0.0,0.0,1.0,demand_surge,True,0,10,1.75
2006,demand_surge,cs_moderate_4,moderate,NoInfo,CausalOptimizer,1948.0000000000002,0.8391959798994975,64.0,2.325,18,0.35,0.35,0.3,normal,False,0,0,1.0
2006,demand_surge,cs_moderate_4,moderate,RuleBased,CausalOptimizer,2165.0,0.8819095477386935,47.0,3.7,14,0.0,0.33333333333333337,0.6666666666666667,demand_surge,True,0,10,1.75
2006,demand_surge,cs_moderate_4,moderate,TFIDF_LogReg,CausalOptimizer,2027.4661141957545,0.852506886799959,58.702259053616345,2.4574435236595913,18,0.2679551803248051,0.3437491372354677,0.3882956824397273,demand_surge,True,0,10,1.75
2006,demand_surge,cs_moderate_4,moderate,TFIDF_LogReg_Calibrated,CausalOptimizer,2164.8093172055615,0.8818542666811641,47.0220018608967,3.695966325502271,14,0.0,0.3339444961360196,0.6660555038639805,demand_surge,True,0,10,1.75
2006,demand_surge,cs_moderate_4,moderate,PerfectSemantic,CausalOptimizer,2298.0,0.9095477386934674,36.0,4.775,11,0.0,0.0,1.0,demand_surge,True,0,10,1.75
2006,demand_surge,cs_vague_1,vague,NoInfo,CausalOptimizer,1948.0000000000002,0.8391959798994975,64.0,2.325,18,0.35,0.35,0.3,normal,False,0,0,1.0
2006,demand_surge,cs_vague_1,vague,RuleBased,CausalOptimizer,2298.0,0.9095477386934674,36.0,4.775,11,0.0,0.0,1.0,demand_surge,True,0,10,1.75
2006,demand_surge,cs_vague_1,vague,TFIDF_LogReg,CausalOptimizer,1979.0320957164172,0.8443939858821468,61.931193618905525,2.3767201595273617,18,0.3840830589921588,0.28143683465626657,0.3344801063515746,normal,False,0,0,1.0
2006,demand_surge,cs_vague_1,vague,TFIDF_LogReg_Calibrated,CausalOptimizer,1775.8264663053499,0.8118557831862802,74.8813982918604,2.2767790256220932,19,0.7480233048643404,0.0,0.2519766951356595,normal,False,0,0,1.0
2006,demand_surge,cs_vague_1,vague,PerfectSemantic,CausalOptimizer,2298.0,0.9095477386934674,36.0,4.775,11,0.0,0.0,1.0,demand_surge,True,0,10,1.75
2006,demand_surge,cs_vague_2,vague,NoInfo,CausalOptimizer,1948.0000000000002,0.8391959798994975,64.0,2.325,18,0.35,0.35,0.3,normal,False,0,0,1.0
2006,demand_surge,cs_vague_2,vague,RuleBased,CausalOptimizer,2298.0,0.9095477386934674,36.0,4.775,11,0.0,0.0,1.0,demand_surge,True,0,10,1.75
2006,demand_surge,cs_vague_2,vague,TFIDF_LogReg,CausalOptimizer,2012.7328764280799,0.8500390077768978,59.68447490479467,2.4328881273801333,18,0.29028930827069516,0.3377852734758828,0.37192541825342207,demand_surge,True,0,10,1.75
2006,demand_surge,cs_vague_2,vague,TFIDF_LogReg_Calibrated,CausalOptimizer,2191.691376081424,0.889647673776988,43.92022583675875,4.2646252632608945,14,0.0,0.24778405102107634,0.7522159489789236,demand_surge,True,0,10,1.75
2006,demand_surge,cs_vague_2,vague,PerfectSemantic,CausalOptimizer,2298.0,0.9095477386934674,36.0,4.775,11,0.0,0.0,1.0,demand_surge,True,0,10,1.75
2006,demand_surge,cs_vague_3,vague,NoInfo,CausalOptimizer,1948.0000000000002,0.8391959798994975,64.0,2.325,18,0.35,0.35,0.3,normal,False,0,0,1.0
2006,demand_surge,cs_vague_3,vague,RuleBased,CausalOptimizer,2298.0,0.9095477386934674,36.0,4.775,11,0.0,0.0,1.0,demand_surge,True,0,10,1.75
2006,demand_surge,cs_vague_3,vague,TFIDF_LogReg,CausalOptimizer,1969.3121311701975,0.8427658511172862,62.579191255320154,2.3605202186169962,18,0.3540121558864553,0.32230769836888046,0.32368014574466425,normal,False,0,0,1.0
2006,demand_surge,cs_vague_3,vague,TFIDF_LogReg_Calibrated,CausalOptimizer,2039.5352699749699,0.8566345479565918,57.059449913276474,2.812838285315165,17,0.43873853985992667,0.0,0.5612614601400733,demand_surge,True,0,10,1.75
2006,demand_surge,cs_vague_3,vague,PerfectSemantic,CausalOptimizer,2298.0,0.9095477386934674,36.0,4.775,11,0.0,0.0,1.0,demand_surge,True,0,10,1.75
2006,demand_surge,cs_vague_4,vague,NoInfo,CausalOptimizer,1948.0000000000002,0.8391959798994975,64.0,2.325,18,0.35,0.35,0.3,normal,False,0,0,1.0
2006,demand_surge,cs_vague_4,vague,RuleBased,CausalOptimizer,2298.0,0.9095477386934674,36.0,4.775,11,0.0,0.0,1.0,demand_surge,True,0,10,1.75
2006,demand_surge,cs_vague_4,vague,TFIDF_LogReg,CausalOptimizer,1985.712340992547,0.8455129549401251,61.48584393383024,2.387853901654244,18,0.31990511097456986,0.33819228792260086,0.3419026011028292,demand_surge,True,0,10,1.75
2006,demand_surge,cs_vague_4,vague,TFIDF_LogReg_Calibrated,CausalOptimizer,1983.8907512258374,0.8452078310261034,61.60728325161085,2.3848179187097287,18,0.3333333333333333,0.32678805419351414,0.33987861247315254,demand_surge,True,0,10,1.75
2006,demand_surge,cs_vague_4,vague,PerfectSemantic,CausalOptimizer,2298.0,0.9095477386934674,36.0,4.775,11,0.0,0.0,1.0,demand_surge,True,0,10,1.75
2007,demand_surge,cs_clear_1,clear,NoInfo,CausalOptimizer,1702.4,0.8825581395348838,40.39999999999999,6.6049999999999995,9,0.35,0.35,0.3,normal,False,0,0,1.0
2007,demand_surge,cs_clear_1,clear,RuleBased,CausalOptimizer,1783.4285714285718,0.9173588039867109,28.42857142857143,9.217857142857142,9,0.0,0.2857142857142857,0.7142857142857143,demand_surge,True,0,10,1.75
2007,demand_surge,cs_clear_1,clear,TFIDF_LogReg,CausalOptimizer,1767.2368154650067,0.8994729318818965,34.581311432627615,7.311555040323791,9,0.25306016922754665,0.30839962678739646,0.4385402039850568,demand_surge,True,0,10,1.75
2007,demand_surge,cs_clear_1,clear,TFIDF_LogReg_Calibrated,CausalOptimizer,1771.0029801940423,0.9207525328124261,27.261128712525412,9.995474010138778,8,0.028235133975045103,0.16019225873540613,0.8115726072895488,demand_surge,True,0,10,1.75
2007,demand_surge,cs_clear_1,clear,PerfectSemantic,CausalOptimizer,1951.0,0.9447674418604651,19.0,9.175,6,0.0,0.0,1.0,demand_surge,True,0,10,1.75
2007,demand_surge,cs_clear_2,clear,NoInfo,CausalOptimizer,1702.4,0.8825581395348838,40.39999999999999,6.6049999999999995,9,0.35,0.35,0.3,normal,False,0,0,1.0
2007,demand_surge,cs_clear_2,clear,RuleBased,CausalOptimizer,1951.0,0.9447674418604651,19.0,9.175,6,0.0,0.0,1.0,demand_surge,True,0,10,1.75
2007,demand_surge,cs_clear_2,clear,TFIDF_LogReg,CausalOptimizer,1763.0827407661775,0.8983892063716176,34.95411300816356,7.2662862775801385,9,0.2382103439647175,0.3321256800391768,0.42966397599610573,demand_surge,True,0,10,1.75
2007,demand_surge,cs_clear_2,clear,TFIDF_LogReg_Calibrated,CausalOptimizer,1784.7716578249626,0.9168707638717433,28.59645722812033,9.117125663127803,9,0.04291673587658595,0.25678803313344095,0.7002952309899731,demand_surge,True,0,10,1.75
2007,demand_surge,cs_clear_2,clear,PerfectSemantic,CausalOptimizer,1951.0,0.9447674418604651,19.0,9.175,6,0.0,0.0,1.0,demand_surge,True,0,10,1.75
2007,demand_surge,cs_clear_3,clear,NoInfo,CausalOptimizer,1702.4,0.8825581395348838,40.39999999999999,6.6049999999999995,9,0.35,0.35,0.3,normal,False,0,0,1.0
2007,demand_surge,cs_clear_3,clear,RuleBased,CausalOptimizer,1951.0,0.9447674418604651,19.0,9.175,6,0.0,0.0,1.0,demand_surge,True,0,10,1.75
2007,demand_surge,cs_clear_3,clear,TFIDF_LogReg,CausalOptimizer,1763.048072928847,0.8983801621385632,34.95722422433428,7.265908487045124,9,0.2678348108474828,0.3025752897319048,0.4295898994206125,demand_surge,True,0,10,1.75
2007,demand_surge,cs_clear_3,clear,TFIDF_LogReg_Calibrated,CausalOptimizer,1935.3318955717605,0.9424886617469579,19.78390035904644,9.010557413230444,6,0.0,0.0435500199470249,0.9564499800529752,demand_surge,True,0,10,1.75
2007,demand_surge,cs_clear_3,clear,PerfectSemantic,CausalOptimizer,1951.0,0.9447674418604651,19.0,9.175,6,0.0,0.0,1.0,demand_surge,True,0,10,1.75
2007,demand_surge,cs_clear_4,clear,NoInfo,CausalOptimizer,1702.4,0.8825581395348838,40.39999999999999,6.6049999999999995,9,0.35,0.35,0.3,normal,False,0,0,1.0
2007,demand_surge,cs_clear_4,clear,RuleBased,CausalOptimizer,1951.0,0.9447674418604651,19.0,9.175,6,0.0,0.0,1.0,demand_surge,True,0,10,1.75
2007,demand_surge,cs_clear_4,clear,TFIDF_LogReg,CausalOptimizer,1766.113428728058,0.8991798599096752,34.68212819107174,7.299313005369859,9,0.2541504656514546,0.30970972937406327,0.4361398049744822,demand_surge,True,0,10,1.75
2007,demand_surge,cs_clear_4,clear,TFIDF_LogReg_Calibrated,CausalOptimizer,1939.6474333843007,0.943505837535583,19.43399188775941,9.095118627124808,6,0.024110660431078526,0.0,0.9758893395689214,demand_surge,True,0,10,1.75
2007,demand_surge,cs_clear_4,clear,PerfectSemantic,CausalOptimizer,1951.0,0.9447674418604651,19.0,9.175,6,0.0,0.0,1.0,demand_surge,True,0,10,1.75
2007,demand_surge,cs_moderate_1,moderate,NoInfo,CausalOptimizer,1702.4,0.8825581395348838,40.39999999999999,6.6049999999999995,9,0.35,0.35,0.3,normal,False,0,0,1.0
2007,demand_surge,cs_moderate_1,moderate,RuleBased,CausalOptimizer,1951.0,0.9447674418604651,19.0,9.175,6,0.0,0.0,1.0,demand_surge,True,0,10,1.75
2007,demand_surge,cs_moderate_1,moderate,TFIDF_LogReg,CausalOptimizer,1774.3727391600846,0.9013515056551176,33.93508205463953,7.39164869914207,8,0.2562401671770621,0.28983321507626014,0.4539266177466778,demand_surge,True,0,10,1.75
2007,demand_surge,cs_moderate_1,moderate,TFIDF_LogReg_Calibrated,CausalOptimizer,1951.0,0.9447674418604651,19.0,9.175,6,0.0,0.0,1.0,demand_surge,True,0,10,1.75
2007,demand_surge,cs_moderate_1,moderate,PerfectSemantic,CausalOptimizer,1951.0,0.9447674418604651,19.0,9.175,6,0.0,0.0,1.0,demand_surge,True,0,10,1.75
2007,demand_surge,cs_moderate_2,moderate,NoInfo,CausalOptimizer,1702.4,0.8825581395348838,40.39999999999999,6.6049999999999995,9,0.35,0.35,0.3,normal,False,0,0,1.0
2007,demand_surge,cs_moderate_2,moderate,RuleBased,CausalOptimizer,1951.0,0.9447674418604651,19.0,9.175,6,0.0,0.0,1.0,demand_surge,True,0,10,1.75
2007,demand_surge,cs_moderate_2,moderate,TFIDF_LogReg,CausalOptimizer,1731.9871382255214,0.890276906961041,37.74474400540191,6.927423942201197,9,0.3050606623633326,0.33171895681290353,0.3632203808237639,demand_surge,True,0,10,1.75
2007,demand_surge,cs_moderate_2,moderate,TFIDF_LogReg_Calibrated,CausalOptimizer,1777.3322096610364,0.9191526264759766,27.81149649226403,9.617096161568474,8,0.030549867687620986,0.20374150666771496,0.765708625644664,demand_surge,True,0,10,1.75
2007,demand_surge,cs_moderate_2,moderate,PerfectSemantic,CausalOptimizer,1951.0,0.9447674418604651,19.0,9.175,6,0.0,0.0,1.0,demand_surge,True,0,10,1.75
2007,demand_surge,cs_moderate_3,moderate,NoInfo,CausalOptimizer,1702.4,0.8825581395348838,40.39999999999999,6.6049999999999995,9,0.35,0.35,0.3,normal,False,0,0,1.0
2007,demand_surge,cs_moderate_3,moderate,RuleBased,CausalOptimizer,1951.0,0.9447674418604651,19.0,9.175,6,0.0,0.0,1.0,demand_surge,True,0,10,1.75
2007,demand_surge,cs_moderate_3,moderate,TFIDF_LogReg,CausalOptimizer,1749.0767815521913,0.8947352963202646,36.21105806582899,7.113657234863624,9,0.27367353039753234,0.3265897568841102,0.3997367127183575,demand_surge,True,0,10,1.75
2007,demand_surge,cs_moderate_3,moderate,TFIDF_LogReg_Calibrated,CausalOptimizer,1925.6061849221792,0.9393265125228217,20.87167969214933,8.686173500085783,6,0.0,0.10398220511940719,0.8960177948805929,demand_surge,True,0,10,1.75
2007,demand_surge,cs_moderate_3,moderate,PerfectSemantic,CausalOptimizer,1951.0,0.9447674418604651,19.0,9.175,6,0.0,0.0,1.0,demand_surge,True,0,10,1.75
2007,demand_surge,cs_moderate_4,moderate,NoInfo,CausalOptimizer,1702.4,0.8825581395348838,40.39999999999999,6.6049999999999995,9,0.35,0.35,0.3,normal,False,0,0,1.0
2007,demand_surge,cs_moderate_4,moderate,RuleBased,CausalOptimizer,1788.0,0.9156976744186046,29.0,8.875,9,0.0,0.33333333333333337,0.6666666666666667,demand_surge,True,0,10,1.75
2007,demand_surge,cs_moderate_4,moderate,TFIDF_LogReg,CausalOptimizer,1743.7223793817925,0.8933384263443854,36.691581337531446,7.0553079804426115,9,0.2679551803248051,0.3437491372354677,0.3882956824397273,demand_surge,True,0,10,1.75
2007,demand_surge,cs_moderate_4,moderate,TFIDF_LogReg_Calibrated,CausalOptimizer,1788.0586716290582,0.9156763547859529,29.00733395363223,8.870599627820658,9,0.0,0.3339444961360196,0.6660555038639805,demand_surge,True,0,10,1.75
2007,demand_surge,cs_moderate_4,moderate,PerfectSemantic,CausalOptimizer,1951.0,0.9447674418604651,19.0,9.175,6,0.0,0.0,1.0,demand_surge,True,0,10,1.75
2007,demand_surge,cs_vague_1,vague,NoInfo,CausalOptimizer,1702.4,0.8825581395348838,40.39999999999999,6.6049999999999995,9,0.35,0.35,0.3,normal,False,0,0,1.0
2007,demand_surge,cs_vague_1,vague,RuleBased,CausalOptimizer,1951.0,0.9447674418604651,19.0,9.175,6,0.0,0.0,1.0,demand_surge,True,0,10,1.75
2007,demand_surge,cs_vague_1,vague,TFIDF_LogReg,CausalOptimizer,1718.5366897725369,0.8867679199615295,38.951835533233876,6.780848542393031,9,0.3840830589921588,0.28143683465626657,0.3344801063515746,normal,False,0,0,1.0
2007,demand_surge,cs_vague_1,vague,TFIDF_LogReg_Calibrated,CausalOptimizer,1668.0774027182565,0.8680428533061789,45.39325846267438,5.315761546973838,11,0.7480233048643404,0.0,0.2519766951356595,normal,False,0,0,1.0
2007,demand_surge,cs_vague_1,vague,PerfectSemantic,CausalOptimizer,1951.0,0.9447674418604651,19.0,9.175,6,0.0,0.0,1.0,demand_surge,True,0,10,1.75
2007,demand_surge,cs_vague_2,vague,NoInfo,CausalOptimizer,1702.4,0.8825581395348838,40.39999999999999,6.6049999999999995,9,0.35,0.35,0.3,normal,False,0,0,1.0
2007,demand_surge,cs_vague_2,vague,RuleBased,CausalOptimizer,1951.0,0.9447674418604651,19.0,9.175,6,0.0,0.0,1.0,demand_surge,True,0,10,1.75
2007,demand_surge,cs_vague_2,vague,TFIDF_LogReg,CausalOptimizer,1736.0610957426015,0.8913397312983828,37.37913243335627,6.971819633092453,9,0.29028930827069516,0.3377852734758828,0.37192541825342207,demand_surge,True,0,10,1.75
2007,demand_surge,cs_vague_2,vague,TFIDF_LogReg_Calibrated,CausalOptimizer,1779.1941990409082,0.9186819517085671,27.97340861225292,9.50578157907612,8,0.0,0.24778405102107634,0.7522159489789236,demand_surge,True,0,10,1.75
2007,demand_surge,cs_vague_2,vague,PerfectSemantic,CausalOptimizer,1951.0,0.9447674418604651,19.0,9.175,6,0.0,0.0,1.0,demand_surge,True,0,10,1.75
2007,demand_surge,cs_vague_3,vague,NoInfo,CausalOptimizer,1702.4,0.8825581395348838,40.39999999999999,6.6049999999999995,9,0.35,0.35,0.3,normal,False,0,0,1.0
2007,demand_surge,cs_vague_3,vague,RuleBased,CausalOptimizer,1951.0,0.9447674418604651,19.0,9.175,6,0.0,0.0,1.0,demand_surge,True,0,10,1.75
2007,demand_surge,cs_vague_3,vague,TFIDF_LogReg,CausalOptimizer,1713.4823082085027,0.885449320119988,39.405433878724104,6.725768743297786,9,0.3540121558864553,0.32230769836888046,0.32368014574466425,normal,False,0,0,1.0
2007,demand_surge,cs_vague_3,vague,TFIDF_LogReg_Calibrated,CausalOptimizer,1898.6379762574911,0.9165933687429184,28.69188115243604,6.2322981325883084,9,0.43873853985992667,0.0,0.5612614601400733,demand_surge,True,0,10,1.75
2007,demand_surge,cs_vague_3,vague,PerfectSemantic,CausalOptimizer,1951.0,0.9447674418604651,19.0,9.175,6,0.0,0.0,1.0,demand_surge,True,0,10,1.75
2007,demand_surge,cs_vague_4,vague,NoInfo,CausalOptimizer,1702.4,0.8825581395348838,40.39999999999999,6.6049999999999995,9,0.35,0.35,0.3,normal,False,0,0,1.0
2007,demand_surge,cs_vague_4,vague,RuleBased,CausalOptimizer,1951.0,0.9447674418604651,19.0,9.175,6,0.0,0.0,1.0,demand_surge,True,0,10,1.75
2007,demand_surge,cs_vague_4,vague,TFIDF_LogReg,CausalOptimizer,1722.010417316124,0.8876741547858105,38.64009075368117,6.81870326562443,9,0.31990511097456986,0.33819228792260086,0.3419026011028292,demand_surge,True,0,10,1.75
2007,demand_surge,cs_vague_4,vague,TFIDF_LogReg_Calibrated,CausalOptimizer,1721.0631906374354,0.887427039894978,38.725098276127596,6.808380923613077,9,0.3333333333333333,0.32678805419351414,0.33987861247315254,demand_surge,True,0,10,1.75
2007,demand_surge,cs_vague_4,vague,PerfectSemantic,CausalOptimizer,1951.0,0.9447674418604651,19.0,9.175,6,0.0,0.0,1.0,demand_surge,True,0,10,1.75
2008,demand_surge,cs_clear_1,clear,NoInfo,CausalOptimizer,1896.8000000000004,0.8449612403100777,60.0,2.9050000000000002,13,0.35,0.35,0.3,normal,False,0,0,1.0
2008,demand_surge,cs_clear_1,clear,RuleBased,CausalOptimizer,2267.4285714285716,0.9091915836101881,35.14285714285715,3.582142857142857,9,0.0,0.2857142857142857,0.7142857142857143,demand_surge,True,0,10,1.75
2008,demand_surge,cs_clear_1,clear,TFIDF_LogReg,CausalOptimizer,2022.3174248104613,0.8664403417031096,51.687587760896605,3.0920292753798266,13,0.25306016922754665,0.30839962678739646,0.4385402039850568,demand_surge,True,0,10,1.75
2008,demand_surge,cs_clear_1,clear,TFIDF_LogReg_Calibrated,CausalOptimizer,2344.160178236153,0.924274822835589,29.30564356262706,3.9987381190453464,7,0.028235133975045103,0.16019225873540613,0.8115726072895488,demand_surge,True,0,10,1.75
2008,demand_surge,cs_clear_1,clear,PerfectSemantic,CausalOptimizer,2474.0,0.9431524547803618,22.0,3.675,6,0.0,0.0,1.0,demand_surge,True,0,10,1.75
2008,demand_surge,cs_clear_2,clear,NoInfo,CausalOptimizer,1896.8000000000004,0.8449612403100777,60.0,2.9050000000000002,13,0.35,0.35,0.3,normal,False,0,0,1.0
2008,demand_surge,cs_clear_2,clear,RuleBased,CausalOptimizer,2474.0,0.9431524547803618,22.0,3.675,6,0.0,0.0,1.0,demand_surge,True,0,10,1.75
2008,demand_surge,cs_clear_2,clear,TFIDF_LogReg,CausalOptimizer,2014.2755622524724,0.8650641823249778,52.22016144023365,3.080046367594743,13,0.2382103439647175,0.3321256800391768,0.42966397599610573,demand_surge,True,0,10,1.75
2008,demand_surge,cs_clear_2,clear,TFIDF_LogReg_Calibrated,CausalOptimizer,2255.844451259698,0.9070225164325539,35.98228614060163,3.5359742622669104,9,0.04291673587658595,0.25678803313344095,0.7002952309899731,demand_surge,True,0,10,1.75
2008,demand_surge,cs_clear_2,clear,PerfectSemantic,CausalOptimizer,2474.0,0.9431524547803618,22.0,3.675,6,0.0,0.0,1.0,demand_surge,True,0,10,1.75
2008,demand_surge,cs_clear_3,clear,NoInfo,CausalOptimizer,1896.8000000000004,0.8449612403100777,60.0,2.9050000000000002,13,0.35,0.35,0.3,normal,False,0,0,1.0
2008,demand_surge,cs_clear_3,clear,RuleBased,CausalOptimizer,2474.0,0.9431524547803618,22.0,3.675,6,0.0,0.0,1.0,demand_surge,True,0,10,1.75
2008,demand_surge,cs_clear_3,clear,TFIDF_LogReg,CausalOptimizer,2014.2084488750752,0.8650526975845909,52.224606034763255,3.0799463642178266,13,0.2678348108474828,0.3025752897319048,0.4295898994206125,demand_surge,True,0,10,1.75
2008,demand_surge,cs_clear_3,clear,TFIDF_LogReg_Calibrated,CausalOptimizer,2441.076184920048,0.9364005137033037,24.61300119682147,3.452894898270175,8,0.0,0.0435500199470249,0.9564499800529752,demand_surge,True,0,10,1.75
2008,demand_surge,cs_clear_3,clear,PerfectSemantic,CausalOptimizer,2474.0,0.9431524547803618,22.0,3.675,6,0.0,0.0,1.0,demand_surge,True,0,10,1.75
2008,demand_surge,cs_clear_4,clear,NoInfo,CausalOptimizer,1896.8000000000004,0.8449612403100777,60.0,2.9050000000000002,13,0.35,0.35,0.3,normal,False,0,0,1.0
2008,demand_surge,cs_clear_4,clear,RuleBased,CausalOptimizer,2474.0,0.9431524547803618,22.0,3.675,6,0.0,0.0,1.0,demand_surge,True,0,10,1.75
2008,demand_surge,cs_clear_4,clear,TFIDF_LogReg,CausalOptimizer,2020.1426633068813,0.8660681868177491,51.831611701531045,3.0887887367155513,13,0.2541504656514546,0.30970972937406327,0.4361398049744822,demand_surge,True,0,10,1.75
2008,demand_surge,cs_clear_4,clear,TFIDF_LogReg_Calibrated,CausalOptimizer,2455.772340714105,0.9394143678918225,23.446639625864705,3.5520356318015005,8,0.024110660431078526,0.0,0.9758893395689214,demand_surge,True,0,10,1.75
2008,demand_surge,cs_clear_4,clear,PerfectSemantic,CausalOptimizer,2474.0,0.9431524547803618,22.0,3.675,6,0.0,0.0,1.0,demand_surge,True,0,10,1.75
2008,demand_surge,cs_moderate_1,moderate,NoInfo,CausalOptimizer,1896.8000000000004,0.8449612403100777,60.0,2.9050000000000002,13,0.35,0.35,0.3,normal,False,0,0,1.0
2008,demand_surge,cs_moderate_1,moderate,RuleBased,CausalOptimizer,2474.0,0.9431524547803618,22.0,3.675,6,0.0,0.0,1.0,demand_surge,True,0,10,1.75
2008,demand_surge,cs_moderate_1,moderate,TFIDF_LogReg,CausalOptimizer,2036.2575156784906,0.8688258322087873,50.76440293519933,3.1128009339580154,13,0.2562401671770621,0.28983321507626014,0.4539266177466778,demand_surge,True,0,10,1.75
2008,demand_surge,cs_moderate_1,moderate,TFIDF_LogReg_Calibrated,CausalOptimizer,2474.0,0.9431524547803618,22.0,3.675,6,0.0,0.0,1.0,demand_surge,True,0,10,1.75
2008,demand_surge,cs_moderate_1,moderate,PerfectSemantic,CausalOptimizer,2474.0,0.9431524547803618,22.0,3.675,6,0.0,0.0,1.0,demand_surge,True,0,10,1.75
2008,demand_surge,cs_moderate_2,moderate,NoInfo,CausalOptimizer,1896.8000000000004,0.8449612403100777,60.0,2.9050000000000002,13,0.35,0.35,0.3,normal,False,0,0,1.0
2008,demand_surge,cs_moderate_2,moderate,RuleBased,CausalOptimizer,2474.0,0.9431524547803618,22.0,3.675,6,0.0,0.0,1.0,demand_surge,True,0,10,1.75
2008,demand_surge,cs_moderate_2,moderate,TFIDF_LogReg,CausalOptimizer,1954.0776650263306,0.8547628497401183,56.206777150574155,2.9903475141120817,13,0.3050606623633326,0.33171895681290353,0.3632203808237639,demand_surge,True,0,10,1.75
2008,demand_surge,cs_moderate_2,moderate,TFIDF_LogReg_Calibrated,CausalOptimizer,2310.006742033782,0.9171641280069247,32.05748246132017,3.751838464627391,9,0.030549867687620986,0.20374150666771496,0.765708625644664,demand_surge,True,0,10,1.75
2008,demand_surge,cs_moderate_2,moderate,PerfectSemantic,CausalOptimizer,2474.0,0.9431524547803618,22.0,3.675,6,0.0,0.0,1.0,demand_surge,True,0,10,1.75
2008,demand_surge,cs_moderate_3,moderate,NoInfo,CausalOptimizer,1896.8000000000004,0.8449612403100777,60.0,2.9050000000000002,13,0.35,0.35,0.3,normal,False,0,0,1.0
2008,demand_surge,cs_moderate_3,moderate,RuleBased,CausalOptimizer,2474.0,0.9431524547803618,22.0,3.675,6,0.0,0.0,1.0,demand_surge,True,0,10,1.75
2008,demand_surge,cs_moderate_3,moderate,TFIDF_LogReg,CausalOptimizer,1987.1614617228322,0.8604242965454816,54.01579723689855,3.0396445621697827,13,0.27367353039753234,0.3265897568841102,0.3997367127183575,demand_surge,True,0,10,1.75
2008,demand_surge,cs_moderate_3,moderate,TFIDF_LogReg_Calibrated,CausalOptimizer,2395.3894529297277,0.9270311826688258,28.238932307164422,3.144690753891024,8,0.0,0.10398220511940719,0.8960177948805929,demand_surge,True,0,10,1.75
2008,demand_surge,cs_moderate_3,moderate,PerfectSemantic,CausalOptimizer,2474.0,0.9431524547803618,22.0,3.675,6,0.0,0.0,1.0,demand_surge,True,0,10,1.75
2008,demand_surge,cs_moderate_4,moderate,NoInfo,CausalOptimizer,1896.8000000000004,0.8449612403100777,60.0,2.9050000000000002,13,0.35,0.35,0.3,normal,False,0,0,1.0
2008,demand_surge,cs_moderate_4,moderate,RuleBased,CausalOptimizer,2228.0,0.9018087855297158,38.0,3.425,9,0.0,0.33333333333333337,0.6666666666666667,demand_surge,True,0,10,1.75
2008,demand_surge,cs_moderate_4,moderate,TFIDF_LogReg,CausalOptimizer,1976.7958882903927,0.8586504934015082,54.702259053616345,3.024199171293632,13,0.2679551803248051,0.3437491372354677,0.3882956824397273,demand_surge,True,0,10,1.75
2008,demand_surge,cs_moderate_4,moderate,TFIDF_LogReg_Calibrated,CausalOptimizer,2227.4499534775823,0.9017140316068186,38.03666976816117,3.4240832557959706,12,0.0,0.3339444961360196,0.6660555038639805,demand_surge,True,0,10,1.75
2008,demand_surge,cs_moderate_4,moderate,PerfectSemantic,CausalOptimizer,2474.0,0.9431524547803618,22.0,3.675,6,0.0,0.0,1.0,demand_surge,True,0,10,1.75
2008,demand_surge,cs_vague_1,vague,NoInfo,CausalOptimizer,1896.8000000000004,0.8449612403100777,60.0,2.9050000000000002,13,0.35,0.35,0.3,normal,False,0,0,1.0
2008,demand_surge,cs_vague_1,vague,RuleBased,CausalOptimizer,2474.0,0.9431524547803618,22.0,3.675,6,0.0,0.0,1.0,demand_surge,True,0,10,1.75
2008,demand_surge,cs_vague_1,vague,TFIDF_LogReg,CausalOptimizer,1928.0389763545268,0.8503069932328021,57.931193618905525,2.951548143574626,13,0.3840830589921588,0.28143683465626657,0.3344801063515746,normal,False,0,0,1.0
2008,demand_surge,cs_vague_1,vague,TFIDF_LogReg_Calibrated,CausalOptimizer,1794.8976273302335,0.8271798493750374,66.8813982918604,2.7,15,0.7480233048643404,0.0,0.2519766951356595,normal,False,0,0,1.0
2008,demand_surge,cs_vague_1,vague,PerfectSemantic,CausalOptimizer,2474.0,0.9431524547803618,22.0,3.675,6,0.0,0.0,1.0,demand_surge,True,0,10,1.75
2008,demand_surge,cs_vague_2,vague,NoInfo,CausalOptimizer,1896.8000000000004,0.8449612403100777,60.0,2.9050000000000002,13,0.35,0.35,0.3,normal,False,0,0,1.0
2008,demand_surge,cs_vague_2,vague,RuleBased,CausalOptimizer,2474.0,0.9431524547803618,22.0,3.675,6,0.0,0.0,1.0,demand_surge,True,0,10,1.75
2008,demand_surge,cs_vague_2,vague,TFIDF_LogReg,CausalOptimizer,1961.9644289376006,0.8561124679462669,55.68447490479467,3.0020993146421198,13,0.29028930827069516,0.3377852734758828,0.37192541825342207,demand_surge,True,0,10,1.75
2008,demand_surge,cs_vague_2,vague,TFIDF_LogReg_Calibrated,CausalOptimizer,2298.834805754549,0.915072240151771,32.86704306126459,3.7073126316304474,9,0.0,0.24778405102107634,0.7522159489789236,demand_surge,True,0,10,1.75
2008,demand_surge,cs_vague_2,vague,PerfectSemantic,CausalOptimizer,2474.0,0.9431524547803618,22.0,3.675,6,0.0,0.0,1.0,demand_surge,True,0,10,1.75
2008,demand_surge,cs_vague_3,vague,NoInfo,CausalOptimizer,1896.8000000000004,0.8449612403100777,60.0,2.9050000000000002,13,0.35,0.35,0.3,normal,False,0,0,1.0
2008,demand_surge,cs_vague_3,vague,RuleBased,CausalOptimizer,2474.0,0.9431524547803618,22.0,3.675,6,0.0,0.0,1.0,demand_surge,True,0,10,1.75
2008,demand_surge,cs_vague_3,vague,TFIDF_LogReg,CausalOptimizer,1918.2542120446656,0.848632580735607,58.57919125532016,2.9369681967552963,13,0.3540121558864553,0.32230769836888046,0.32368014574466425,normal,False,0,0,1.0
2008,demand_surge,cs_vague_3,vague,TFIDF_LogReg_Calibrated,CausalOptimizer,2091.4434329736305,0.8751309757323111,48.32431239159558,2.709189219021011,14,0.43873853985992667,0.0,0.5612614601400733,demand_surge,True,0,10,1.75
2008,demand_surge,cs_vague_3,vague,PerfectSemantic,CausalOptimizer,2474.0,0.9431524547803618,22.0,3.675,6,0.0,0.0,1.0,demand_surge,True,0,10,1.75
2008,demand_surge,cs_vague_4,vague,NoInfo,CausalOptimizer,1896.8000000000004,0.8449612403100777,60.0,2.9050000000000002,13,0.35,0.35,0.3,normal,False,0,0,1.0
2008,demand_surge,cs_vague_4,vague,RuleBased,CausalOptimizer,2474.0,0.9431524547803618,22.0,3.675,6,0.0,0.0,1.0,demand_surge,True,0,10,1.75
2008,demand_surge,cs_vague_4,vague,TFIDF_LogReg,CausalOptimizer,1934.7637565991638,0.8514577676128419,57.48584393383024,2.9615685114888195,13,0.31990511097456986,0.33819228792260086,0.3419026011028292,demand_surge,True,0,10,1.75
2008,demand_surge,cs_vague_4,vague,TFIDF_LogReg_Calibrated,CausalOptimizer,1932.930022900676,0.8511439709260702,57.60728325161085,2.9588361268387557,13,0.3333333333333333,0.32678805419351414,0.33987861247315254,demand_surge,True,0,10,1.75
2008,demand_surge,cs_vague_4,vague,PerfectSemantic,CausalOptimizer,2474.0,0.9431524547803618,22.0,3.675,6,0.0,0.0,1.0,demand_surge,True,0,10,1.75
2009,demand_surge,cs_clear_1,clear,NoInfo,CausalOptimizer,1781.0000000000002,0.8461538461538463,58.0,4.35,11,0.35,0.35,0.3,normal,False,0,0,1.0
2009,demand_surge,cs_clear_1,clear,RuleBased,CausalOptimizer,2158.0,0.9120879120879121,33.14285714285715,4.867857142857142,8,0.0,0.2857142857142857,0.7142857142857143,demand_surge,True,0,10,1.75
2009,demand_surge,cs_clear_1,clear,TFIDF_LogReg,CausalOptimizer,1909.2111484821921,0.868202684984359,49.687587760896605,4.469686183586551,10,0.25306016922754665,0.30839962678739646,0.4385402039850568,demand_surge,True,0,10,1.75
2009,demand_surge,cs_clear_1,clear,TFIDF_LogReg_Calibrated,CausalOptimizer,2239.6349406170602,0.927571237234411,27.30564356262706,5.161869059522673,7,0.028235133975045103,0.16019225873540613,0.8115726072895488,demand_surge,True,0,10,1.75
2009,demand_surge,cs_clear_1,clear,PerfectSemantic,CausalOptimizer,2239.0,0.9310344827586207,26.0,5.3,7,0.0,0.0,1.0,demand_surge,True,0,10,1.75
2009,demand_surge,cs_clear_2,clear,NoInfo,CausalOptimizer,1781.0000000000002,0.8461538461538463,58.0,4.35,11,0.35,0.35,0.3,normal,False,0,0,1.0
2009,demand_surge,cs_clear_2,clear,RuleBased,CausalOptimizer,2239.0,0.9310344827586207,26.0,5.3,7,0.0,0.0,1.0,demand_surge,True,0,10,1.75
2009,demand_surge,cs_clear_2,clear,TFIDF_LogReg,CausalOptimizer,1901.009513820402,0.8667900227049506,50.22016144023366,4.461697578396495,10,0.2382103439647175,0.3321256800391768,0.42966397599610573,demand_surge,True,0,10,1.75
2009,demand_surge,cs_clear_2,clear,TFIDF_LogReg_Calibrated,CausalOptimizer,2146.2479940315775,0.909861309971879,33.98228614060163,4.825885692969918,8,0.04291673587658595,0.25678803313344095,0.7002952309899731,demand_surge,True,0,10,1.75
2009,demand_surge,cs_clear_2,clear,PerfectSemantic,CausalOptimizer,2239.0,0.9310344827586207,26.0,5.3,7,0.0,0.0,1.0,demand_surge,True,0,10,1.75
2009,demand_surge,cs_clear_3,clear,NoInfo,CausalOptimizer,1781.0000000000002,0.8461538461538463,58.0,4.35,11,0.35,0.35,0.3,normal,False,0,0,1.0
2009,demand_surge,cs_clear_3,clear,RuleBased,CausalOptimizer,2239.0,0.9310344827586207,26.0,5.3,7,0.0,0.0,1.0,demand_surge,True,0,10,1.75
2009,demand_surge,cs_clear_3,clear,TFIDF_LogReg,CausalOptimizer,1900.9410670646462,0.8667782333295404,50.224606034763255,4.461630909478551,10,0.2678348108474828,0.3025752897319048,0.4295898994206125,demand_surge,True,0,10,1.75
2009,demand_surge,cs_clear_3,clear,TFIDF_LogReg_Calibrated,CausalOptimizer,2211.824787553056,0.9254896526327396,28.090400957457177,5.143219928190712,7,0.0,0.0435500199470249,0.9564499800529752,demand_surge,True,0,10,1.75
2009,demand_surge,cs_clear_3,clear,PerfectSemantic,CausalOptimizer,2239.0,0.9310344827586207,26.0,5.3,7,0.0,0.0,1.0,demand_surge,True,0,10,1.75
2009,demand_surge,cs_clear_4,clear,NoInfo,CausalOptimizer,1781.0000000000002,0.8461538461538463,58.0,4.35,11,0.35,0.35,0.3,normal,False,0,0,1.0
2009,demand_surge,cs_clear_4,clear,RuleBased,CausalOptimizer,2239.0,0.9310344827586207,26.0,5.3,7,0.0,0.0,1.0,demand_surge,True,0,10,1.75
2009,demand_surge,cs_clear_4,clear,TFIDF_LogReg,CausalOptimizer,1906.993179796422,0.8678206586166286,49.831611701531045,4.467525824477034,10,0.2541504656514546,0.30970972937406327,0.4361398049744822,demand_surge,True,0,10,1.75
2009,demand_surge,cs_clear_4,clear,TFIDF_LogReg_Calibrated,CausalOptimizer,2223.9549478910076,0.9279646904490935,27.157311700691764,5.213201622448118,7,0.024110660431078526,0.0,0.9758893395689214,demand_surge,True,0,10,1.75
2009,demand_surge,cs_clear_4,clear,PerfectSemantic,CausalOptimizer,2239.0,0.9310344827586207,26.0,5.3,7,0.0,0.0,1.0,demand_surge,True,0,10,1.75
2009,demand_surge,cs_moderate_1,moderate,NoInfo,CausalOptimizer,1781.0000000000002,0.8461538461538463,58.0,4.35,11,0.35,0.35,0.3,normal,False,0,0,1.0
2009,demand_surge,cs_moderate_1,moderate,RuleBased,CausalOptimizer,2239.0,0.9310344827586207,26.0,5.3,7,0.0,0.0,1.0,demand_surge,True,0,10,1.75
2009,demand_surge,cs_moderate_1,moderate,TFIDF_LogReg,CausalOptimizer,1923.4281947979305,0.8706514511002671,48.76440293519933,4.48353395597201,10,0.2562401671770621,0.28983321507626014,0.4539266177466778,demand_surge,True,0,10,1.75
2009,demand_surge,cs_moderate_1,moderate,TFIDF_LogReg_Calibrated,CausalOptimizer,2239.0,0.9310344827586207,26.0,5.3,7,0.0,0.0,1.0,demand_surge,True,0,10,1.75
2009,demand_surge,cs_moderate_1,moderate,PerfectSemantic,CausalOptimizer,2239.0,0.9310344827586207,26.0,5.3,7,0.0,0.0,1.0,demand_surge,True,0,10,1.75
2009,demand_surge,cs_moderate_2,moderate,NoInfo,CausalOptimizer,1781.0000000000002,0.8461538461538463,58.0,4.35,11,0.35,0.35,0.3,normal,False,0,0,1.0
2009,demand_surge,cs_moderate_2,moderate,RuleBased,CausalOptimizer,2239.0,0.9310344827586207,26.0,5.3,7,0.0,0.0,1.0,demand_surge,True,0,10,1.75
2009,demand_surge,cs_moderate_2,moderate,TFIDF_LogReg,CausalOptimizer,1839.615631881158,0.856215445223941,54.206777150574155,4.401898342741387,10,0.3050606623633326,0.33171895681290353,0.3632203808237639,demand_surge,True,0,10,1.75
2009,demand_surge,cs_moderate_2,moderate,TFIDF_LogReg_Calibrated,CausalOptimizer,2201.1952455415176,0.9202719298108218,30.05748246132017,5.022125876933991,8,0.030549867687620986,0.20374150666771496,0.765708625644664,demand_surge,True,0,10,1.75
2009,demand_surge,cs_moderate_2,moderate,PerfectSemantic,CausalOptimizer,2239.0,0.9310344827586207,26.0,5.3,7,0.0,0.0,1.0,demand_surge,True,0,10,1.75
2009,demand_surge,cs_moderate_3,moderate,NoInfo,CausalOptimizer,1781.0000000000002,0.8461538461538463,58.0,4.35,11,0.35,0.35,0.3,normal,False,0,0,1.0
2009,demand_surge,cs_moderate_3,moderate,RuleBased,CausalOptimizer,2239.0,0.9310344827586207,26.0,5.3,7,0.0,0.0,1.0,demand_surge,True,0,10,1.75
2009,demand_surge,cs_moderate_3,moderate,TFIDF_LogReg,CausalOptimizer,1873.3567225517625,0.8620270630320992,52.01579723689855,4.434763041446521,10,0.27367353039753234,0.3265897568841102,0.3997367127183575,demand_surge,True,0,10,1.75
2009,demand_surge,cs_moderate_3,moderate,TFIDF_LogReg_Calibrated,CausalOptimizer,2174.11510400549,0.9177953691094655,30.991145845731538,4.925664061570135,7,0.0,0.10398220511940719,0.8960177948805929,demand_surge,True,0,10,1.75
2009,demand_surge,cs_moderate_3,moderate,PerfectSemantic,CausalOptimizer,2239.0,0.9310344827586207,26.0,5.3,7,0.0,0.0,1.0,demand_surge,True,0,10,1.75
2009,demand_surge,cs_moderate_4,moderate,NoInfo,CausalOptimizer,1781.0000000000002,0.8461538461538463,58.0,4.35,11,0.35,0.35,0.3,normal,False,0,0,1.0
2009,demand_surge,cs_moderate_4,moderate,RuleBased,CausalOptimizer,2116.0,0.9045092838196287,36.0,4.775,9,0.0,0.33333333333333337,0.6666666666666667,demand_surge,True,0,10,1.75
2009,demand_surge,cs_moderate_4,moderate,TFIDF_LogReg,CausalOptimizer,1862.785210574308,0.8602062094068532,52.702259053616345,4.424466114195755,10,0.2679551803248051,0.3437491372354677,0.3882956824397273,demand_surge,True,0,10,1.75
2009,demand_surge,cs_moderate_4,moderate,TFIDF_LogReg_Calibrated,CausalOptimizer,2115.4499534775823,0.9044120165300764,36.03666976816117,4.77408325579597,9,0.0,0.3339444961360196,0.6660555038639805,demand_surge,True,0,10,1.75
2009,demand_surge,cs_moderate_4,moderate,PerfectSemantic,CausalOptimizer,2239.0,0.9310344827586207,26.0,5.3,7,0.0,0.0,1.0,demand_surge,True,0,10,1.75
2009,demand_surge,cs_vague_1,vague,NoInfo,CausalOptimizer,1781.0000000000002,0.8461538461538463,58.0,4.35,11,0.35,0.35,0.3,normal,False,0,0,1.0
2009,demand_surge,cs_vague_1,vague,RuleBased,CausalOptimizer,2239.0,0.9310344827586207,26.0,5.3,7,0.0,0.0,1.0,demand_surge,True,0,10,1.75
2009,demand_surge,cs_vague_1,vague,TFIDF_LogReg,CausalOptimizer,1813.0596182688553,0.8516413962363247,55.931193618905525,4.3760320957164165,10,0.3840830589921588,0.28143683465626657,0.3344801063515746,normal,False,0,0,1.0
2009,demand_surge,cs_vague_1,vague,TFIDF_LogReg_Calibrated,CausalOptimizer,1579.8976273302335,0.8172907207112453,68.8813982918604,4.625,13,0.7480233048643404,0.0,0.2519766951356595,normal,False,0,0,1.0
2009,demand_surge,cs_vague_1,vague,PerfectSemantic,CausalOptimizer,2239.0,0.9310344827586207,26.0,5.3,7,0.0,0.0,1.0,demand_surge,True,0,10,1.75
2009,demand_surge,cs_vague_2,vague,NoInfo,CausalOptimizer,1781.0000000000002,0.8461538461538463,58.0,4.35,11,0.35,0.35,0.3,normal,False,0,0,1.0
2009,demand_surge,cs_vague_2,vague,RuleBased,CausalOptimizer,2239.0,0.9310344827586207,26.0,5.3,7,0.0,0.0,1.0,demand_surge,True,0,10,1.75
2009,demand_surge,cs_vague_2,vague,TFIDF_LogReg,CausalOptimizer,1847.6590864661623,0.8576008623214996,53.68447490479467,4.409732876428079,10,0.29028930827069516,0.3377852734758828,0.37192541825342207,demand_surge,True,0,10,1.75
2009,demand_surge,cs_vague_2,vague,TFIDF_LogReg_Calibrated,CausalOptimizer,2189.8613971422956,0.9181245542141522,30.86704306126459,4.981647846936771,8,0.0,0.24778405102107634,0.7522159489789236,demand_surge,True,0,10,1.75
2009,demand_surge,cs_vague_2,vague,PerfectSemantic,CausalOptimizer,2239.0,0.9310344827586207,26.0,5.3,7,0.0,0.0,1.0,demand_surge,True,0,10,1.75
2009,demand_surge,cs_vague_3,vague,NoInfo,CausalOptimizer,1781.0000000000002,0.8461538461538463,58.0,4.35,11,0.35,0.35,0.3,normal,False,0,0,1.0
2009,demand_surge,cs_vague_3,vague,RuleBased,CausalOptimizer,2239.0,0.9310344827586207,26.0,5.3,7,0.0,0.0,1.0,demand_surge,True,0,10,1.75
2009,demand_surge,cs_vague_3,vague,TFIDF_LogReg,CausalOptimizer,1803.0225355425375,0.8499225696145356,56.57919125532016,4.367760109308498,11,0.3540121558864553,0.32230769836888046,0.32368014574466425,normal,False,0,0,1.0
2009,demand_surge,cs_vague_3,vague,TFIDF_LogReg_Calibrated,CausalOptimizer,1875.4434329736303,0.8665137602344944,50.32431239159558,4.659189219021011,12,0.43873853985992667,0.0,0.5612614601400733,demand_surge,True,0,10,1.75
2009,demand_surge,cs_vague_3,vague,PerfectSemantic,CausalOptimizer,2239.0,0.9310344827586207,26.0,5.3,7,0.0,0.0,1.0,demand_surge,True,0,10,1.75
2009,demand_surge,cs_vague_4,vague,NoInfo,CausalOptimizer,1781.0000000000002,0.8461538461538463,58.0,4.35,11,0.35,0.35,0.3,normal,False,0,0,1.0
2009,demand_surge,cs_vague_4,vague,RuleBased,CausalOptimizer,2239.0,0.9310344827586207,26.0,5.3,7,0.0,0.0,1.0,demand_surge,True,0,10,1.75
2009,demand_surge,cs_vague_4,vague,TFIDF_LogReg,CausalOptimizer,1819.9180034190144,0.8528226951357288,55.48584393383023,4.382712340992546,10,0.31990511097456986,0.33819228792260086,0.3419026011028292,demand_surge,True,0,10,1.75
2009,demand_surge,cs_vague_4,vague,TFIDF_LogReg_Calibrated,CausalOptimizer,1818.0478379251929,0.8525005749294142,55.60728325161085,4.380890751225837,10,0.3333333333333333,0.32678805419351414,0.33987861247315254,demand_surge,True,0,10,1.75
2009,demand_surge,cs_vague_4,vague,PerfectSemantic,CausalOptimizer,2239.0,0.9310344827586207,26.0,5.3,7,0.0,0.0,1.0,demand_surge,True,0,10,1.75
2010,demand_surge,cs_clear_1,clear,NoInfo,CausalOptimizer,1768.0000000000002,0.8572207084468666,52.39999999999999,5.065,11,0.35,0.35,0.3,normal,False,0,0,1.0
2010,demand_surge,cs_clear_1,clear,RuleBased,CausalOptimizer,1936.4285714285716,0.8960685091475283,38.142857142857146,6.557142857142855,11,0.0,0.2857142857142857,0.7142857142857143,demand_surge,True,0,10,1.75
2010,demand_surge,cs_clear_1,clear,TFIDF_LogReg,CausalOptimizer,1838.6555040323788,0.8730754456876632,46.581311432627615,5.6260878261394796,11,0.25306016922754665,0.30839962678739646,0.4385402039850568,demand_surge,True,0,10,1.75
2010,demand_surge,cs_clear_1,clear,TFIDF_LogReg_Calibrated,CausalOptimizer,1944.172099012322,0.9008400733820487,36.39169306878812,7.064020297176699,12,0.028235133975045103,0.16019225873540613,0.8115726072895488,demand_surge,True,0,10,1.75
2010,demand_surge,cs_clear_1,clear,PerfectSemantic,CausalOptimizer,2185.0,0.9400544959128065,22.0,6.6,7,0.0,0.0,1.0,demand_surge,True,0,10,1.75
2010,demand_surge,cs_clear_2,clear,NoInfo,CausalOptimizer,1768.0000000000002,0.8572207084468666,52.39999999999999,5.065,11,0.35,0.35,0.3,normal,False,0,0,1.0
2010,demand_surge,cs_clear_2,clear,RuleBased,CausalOptimizer,2185.0,0.9400544959128065,22.0,6.6,7,0.0,0.0,1.0,demand_surge,True,0,10,1.75
2010,demand_surge,cs_clear_2,clear,TFIDF_LogReg,CausalOptimizer,1834.1286277580139,0.8720596375799358,46.95411300816357,5.590139102784228,11,0.2382103439647175,0.3321256800391768,0.42966397599610573,demand_surge,True,0,10,1.75
2010,demand_surge,cs_clear_2,clear,TFIDF_LogReg_Calibrated,CausalOptimizer,1935.4212566312776,0.8953823274055028,38.39468584218049,6.481594247345853,11,0.04291673587658595,0.25678803313344095,0.7002952309899731,demand_surge,True,0,10,1.75
2010,demand_surge,cs_clear_2,clear,PerfectSemantic,CausalOptimizer,2185.0,0.9400544959128065,22.0,6.6,7,0.0,0.0,1.0,demand_surge,True,0,10,1.75
2010,demand_surge,cs_clear_3,clear,NoInfo,CausalOptimizer,1768.0000000000002,0.8572207084468666,52.39999999999999,5.065,11,0.35,0.35,0.3,normal,False,0,0,1.0
2010,demand_surge,cs_clear_3,clear,RuleBased,CausalOptimizer,2185.0,0.9400544959128065,22.0,6.6,7,0.0,0.0,1.0,demand_surge,True,0,10,1.75
2010,demand_surge,cs_clear_3,clear,TFIDF_LogReg,CausalOptimizer,1834.0908487045128,0.8720511601516776,46.95722422433427,5.58983909265348,11,0.2678348108474828,0.3025752897319048,0.4295898994206125,demand_surge,True,0,10,1.75
2010,demand_surge,cs_clear_3,clear,TFIDF_LogReg_Calibrated,CausalOptimizer,2182.0055894679704,0.9377953655646456,22.82910083777503,6.330154922206605,8,0.0,0.0435500199470249,0.9564499800529752,demand_surge,True,0,10,1.75
2010,demand_surge,cs_clear_3,clear,PerfectSemantic,CausalOptimizer,2185.0,0.9400544959128065,22.0,6.6,7,0.0,0.0,1.0,demand_surge,True,0,10,1.75
2010,demand_surge,cs_clear_4,clear,NoInfo,CausalOptimizer,1768.0000000000002,0.8572207084468666,52.39999999999999,5.065,11,0.35,0.35,0.3,normal,False,0,0,1.0
2010,demand_surge,cs_clear_4,clear,RuleBased,CausalOptimizer,2185.0,0.9400544959128065,22.0,6.6,7,0.0,0.0,1.0,demand_surge,True,0,10,1.75
2010,demand_surge,cs_clear_4,clear,TFIDF_LogReg,CausalOptimizer,1837.4313005369863,0.8728007406237828,46.68212819107174,5.616366210146654,11,0.2541504656514546,0.30970972937406327,0.4361398049744822,demand_surge,True,0,10,1.75
2010,demand_surge,cs_clear_4,clear,TFIDF_LogReg_Calibrated,CausalOptimizer,2196.4830127889313,0.9400200334111573,22.012647738105294,6.321699594387971,8,0.024110660431078526,0.0,0.9758893395689214,demand_surge,True,0,10,1.75
2010,demand_surge,cs_clear_4,clear,PerfectSemantic,CausalOptimizer,2185.0,0.9400544959128065,22.0,6.6,7,0.0,0.0,1.0,demand_surge,True,0,10,1.75
2010,demand_surge,cs_moderate_1,moderate,NoInfo,CausalOptimizer,1768.0000000000002,0.8572207084468666,52.39999999999999,5.065,11,0.35,0.35,0.3,normal,False,0,0,1.0
2010,demand_surge,cs_moderate_1,moderate,RuleBased,CausalOptimizer,2185.0,0.9400544959128065,22.0,6.6,7,0.0,0.0,1.0,demand_surge,True,0,10,1.75
2010,demand_surge,cs_moderate_1,moderate,TFIDF_LogReg,CausalOptimizer,1846.4376571054454,0.8748362886794562,45.93508205463953,5.690025750508058,10,0.2562401671770621,0.28983321507626014,0.4539266177466778,demand_surge,True,0,10,1.75
2010,demand_surge,cs_moderate_1,moderate,TFIDF_LogReg_Calibrated,CausalOptimizer,2185.0,0.9400544959128065,22.0,6.6,7,0.0,0.0,1.0,demand_surge,True,0,10,1.75
2010,demand_surge,cs_moderate_1,moderate,PerfectSemantic,CausalOptimizer,2185.0,0.9400544959128065,22.0,6.6,7,0.0,0.0,1.0,demand_surge,True,0,10,1.75
2010,demand_surge,cs_moderate_2,moderate,NoInfo,CausalOptimizer,1768.0000000000002,0.8572207084468666,52.39999999999999,5.065,11,0.35,0.35,0.3,normal,False,0,0,1.0
2010,demand_surge,cs_moderate_2,moderate,RuleBased,CausalOptimizer,2185.0,0.9400544959128065,22.0,6.6,7,0.0,0.0,1.0,demand_surge,True,0,10,1.75
2010,demand_surge,cs_moderate_2,moderate,TFIDF_LogReg,CausalOptimizer,1800.2423942201199,0.8644557384048994,49.7447440054019,5.321042542336245,11,0.3050606623633326,0.33171895681290353,0.3632203808237639,demand_surge,True,0,10,1.75
2010,demand_surge,cs_moderate_2,moderate,TFIDF_LogReg_Calibrated,CausalOptimizer,1940.3195245541517,0.8985906137918364,37.217244738396055,6.830113990787785,12,0.030549867687620986,0.20374150666771496,0.765708625644664,demand_surge,True,0,10,1.75
2010,demand_surge,cs_moderate_2,moderate,PerfectSemantic,CausalOptimizer,2185.0,0.9400544959128065,22.0,6.6,7,0.0,0.0,1.0,demand_surge,True,0,10,1.75
2010,demand_surge,cs_moderate_3,moderate,NoInfo,CausalOptimizer,1768.0000000000002,0.8572207084468666,52.39999999999999,5.065,11,0.35,0.35,0.3,normal,False,0,0,1.0
2010,demand_surge,cs_moderate_3,moderate,RuleBased,CausalOptimizer,2185.0,0.9400544959128065,22.0,6.6,7,0.0,0.0,1.0,demand_surge,True,0,10,1.75
2010,demand_surge,cs_moderate_3,moderate,TFIDF_LogReg,CausalOptimizer,1818.8657234863622,0.8686347191666786,48.21105806582899,5.468933686509348,11,0.27367353039753234,0.3265897568841102,0.3997367127183575,demand_surge,True,0,10,1.75
2010,demand_surge,cs_moderate_3,moderate,TFIDF_LogReg_Calibrated,CausalOptimizer,2150.097395696953,0.9308794206675338,25.367252615015087,6.0944694000343125,8,0.0,0.10398220511940719,0.8960177948805929,demand_surge,True,0,10,1.75
2010,demand_surge,cs_moderate_3,moderate,PerfectSemantic,CausalOptimizer,2185.0,0.9400544959128065,22.0,6.6,7,0.0,0.0,1.0,demand_surge,True,0,10,1.75
2010,demand_surge,cs_moderate_4,moderate,NoInfo,CausalOptimizer,1768.0000000000002,0.8572207084468666,52.39999999999999,5.065,11,0.35,0.35,0.3,normal,False,0,0,1.0
2010,demand_surge,cs_moderate_4,moderate,RuleBased,CausalOptimizer,1933.0,0.8937329700272479,39.0,6.3,11,0.0,0.33333333333333337,0.6666666666666667,demand_surge,True,0,10,1.75
2010,demand_surge,cs_moderate_4,moderate,TFIDF_LogReg,CausalOptimizer,1813.0307980442608,0.8673253914508681,48.69158133753143,5.422597513880897,11,0.2679551803248051,0.3437491372354677,0.3882956824397273,demand_surge,True,0,10,1.75
2010,demand_surge,cs_moderate_4,moderate,TFIDF_LogReg_Calibrated,CausalOptimizer,1932.9559962782064,0.8937029947399228,39.01100093044836,6.296699720865495,11,0.0,0.3339444961360196,0.6660555038639805,demand_surge,True,0,10,1.75
2010,demand_surge,cs_moderate_4,moderate,PerfectSemantic,CausalOptimizer,2185.0,0.9400544959128065,22.0,6.6,7,0.0,0.0,1.0,demand_surge,True,0,10,1.75
2010,demand_surge,cs_vague_1,vague,NoInfo,CausalOptimizer,1768.0000000000002,0.8572207084468666,52.39999999999999,5.065,11,0.35,0.35,0.3,normal,False,0,0,1.0
2010,demand_surge,cs_vague_1,vague,RuleBased,CausalOptimizer,2185.0,0.9400544959128065,22.0,6.6,7,0.0,0.0,1.0,demand_surge,True,0,10,1.75
2010,demand_surge,cs_vague_1,vague,TFIDF_LogReg,CausalOptimizer,1785.5848542393028,0.8611666606723873,50.951835533233876,5.204644430723877,11,0.3840830589921588,0.28143683465626657,0.3344801063515746,normal,False,0,0,1.0
2010,demand_surge,cs_vague_1,vague,TFIDF_LogReg_Calibrated,CausalOptimizer,1775.2197247680238,0.8531842008396172,53.88139829186042,3.9919475640552333,12,0.7480233048643404,0.0,0.2519766951356595,normal,False,0,0,1.0
2010,demand_surge,cs_vague_1,vague,PerfectSemantic,CausalOptimizer,2185.0,0.9400544959128065,22.0,6.6,7,0.0,0.0,1.0,demand_surge,True,0,10,1.75
2010,demand_surge,cs_vague_2,vague,NoInfo,CausalOptimizer,1768.0000000000002,0.8572207084468666,52.39999999999999,5.065,11,0.35,0.35,0.3,normal,False,0,0,1.0
2010,demand_surge,cs_vague_2,vague,RuleBased,CausalOptimizer,2185.0,0.9400544959128065,22.0,6.6,7,0.0,0.0,1.0,demand_surge,True,0,10,1.75
2010,demand_surge,cs_vague_2,vague,TFIDF_LogReg,CausalOptimizer,1804.6819633092452,0.8654519552224624,49.37913243335627,5.35629794392636,11,0.29028930827069516,0.3377852734758828,0.37192541825342207,demand_surge,True,0,10,1.75
2010,demand_surge,cs_vague_2,vague,TFIDF_LogReg_Calibrated,CausalOptimizer,1939.1861397142295,0.8979288476338437,37.46011291837937,6.76130133979251,12,0.0,0.24778405102107634,0.7522159489789236,demand_surge,True,0,10,1.75
2010,demand_surge,cs_vague_2,vague,PerfectSemantic,CausalOptimizer,2185.0,0.9400544959128065,22.0,6.6,7,0.0,0.0,1.0,demand_surge,True,0,10,1.75
2010,demand_surge,cs_vague_3,vague,NoInfo,CausalOptimizer,1768.0000000000002,0.8572207084468666,52.39999999999999,5.065,11,0.35,0.35,0.3,normal,False,0,0,1.0
2010,demand_surge,cs_vague_3,vague,RuleBased,CausalOptimizer,2185.0,0.9400544959128065,22.0,6.6,7,0.0,0.0,1.0,demand_surge,True,0,10,1.75
2010,demand_surge,cs_vague_3,vague,TFIDF_LogReg,CausalOptimizer,1780.0768743297785,0.8599306978781359,51.40543387872412,5.160904590265889,11,0.3540121558864553,0.32230769836888046,0.32368014574466425,normal,False,0,0,1.0
2010,demand_surge,cs_vague_3,vague,TFIDF_LogReg_Calibrated,CausalOptimizer,1959.919032279842,0.8925694314056761,39.427018674116916,5.12459516139921,9,0.43873853985992667,0.0,0.5612614601400733,demand_surge,True,0,10,1.75
2010,demand_surge,cs_vague_3,vague,PerfectSemantic,CausalOptimizer,2185.0,0.9400544959128065,22.0,6.6,7,0.0,0.0,1.0,demand_surge,True,0,10,1.75
2010,demand_surge,cs_vague_4,vague,NoInfo,CausalOptimizer,1768.0000000000002,0.8572207084468666,52.39999999999999,5.065,11,0.35,0.35,0.3,normal,False,0,0,1.0
2010,demand_surge,cs_vague_4,vague,RuleBased,CausalOptimizer,2185.0,0.9400544959128065,22.0,6.6,7,0.0,0.0,1.0,demand_surge,True,0,10,1.75
2010,demand_surge,cs_vague_4,vague,TFIDF_LogReg,CausalOptimizer,1789.370326562443,0.8620161014886071,50.64009075368116,5.234705534466459,11,0.31990511097456986,0.33819228792260086,0.3419026011028292,demand_surge,True,0,10,1.75
2010,demand_surge,cs_vague_4,vague,TFIDF_LogReg_Calibrated,CausalOptimizer,1788.3380923613079,0.8617844733620501,50.725098276127596,5.226508380516267,11,0.3333333333333333,0.32678805419351414,0.33987861247315254,demand_surge,True,0,10,1.75
2010,demand_surge,cs_vague_4,vague,PerfectSemantic,CausalOptimizer,2185.0,0.9400544959128065,22.0,6.6,7,0.0,0.0,1.0,demand_surge,True,0,10,1.75
2011,demand_surge,cs_clear_1,clear,NoInfo,CausalOptimizer,1918.6000000000004,0.8689839572192515,49.000000000000014,4.21,11,0.35,0.35,0.3,normal,False,0,0,1.0
2011,demand_surge,cs_clear_1,clear,RuleBased,CausalOptimizer,2294.5714285714284,0.9354469060351415,24.142857142857153,4.753571428571428,6,0.0,0.2857142857142857,0.7142857142857143,demand_surge,True,0,10,1.75
2011,demand_surge,cs_clear_1,clear,TFIDF_LogReg,CausalOptimizer,2048.2111484821926,0.8912096583933246,40.687587760896605,4.294686183586551,9,0.25306016922754665,0.30839962678739646,0.4385402039850568,demand_surge,True,0,10,1.75
2011,demand_surge,cs_clear_1,clear,TFIDF_LogReg_Calibrated,CausalOptimizer,2366.60532673717,0.95012614496975,18.65282178131353,5.148738119045347,4,0.028235133975045103,0.16019225873540613,0.8115726072895488,demand_surge,True,0,10,1.75
2011,demand_surge,cs_clear_1,clear,PerfectSemantic,CausalOptimizer,2113.0,0.9278074866310161,27.0,7.85,5,0.0,0.0,1.0,demand_surge,True,0,10,1.75
2011,demand_surge,cs_clear_2,clear,NoInfo,CausalOptimizer,1918.6000000000004,0.8689839572192515,49.000000000000014,4.21,11,0.35,0.35,0.3,normal,False,0,0,1.0
2011,demand_surge,cs_clear_2,clear,RuleBased,CausalOptimizer,2113.0,0.9278074866310161,27.0,7.85,5,0.0,0.0,1.0,demand_surge,True,0,10,1.75
2011,demand_surge,cs_clear_2,clear,TFIDF_LogReg,CausalOptimizer,2040.0095138204022,0.8897856645983059,41.22016144023365,4.2866975783964945,9,0.2382103439647175,0.3321256800391768,0.42966397599610573,demand_surge,True,0,10,1.75
2011,demand_surge,cs_clear_2,clear,TFIDF_LogReg_Calibrated,CausalOptimizer,2282.651536803457,0.9332024434743271,24.982286140601623,4.715797123672926,6,0.04291673587658595,0.25678803313344095,0.7002952309899731,demand_surge,True,0,10,1.75
2011,demand_surge,cs_clear_2,clear,PerfectSemantic,CausalOptimizer,2113.0,0.9278074866310161,27.0,7.85,5,0.0,0.0,1.0,demand_surge,True,0,10,1.75
2011,demand_surge,cs_clear_3,clear,NoInfo,CausalOptimizer,1918.6000000000004,0.8689839572192515,49.000000000000014,4.21,11,0.35,0.35,0.3,normal,False,0,0,1.0
2011,demand_surge,cs_clear_3,clear,RuleBased,CausalOptimizer,2113.0,0.9278074866310161,27.0,7.85,5,0.0,0.0,1.0,demand_surge,True,0,10,1.75
2011,demand_surge,cs_clear_3,clear,TFIDF_LogReg,CausalOptimizer,2039.941067064646,0.8897737806557132,41.224606034763255,4.286630909478552,9,0.2678348108474828,0.3025752897319048,0.4295898994206125,demand_surge,True,0,10,1.75
2011,demand_surge,cs_clear_3,clear,TFIDF_LogReg_Calibrated,CausalOptimizer,2103.8544958111247,0.9250128329445759,28.04520047872859,7.5821673773258,6,0.0,0.0435500199470249,0.9564499800529752,demand_surge,True,0,10,1.75
2011,demand_surge,cs_clear_3,clear,PerfectSemantic,CausalOptimizer,2113.0,0.9278074866310161,27.0,7.85,5,0.0,0.0,1.0,demand_surge,True,0,10,1.75
2011,demand_surge,cs_clear_4,clear,NoInfo,CausalOptimizer,1918.6000000000004,0.8689839572192515,49.000000000000014,4.21,11,0.35,0.35,0.3,normal,False,0,0,1.0
2011,demand_surge,cs_clear_4,clear,RuleBased,CausalOptimizer,2113.0,0.9278074866310161,27.0,7.85,5,0.0,0.0,1.0,demand_surge,True,0,10,1.75
2011,demand_surge,cs_clear_4,clear,TFIDF_LogReg,CausalOptimizer,2045.9931797964218,0.8908245676429652,40.831611701531045,4.292525824477035,9,0.2541504656514546,0.30970972937406327,0.4361398049744822,demand_surge,True,0,10,1.75
2011,demand_surge,cs_clear_4,clear,TFIDF_LogReg_Calibrated,CausalOptimizer,2107.9367613094737,0.9262602784750111,27.578655850345882,7.701719438348867,6,0.024110660431078526,0.0,0.9758893395689214,demand_surge,True,0,10,1.75
2011,demand_surge,cs_clear_4,clear,PerfectSemantic,CausalOptimizer,2113.0,0.9278074866310161,27.0,7.85,5,0.0,0.0,1.0,demand_surge,True,0,10,1.75
2011,demand_surge,cs_moderate_1,moderate,NoInfo,CausalOptimizer,1918.6000000000004,0.8689839572192515,49.000000000000014,4.21,11,0.35,0.35,0.3,normal,False,0,0,1.0
2011,demand_surge,cs_moderate_1,moderate,RuleBased,CausalOptimizer,2113.0,0.9278074866310161,27.0,7.85,5,0.0,0.0,1.0,demand_surge,True,0,10,1.75
2011,demand_surge,cs_moderate_1,moderate,TFIDF_LogReg,CausalOptimizer,2062.2575156784906,0.8936780670181836,39.76440293519933,4.312800933958014,8,0.2562401671770621,0.28983321507626014,0.4539266177466778,demand_surge,True,0,10,1.75
2011,demand_surge,cs_moderate_1,moderate,TFIDF_LogReg_Calibrated,CausalOptimizer,2113.0,0.9278074866310161,27.0,7.85,5,0.0,0.0,1.0,demand_surge,True,0,10,1.75
2011,demand_surge,cs_moderate_1,moderate,PerfectSemantic,CausalOptimizer,2113.0,0.9278074866310161,27.0,7.85,5,0.0,0.0,1.0,demand_surge,True,0,10,1.75
2011,demand_surge,cs_moderate_2,moderate,NoInfo,CausalOptimizer,1918.6000000000004,0.8689839572192515,49.000000000000014,4.21,11,0.35,0.35,0.3,normal,False,0,0,1.0
2011,demand_surge,cs_moderate_2,moderate,RuleBased,CausalOptimizer,2113.0,0.9278074866310161,27.0,7.85,5,0.0,0.0,1.0,demand_surge,True,0,10,1.75
2011,demand_surge,cs_moderate_2,moderate,TFIDF_LogReg,CausalOptimizer,1977.9742764510431,0.8791262643032774,45.206777150574155,4.242932228494259,10,0.3050606623633326,0.33171895681290353,0.3632203808237639,demand_surge,True,0,10,1.75
2011,demand_surge,cs_moderate_2,moderate,TFIDF_LogReg_Calibrated,CausalOptimizer,2336.818238526045,0.9436965709590369,21.05748246132017,4.93155105232079,5,0.030549867687620986,0.20374150666771496,0.765708625644664,demand_surge,True,0,10,1.75
2011,demand_surge,cs_moderate_2,moderate,PerfectSemantic,CausalOptimizer,2113.0,0.9278074866310161,27.0,7.85,5,0.0,0.0,1.0,demand_surge,True,0,10,1.75
2011,demand_surge,cs_moderate_3,moderate,NoInfo,CausalOptimizer,1918.6000000000004,0.8689839572192515,49.000000000000014,4.21,11,0.35,0.35,0.3,normal,False,0,0,1.0
2011,demand_surge,cs_moderate_3,moderate,RuleBased,CausalOptimizer,2113.0,0.9278074866310161,27.0,7.85,5,0.0,0.0,1.0,demand_surge,True,0,10,1.75
2011,demand_surge,cs_moderate_3,moderate,TFIDF_LogReg,CausalOptimizer,2012.1535631043828,0.8849844993665813,43.01579723689855,4.264842027631015,10,0.27367353039753234,0.3265897568841102,0.3997367127183575,demand_surge,True,0,10,1.75
2011,demand_surge,cs_moderate_3,moderate,TFIDF_LogReg_Calibrated,CausalOptimizer,2096.5132812314023,0.9211348317570434,29.49557292286577,7.163938800068626,6,0.0,0.10398220511940719,0.8960177948805929,demand_surge,True,0,10,1.75
2011,demand_surge,cs_moderate_3,moderate,PerfectSemantic,CausalOptimizer,2113.0,0.9278074866310161,27.0,7.85,5,0.0,0.0,1.0,demand_surge,True,0,10,1.75
2011,demand_surge,cs_moderate_4,moderate,NoInfo,CausalOptimizer,1918.6000000000004,0.8689839572192515,49.000000000000014,4.21,11,0.35,0.35,0.3,normal,False,0,0,1.0
2011,demand_surge,cs_moderate_4,moderate,RuleBased,CausalOptimizer,2254.0,0.9278074866310161,27.0,4.625,6,0.0,0.33333333333333337,0.6666666666666667,demand_surge,True,0,10,1.75
2011,demand_surge,cs_moderate_4,moderate,TFIDF_LogReg,CausalOptimizer,2001.4447587635846,0.8831490399635927,43.702259053616345,4.2579774094638365,10,0.2679551803248051,0.3437491372354677,0.3882956824397273,demand_surge,True,0,10,1.75
2011,demand_surge,cs_moderate_4,moderate,TFIDF_LogReg_Calibrated,CausalOptimizer,2253.4499534775823,0.9277094391225637,27.03666976816117,4.624083255795971,7,0.0,0.3339444961360196,0.6660555038639805,demand_surge,True,0,10,1.75
2011,demand_surge,cs_moderate_4,moderate,PerfectSemantic,CausalOptimizer,2113.0,0.9278074866310161,27.0,7.85,5,0.0,0.0,1.0,demand_surge,True,0,10,1.75
2011,demand_surge,cs_vague_1,vague,NoInfo,CausalOptimizer,1918.6000000000004,0.8689839572192515,49.000000000000014,4.21,11,0.35,0.35,0.3,normal,False,0,0,1.0
2011,demand_surge,cs_vague_1,vague,RuleBased,CausalOptimizer,2113.0,0.9278074866310161,27.0,7.85,5,0.0,0.0,1.0,demand_surge,True,0,10,1.75
2011,demand_surge,cs_vague_1,vague,TFIDF_LogReg,CausalOptimizer,1951.073379545074,0.8745155250831401,46.931193618905525,4.225688063810945,10,0.3840830589921588,0.28143683465626657,0.3344801063515746,normal,False,0,0,1.0
2011,demand_surge,cs_vague_1,vague,TFIDF_LogReg_Calibrated,CausalOptimizer,1735.3857671594192,0.8398893093800522,59.88139829186041,4.287796504270349,12,0.7480233048643404,0.0,0.2519766951356595,normal,False,0,0,1.0
2011,demand_surge,cs_vague_1,vague,PerfectSemantic,CausalOptimizer,2113.0,0.9278074866310161,27.0,7.85,5,0.0,0.0,1.0,demand_surge,True,0,10,1.75
2011,demand_surge,cs_vague_2,vague,NoInfo,CausalOptimizer,1918.6000000000004,0.8689839572192515,49.000000000000014,4.21,11,0.35,0.35,0.3,normal,False,0,0,1.0
2011,demand_surge,cs_vague_2,vague,RuleBased,CausalOptimizer,2113.0,0.9278074866310161,27.0,7.85,5,0.0,0.0,1.0,demand_surge,True,0,10,1.75
2011,demand_surge,cs_vague_2,vague,TFIDF_LogReg,CausalOptimizer,1986.1221914852033,0.8805227943722067,44.68447490479467,4.2481552509520535,10,0.29028930827069516,0.3377852734758828,0.37192541825342207,demand_surge,True,0,10,1.75
2011,demand_surge,cs_vague_2,vague,TFIDF_LogReg_Calibrated,CausalOptimizer,2325.8082143668016,0.9415319704244262,21.86704306126459,4.882977416324125,5,0.0,0.24778405102107634,0.7522159489789236,demand_surge,True,0,10,1.75
2011,demand_surge,cs_vague_2,vague,PerfectSemantic,CausalOptimizer,2113.0,0.9278074866310161,27.0,7.85,5,0.0,0.0,1.0,demand_surge,True,0,10,1.75
2011,demand_surge,cs_vague_3,vague,NoInfo,CausalOptimizer,1918.6000000000004,0.8689839572192515,49.000000000000014,4.21,11,0.35,0.35,0.3,normal,False,0,0,1.0
2011,demand_surge,cs_vague_3,vague,RuleBased,CausalOptimizer,2113.0,0.9278074866310161,27.0,7.85,5,0.0,0.0,1.0,demand_surge,True,0,10,1.75
2011,demand_surge,cs_vague_3,vague,TFIDF_LogReg,CausalOptimizer,1940.9066972914734,0.8727829110820319,47.57919125532016,4.220656065585098,11,0.3540121558864553,0.32230769836888046,0.32368014574466425,normal,False,0,0,1.0
2011,demand_surge,cs_vague_3,vague,TFIDF_LogReg_Calibrated,CausalOptimizer,2024.8704516477471,0.8895071861187284,41.3243123915956,4.473513752168088,8,0.43873853985992667,0.0,0.5612614601400733,demand_surge,True,0,10,1.75
2011,demand_surge,cs_vague_3,vague,PerfectSemantic,CausalOptimizer,2113.0,0.9278074866310161,27.0,7.85,5,0.0,0.0,1.0,demand_surge,True,0,10,1.75
2011,demand_surge,cs_vague_4,vague,NoInfo,CausalOptimizer,1918.6000000000004,0.8689839572192515,49.000000000000014,4.21,11,0.35,0.35,0.3,normal,False,0,0,1.0
2011,demand_surge,cs_vague_4,vague,RuleBased,CausalOptimizer,2113.0,0.9278074866310161,27.0,7.85,5,0.0,0.0,1.0,demand_surge,True,0,10,1.75
2011,demand_surge,cs_vague_4,vague,TFIDF_LogReg,CausalOptimizer,1958.0208346322486,0.8757062996421652,46.48584393383023,4.230141560661698,10,0.31990511097456986,0.33819228792260086,0.3419026011028292,demand_surge,True,0,10,1.75
2011,demand_surge,cs_vague_4,vague,TFIDF_LogReg_Calibrated,CausalOptimizer,1956.1263812748707,0.8753815955839283,46.60728325161085,4.228927167483891,10,0.3333333333333333,0.32678805419351414,0.33987861247315254,demand_surge,True,0,10,1.75
2011,demand_surge,cs_vague_4,vague,PerfectSemantic,CausalOptimizer,2113.0,0.9278074866310161,27.0,7.85,5,0.0,0.0,1.0,demand_surge,True,0,10,1.75
2012,demand_surge,cs_clear_1,clear,NoInfo,CausalOptimizer,1666.2000000000003,0.7741176470588237,96.00000000000001,2.07,27,0.35,0.35,0.3,normal,False,0,0,1.0
2012,demand_surge,cs_clear_1,clear,RuleBased,CausalOptimizer,2054.857142857143,0.8326050420168066,71.14285714285715,2.296428571428571,24,0.0,0.2857142857142857,0.7142857142857143,demand_surge,True,0,10,1.75
2012,demand_surge,cs_clear_1,clear,TFIDF_LogReg,CausalOptimizer,1797.1048721539232,0.7936762640920079,87.6875877608966,2.1223430917932755,26,0.25306016922754665,0.30839962678739646,0.4385402039850568,demand_surge,True,0,10,1.75
2012,demand_surge,cs_clear_1,clear,TFIDF_LogReg_Calibrated,CausalOptimizer,2142.068168341908,0.8463396622055834,65.30564356262707,2.451038366401485,23,0.028235133975045103,0.16019225873540613,0.8115726072895488,demand_surge,True,0,10,1.75
2012,demand_surge,cs_clear_1,clear,PerfectSemantic,CausalOptimizer,2212.0,0.8564705882352941,61.0,2.425,20,0.0,0.0,1.0,demand_surge,True,0,10,1.75
2012,demand_surge,cs_clear_2,clear,NoInfo,CausalOptimizer,1666.2000000000003,0.7741176470588237,96.00000000000001,2.07,27,0.35,0.35,0.3,normal,False,0,0,1.0
2012,demand_surge,cs_clear_2,clear,RuleBased,CausalOptimizer,2212.0,0.8564705882352941,61.0,2.425,20,0.0,0.0,1.0,demand_surge,True,0,10,1.75
2012,demand_surge,cs_clear_2,clear,TFIDF_LogReg,CausalOptimizer,1788.7434653883322,0.7924231495523916,88.22016144023365,2.1183487891982478,26,0.2382103439647175,0.3321256800391768,0.42966397599610573,demand_surge,True,0,10,1.75
2012,demand_surge,cs_clear_2,clear,TFIDF_LogReg_Calibrated,CausalOptimizer,2042.2657078909756,0.8306299149632903,71.98228614060163,2.2754428464849594,24,0.04291673587658595,0.25678803313344095,0.7002952309899731,demand_surge,True,0,10,1.75
2012,demand_surge,cs_clear_2,clear,PerfectSemantic,CausalOptimizer,2212.0,0.8564705882352941,61.0,2.425,20,0.0,0.0,1.0,demand_surge,True,0,10,1.75
2012,demand_surge,cs_clear_3,clear,NoInfo,CausalOptimizer,1666.2000000000003,0.7741176470588237,96.00000000000001,2.07,27,0.35,0.35,0.3,normal,False,0,0,1.0
2012,demand_surge,cs_clear_3,clear,RuleBased,CausalOptimizer,2212.0,0.8564705882352941,61.0,2.425,20,0.0,0.0,1.0,demand_surge,True,0,10,1.75
2012,demand_surge,cs_clear_3,clear,TFIDF_LogReg,CausalOptimizer,1788.6736852542172,0.7924126916829098,88.22460603476326,2.1183154547392755,26,0.2678348108474828,0.3025752897319048,0.4295898994206125,demand_surge,True,0,10,1.75
2012,demand_surge,cs_clear_3,clear,TFIDF_LogReg_Calibrated,CausalOptimizer,2172.5436819279953,0.8503223501251259,63.61300119682147,2.366207473071517,23,0.0,0.0435500199470249,0.9564499800529752,demand_surge,True,0,10,1.75
2012,demand_surge,cs_clear_3,clear,PerfectSemantic,CausalOptimizer,2212.0,0.8564705882352941,61.0,2.425,20,0.0,0.0,1.0,demand_surge,True,0,10,1.75
2012,demand_surge,cs_clear_4,clear,NoInfo,CausalOptimizer,1666.2000000000003,0.7741176470588237,96.00000000000001,2.07,27,0.35,0.35,0.3,normal,False,0,0,1.0
2012,demand_surge,cs_clear_4,clear,RuleBased,CausalOptimizer,2212.0,0.8564705882352941,61.0,2.425,20,0.0,0.0,1.0,demand_surge,True,0,10,1.75
2012,demand_surge,cs_clear_4,clear,TFIDF_LogReg,CausalOptimizer,1794.8436962859628,0.7933373842316918,87.83161170153105,2.121262912238517,26,0.2541504656514546,0.30970972937406327,0.4361398049744822,demand_surge,True,0,10,1.75
2012,demand_surge,cs_clear_4,clear,TFIDF_LogReg_Calibrated,CausalOptimizer,2190.1557416494434,0.8530667302920832,62.446639625864705,2.392450608418044,23,0.024110660431078526,0.0,0.9758893395689214,demand_surge,True,0,10,1.75
2012,demand_surge,cs_clear_4,clear,PerfectSemantic,CausalOptimizer,2212.0,0.8564705882352941,61.0,2.425,20,0.0,0.0,1.0,demand_surge,True,0,10,1.75
2012,demand_surge,cs_moderate_1,moderate,NoInfo,CausalOptimizer,1666.2000000000003,0.7741176470588237,96.00000000000001,2.07,27,0.35,0.35,0.3,normal,False,0,0,1.0
2012,demand_surge,cs_moderate_1,moderate,RuleBased,CausalOptimizer,2212.0,0.8564705882352941,61.0,2.425,20,0.0,0.0,1.0,demand_surge,True,0,10,1.75
2012,demand_surge,cs_moderate_1,moderate,TFIDF_LogReg,CausalOptimizer,1811.598873917371,0.795848463681884,86.76440293519933,2.129266977986005,26,0.2562401671770621,0.28983321507626014,0.4539266177466778,demand_surge,True,0,10,1.75
2012,demand_surge,cs_moderate_1,moderate,TFIDF_LogReg_Calibrated,CausalOptimizer,2212.0,0.8564705882352941,61.0,2.425,20,0.0,0.0,1.0,demand_surge,True,0,10,1.75
2012,demand_surge,cs_moderate_1,moderate,PerfectSemantic,CausalOptimizer,2212.0,0.8564705882352941,61.0,2.425,20,0.0,0.0,1.0,demand_surge,True,0,10,1.75
2012,demand_surge,cs_moderate_2,moderate,NoInfo,CausalOptimizer,1666.2000000000003,0.7741176470588237,96.00000000000001,2.07,27,0.35,0.35,0.3,normal,False,0,0,1.0
2012,demand_surge,cs_moderate_2,moderate,RuleBased,CausalOptimizer,2212.0,0.8564705882352941,61.0,2.425,20,0.0,0.0,1.0,demand_surge,True,0,10,1.75
2012,demand_surge,cs_moderate_2,moderate,TFIDF_LogReg,CausalOptimizer,1726.1535987359862,0.7830428772927666,92.20677715057415,2.0884491713706934,26,0.3050606623633326,0.33171895681290353,0.3632203808237639,demand_surge,True,0,10,1.75
2012,demand_surge,cs_moderate_2,moderate,TFIDF_LogReg_Calibrated,CausalOptimizer,2101.137763080197,0.839864747149835,68.05748246132018,2.3735629384669954,24,0.030549867687620986,0.20374150666771496,0.765708625644664,demand_surge,True,0,10,1.75
2012,demand_surge,cs_moderate_2,moderate,PerfectSemantic,CausalOptimizer,2212.0,0.8564705882352941,61.0,2.425,20,0.0,0.0,1.0,demand_surge,True,0,10,1.75
2012,demand_surge,cs_moderate_3,moderate,NoInfo,CausalOptimizer,1666.2000000000003,0.7741176470588237,96.00000000000001,2.07,27,0.35,0.35,0.3,normal,False,0,0,1.0
2012,demand_surge,cs_moderate_3,moderate,RuleBased,CausalOptimizer,2212.0,0.8564705882352941,61.0,2.425,20,0.0,0.0,1.0,demand_surge,True,0,10,1.75
2012,demand_surge,cs_moderate_3,moderate,TFIDF_LogReg,CausalOptimizer,1760.551983380693,0.7881981241484739,90.01579723689855,2.1048815207232607,26,0.27367353039753234,0.3265897568841102,0.3997367127183575,demand_surge,True,0,10,1.75
2012,demand_surge,cs_moderate_3,moderate,TFIDF_LogReg_Calibrated,CausalOptimizer,2117.792122161817,0.8417907475125542,67.23893230716442,2.2846240230888,23,0.0,0.10398220511940719,0.8960177948805929,demand_surge,True,0,10,1.75
2012,demand_surge,cs_moderate_3,moderate,PerfectSemantic,CausalOptimizer,2212.0,0.8564705882352941,61.0,2.425,20,0.0,0.0,1.0,demand_surge,True,0,10,1.75
2012,demand_surge,cs_moderate_4,moderate,NoInfo,CausalOptimizer,1666.2000000000003,0.7741176470588237,96.00000000000001,2.07,27,0.35,0.35,0.3,normal,False,0,0,1.0
2012,demand_surge,cs_moderate_4,moderate,RuleBased,CausalOptimizer,2012.0,0.8258823529411765,74.0,2.225,24,0.0,0.33333333333333337,0.6666666666666667,demand_surge,True,0,10,1.75
2012,demand_surge,cs_moderate_4,moderate,TFIDF_LogReg,CausalOptimizer,1749.7745328582228,0.7865829198738439,90.70225905361634,2.0997330570978776,26,0.2679551803248051,0.3437491372354677,0.3882956824397273,demand_surge,True,0,10,1.75
2012,demand_surge,cs_moderate_4,moderate,TFIDF_LogReg_Calibrated,CausalOptimizer,2011.4242846398693,0.8257960711337385,74.03666976816118,2.2247249767387913,26,0.0,0.3339444961360196,0.6660555038639805,demand_surge,True,0,10,1.75
2012,demand_surge,cs_moderate_4,moderate,PerfectSemantic,CausalOptimizer,2212.0,0.8564705882352941,61.0,2.425,20,0.0,0.0,1.0,demand_surge,True,0,10,1.75
2012,demand_surge,cs_vague_1,vague,NoInfo,CausalOptimizer,1666.2000000000003,0.7741176470588237,96.00000000000001,2.07,27,0.35,0.35,0.3,normal,False,0,0,1.0
2012,demand_surge,cs_vague_1,vague,RuleBased,CausalOptimizer,2212.0,0.8564705882352941,61.0,2.425,20,0.0,0.0,1.0,demand_surge,True,0,10,1.75
2012,demand_surge,cs_vague_1,vague,TFIDF_LogReg,CausalOptimizer,1699.0802601831836,0.7789854267790457,93.93119361890551,2.0755160478582084,26,0.3840830589921588,0.28143683465626657,0.3344801063515746,normal,False,0,0,1.0
2012,demand_surge,cs_vague_1,vague,TFIDF_LogReg_Calibrated,CausalOptimizer,1508.3857671594192,0.7508672981367989,105.8813982918604,2.062796504270349,27,0.7480233048643404,0.0,0.2519766951356595,normal,False,0,0,1.0
2012,demand_surge,cs_vague_1,vague,PerfectSemantic,CausalOptimizer,2212.0,0.8564705882352941,61.0,2.425,20,0.0,0.0,1.0,demand_surge,True,0,10,1.75
2012,demand_surge,cs_vague_2,vague,NoInfo,CausalOptimizer,1666.2000000000003,0.7741176470588237,96.00000000000001,2.07,27,0.35,0.35,0.3,normal,False,0,0,1.0
2012,demand_surge,cs_vague_2,vague,RuleBased,CausalOptimizer,2212.0,0.8564705882352941,61.0,2.425,20,0.0,0.0,1.0,demand_surge,True,0,10,1.75
2012,demand_surge,cs_vague_2,vague,TFIDF_LogReg,CausalOptimizer,1734.3537439947238,0.7842718237534243,91.68447490479467,2.0923664382140403,26,0.29028930827069516,0.3377852734758828,0.37192541825342207,demand_surge,True,0,10,1.75
2012,demand_surge,cs_vague_2,vague,TFIDF_LogReg_Calibrated,CausalOptimizer,2088.9943540810314,0.8379598986793774,68.8670430612646,2.3533239234683854,24,0.0,0.24778405102107634,0.7522159489789236,demand_surge,True,0,10,1.75
2012,demand_surge,cs_vague_2,vague,PerfectSemantic,CausalOptimizer,2212.0,0.8564705882352941,61.0,2.425,20,0.0,0.0,1.0,demand_surge,True,0,10,1.75
2012,demand_surge,cs_vague_3,vague,NoInfo,CausalOptimizer,1666.2000000000003,0.7741176470588237,96.00000000000001,2.07,27,0.35,0.35,0.3,normal,False,0,0,1.0
2012,demand_surge,cs_vague_3,vague,RuleBased,CausalOptimizer,2212.0,0.8564705882352941,61.0,2.425,20,0.0,0.0,1.0,demand_surge,True,0,10,1.75
2012,demand_surge,cs_vague_3,vague,TFIDF_LogReg,CausalOptimizer,1688.7908590404095,0.7774607264580704,94.57919125532015,2.0735520218617,27,0.3540121558864553,0.32230769836888046,0.32368014574466425,normal,False,0,0,1.0
2012,demand_surge,cs_vague_3,vague,TFIDF_LogReg_Calibrated,CausalOptimizer,1803.4434329736303,0.794531029666834,87.32431239159558,2.109189219021011,27,0.43873853985992667,0.0,0.5612614601400733,demand_surge,True,0,10,1.75
2012,demand_surge,cs_vague_3,vague,PerfectSemantic,CausalOptimizer,2212.0,0.8564705882352941,61.0,2.425,20,0.0,0.0,1.0,demand_surge,True,0,10,1.75
2012,demand_surge,cs_vague_4,vague,NoInfo,CausalOptimizer,1666.2000000000003,0.7741176470588237,96.00000000000001,2.07,27,0.35,0.35,0.3,normal,False,0,0,1.0
2012,demand_surge,cs_vague_4,vague,RuleBased,CausalOptimizer,2212.0,0.8564705882352941,61.0,2.425,20,0.0,0.0,1.0,demand_surge,True,0,10,1.75
2012,demand_surge,cs_vague_4,vague,TFIDF_LogReg,CausalOptimizer,1706.0722502388658,0.7800333083909877,93.48584393383024,2.078856170496273,26,0.31990511097456986,0.33819228792260086,0.3419026011028292,demand_surge,True,0,10,1.75
2012,demand_surge,cs_vague_4,vague,TFIDF_LogReg_Calibrated,CausalOptimizer,1704.1656529497095,0.7797475688197392,93.60728325161085,2.0779453756129187,26,0.3333333333333333,0.32678805419351414,0.33987861247315254,demand_surge,True,0,10,1.75
2012,demand_surge,cs_vague_4,vague,PerfectSemantic,CausalOptimizer,2212.0,0.8564705882352941,61.0,2.425,20,0.0,0.0,1.0,demand_surge,True,0,10,1.75
2013,demand_surge,cs_clear_1,clear,NoInfo,CausalOptimizer,1976.8000000000002,0.8417085427135679,63.0,2.1049999999999995,16,0.35,0.35,0.3,normal,False,0,0,1.0
2013,demand_surge,cs_clear_1,clear,RuleBased,CausalOptimizer,2350.142857142857,0.9041636755204594,38.14285714285715,2.714285714285713,11,0.0,0.2857142857142857,0.7142857142857143,demand_surge,True,0,10,1.75
2013,demand_surge,cs_clear_1,clear,TFIDF_LogReg,CausalOptimizer,2104.5799072582818,0.8625940006007622,54.687587760896605,2.2354672141843093,15,0.25306016922754665,0.30839962678739646,0.4385402039850568,demand_surge,True,0,10,1.75
2013,demand_surge,cs_clear_1,clear,TFIDF_LogReg_Calibrated,CausalOptimizer,2384.356118800813,0.914572864321608,34.0,3.51609702997967,10,0.028235133975045103,0.16019225873540613,0.8115726072895488,demand_surge,True,0,10,1.75
2013,demand_surge,cs_clear_1,clear,PerfectSemantic,CausalOptimizer,2400.0,0.9195979899497487,32.0,3.875,10,0.0,0.0,1.0,demand_surge,True,0,10,1.75
2013,demand_surge,cs_clear_2,clear,NoInfo,CausalOptimizer,1976.8000000000002,0.8417085427135679,63.0,2.1049999999999995,16,0.35,0.35,0.3,normal,False,0,0,1.0
2013,demand_surge,cs_clear_2,clear,RuleBased,CausalOptimizer,2400.0,0.9195979899497487,32.0,3.875,10,0.0,0.0,1.0,demand_surge,True,0,10,1.75
2013,demand_surge,cs_clear_2,clear,TFIDF_LogReg,CausalOptimizer,2096.431529964425,0.8612558757783075,55.22016144023366,2.226147174795911,15,0.2382103439647175,0.3321256800391768,0.42966397599610573,demand_surge,True,0,10,1.75
2013,demand_surge,cs_clear_2,clear,TFIDF_LogReg_Calibrated,CausalOptimizer,2340.4054807690213,0.9020545574356743,38.98228614060163,2.6219485245338214,11,0.04291673587658595,0.25678803313344095,0.7002952309899731,demand_surge,True,0,10,1.75
2013,demand_surge,cs_clear_2,clear,PerfectSemantic,CausalOptimizer,2400.0,0.9195979899497487,32.0,3.875,10,0.0,0.0,1.0,demand_surge,True,0,10,1.75
2013,demand_surge,cs_clear_3,clear,NoInfo,CausalOptimizer,1976.8000000000002,0.8417085427135679,63.0,2.1049999999999995,16,0.35,0.35,0.3,normal,False,0,0,1.0
2013,demand_surge,cs_clear_3,clear,RuleBased,CausalOptimizer,2400.0,0.9195979899497487,32.0,3.875,10,0.0,0.0,1.0,demand_surge,True,0,10,1.75
2013,demand_surge,cs_clear_3,clear,TFIDF_LogReg,CausalOptimizer,2096.3635276681225,0.8612447084553687,55.224606034763255,2.2260693943916428,15,0.2678348108474828,0.3025752897319048,0.4295898994206125,demand_surge,True,0,10,1.75
2013,demand_surge,cs_clear_3,clear,TFIDF_LogReg_Calibrated,CausalOptimizer,2396.603098444132,0.9169718580936468,33.04520047872859,3.5418423474052623,11,0.0,0.0435500199470249,0.9564499800529752,demand_surge,True,0,10,1.75
2013,demand_surge,cs_clear_3,clear,PerfectSemantic,CausalOptimizer,2400.0,0.9195979899497487,32.0,3.875,10,0.0,0.0,1.0,demand_surge,True,0,10,1.75
2013,demand_surge,cs_clear_4,clear,NoInfo,CausalOptimizer,1976.8000000000002,0.8417085427135679,63.0,2.1049999999999995,16,0.35,0.35,0.3,normal,False,0,0,1.0
2013,demand_surge,cs_clear_4,clear,RuleBased,CausalOptimizer,2400.0,0.9195979899497487,32.0,3.875,10,0.0,0.0,1.0,demand_surge,True,0,10,1.75
2013,demand_surge,cs_clear_4,clear,TFIDF_LogReg,CausalOptimizer,2102.376340966575,0.8622321314031884,54.831611701531045,2.232946795223207,15,0.2541504656514546,0.30970972937406327,0.4361398049744822,demand_surge,True,0,10,1.75
2013,demand_surge,cs_clear_4,clear,TFIDF_LogReg_Calibrated,CausalOptimizer,2398.119368486376,0.9181440807780255,32.57865585034588,3.69055344770225,11,0.024110660431078526,0.0,0.9758893395689214,demand_surge,True,0,10,1.75
2013,demand_surge,cs_clear_4,clear,PerfectSemantic,CausalOptimizer,2400.0,0.9195979899497487,32.0,3.875,10,0.0,0.0,1.0,demand_surge,True,0,10,1.75
2013,demand_surge,cs_moderate_1,moderate,NoInfo,CausalOptimizer,1976.8000000000002,0.8417085427135679,63.0,2.1049999999999995,16,0.35,0.35,0.3,normal,False,0,0,1.0
2013,demand_surge,cs_moderate_1,moderate,RuleBased,CausalOptimizer,2400.0,0.9195979899497487,32.0,3.875,10,0.0,0.0,1.0,demand_surge,True,0,10,1.75
2013,demand_surge,cs_moderate_1,moderate,TFIDF_LogReg,CausalOptimizer,2118.70463509145,0.8649135604643233,53.76440293519933,2.2516229486340116,15,0.2562401671770621,0.28983321507626014,0.4539266177466778,demand_surge,True,0,10,1.75
2013,demand_surge,cs_moderate_1,moderate,TFIDF_LogReg_Calibrated,CausalOptimizer,2400.0,0.9195979899497487,32.0,3.875,10,0.0,0.0,1.0,demand_surge,True,0,10,1.75
2013,demand_surge,cs_moderate_1,moderate,PerfectSemantic,CausalOptimizer,2400.0,0.9195979899497487,32.0,3.875,10,0.0,0.0,1.0,demand_surge,True,0,10,1.75
2013,demand_surge,cs_moderate_2,moderate,NoInfo,CausalOptimizer,1976.8000000000002,0.8417085427135679,63.0,2.1049999999999995,16,0.35,0.35,0.3,normal,False,0,0,1.0
2013,demand_surge,cs_moderate_2,moderate,RuleBased,CausalOptimizer,2400.0,0.9195979899497487,32.0,3.875,10,0.0,0.0,1.0,demand_surge,True,0,10,1.75
2013,demand_surge,cs_moderate_2,moderate,TFIDF_LogReg,CausalOptimizer,2035.436309596215,0.8512392533905172,59.206777150574155,2.1563813998649524,15,0.3050606623633326,0.33171895681290353,0.3632203808237639,demand_surge,True,0,10,1.75
2013,demand_surge,cs_moderate_2,moderate,TFIDF_LogReg_Calibrated,CausalOptimizer,2382.990685910006,0.9119158732127635,35.05748246132017,3.127239867721777,10,0.030549867687620986,0.20374150666771496,0.765708625644664,demand_surge,True,0,10,1.75
2013,demand_surge,cs_moderate_2,moderate,PerfectSemantic,CausalOptimizer,2400.0,0.9195979899497487,32.0,3.875,10,0.0,0.0,1.0,demand_surge,True,0,10,1.75
2013,demand_surge,cs_moderate_3,moderate,NoInfo,CausalOptimizer,1976.8000000000002,0.8417085427135679,63.0,2.1049999999999995,16,0.35,0.35,0.3,normal,False,0,0,1.0
2013,demand_surge,cs_moderate_3,moderate,RuleBased,CausalOptimizer,2400.0,0.9195979899497487,32.0,3.875,10,0.0,0.0,1.0,demand_surge,True,0,10,1.75
2013,demand_surge,cs_moderate_3,moderate,TFIDF_LogReg,CausalOptimizer,2068.9583022754523,0.8567442280479936,57.01579723689855,2.1947235483542755,15,0.27367353039753234,0.3265897568841102,0.3997367127183575,demand_surge,True,0,10,1.75
2013,demand_surge,cs_moderate_3,moderate,TFIDF_LogReg_Calibrated,CausalOptimizer,2378.5089190833105,0.9114599690774763,35.23893230716441,3.1167041000514693,12,0.0,0.10398220511940719,0.8960177948805929,demand_surge,True,0,10,1.75
2013,demand_surge,cs_moderate_3,moderate,PerfectSemantic,CausalOptimizer,2400.0,0.9195979899497487,32.0,3.875,10,0.0,0.0,1.0,demand_surge,True,0,10,1.75
2013,demand_surge,cs_moderate_4,moderate,NoInfo,CausalOptimizer,1976.8000000000002,0.8417085427135679,63.0,2.1049999999999995,16,0.35,0.35,0.3,normal,False,0,0,1.0
2013,demand_surge,cs_moderate_4,moderate,RuleBased,CausalOptimizer,2312.0,0.8969849246231156,41.0,2.525,12,0.0,0.33333333333333337,0.6666666666666667,demand_surge,True,0,10,1.75
2013,demand_surge,cs_moderate_4,moderate,TFIDF_LogReg,CausalOptimizer,2058.4554364796695,0.8550194496140293,57.702259053616345,2.182710466561714,15,0.2679551803248051,0.3437491372354677,0.3882956824397273,demand_surge,True,0,10,1.75
2013,demand_surge,cs_moderate_4,moderate,TFIDF_LogReg_Calibrated,CausalOptimizer,2311.4536204543983,0.8968927895272333,41.03666976816117,2.523991581375568,14,0.0,0.3339444961360196,0.6660555038639805,demand_surge,True,0,10,1.75
2013,demand_surge,cs_moderate_4,moderate,PerfectSemantic,CausalOptimizer,2400.0,0.9195979899497487,32.0,3.875,10,0.0,0.0,1.0,demand_surge,True,0,10,1.75
2013,demand_surge,cs_vague_1,vague,NoInfo,CausalOptimizer,1976.8000000000002,0.8417085427135679,63.0,2.1049999999999995,16,0.35,0.35,0.3,normal,False,0,0,1.0
2013,demand_surge,cs_vague_1,vague,RuleBased,CausalOptimizer,2400.0,0.9195979899497487,32.0,3.875,10,0.0,0.0,1.0,demand_surge,True,0,10,1.75
2013,demand_surge,cs_vague_1,vague,TFIDF_LogReg,CausalOptimizer,2009.0527376307457,0.8469065486962173,60.931193618905525,2.1262041116691535,15,0.3840830589921588,0.28143683465626657,0.3344801063515746,normal,False,0,0,1.0
2013,demand_surge,cs_vague_1,vague,TFIDF_LogReg_Calibrated,CausalOptimizer,1804.8739069886053,0.8143683460003506,73.88139829186042,2.000593008540698,17,0.7480233048643404,0.0,0.2519766951356595,normal,False,0,0,1.0
2013,demand_surge,cs_vague_1,vague,PerfectSemantic,CausalOptimizer,2400.0,0.9195979899497487,32.0,3.875,10,0.0,0.0,1.0,demand_surge,True,0,10,1.75
2013,demand_surge,cs_vague_2,vague,NoInfo,CausalOptimizer,1976.8000000000002,0.8417085427135679,63.0,2.1049999999999995,16,0.35,0.35,0.3,normal,False,0,0,1.0
2013,demand_surge,cs_vague_2,vague,RuleBased,CausalOptimizer,2400.0,0.9195979899497487,32.0,3.875,10,0.0,0.0,1.0,demand_surge,True,0,10,1.75
2013,demand_surge,cs_vague_2,vague,TFIDF_LogReg,CausalOptimizer,2043.4275339566418,0.8525515705909681,58.68447490479467,2.1655216891660936,15,0.29028930827069516,0.3377852734758828,0.37192541825342207,demand_surge,True,0,10,1.75
2013,demand_surge,cs_vague_2,vague,TFIDF_LogReg_Calibrated,CausalOptimizer,2374.4093435505956,0.9098818013536065,35.86704306126459,3.0179491867292807,10,0.0,0.24778405102107634,0.7522159489789236,demand_surge,True,0,10,1.75
2013,demand_surge,cs_vague_2,vague,PerfectSemantic,CausalOptimizer,2400.0,0.9195979899497487,32.0,3.875,10,0.0,0.0,1.0,demand_surge,True,0,10,1.75
2013,demand_surge,cs_vague_3,vague,NoInfo,CausalOptimizer,1976.8000000000002,0.8417085427135679,63.0,2.1049999999999995,16,0.35,0.35,0.3,normal,False,0,0,1.0
2013,demand_surge,cs_vague_3,vague,RuleBased,CausalOptimizer,2400.0,0.9195979899497487,32.0,3.875,10,0.0,0.0,1.0,demand_surge,True,0,10,1.75
2013,demand_surge,cs_vague_3,vague,TFIDF_LogReg,CausalOptimizer,1998.9646164170056,0.8452784139313565,61.57919125532016,2.1192080874467982,16,0.3540121558864553,0.32230769836888046,0.32368014574466425,normal,False,0,0,1.0
2013,demand_surge,cs_vague_3,vague,TFIDF_LogReg_Calibrated,CausalOptimizer,2097.340726691109,0.8609941899708652,55.32431239159558,2.111756876084044,16,0.43873853985992667,0.0,0.5612614601400733,demand_surge,True,0,10,1.75
2013,demand_surge,cs_vague_3,vague,PerfectSemantic,CausalOptimizer,2400.0,0.9195979899497487,32.0,3.875,10,0.0,0.0,1.0,demand_surge,True,0,10,1.75
2013,demand_surge,cs_vague_4,vague,NoInfo,CausalOptimizer,1976.8000000000002,0.8417085427135679,63.0,2.1049999999999995,16,0.35,0.35,0.3,normal,False,0,0,1.0
2013,demand_surge,cs_vague_4,vague,RuleBased,CausalOptimizer,2400.0,0.9195979899497487,32.0,3.875,10,0.0,0.0,1.0,demand_surge,True,0,10,1.75
2013,demand_surge,cs_vague_4,vague,TFIDF_LogReg,CausalOptimizer,2015.8665878123973,0.8480255177541954,60.48584393383023,2.133997731157971,15,0.31990511097456986,0.33819228792260086,0.3419026011028292,demand_surge,True,0,10,1.75
2013,demand_surge,cs_vague_4,vague,TFIDF_LogReg_Calibrated,CausalOptimizer,2014.008566250354,0.8477203938401737,60.60728325161085,2.13187254309681,15,0.3333333333333333,0.32678805419351414,0.33987861247315254,demand_surge,True,0,10,1.75
2013,demand_surge,cs_vague_4,vague,PerfectSemantic,CausalOptimizer,2400.0,0.9195979899497487,32.0,3.875,10,0.0,0.0,1.0,demand_surge,True,0,10,1.75
2014,demand_surge,cs_clear_1,clear,NoInfo,CausalOptimizer,1690.4,0.7828162291169454,91.00000000000001,2.165,18,0.35,0.35,0.3,normal,False,0,0,1.0
2014,demand_surge,cs_clear_1,clear,RuleBased,CausalOptimizer,2072.5714285714284,0.8421411524036821,66.14285714285715,2.5535714285714284,14,0.0,0.2857142857142857,0.7142857142857143,demand_surge,True,0,10,1.75
2014,demand_surge,cs_clear_1,clear,TFIDF_LogReg,CausalOptimizer,1820.2111484821921,0.8026549218117025,82.68758776089662,2.244686183586551,16,0.25306016922754665,0.30839962678739646,0.4385402039850568,demand_surge,True,0,10,1.75
2014,demand_surge,cs_clear_1,clear,TFIDF_LogReg_Calibrated,CausalOptimizer,2159.545910916857,0.8560724497312003,60.30564356262707,2.7140948020277555,14,0.028235133975045103,0.16019225873540613,0.8115726072895488,demand_surge,True,0,10,1.75
2014,demand_surge,cs_clear_1,clear,PerfectSemantic,CausalOptimizer,2169.0,0.8615751789976134,58.0,3.05,14,0.0,0.0,1.0,demand_surge,True,0,10,1.75
2014,demand_surge,cs_clear_2,clear,NoInfo,CausalOptimizer,1690.4,0.7828162291169454,91.00000000000001,2.165,18,0.35,0.35,0.3,normal,False,0,0,1.0
2014,demand_surge,cs_clear_2,clear,RuleBased,CausalOptimizer,2169.0,0.8615751789976134,58.0,3.05,14,0.0,0.0,1.0,demand_surge,True,0,10,1.75
2014,demand_surge,cs_clear_2,clear,TFIDF_LogReg,CausalOptimizer,1812.0095138204022,0.8013838629111368,83.22016144023364,2.2366975783964955,16,0.2382103439647175,0.3321256800391768,0.42966397599610573,demand_surge,True,0,10,1.75
2014,demand_surge,cs_clear_2,clear,TFIDF_LogReg_Calibrated,CausalOptimizer,2060.0639365050365,0.840137741907872,66.98228614060163,2.530487131133455,14,0.04291673587658595,0.25678803313344095,0.7002952309899731,demand_surge,True,0,10,1.75
2014,demand_surge,cs_clear_2,clear,PerfectSemantic,CausalOptimizer,2169.0,0.8615751789976134,58.0,3.05,14,0.0,0.0,1.0,demand_surge,True,0,10,1.75
2014,demand_surge,cs_clear_3,clear,NoInfo,CausalOptimizer,1690.4,0.7828162291169454,91.00000000000001,2.165,18,0.35,0.35,0.3,normal,False,0,0,1.0
2014,demand_surge,cs_clear_3,clear,RuleBased,CausalOptimizer,2169.0,0.8615751789976134,58.0,3.05,14,0.0,0.0,1.0,demand_surge,True,0,10,1.75
2014,demand_surge,cs_clear_3,clear,TFIDF_LogReg,CausalOptimizer,1811.9410670646457,0.801373255286961,83.22460603476326,2.236630909478551,16,0.2678348108474828,0.3025752897319048,0.4295898994206125,demand_surge,True,0,10,1.75
2014,demand_surge,cs_clear_3,clear,TFIDF_LogReg_Calibrated,CausalOptimizer,2158.021081688631,0.8577255341364642,59.61300119682147,2.7292724790556244,15,0.0,0.0435500199470249,0.9564499800529752,demand_surge,True,0,10,1.75
2014,demand_surge,cs_clear_3,clear,PerfectSemantic,CausalOptimizer,2169.0,0.8615751789976134,58.0,3.05,14,0.0,0.0,1.0,demand_surge,True,0,10,1.75
2014,demand_surge,cs_clear_4,clear,NoInfo,CausalOptimizer,1690.4,0.7828162291169454,91.00000000000001,2.165,18,0.35,0.35,0.3,normal,False,0,0,1.0
2014,demand_surge,cs_clear_4,clear,RuleBased,CausalOptimizer,2169.0,0.8615751789976134,58.0,3.05,14,0.0,0.0,1.0,demand_surge,True,0,10,1.75
2014,demand_surge,cs_clear_4,clear,TFIDF_LogReg,CausalOptimizer,1817.9931797964218,0.8023111892564893,82.83161170153103,2.242525824477034,16,0.2541504656514546,0.30970972937406327,0.4361398049744822,demand_surge,True,0,10,1.75
2014,demand_surge,cs_clear_4,clear,TFIDF_LogReg_Calibrated,CausalOptimizer,2163.6474333843016,0.8595036186741793,58.86798377551882,2.8655534477022497,14,0.024110660431078526,0.0,0.9758893395689214,demand_surge,True,0,10,1.75
2014,demand_surge,cs_clear_4,clear,PerfectSemantic,CausalOptimizer,2169.0,0.8615751789976134,58.0,3.05,14,0.0,0.0,1.0,demand_surge,True,0,10,1.75
2014,demand_surge,cs_moderate_1,moderate,NoInfo,CausalOptimizer,1690.4,0.7828162291169454,91.00000000000001,2.165,18,0.35,0.35,0.3,normal,False,0,0,1.0
2014,demand_surge,cs_moderate_1,moderate,RuleBased,CausalOptimizer,2169.0,0.8615751789976134,58.0,3.05,14,0.0,0.0,1.0,demand_surge,True,0,10,1.75
2014,demand_surge,cs_moderate_1,moderate,TFIDF_LogReg,CausalOptimizer,1834.4281947979307,0.8048582268849659,81.76440293519931,2.25853395597201,16,0.2562401671770621,0.28983321507626014,0.4539266177466778,demand_surge,True,0,10,1.75
2014,demand_surge,cs_moderate_1,moderate,TFIDF_LogReg_Calibrated,CausalOptimizer,2169.0,0.8615751789976134,58.0,3.05,14,0.0,0.0,1.0,demand_surge,True,0,10,1.75
2014,demand_surge,cs_moderate_1,moderate,PerfectSemantic,CausalOptimizer,2169.0,0.8615751789976134,58.0,3.05,14,0.0,0.0,1.0,demand_surge,True,0,10,1.75
2014,demand_surge,cs_moderate_2,moderate,NoInfo,CausalOptimizer,1690.4,0.7828162291169454,91.00000000000001,2.165,18,0.35,0.35,0.3,normal,False,0,0,1.0
2014,demand_surge,cs_moderate_2,moderate,RuleBased,CausalOptimizer,2169.0,0.8615751789976134,58.0,3.05,14,0.0,0.0,1.0,demand_surge,True,0,10,1.75
2014,demand_surge,cs_moderate_2,moderate,TFIDF_LogReg,CausalOptimizer,1750.153598735986,0.7918692669437369,87.20677715057415,2.1884491713706935,17,0.3050606623633326,0.33171895681290353,0.3632203808237639,demand_surge,True,0,10,1.75
2014,demand_surge,cs_moderate_2,moderate,TFIDF_LogReg_Calibrated,CausalOptimizer,2118.5435113263293,0.8495048151281142,63.05748246132018,2.6384192323136952,14,0.030549867687620986,0.20374150666771496,0.765708625644664,demand_surge,True,0,10,1.75
2014,demand_surge,cs_moderate_2,moderate,PerfectSemantic,CausalOptimizer,2169.0,0.8615751789976134,58.0,3.05,14,0.0,0.0,1.0,demand_surge,True,0,10,1.75
2014,demand_surge,cs_moderate_3,moderate,NoInfo,CausalOptimizer,1690.4,0.7828162291169454,91.00000000000001,2.165,18,0.35,0.35,0.3,normal,False,0,0,1.0
2014,demand_surge,cs_moderate_3,moderate,RuleBased,CausalOptimizer,2169.0,0.8615751789976134,58.0,3.05,14,0.0,0.0,1.0,demand_surge,True,0,10,1.75
2014,demand_surge,cs_moderate_3,moderate,TFIDF_LogReg,CausalOptimizer,1784.3567225517625,0.7970983359501227,85.01579723689854,2.2097630414465215,16,0.27367353039753234,0.3265897568841102,0.3997367127183575,demand_surge,True,0,10,1.75
2014,demand_surge,cs_moderate_3,moderate,TFIDF_LogReg_Calibrated,CausalOptimizer,2102.0487627775183,0.849071760603426,63.23893230716442,2.6782080076962673,16,0.0,0.10398220511940719,0.8960177948805929,demand_surge,True,0,10,1.75
2014,demand_surge,cs_moderate_3,moderate,PerfectSemantic,CausalOptimizer,2169.0,0.8615751789976134,58.0,3.05,14,0.0,0.0,1.0,demand_surge,True,0,10,1.75
2014,demand_surge,cs_moderate_4,moderate,NoInfo,CausalOptimizer,1690.4,0.7828162291169454,91.00000000000001,2.165,18,0.35,0.35,0.3,normal,False,0,0,1.0
2014,demand_surge,cs_moderate_4,moderate,RuleBased,CausalOptimizer,2030.0,0.8353221957040573,69.0,2.475,14,0.0,0.33333333333333337,0.6666666666666667,demand_surge,True,0,10,1.75
2014,demand_surge,cs_moderate_4,moderate,TFIDF_LogReg,CausalOptimizer,1773.7745328582232,0.7954600022586722,85.70225905361634,2.1997330570978777,17,0.2679551803248051,0.3437491372354677,0.3882956824397273,demand_surge,True,0,10,1.75
2014,demand_surge,cs_moderate_4,moderate,TFIDF_LogReg_Calibrated,CausalOptimizer,2029.4389525471338,0.8352346783576106,69.03666976816118,2.474358279057179,15,0.0,0.3339444961360196,0.6660555038639805,demand_surge,True,0,10,1.75
2014,demand_surge,cs_moderate_4,moderate,PerfectSemantic,CausalOptimizer,2169.0,0.8615751789976134,58.0,3.05,14,0.0,0.0,1.0,demand_surge,True,0,10,1.75
2014,demand_surge,cs_vague_1,vague,NoInfo,CausalOptimizer,1690.4,0.7828162291169454,91.00000000000001,2.165,18,0.35,0.35,0.3,normal,False,0,0,1.0
2014,demand_surge,cs_vague_1,vague,RuleBased,CausalOptimizer,2169.0,0.8615751789976134,58.0,3.05,14,0.0,0.0,1.0,demand_surge,True,0,10,1.75
2014,demand_surge,cs_vague_1,vague,TFIDF_LogReg,CausalOptimizer,1723.0802601831836,0.7877537145133519,88.93119361890551,2.1755160478582085,17,0.3840830589921588,0.28143683465626657,0.3344801063515746,normal,False,0,0,1.0
2014,demand_surge,cs_vague_1,vague,TFIDF_LogReg_Calibrated,CausalOptimizer,1490.8976273302333,0.7568463047926957,101.88139829186039,2.5,19,0.7480233048643404,0.0,0.2519766951356595,normal,False,0,0,1.0
2014,demand_surge,cs_vague_1,vague,PerfectSemantic,CausalOptimizer,2169.0,0.8615751789976134,58.0,3.05,14,0.0,0.0,1.0,demand_surge,True,0,10,1.75
2014,demand_surge,cs_vague_2,vague,NoInfo,CausalOptimizer,1690.4,0.7828162291169454,91.00000000000001,2.165,18,0.35,0.35,0.3,normal,False,0,0,1.0
2014,demand_surge,cs_vague_2,vague,RuleBased,CausalOptimizer,2169.0,0.8615751789976134,58.0,3.05,14,0.0,0.0,1.0,demand_surge,True,0,10,1.75
2014,demand_surge,cs_vague_2,vague,TFIDF_LogReg,CausalOptimizer,1758.3537439947238,0.7931158116830676,86.68447490479468,2.19236643821404,17,0.29028930827069516,0.3377852734758828,0.37192541825342207,demand_surge,True,0,10,1.75
2014,demand_surge,cs_vague_2,vague,TFIDF_LogReg_Calibrated,CausalOptimizer,2106.4810583871576,0.8475726895912539,63.86704306126458,2.616156315815224,14,0.0,0.24778405102107634,0.7522159489789236,demand_surge,True,0,10,1.75
2014,demand_surge,cs_vague_2,vague,PerfectSemantic,CausalOptimizer,2169.0,0.8615751789976134,58.0,3.05,14,0.0,0.0,1.0,demand_surge,True,0,10,1.75
2014,demand_surge,cs_vague_3,vague,NoInfo,CausalOptimizer,1690.4,0.7828162291169454,91.00000000000001,2.165,18,0.35,0.35,0.3,normal,False,0,0,1.0
2014,demand_surge,cs_vague_3,vague,RuleBased,CausalOptimizer,2169.0,0.8615751789976134,58.0,3.05,14,0.0,0.0,1.0,demand_surge,True,0,10,1.75
2014,demand_surge,cs_vague_3,vague,TFIDF_LogReg,CausalOptimizer,1712.8487781659414,0.7862071807748924,89.57919125532014,2.172104043723399,18,0.3540121558864553,0.32230769836888046,0.32368014574466425,normal,False,0,0,1.0
2014,demand_surge,cs_vague_3,vague,TFIDF_LogReg_Calibrated,CausalOptimizer,1786.0758642127896,0.8011352926214903,83.32431239159558,2.543378438042022,17,0.43873853985992667,0.0,0.5612614601400733,demand_surge,True,0,10,1.75
2014,demand_surge,cs_vague_3,vague,PerfectSemantic,CausalOptimizer,2169.0,0.8615751789976134,58.0,3.05,14,0.0,0.0,1.0,demand_surge,True,0,10,1.75
2014,demand_surge,cs_vague_4,vague,NoInfo,CausalOptimizer,1690.4,0.7828162291169454,91.00000000000001,2.165,18,0.35,0.35,0.3,normal,False,0,0,1.0
2014,demand_surge,cs_vague_4,vague,RuleBased,CausalOptimizer,2169.0,0.8615751789976134,58.0,3.05,14,0.0,0.0,1.0,demand_surge,True,0,10,1.75
2014,demand_surge,cs_vague_4,vague,TFIDF_LogReg,CausalOptimizer,1730.0722502388655,0.7888166015899041,88.48584393383025,2.1788561704962732,17,0.31990511097456986,0.33819228792260086,0.3419026011028292,demand_surge,True,0,10,1.75
2014,demand_surge,cs_vague_4,vague,TFIDF_LogReg_Calibrated,CausalOptimizer,1728.1656529497097,0.7885267702825517,88.60728325161085,2.177945375612919,17,0.3333333333333333,0.32678805419351414,0.33987861247315254,demand_surge,True,0,10,1.75
2014,demand_surge,cs_vague_4,vague,PerfectSemantic,CausalOptimizer,2169.0,0.8615751789976134,58.0,3.05,14,0.0,0.0,1.0,demand_surge,True,0,10,1.75
2015,demand_surge,cs_clear_1,clear,NoInfo,CausalOptimizer,1497.0000000000002,0.8031168831168832,75.8,5.779999999999999,11,0.35,0.35,0.3,normal,False,0,0,1.0
2015,demand_surge,cs_clear_1,clear,RuleBased,CausalOptimizer,1793.8571428571427,0.8604823747680891,53.71428571428572,7.192857142857141,9,0.0,0.2857142857142857,0.7142857142857143,demand_surge,True,0,10,1.75
2015,demand_surge,cs_clear_1,clear,TFIDF_LogReg,CausalOptimizer,1603.2739117648823,0.8225484961433586,68.31882898480694,6.115620611955171,10,0.25306016922754665,0.30839962678739646,0.4385402039850568,demand_surge,True,0,10,1.75
2015,demand_surge,cs_clear_1,clear,TFIDF_LogReg_Calibrated,CausalOptimizer,1847.258148518483,0.871709888133018,49.39169306878812,7.586869059522674,10,0.028235133975045103,0.16019225873540613,0.8115726072895488,demand_surge,True,0,10,1.75
2015,demand_surge,cs_clear_1,clear,PerfectSemantic,CausalOptimizer,2099.0,0.9090909090909091,35.0,6.8,6,0.0,0.0,1.0,demand_surge,True,0,10,1.75
2015,demand_surge,cs_clear_2,clear,NoInfo,CausalOptimizer,1497.0000000000002,0.8031168831168832,75.8,5.779999999999999,11,0.35,0.35,0.3,normal,False,0,0,1.0
2015,demand_surge,cs_clear_2,clear,RuleBased,CausalOptimizer,2099.0,0.9090909090909091,35.0,6.8,6,0.0,0.0,1.0,demand_surge,True,0,10,1.75
2015,demand_surge,cs_clear_2,clear,TFIDF_LogReg,CausalOptimizer,1596.6699981411025,0.821303518711142,68.7981452962103,6.088991927988317,10,0.2382103439647175,0.3321256800391768,0.42966397599610573,demand_surge,True,0,10,1.75
2015,demand_surge,cs_clear_2,clear,TFIDF_LogReg_Calibrated,CausalOptimizer,1785.3789099799237,0.8587381067208277,54.38582891248131,7.1361956855093895,9,0.04291673587658595,0.25678803313344095,0.7002952309899731,demand_surge,True,0,10,1.75
2015,demand_surge,cs_clear_2,clear,PerfectSemantic,CausalOptimizer,2099.0,0.9090909090909091,35.0,6.8,6,0.0,0.0,1.0,demand_surge,True,0,10,1.75
2015,demand_surge,cs_clear_3,clear,NoInfo,CausalOptimizer,1497.0000000000002,0.8031168831168832,75.8,5.779999999999999,11,0.35,0.35,0.3,normal,False,0,0,1.0
2015,demand_surge,cs_clear_3,clear,RuleBased,CausalOptimizer,2099.0,0.9090909090909091,35.0,6.8,6,0.0,0.0,1.0,demand_surge,True,0,10,1.75
2015,demand_surge,cs_clear_3,clear,TFIDF_LogReg,CausalOptimizer,1596.6148851689359,0.8212931287499041,68.80214543128692,6.088769698261838,10,0.2678348108474828,0.3025752897319048,0.4295898994206125,demand_surge,True,0,10,1.75
2015,demand_surge,cs_clear_3,clear,TFIDF_LogReg_Calibrated,CausalOptimizer,2076.266889587653,0.903661296214397,37.09040095745718,6.545232383309906,6,0.0,0.0435500199470249,0.9564499800529752,demand_surge,True,0,10,1.75
2015,demand_surge,cs_clear_3,clear,PerfectSemantic,CausalOptimizer,2099.0,0.9090909090909091,35.0,6.8,6,0.0,0.0,1.0,demand_surge,True,0,10,1.75
2015,demand_surge,cs_clear_4,clear,NoInfo,CausalOptimizer,1497.0000000000002,0.8031168831168832,75.8,5.779999999999999,11,0.35,0.35,0.3,normal,False,0,0,1.0
2015,demand_surge,cs_clear_4,clear,RuleBased,CausalOptimizer,2099.0,0.9090909090909091,35.0,6.8,6,0.0,0.0,1.0,demand_surge,True,0,10,1.75
2015,demand_surge,cs_clear_4,clear,TFIDF_LogReg,CausalOptimizer,1601.488014901015,0.8222118168016157,68.44845053137794,6.108419414923447,10,0.2541504656514546,0.30970972937406327,0.4361398049744822,demand_surge,True,0,10,1.75
2015,demand_surge,cs_clear_4,clear,TFIDF_LogReg_Calibrated,CausalOptimizer,2086.414235254977,0.9060849046735279,36.157311700691764,6.65895263647819,6,0.024110660431078526,0.0,0.9758893395689214,demand_surge,True,0,10,1.75
2015,demand_surge,cs_clear_4,clear,PerfectSemantic,CausalOptimizer,2099.0,0.9090909090909091,35.0,6.8,6,0.0,0.0,1.0,demand_surge,True,0,10,1.75
2015,demand_surge,cs_moderate_1,moderate,NoInfo,CausalOptimizer,1497.0000000000002,0.8031168831168832,75.8,5.779999999999999,11,0.35,0.35,0.3,normal,False,0,0,1.0
2015,demand_surge,cs_moderate_1,moderate,RuleBased,CausalOptimizer,2099.0,0.9090909090909091,35.0,6.8,6,0.0,0.0,1.0,demand_surge,True,0,10,1.75
2015,demand_surge,cs_moderate_1,moderate,TFIDF_LogReg,CausalOptimizer,1614.7214036035284,0.8247065905410925,67.48796264167939,6.161779853240034,10,0.2562401671770621,0.28983321507626014,0.4539266177466778,demand_surge,True,0,10,1.75
2015,demand_surge,cs_moderate_1,moderate,TFIDF_LogReg_Calibrated,CausalOptimizer,2099.0,0.9090909090909091,35.0,6.8,6,0.0,0.0,1.0,demand_surge,True,0,10,1.75
2015,demand_surge,cs_moderate_1,moderate,PerfectSemantic,CausalOptimizer,2099.0,0.9090909090909091,35.0,6.8,6,0.0,0.0,1.0,demand_surge,True,0,10,1.75
2015,demand_surge,cs_moderate_2,moderate,NoInfo,CausalOptimizer,1497.0000000000002,0.8031168831168832,75.8,5.779999999999999,11,0.35,0.35,0.3,normal,False,0,0,1.0
2015,demand_surge,cs_moderate_2,moderate,RuleBased,CausalOptimizer,2099.0,0.9090909090909091,35.0,6.8,6,0.0,0.0,1.0,demand_surge,True,0,10,1.75
2015,demand_surge,cs_moderate_2,moderate,TFIDF_LogReg,CausalOptimizer,1546.3118970425362,0.811984157310346,72.38609943551673,5.912762799729905,11,0.3050606623633326,0.33171895681290353,0.3632203808237639,demand_surge,True,0,10,1.75
2015,demand_surge,cs_moderate_2,moderate,TFIDF_LogReg_Calibrated,CausalOptimizer,1825.0194271406663,0.8668935429375166,51.245985969056136,7.401119933860889,9,0.030549867687620986,0.20374150666771496,0.765708625644664,demand_surge,True,0,10,1.75
2015,demand_surge,cs_moderate_2,moderate,PerfectSemantic,CausalOptimizer,2099.0,0.9090909090909091,35.0,6.8,6,0.0,0.0,1.0,demand_surge,True,0,10,1.75
2015,demand_surge,cs_moderate_3,moderate,NoInfo,CausalOptimizer,1497.0000000000002,0.8031168831168832,75.8,5.779999999999999,11,0.35,0.35,0.3,normal,False,0,0,1.0
2015,demand_surge,cs_moderate_3,moderate,RuleBased,CausalOptimizer,2099.0,0.9090909090909091,35.0,6.8,6,0.0,0.0,1.0,demand_surge,True,0,10,1.75
2015,demand_surge,cs_moderate_3,moderate,TFIDF_LogReg,CausalOptimizer,1574.4041142624578,0.8171059285371203,70.4142175132087,5.999210138155073,10,0.27367353039753234,0.3265897568841102,0.3997367127183575,demand_surge,True,0,10,1.75
2015,demand_surge,cs_moderate_3,moderate,TFIDF_LogReg_Calibrated,CausalOptimizer,2044.7212889276698,0.8961268939071908,39.99114584573153,6.19170410005147,6,0.0,0.10398220511940719,0.8960177948805929,demand_surge,True,0,10,1.75
2015,demand_surge,cs_moderate_3,moderate,PerfectSemantic,CausalOptimizer,2099.0,0.9090909090909091,35.0,6.8,6,0.0,0.0,1.0,demand_surge,True,0,10,1.75
2015,demand_surge,cs_moderate_4,moderate,NoInfo,CausalOptimizer,1497.0000000000002,0.8031168831168832,75.8,5.779999999999999,11,0.35,0.35,0.3,normal,False,0,0,1.0
2015,demand_surge,cs_moderate_4,moderate,RuleBased,CausalOptimizer,1765.0,0.8545454545454545,56.0,7.0,9,0.0,0.33333333333333337,0.6666666666666667,demand_surge,True,0,10,1.75
2015,demand_surge,cs_moderate_4,moderate,TFIDF_LogReg,CausalOptimizer,1565.8706323029874,0.8155012126019359,71.0320331482547,5.965420933123428,11,0.2679551803248051,0.3437491372354677,0.3882956824397273,demand_surge,True,0,10,1.75
2015,demand_surge,cs_moderate_4,moderate,TFIDF_LogReg_Calibrated,CausalOptimizer,1764.5709637125142,0.8544597330094934,56.033002791345055,6.997524790649121,9,0.0,0.3339444961360196,0.6660555038639805,demand_surge,True,0,10,1.75
2015,demand_surge,cs_moderate_4,moderate,PerfectSemantic,CausalOptimizer,2099.0,0.9090909090909091,35.0,6.8,6,0.0,0.0,1.0,demand_surge,True,0,10,1.75
2015,demand_surge,cs_vague_1,vague,NoInfo,CausalOptimizer,1497.0000000000002,0.8031168831168832,75.8,5.779999999999999,11,0.35,0.35,0.3,normal,False,0,0,1.0
2015,demand_surge,cs_vague_1,vague,RuleBased,CausalOptimizer,2099.0,0.9090909090909091,35.0,6.8,6,0.0,0.0,1.0,demand_surge,True,0,10,1.75
2015,demand_surge,cs_vague_1,vague,TFIDF_LogReg,CausalOptimizer,1523.8944829542281,0.807953053877883,73.93807425701497,5.852408223338307,11,0.3840830589921588,0.28143683465626657,0.3344801063515746,normal,False,0,0,1.0
2015,demand_surge,cs_vague_1,vague,TFIDF_LogReg_Calibrated,CausalOptimizer,1458.5518095508146,0.7938453555297493,79.36953812104646,5.113389512811047,13,0.7480233048643404,0.0,0.2519766951356595,normal,False,0,0,1.0
2015,demand_surge,cs_vague_1,vague,PerfectSemantic,CausalOptimizer,2099.0,0.9090909090909091,35.0,6.8,6,0.0,0.0,1.0,demand_surge,True,0,10,1.75
2015,demand_surge,cs_vague_2,vague,NoInfo,CausalOptimizer,1497.0000000000002,0.8031168831168832,75.8,5.779999999999999,11,0.35,0.35,0.3,normal,False,0,0,1.0
2015,demand_surge,cs_vague_2,vague,RuleBased,CausalOptimizer,2099.0,0.9090909090909091,35.0,6.8,6,0.0,0.0,1.0,demand_surge,True,0,10,1.75
2015,demand_surge,cs_vague_2,vague,TFIDF_LogReg,CausalOptimizer,1553.1018262376695,0.8132051235991814,71.91602741431521,5.931043378332186,11,0.29028930827069516,0.3377852734758828,0.37192541825342207,demand_surge,True,0,10,1.75
2015,demand_surge,cs_vague_2,vague,TFIDF_LogReg_Calibrated,CausalOptimizer,1816.8428650812277,0.8652113390934761,51.89363444901167,7.34647459336464,9,0.0,0.24778405102107634,0.7522159489789236,demand_surge,True,0,10,1.75
2015,demand_surge,cs_vague_2,vague,PerfectSemantic,CausalOptimizer,2099.0,0.9090909090909091,35.0,6.8,6,0.0,0.0,1.0,demand_surge,True,0,10,1.75
2015,demand_surge,cs_vague_3,vague,NoInfo,CausalOptimizer,1497.0000000000002,0.8031168831168832,75.8,5.779999999999999,11,0.35,0.35,0.3,normal,False,0,0,1.0
2015,demand_surge,cs_vague_3,vague,RuleBased,CausalOptimizer,2099.0,0.9090909090909091,35.0,6.8,6,0.0,0.0,1.0,demand_surge,True,0,10,1.75
2015,demand_surge,cs_vague_3,vague,TFIDF_LogReg,CausalOptimizer,1515.470513680838,0.8064382542083425,74.52127212978814,5.829728306063794,11,0.3540121558864553,0.32230769836888046,0.32368014574466425,normal,False,0,0,1.0
2015,demand_surge,cs_vague_3,vague,TFIDF_LogReg_Calibrated,CausalOptimizer,1771.7677453652257,0.8459108769049464,59.32431239159559,5.301081409231122,10,0.43873853985992667,0.0,0.5612614601400733,demand_surge,True,0,10,1.75
2015,demand_surge,cs_vague_3,vague,PerfectSemantic,CausalOptimizer,2099.0,0.9090909090909091,35.0,6.8,6,0.0,0.0,1.0,demand_surge,True,0,10,1.75
2015,demand_surge,cs_vague_4,vague,NoInfo,CausalOptimizer,1497.0000000000002,0.8031168831168832,75.8,5.779999999999999,11,0.35,0.35,0.3,normal,False,0,0,1.0
2015,demand_surge,cs_vague_4,vague,RuleBased,CausalOptimizer,2099.0,0.9090909090909091,35.0,6.8,6,0.0,0.0,1.0,demand_surge,True,0,10,1.75
2015,demand_surge,cs_vague_4,vague,TFIDF_LogReg,CausalOptimizer,1529.6840288602073,0.8089941310637736,73.53725954044721,5.8679954623159425,11,0.31990511097456986,0.33819228792260086,0.3419026011028292,demand_surge,True,0,10,1.75
2015,demand_surge,cs_vague_4,vague,TFIDF_LogReg_Calibrated,CausalOptimizer,1528.105317729059,0.8087102469442863,73.64655492644977,5.86374508619362,11,0.3333333333333333,0.32678805419351414,0.33987861247315254,demand_surge,True,0,10,1.75
2015,demand_surge,cs_vague_4,vague,PerfectSemantic,CausalOptimizer,2099.0,0.9090909090909091,35.0,6.8,6,0.0,0.0,1.0,demand_surge,True,0,10,1.75
2016,demand_surge,cs_clear_1,clear,NoInfo,CausalOptimizer,2132.0,0.9193277310924372,28.799999999999994,3.7049999999999996,8,0.35,0.35,0.3,normal,False,0,0,1.0
2016,demand_surge,cs_clear_1,clear,RuleBased,CausalOptimizer,2296.0,0.9635854341736695,13.0,5.924999999999997,2,0.0,0.2857142857142857,0.7142857142857143,demand_surge,True,0,10,1.75
2016,demand_surge,cs_clear_1,clear,TFIDF_LogReg,CausalOptimizer,2213.761780360647,0.9367470267993624,22.58131143262762,4.148430917932755,4,0.25306016922754665,0.30839962678739646,0.4385402039850568,demand_surge,True,0,10,1.75
2016,demand_surge,cs_clear_1,clear,TFIDF_LogReg_Calibrated,CausalOptimizer,2182.3354455030494,0.9528713703259505,16.824920793635645,7.361645544969505,3,0.028235133975045103,0.16019225873540613,0.8115726072895488,demand_surge,True,0,10,1.75
2016,demand_surge,cs_clear_1,clear,PerfectSemantic,CausalOptimizer,2085.0,0.9411764705882353,21.0,8.375,4,0.0,0.0,1.0,demand_surge,True,0,10,1.75
2016,demand_surge,cs_clear_2,clear,NoInfo,CausalOptimizer,2132.0,0.9193277310924372,28.799999999999994,3.7049999999999996,8,0.35,0.35,0.3,normal,False,0,0,1.0
2016,demand_surge,cs_clear_2,clear,RuleBased,CausalOptimizer,2085.0,0.9411764705882353,21.0,8.375,4,0.0,0.0,1.0,demand_surge,True,0,10,1.75
2016,demand_surge,cs_clear_2,clear,TFIDF_LogReg,CausalOptimizer,2209.284595469967,0.9357027646830154,22.95411300816356,4.111239909985398,5,0.2382103439647175,0.3321256800391768,0.42966397599610573,demand_surge,True,0,10,1.75
2016,demand_surge,cs_clear_2,clear,TFIDF_LogReg_Calibrated,CausalOptimizer,2304.814004476317,0.9635854341736695,13.0,5.70464988809207,2,0.04291673587658595,0.25678803313344095,0.7002952309899731,demand_surge,True,0,10,1.75
2016,demand_surge,cs_clear_2,clear,PerfectSemantic,CausalOptimizer,2085.0,0.9411764705882353,21.0,8.375,4,0.0,0.0,1.0,demand_surge,True,0,10,1.75
2016,demand_surge,cs_clear_3,clear,NoInfo,CausalOptimizer,2132.0,0.9193277310924372,28.799999999999994,3.7049999999999996,8,0.35,0.35,0.3,normal,False,0,0,1.0
2016,demand_surge,cs_clear_3,clear,RuleBased,CausalOptimizer,2085.0,0.9411764705882353,21.0,8.375,4,0.0,0.0,1.0,demand_surge,True,0,10,1.75
2016,demand_surge,cs_clear_3,clear,TFIDF_LogReg,CausalOptimizer,2209.24592749756,0.9356940497917806,22.957224224334276,4.110962122827297,5,0.2678348108474828,0.3025752897319048,0.4295898994206125,demand_surge,True,0,10,1.75
2016,demand_surge,cs_clear_3,clear,TFIDF_LogReg_Calibrated,CausalOptimizer,2080.9746050266504,0.9411764705882353,21.0,8.100634874333746,4,0.0,0.0435500199470249,0.9564499800529752,demand_surge,True,0,10,1.75
2016,demand_surge,cs_clear_3,clear,PerfectSemantic,CausalOptimizer,2085.0,0.9411764705882353,21.0,8.375,4,0.0,0.0,1.0,demand_surge,True,0,10,1.75
2016,demand_surge,cs_clear_4,clear,NoInfo,CausalOptimizer,2132.0,0.9193277310924372,28.799999999999994,3.7049999999999996,8,0.35,0.35,0.3,normal,False,0,0,1.0
2016,demand_surge,cs_clear_4,clear,RuleBased,CausalOptimizer,2085.0,0.9411764705882353,21.0,8.375,4,0.0,0.0,1.0,demand_surge,True,0,10,1.75
2016,demand_surge,cs_clear_4,clear,TFIDF_LogReg,CausalOptimizer,2212.5807840474454,0.9364646269157655,22.682128191071737,4.137629122385171,4,0.2541504656514546,0.30970972937406327,0.4361398049744822,demand_surge,True,0,10,1.75
2016,demand_surge,cs_clear_4,clear,TFIDF_LogReg_Calibrated,CausalOptimizer,2076.075886428632,0.9411764705882353,21.0,8.223102839284206,4,0.024110660431078526,0.0,0.9758893395689214,demand_surge,True,0,10,1.75
2016,demand_surge,cs_clear_4,clear,PerfectSemantic,CausalOptimizer,2085.0,0.9411764705882353,21.0,8.375,4,0.0,0.0,1.0,demand_surge,True,0,10,1.75
2016,demand_surge,cs_moderate_1,moderate,NoInfo,CausalOptimizer,2132.0,0.9193277310924372,28.799999999999994,3.7049999999999996,8,0.35,0.35,0.3,normal,False,0,0,1.0
2016,demand_surge,cs_moderate_1,moderate,RuleBased,CausalOptimizer,2085.0,0.9411764705882353,21.0,8.375,4,0.0,0.0,1.0,demand_surge,True,0,10,1.75
2016,demand_surge,cs_moderate_1,moderate,TFIDF_LogReg,CausalOptimizer,2221.3318959313656,0.9385571931242589,21.93508205463953,4.21766977986005,4,0.2562401671770621,0.28983321507626014,0.4539266177466778,demand_surge,True,0,10,1.75
2016,demand_surge,cs_moderate_1,moderate,TFIDF_LogReg_Calibrated,CausalOptimizer,2085.0,0.9411764705882353,21.0,8.375,4,0.0,0.0,1.0,demand_surge,True,0,10,1.75
2016,demand_surge,cs_moderate_1,moderate,PerfectSemantic,CausalOptimizer,2085.0,0.9411764705882353,21.0,8.375,4,0.0,0.0,1.0,demand_surge,True,0,10,1.75
2016,demand_surge,cs_moderate_2,moderate,NoInfo,CausalOptimizer,2132.0,0.9193277310924372,28.799999999999994,3.7049999999999996,8,0.35,0.35,0.3,normal,False,0,0,1.0
2016,demand_surge,cs_moderate_2,moderate,RuleBased,CausalOptimizer,2085.0,0.9411764705882353,21.0,8.375,4,0.0,0.0,1.0,demand_surge,True,0,10,1.75
2016,demand_surge,cs_moderate_2,moderate,TFIDF_LogReg,CausalOptimizer,2174.6010387900046,0.927885871133328,25.744744005401905,3.8620764280891153,5,0.3050606623633326,0.33171895681290353,0.3632203808237639,demand_surge,True,0,10,1.75
2016,demand_surge,cs_moderate_2,moderate,TFIDF_LogReg_Calibrated,CausalOptimizer,2248.3795790716836,0.9598087793142525,14.348265784811847,6.701204209283159,3,0.030549867687620986,0.20374150666771496,0.765708625644664,demand_surge,True,0,10,1.75
2016,demand_surge,cs_moderate_2,moderate,PerfectSemantic,CausalOptimizer,2085.0,0.9411764705882353,21.0,8.375,4,0.0,0.0,1.0,demand_surge,True,0,10,1.75
2016,demand_surge,cs_moderate_3,moderate,NoInfo,CausalOptimizer,2132.0,0.9193277310924372,28.799999999999994,3.7049999999999996,8,0.35,0.35,0.3,normal,False,0,0,1.0
2016,demand_surge,cs_moderate_3,moderate,RuleBased,CausalOptimizer,2085.0,0.9411764705882353,21.0,8.375,4,0.0,0.0,1.0,demand_surge,True,0,10,1.75
2016,demand_surge,cs_moderate_3,moderate,TFIDF_LogReg,CausalOptimizer,2193.662564038982,0.9321819101797507,24.21105806582899,3.9990126726938398,5,0.27367353039753234,0.3265897568841102,0.3997367127183575,demand_surge,True,0,10,1.75
2016,demand_surge,cs_moderate_3,moderate,TFIDF_LogReg_Calibrated,CausalOptimizer,2096.20351569009,0.9411764705882353,20.999999999999993,7.719912107747736,4,0.0,0.10398220511940719,0.8960177948805929,demand_surge,True,0,10,1.75
2016,demand_surge,cs_moderate_3,moderate,PerfectSemantic,CausalOptimizer,2085.0,0.9411764705882353,21.0,8.375,4,0.0,0.0,1.0,demand_surge,True,0,10,1.75
2016,demand_surge,cs_moderate_4,moderate,NoInfo,CausalOptimizer,2132.0,0.9193277310924372,28.799999999999994,3.7049999999999996,8,0.35,0.35,0.3,normal,False,0,0,1.0
2016,demand_surge,cs_moderate_4,moderate,RuleBased,CausalOptimizer,2326.0,0.9635854341736695,13.0,5.175,2,0.0,0.33333333333333337,0.6666666666666667,demand_surge,True,0,10,1.75
2016,demand_surge,cs_moderate_4,moderate,TFIDF_LogReg,CausalOptimizer,2187.6903462335376,0.930835906617559,24.69158133753144,3.956108809148978,5,0.2679551803248051,0.3437491372354677,0.3882956824397273,demand_surge,True,0,10,1.75
2016,demand_surge,cs_moderate_4,moderate,TFIDF_LogReg_Calibrated,CausalOptimizer,2325.699307901078,0.9635135326674711,13.025668837712818,5.172249767387912,4,0.0,0.3339444961360196,0.6660555038639805,demand_surge,True,0,10,1.75
2016,demand_surge,cs_moderate_4,moderate,PerfectSemantic,CausalOptimizer,2085.0,0.9411764705882353,21.0,8.375,4,0.0,0.0,1.0,demand_surge,True,0,10,1.75
2016,demand_surge,cs_vague_1,vague,NoInfo,CausalOptimizer,2132.0,0.9193277310924372,28.799999999999994,3.7049999999999996,8,0.35,0.35,0.3,normal,False,0,0,1.0
2016,demand_surge,cs_vague_1,vague,RuleBased,CausalOptimizer,2085.0,0.9411764705882353,21.0,8.375,4,0.0,0.0,1.0,demand_surge,True,0,10,1.75
2016,demand_surge,cs_vague_1,vague,TFIDF_LogReg,CausalOptimizer,2159.598615515522,0.924504662371894,26.951835533233872,3.754300398818404,5,0.3840830589921588,0.28143683465626657,0.3344801063515746,normal,False,0,0,1.0
2016,demand_surge,cs_vague_1,vague,TFIDF_LogReg_Calibrated,CausalOptimizer,1941.5418222058158,0.8896547381997915,39.39325846267437,3.903558051244187,10,0.7480233048643404,0.0,0.2519766951356595,normal,False,0,0,1.0
2016,demand_surge,cs_vague_1,vague,PerfectSemantic,CausalOptimizer,2085.0,0.9411764705882353,21.0,8.375,4,0.0,0.0,1.0,demand_surge,True,0,10,1.75
2016,demand_surge,cs_vague_2,vague,NoInfo,CausalOptimizer,2132.0,0.9193277310924372,28.799999999999994,3.7049999999999996,8,0.35,0.35,0.3,normal,False,0,0,1.0
2016,demand_surge,cs_vague_2,vague,RuleBased,CausalOptimizer,2085.0,0.9411764705882353,21.0,8.375,4,0.0,0.0,1.0,demand_surge,True,0,10,1.75
2016,demand_surge,cs_vague_2,vague,TFIDF_LogReg,CausalOptimizer,2179.145068328287,0.9289099931838759,25.37913243335627,3.894720318450333,5,0.29028930827069516,0.3377852734758828,0.37192541825342207,demand_surge,True,0,10,1.75
2016,demand_surge,cs_vague_2,vague,TFIDF_LogReg_Calibrated,CausalOptimizer,2267.80903347035,0.9618496883897427,13.61966124486187,6.506909665296499,3,0.0,0.24778405102107634,0.7522159489789236,demand_surge,True,0,10,1.75
2016,demand_surge,cs_vague_2,vague,PerfectSemantic,CausalOptimizer,2085.0,0.9411764705882353,21.0,8.375,4,0.0,0.0,1.0,demand_surge,True,0,10,1.75
2016,demand_surge,cs_vague_3,vague,NoInfo,CausalOptimizer,2132.0,0.9193277310924372,28.799999999999994,3.7049999999999996,8,0.35,0.35,0.3,normal,False,0,0,1.0
2016,demand_surge,cs_vague_3,vague,RuleBased,CausalOptimizer,2085.0,0.9411764705882353,21.0,8.375,4,0.0,0.0,1.0,demand_surge,True,0,10,1.75
2016,demand_surge,cs_vague_3,vague,TFIDF_LogReg,CausalOptimizer,2151.180918053178,0.9229096018773442,27.521272129788144,3.7369681967552966,8,0.3540121558864553,0.32230769836888046,0.32368014574466425,normal,False,0,0,1.0
2016,demand_surge,cs_vague_3,vague,TFIDF_LogReg_Calibrated,CausalOptimizer,2042.0108692811818,0.9211144084151321,28.1621561957978,5.851757979861452,4,0.43873853985992667,0.0,0.5612614601400733,demand_surge,True,0,10,1.75
2016,demand_surge,cs_vague_3,vague,PerfectSemantic,CausalOptimizer,2085.0,0.9411764705882353,21.0,8.375,4,0.0,0.0,1.0,demand_surge,True,0,10,1.75
2016,demand_surge,cs_vague_4,vague,NoInfo,CausalOptimizer,2132.0,0.9193277310924372,28.799999999999994,3.7049999999999996,8,0.35,0.35,0.3,normal,False,0,0,1.0
2016,demand_surge,cs_vague_4,vague,RuleBased,CausalOptimizer,2085.0,0.9411764705882353,21.0,8.375,4,0.0,0.0,1.0,demand_surge,True,0,10,1.75
2016,demand_surge,cs_vague_4,vague,TFIDF_LogReg,CausalOptimizer,2163.4731577756775,0.9253778970485123,26.640090753681164,3.7821347541356096,5,0.31990511097456986,0.33819228792260086,0.3419026011028292,demand_surge,True,0,10,1.75
2016,demand_surge,cs_vague_4,vague,TFIDF_LogReg_Calibrated,CausalOptimizer,2162.4166357109852,0.9251397807391384,26.725098276127596,3.7745447967743218,5,0.3333333333333333,0.32678805419351414,0.33987861247315254,demand_surge,True,0,10,1.75
2016,demand_surge,cs_vague_4,vague,PerfectSemantic,CausalOptimizer,2085.0,0.9411764705882353,21.0,8.375,4,0.0,0.0,1.0,demand_surge,True,0,10,1.75
2017,demand_surge,cs_clear_1,clear,NoInfo,CausalOptimizer,1781.0000000000005,0.8359897172236505,63.8,4.88,13,0.35,0.35,0.3,normal,False,0,0,1.0
2017,demand_surge,cs_clear_1,clear,RuleBased,CausalOptimizer,2062.5714285714284,0.8901946382666177,42.71428571428572,6.2749999999999995,10,0.0,0.2857142857142857,0.7142857142857143,demand_surge,True,0,10,1.75
2017,demand_surge,cs_clear_1,clear,TFIDF_LogReg,CausalOptimizer,1888.273911764882,0.8552215193192624,56.31882898480694,5.19062061195517,12,0.25306016922754665,0.30839962678739646,0.4385402039850568,demand_surge,True,0,10,1.75
2017,demand_surge,cs_clear_1,clear,TFIDF_LogReg_Calibrated,CausalOptimizer,2119.857514867568,0.9021991906167054,38.04451485010165,6.710756188270134,9,0.028235133975045103,0.16019225873540613,0.8115726072895488,demand_surge,True,0,10,1.75
2017,demand_surge,cs_clear_1,clear,PerfectSemantic,CausalOptimizer,2371.0,0.9383033419023136,24.0,6.05,4,0.0,0.0,1.0,demand_surge,True,0,10,1.75
2017,demand_surge,cs_clear_2,clear,NoInfo,CausalOptimizer,1781.0000000000005,0.8359897172236505,63.8,4.88,13,0.35,0.35,0.3,normal,False,0,0,1.0
2017,demand_surge,cs_clear_2,clear,RuleBased,CausalOptimizer,2371.0,0.9383033419023136,24.0,6.05,4,0.0,0.0,1.0,demand_surge,True,0,10,1.75
2017,demand_surge,cs_clear_2,clear,TFIDF_LogReg,CausalOptimizer,1881.6699981411027,0.8539893437115418,56.79814529621029,5.1639919279883175,12,0.2382103439647175,0.3321256800391768,0.42966397599610573,demand_surge,True,0,10,1.75
2017,demand_surge,cs_clear_2,clear,TFIDF_LogReg_Calibrated,CausalOptimizer,2054.1771385939837,0.8884683061375802,43.38582891248131,6.216239970157886,10,0.04291673587658595,0.25678803313344095,0.7002952309899731,demand_surge,True,0,10,1.75
2017,demand_surge,cs_clear_2,clear,PerfectSemantic,CausalOptimizer,2371.0,0.9383033419023136,24.0,6.05,4,0.0,0.0,1.0,demand_surge,True,0,10,1.75
2017,demand_surge,cs_clear_3,clear,NoInfo,CausalOptimizer,1781.0000000000005,0.8359897172236505,63.8,4.88,13,0.35,0.35,0.3,normal,False,0,0,1.0
2017,demand_surge,cs_clear_3,clear,RuleBased,CausalOptimizer,2371.0,0.9383033419023136,24.0,6.05,4,0.0,0.0,1.0,demand_surge,True,0,10,1.75
2017,demand_surge,cs_clear_3,clear,TFIDF_LogReg,CausalOptimizer,1881.6148851689356,0.8539790605879514,56.80214543128692,5.163769698261837,12,0.2678348108474828,0.3025752897319048,0.4295898994206125,demand_surge,True,0,10,1.75
2017,demand_surge,cs_clear_3,clear,TFIDF_LogReg_Calibrated,CausalOptimizer,2339.3826855184598,0.931586115175266,26.61300119682147,5.795232383309907,5,0.0,0.0435500199470249,0.9564499800529752,demand_surge,True,0,10,1.75
2017,demand_surge,cs_clear_3,clear,PerfectSemantic,CausalOptimizer,2371.0,0.9383033419023136,24.0,6.05,4,0.0,0.0,1.0,demand_surge,True,0,10,1.75
2017,demand_surge,cs_clear_4,clear,NoInfo,CausalOptimizer,1781.0000000000005,0.8359897172236505,63.8,4.88,13,0.35,0.35,0.3,normal,False,0,0,1.0
2017,demand_surge,cs_clear_4,clear,RuleBased,CausalOptimizer,2371.0,0.9383033419023136,24.0,6.05,4,0.0,0.0,1.0,demand_surge,True,0,10,1.75
2017,demand_surge,cs_clear_4,clear,TFIDF_LogReg,CausalOptimizer,1886.488014901015,0.8548883019758922,56.448450531377944,5.183419414923447,12,0.2541504656514546,0.30970972937406327,0.4361398049744822,demand_surge,True,0,10,1.75
2017,demand_surge,cs_clear_4,clear,TFIDF_LogReg_Calibrated,CausalOptimizer,2353.495660527037,0.9345844739694994,25.446639625864705,5.908952636478192,5,0.024110660431078526,0.0,0.9758893395689214,demand_surge,True,0,10,1.75
2017,demand_surge,cs_clear_4,clear,PerfectSemantic,CausalOptimizer,2371.0,0.9383033419023136,24.0,6.05,4,0.0,0.0,1.0,demand_surge,True,0,10,1.75
2017,demand_surge,cs_moderate_1,moderate,NoInfo,CausalOptimizer,1781.0000000000005,0.8359897172236505,63.8,4.88,13,0.35,0.35,0.3,normal,False,0,0,1.0
2017,demand_surge,cs_moderate_1,moderate,RuleBased,CausalOptimizer,2371.0,0.9383033419023136,24.0,6.05,4,0.0,0.0,1.0,demand_surge,True,0,10,1.75
2017,demand_surge,cs_moderate_1,moderate,TFIDF_LogReg,CausalOptimizer,1899.7214036035284,0.857357422514963,55.487962641679395,5.236779853240034,12,0.2562401671770621,0.28983321507626014,0.4539266177466778,demand_surge,True,0,10,1.75
2017,demand_surge,cs_moderate_1,moderate,TFIDF_LogReg_Calibrated,CausalOptimizer,2371.0,0.9383033419023136,24.0,6.05,4,0.0,0.0,1.0,demand_surge,True,0,10,1.75
2017,demand_surge,cs_moderate_1,moderate,PerfectSemantic,CausalOptimizer,2371.0,0.9383033419023136,24.0,6.05,4,0.0,0.0,1.0,demand_surge,True,0,10,1.75
2017,demand_surge,cs_moderate_2,moderate,NoInfo,CausalOptimizer,1781.0000000000005,0.8359897172236505,63.8,4.88,13,0.35,0.35,0.3,normal,False,0,0,1.0
2017,demand_surge,cs_moderate_2,moderate,RuleBased,CausalOptimizer,2371.0,0.9383033419023136,24.0,6.05,4,0.0,0.0,1.0,demand_surge,True,0,10,1.75
2017,demand_surge,cs_moderate_2,moderate,TFIDF_LogReg,CausalOptimizer,1830.311897042536,0.8447658112197513,60.38609943551674,5.012762799729904,13,0.3050606623633326,0.33171895681290353,0.3632203808237639,demand_surge,True,0,10,1.75
2017,demand_surge,cs_moderate_2,moderate,TFIDF_LogReg_Calibrated,CausalOptimizer,2093.4251753867984,0.8965398818276191,40.245985969056136,6.490976227707589,10,0.030549867687620986,0.20374150666771496,0.765708625644664,demand_surge,True,0,10,1.75
2017,demand_surge,cs_moderate_2,moderate,PerfectSemantic,CausalOptimizer,2371.0,0.9383033419023136,24.0,6.05,4,0.0,0.0,1.0,demand_surge,True,0,10,1.75
2017,demand_surge,cs_moderate_3,moderate,NoInfo,CausalOptimizer,1781.0000000000005,0.8359897172236505,63.8,4.88,13,0.35,0.35,0.3,normal,False,0,0,1.0
2017,demand_surge,cs_moderate_3,moderate,RuleBased,CausalOptimizer,2371.0,0.9383033419023136,24.0,6.05,4,0.0,0.0,1.0,demand_surge,True,0,10,1.75
2017,demand_surge,cs_moderate_3,moderate,TFIDF_LogReg,CausalOptimizer,1858.794635920319,0.8498349164184864,58.4142175132087,5.089447096708551,13,0.27367353039753234,0.3265897568841102,0.3997367127183575,demand_surge,True,0,10,1.75
2017,demand_surge,cs_moderate_3,moderate,TFIDF_LogReg_Calibrated,CausalOptimizer,2295.5089190833114,0.9222649555085748,30.23893230716441,5.441704100051469,5,0.0,0.10398220511940719,0.8960177948805929,demand_surge,True,0,10,1.75
2017,demand_surge,cs_moderate_3,moderate,PerfectSemantic,CausalOptimizer,2371.0,0.9383033419023136,24.0,6.05,4,0.0,0.0,1.0,demand_surge,True,0,10,1.75
2017,demand_surge,cs_moderate_4,moderate,NoInfo,CausalOptimizer,1781.0000000000005,0.8359897172236505,63.8,4.88,13,0.35,0.35,0.3,normal,False,0,0,1.0
2017,demand_surge,cs_moderate_4,moderate,RuleBased,CausalOptimizer,2034.0,0.884318766066838,45.0,6.075,10,0.0,0.33333333333333337,0.6666666666666667,demand_surge,True,0,10,1.75
2017,demand_surge,cs_moderate_4,moderate,TFIDF_LogReg,CausalOptimizer,1849.8706323029871,0.8482467014183683,59.032033148254705,5.065420933123428,13,0.2679551803248051,0.3437491372354677,0.3882956824397273,demand_surge,True,0,10,1.75
2017,demand_surge,cs_moderate_4,moderate,TFIDF_LogReg_Calibrated,CausalOptimizer,2033.629635341572,0.8842433526618793,45.029335814528935,6.072524790649121,11,0.0,0.3339444961360196,0.6660555038639805,demand_surge,True,0,10,1.75
2017,demand_surge,cs_moderate_4,moderate,PerfectSemantic,CausalOptimizer,2371.0,0.9383033419023136,24.0,6.05,4,0.0,0.0,1.0,demand_surge,True,0,10,1.75
2017,demand_surge,cs_vague_1,vague,NoInfo,CausalOptimizer,1781.0000000000005,0.8359897172236505,63.8,4.88,13,0.35,0.35,0.3,normal,False,0,0,1.0
2017,demand_surge,cs_vague_1,vague,RuleBased,CausalOptimizer,2371.0,0.9383033419023136,24.0,6.05,4,0.0,0.0,1.0,demand_surge,True,0,10,1.75
2017,demand_surge,cs_vague_1,vague,TFIDF_LogReg,CausalOptimizer,1807.8944829542284,0.8407761587223264,61.938074257014975,4.952408223338307,13,0.3840830589921588,0.28143683465626657,0.3344801063515746,normal,False,0,0,1.0
2017,demand_surge,cs_vague_1,vague,TFIDF_LogReg_Calibrated,CausalOptimizer,1721.3620468177912,0.8229269966790219,68.8813982918604,4.338389512811046,13,0.7480233048643404,0.0,0.2519766951356595,normal,False,0,0,1.0
2017,demand_surge,cs_vague_1,vague,PerfectSemantic,CausalOptimizer,2371.0,0.9383033419023136,24.0,6.05,4,0.0,0.0,1.0,demand_surge,True,0,10,1.75
2017,demand_surge,cs_vague_2,vague,NoInfo,CausalOptimizer,1781.0000000000005,0.8359897172236505,63.8,4.88,13,0.35,0.35,0.3,normal,False,0,0,1.0
2017,demand_surge,cs_vague_2,vague,RuleBased,CausalOptimizer,2371.0,0.9383033419023136,24.0,6.05,4,0.0,0.0,1.0,demand_surge,True,0,10,1.75
2017,demand_surge,cs_vague_2,vague,TFIDF_LogReg,CausalOptimizer,1837.1018262376695,0.845974222585308,59.9160274143152,5.031043378332187,13,0.29028930827069516,0.3377852734758828,0.37192541825342207,demand_surge,True,0,10,1.75
2017,demand_surge,cs_vague_2,vague,TFIDF_LogReg_Calibrated,CausalOptimizer,2085.3295693873542,0.8948749757094815,40.89363444901167,6.434306985711478,10,0.0,0.24778405102107634,0.7522159489789236,demand_surge,True,0,10,1.75
2017,demand_surge,cs_vague_2,vague,PerfectSemantic,CausalOptimizer,2371.0,0.9383033419023136,24.0,6.05,4,0.0,0.0,1.0,demand_surge,True,0,10,1.75
2017,demand_surge,cs_vague_3,vague,NoInfo,CausalOptimizer,1781.0000000000005,0.8359897172236505,63.8,4.88,13,0.35,0.35,0.3,normal,False,0,0,1.0
2017,demand_surge,cs_vague_3,vague,RuleBased,CausalOptimizer,2371.0,0.9383033419023136,24.0,6.05,4,0.0,0.0,1.0,demand_surge,True,0,10,1.75
2017,demand_surge,cs_vague_3,vague,TFIDF_LogReg,CausalOptimizer,1799.470513680838,0.8392769353990022,62.52127212978814,4.929728306063795,13,0.3540121558864553,0.32230769836888046,0.32368014574466425,normal,False,0,0,1.0
2017,demand_surge,cs_vague_3,vague,TFIDF_LogReg_Calibrated,CausalOptimizer,2011.2380204085873,0.8706315876822734,50.32431239159559,4.514324533147077,11,0.43873853985992667,0.0,0.5612614601400733,demand_surge,True,0,10,1.75
2017,demand_surge,cs_vague_3,vague,PerfectSemantic,CausalOptimizer,2371.0,0.9383033419023136,24.0,6.05,4,0.0,0.0,1.0,demand_surge,True,0,10,1.75
2017,demand_surge,cs_vague_4,vague,NoInfo,CausalOptimizer,1781.0000000000005,0.8359897172236505,63.8,4.88,13,0.35,0.35,0.3,normal,False,0,0,1.0
2017,demand_surge,cs_vague_4,vague,RuleBased,CausalOptimizer,2371.0,0.9383033419023136,24.0,6.05,4,0.0,0.0,1.0,demand_surge,True,0,10,1.75
2017,demand_surge,cs_vague_4,vague,TFIDF_LogReg,CausalOptimizer,1813.6840288602073,0.8418065307443517,61.53725954044722,4.967995462315942,13,0.31990511097456986,0.33819228792260086,0.3419026011028292,demand_surge,True,0,10,1.75
2017,demand_surge,cs_vague_4,vague,TFIDF_LogReg_Calibrated,CausalOptimizer,1812.105317729059,0.8415255657417744,61.64655492644977,4.9637450861936205,13,0.3333333333333333,0.32678805419351414,0.33987861247315254,demand_surge,True,0,10,1.75
2017,demand_surge,cs_vague_4,vague,PerfectSemantic,CausalOptimizer,2371.0,0.9383033419023136,24.0,6.05,4,0.0,0.0,1.0,demand_surge,True,0,10,1.75
2018,demand_surge,cs_clear_1,clear,NoInfo,CausalOptimizer,1908.8000000000004,0.8729729729729732,47.0,4.6049999999999995,11,0.35,0.35,0.3,normal,False,0,0,1.0
2018,demand_surge,cs_clear_1,clear,RuleBased,CausalOptimizer,2219.0,0.9324324324324325,25.000000000000007,5.649999999999999,7,0.0,0.2857142857142857,0.7142857142857143,demand_surge,True,0,10,1.75
2018,demand_surge,cs_clear_1,clear,TFIDF_LogReg,CausalOptimizer,2033.686183586551,0.8954389519975768,38.6875877608966,4.8078103059775845,10,0.25306016922754665,0.30839962678739646,0.4385402039850568,demand_surge,True,0,10,1.75
2018,demand_surge,cs_clear_1,clear,TFIDF_LogReg_Calibrated,CausalOptimizer,2257.035574267975,0.9434758094761109,20.913950493838943,6.333530445765049,5,0.028235133975045103,0.16019225873540613,0.8115726072895488,demand_surge,True,0,10,1.75
2018,demand_surge,cs_clear_1,clear,PerfectSemantic,CausalOptimizer,2398.0,0.9648648648648649,13.0,5.725,3,0.0,0.0,1.0,demand_surge,True,0,10,1.75
2018,demand_surge,cs_clear_2,clear,NoInfo,CausalOptimizer,1908.8000000000004,0.8729729729729732,47.0,4.6049999999999995,11,0.35,0.35,0.3,normal,False,0,0,1.0
2018,demand_surge,cs_clear_2,clear,RuleBased,CausalOptimizer,2398.0,0.9648648648648649,13.0,5.725,3,0.0,0.0,1.0,demand_surge,True,0,10,1.75
2018,demand_surge,cs_clear_2,clear,TFIDF_LogReg,CausalOptimizer,2025.6975783964956,0.8939995636750443,39.220161440233646,4.794495963994159,10,0.2382103439647175,0.3321256800391768,0.42966397599610573,demand_surge,True,0,10,1.75
2018,demand_surge,cs_clear_2,clear,TFIDF_LogReg_Calibrated,CausalOptimizer,2211.9487964189466,0.9308443235177807,25.587600298421137,5.591239970157886,7,0.04291673587658595,0.25678803313344095,0.7002952309899731,demand_surge,True,0,10,1.75
2018,demand_surge,cs_clear_2,clear,PerfectSemantic,CausalOptimizer,2398.0,0.9648648648648649,13.0,5.725,3,0.0,0.0,1.0,demand_surge,True,0,10,1.75
2018,demand_surge,cs_clear_3,clear,NoInfo,CausalOptimizer,1908.8000000000004,0.8729729729729732,47.0,4.6049999999999995,11,0.35,0.35,0.3,normal,False,0,0,1.0
2018,demand_surge,cs_clear_3,clear,RuleBased,CausalOptimizer,2398.0,0.9648648648648649,13.0,5.725,3,0.0,0.0,1.0,demand_surge,True,0,10,1.75
2018,demand_surge,cs_clear_3,clear,TFIDF_LogReg,CausalOptimizer,2025.6309094785515,0.8939875512573966,39.22460603476326,4.7943848491309184,10,0.2678348108474828,0.3025752897319048,0.4295898994206125,demand_surge,True,0,10,1.75
2018,demand_surge,cs_clear_3,clear,TFIDF_LogReg_Calibrated,CausalOptimizer,2382.0606926993887,0.9599213490870945,14.82910083777503,5.431037365357584,4,0.0,0.0435500199470249,0.9564499800529752,demand_surge,True,0,10,1.75
2018,demand_surge,cs_clear_3,clear,PerfectSemantic,CausalOptimizer,2398.0,0.9648648648648649,13.0,5.725,3,0.0,0.0,1.0,demand_surge,True,0,10,1.75
2018,demand_surge,cs_clear_4,clear,NoInfo,CausalOptimizer,1908.8000000000004,0.8729729729729732,47.0,4.6049999999999995,11,0.35,0.35,0.3,normal,False,0,0,1.0
2018,demand_surge,cs_clear_4,clear,RuleBased,CausalOptimizer,2398.0,0.9648648648648649,13.0,5.725,3,0.0,0.0,1.0,demand_surge,True,0,10,1.75
2018,demand_surge,cs_clear_4,clear,TFIDF_LogReg,CausalOptimizer,2031.5258244770343,0.8950496981039701,38.83161170153105,4.804209707461724,10,0.2541504656514546,0.30970972937406327,0.4361398049744822,demand_surge,True,0,10,1.75
2018,demand_surge,cs_clear_4,clear,TFIDF_LogReg_Calibrated,CausalOptimizer,2389.1754982822263,0.9621279790862018,14.012647738105294,5.562253042090221,4,0.024110660431078526,0.0,0.9758893395689214,demand_surge,True,0,10,1.75
2018,demand_surge,cs_clear_4,clear,PerfectSemantic,CausalOptimizer,2398.0,0.9648648648648649,13.0,5.725,3,0.0,0.0,1.0,demand_surge,True,0,10,1.75
2018,demand_surge,cs_moderate_1,moderate,NoInfo,CausalOptimizer,1908.8000000000004,0.8729729729729732,47.0,4.6049999999999995,11,0.35,0.35,0.3,normal,False,0,0,1.0
2018,demand_surge,cs_moderate_1,moderate,RuleBased,CausalOptimizer,2398.0,0.9648648648648649,13.0,5.725,3,0.0,0.0,1.0,demand_surge,True,0,10,1.75
2018,demand_surge,cs_moderate_1,moderate,TFIDF_LogReg,CausalOptimizer,2047.53395597201,0.897934046121083,37.76440293519933,4.830889926620017,10,0.2562401671770621,0.28983321507626014,0.4539266177466778,demand_surge,True,0,10,1.75
2018,demand_surge,cs_moderate_1,moderate,TFIDF_LogReg_Calibrated,CausalOptimizer,2398.0,0.9648648648648649,13.0,5.725,3,0.0,0.0,1.0,demand_surge,True,0,10,1.75
2018,demand_surge,cs_moderate_1,moderate,PerfectSemantic,CausalOptimizer,2398.0,0.9648648648648649,13.0,5.725,3,0.0,0.0,1.0,demand_surge,True,0,10,1.75
2018,demand_surge,cs_moderate_2,moderate,NoInfo,CausalOptimizer,1908.8000000000004,0.8729729729729732,47.0,4.6049999999999995,11,0.35,0.35,0.3,normal,False,0,0,1.0
2018,demand_surge,cs_moderate_2,moderate,RuleBased,CausalOptimizer,2398.0,0.9648648648648649,13.0,5.725,3,0.0,0.0,1.0,demand_surge,True,0,10,1.75
2018,demand_surge,cs_moderate_2,moderate,TFIDF_LogReg,CausalOptimizer,1965.8983427413878,0.8832249266200697,43.20677715057416,4.694830571235646,10,0.3050606623633326,0.33171895681290353,0.3632203808237639,demand_surge,True,0,10,1.75
2018,demand_surge,cs_moderate_2,moderate,TFIDF_LogReg_Calibrated,CausalOptimizer,2240.249356985947,0.9382696277758807,22.84023772292412,5.982670986181678,5,0.030549867687620986,0.20374150666771496,0.765708625644664,demand_surge,True,0,10,1.75
2018,demand_surge,cs_moderate_2,moderate,PerfectSemantic,CausalOptimizer,2398.0,0.9648648648648649,13.0,5.725,3,0.0,0.0,1.0,demand_surge,True,0,10,1.75
2018,demand_surge,cs_moderate_3,moderate,NoInfo,CausalOptimizer,1908.8000000000004,0.8729729729729732,47.0,4.6049999999999995,11,0.35,0.35,0.3,normal,False,0,0,1.0
2018,demand_surge,cs_moderate_3,moderate,RuleBased,CausalOptimizer,2398.0,0.9648648648648649,13.0,5.725,3,0.0,0.0,1.0,demand_surge,True,0,10,1.75
2018,demand_surge,cs_moderate_3,moderate,TFIDF_LogReg,CausalOptimizer,1998.7630414465218,0.8891464939543281,41.01579723689856,4.749605069077536,10,0.27367353039753234,0.3265897568841102,0.3997367127183575,demand_surge,True,0,10,1.75
2018,demand_surge,cs_moderate_3,moderate,TFIDF_LogReg_Calibrated,CausalOptimizer,2335.535481546116,0.9507055883590151,18.23893230716443,5.2410400384813345,5,0.0,0.10398220511940719,0.8960177948805929,demand_surge,True,0,10,1.75
2018,demand_surge,cs_moderate_3,moderate,PerfectSemantic,CausalOptimizer,2398.0,0.9648648648648649,13.0,5.725,3,0.0,0.0,1.0,demand_surge,True,0,10,1.75
2018,demand_surge,cs_moderate_4,moderate,NoInfo,CausalOptimizer,1908.8000000000004,0.8729729729729732,47.0,4.6049999999999995,11,0.35,0.35,0.3,normal,False,0,0,1.0
2018,demand_surge,cs_moderate_4,moderate,RuleBased,CausalOptimizer,2195.0,0.927027027027027,27.0,5.45,6,0.0,0.33333333333333337,0.6666666666666667,demand_surge,True,0,10,1.75
2018,demand_surge,cs_moderate_4,moderate,TFIDF_LogReg,CausalOptimizer,1988.4661141957545,0.8872911917469829,41.70225905361635,4.732443523659591,10,0.2679551803248051,0.3437491372354677,0.3882956824397273,demand_surge,True,0,10,1.75
2018,demand_surge,cs_moderate_4,moderate,TFIDF_LogReg_Calibrated,CausalOptimizer,2194.68830697063,0.9269576517899654,27.025668837712818,5.447524790649121,6,0.0,0.3339444961360196,0.6660555038639805,demand_surge,True,0,10,1.75
2018,demand_surge,cs_moderate_4,moderate,PerfectSemantic,CausalOptimizer,2398.0,0.9648648648648649,13.0,5.725,3,0.0,0.0,1.0,demand_surge,True,0,10,1.75
2018,demand_surge,cs_vague_1,vague,NoInfo,CausalOptimizer,1908.8000000000004,0.8729729729729732,47.0,4.6049999999999995,11,0.35,0.35,0.3,normal,False,0,0,1.0
2018,demand_surge,cs_vague_1,vague,RuleBased,CausalOptimizer,2398.0,0.9648648648648649,13.0,5.725,3,0.0,0.0,1.0,demand_surge,True,0,10,1.75
2018,demand_surge,cs_vague_1,vague,TFIDF_LogReg,CausalOptimizer,1940.0320957164172,0.8785643415705254,44.93119361890553,4.651720159527362,10,0.3840830589921588,0.28143683465626657,0.3344801063515746,normal,False,0,0,1.0
2018,demand_surge,cs_vague_1,vague,TFIDF_LogReg_Calibrated,CausalOptimizer,1750.8976273302335,0.8462664911030796,56.88139829186041,4.4,13,0.7480233048643404,0.0,0.2519766951356595,normal,False,0,0,1.0
2018,demand_surge,cs_vague_1,vague,PerfectSemantic,CausalOptimizer,2398.0,0.9648648648648649,13.0,5.725,3,0.0,0.0,1.0,demand_surge,True,0,10,1.75
2018,demand_surge,cs_vague_2,vague,NoInfo,CausalOptimizer,1908.8000000000004,0.8729729729729732,47.0,4.6049999999999995,11,0.35,0.35,0.3,normal,False,0,0,1.0
2018,demand_surge,cs_vague_2,vague,RuleBased,CausalOptimizer,2398.0,0.9648648648648649,13.0,5.725,3,0.0,0.0,1.0,demand_surge,True,0,10,1.75
2018,demand_surge,cs_vague_2,vague,TFIDF_LogReg,CausalOptimizer,1973.73287642808,0.8846365543113657,42.68447490479467,4.707888127380133,10,0.29028930827069516,0.3377852734758828,0.37192541825342207,demand_surge,True,0,10,1.75
2018,demand_surge,cs_vague_2,vague,TFIDF_LogReg_Calibrated,CausalOptimizer,2235.3110373262857,0.9367380266408508,23.406930142885212,5.879452009688765,5,0.0,0.24778405102107634,0.7522159489789236,demand_surge,True,0,10,1.75
2018,demand_surge,cs_vague_2,vague,PerfectSemantic,CausalOptimizer,2398.0,0.9648648648648649,13.0,5.725,3,0.0,0.0,1.0,demand_surge,True,0,10,1.75
2018,demand_surge,cs_vague_3,vague,NoInfo,CausalOptimizer,1908.8000000000004,0.8729729729729732,47.0,4.6049999999999995,11,0.35,0.35,0.3,normal,False,0,0,1.0
2018,demand_surge,cs_vague_3,vague,RuleBased,CausalOptimizer,2398.0,0.9648648648648649,13.0,5.725,3,0.0,0.0,1.0,demand_surge,True,0,10,1.75
2018,demand_surge,cs_vague_3,vague,TFIDF_LogReg,CausalOptimizer,1930.2542120446656,0.876812996607243,45.57919125532016,4.636968196755296,11,0.3540121558864553,0.32230769836888046,0.32368014574466425,normal,False,0,0,1.0
2018,demand_surge,cs_vague_3,vague,TFIDF_LogReg_Calibrated,CausalOptimizer,2042.4001766043853,0.8964207773200119,38.324312391595605,4.535270628252132,6,0.43873853985992667,0.0,0.5612614601400733,demand_surge,True,0,10,1.75
2018,demand_surge,cs_vague_3,vague,PerfectSemantic,CausalOptimizer,2398.0,0.9648648648648649,13.0,5.725,3,0.0,0.0,1.0,demand_surge,True,0,10,1.75
2018,demand_surge,cs_vague_4,vague,NoInfo,CausalOptimizer,1908.8000000000004,0.8729729729729732,47.0,4.6049999999999995,11,0.35,0.35,0.3,normal,False,0,0,1.0
2018,demand_surge,cs_vague_4,vague,RuleBased,CausalOptimizer,2398.0,0.9648648648648649,13.0,5.725,3,0.0,0.0,1.0,demand_surge,True,0,10,1.75
2018,demand_surge,cs_vague_4,vague,TFIDF_LogReg,CausalOptimizer,1946.7123409925466,0.8797679893680265,44.485843933830246,4.662853901654244,10,0.31990511097456986,0.33819228792260086,0.3419026011028292,demand_surge,True,0,10,1.75
2018,demand_surge,cs_vague_4,vague,TFIDF_LogReg_Calibrated,CausalOptimizer,1944.890751225837,0.8794397749956463,44.60728325161085,4.659817918709729,10,0.3333333333333333,0.32678805419351414,0.33987861247315254,demand_surge,True,0,10,1.75
2018,demand_surge,cs_vague_4,vague,PerfectSemantic,CausalOptimizer,2398.0,0.9648648648648649,13.0,5.725,3,0.0,0.0,1.0,demand_surge,True,0,10,1.75
2019,demand_surge,cs_clear_1,clear,NoInfo,CausalOptimizer,1795.0000000000002,0.8179551122194515,73.0,3.25,18,0.35,0.35,0.3,normal,False,0,0,1.0
2019,demand_surge,cs_clear_1,clear,RuleBased,CausalOptimizer,2153.1428571428573,0.8792304951905949,48.42857142857144,4.125,13,0.0,0.2857142857142857,0.7142857142857143,demand_surge,True,0,10,1.75
2019,demand_surge,cs_clear_1,clear,TFIDF_LogReg,CausalOptimizer,1922.686183586551,0.8386843197982629,64.6875877608966,3.3828103059775847,16,0.25306016922754665,0.30839962678739646,0.4385402039850568,demand_surge,True,0,10,1.75
2019,demand_surge,cs_clear_1,clear,TFIDF_LogReg_Calibrated,CausalOptimizer,2194.7092574075846,0.8902743142144638,44.0,4.857268564810397,10,0.028235133975045103,0.16019225873540613,0.8115726072895488,demand_surge,True,0,10,1.75
2019,demand_surge,cs_clear_1,clear,PerfectSemantic,CausalOptimizer,2272.0,0.9027431421446384,39.0,4.925,10,0.0,0.0,1.0,demand_surge,True,0,10,1.75
2019,demand_surge,cs_clear_2,clear,NoInfo,CausalOptimizer,1795.0000000000002,0.8179551122194515,73.0,3.25,18,0.35,0.35,0.3,normal,False,0,0,1.0
2019,demand_surge,cs_clear_2,clear,RuleBased,CausalOptimizer,2272.0,0.9027431421446384,39.0,4.925,10,0.0,0.0,1.0,demand_surge,True,0,10,1.75
2019,demand_surge,cs_clear_2,clear,TFIDF_LogReg,CausalOptimizer,1914.6975783964956,0.8373562058847043,65.22016144023365,3.369495963994159,16,0.2382103439647175,0.3321256800391768,0.42966397599610573,demand_surge,True,0,10,1.75
2019,demand_surge,cs_clear_2,clear,TFIDF_LogReg_Calibrated,CausalOptimizer,2142.8178804706,0.8773464899587495,49.18405752654147,4.080929977618415,13,0.04291673587658595,0.25678803313344095,0.7002952309899731,demand_surge,True,0,10,1.75
2019,demand_surge,cs_clear_2,clear,PerfectSemantic,CausalOptimizer,2272.0,0.9027431421446384,39.0,4.925,10,0.0,0.0,1.0,demand_surge,True,0,10,1.75
2019,demand_surge,cs_clear_3,clear,NoInfo,CausalOptimizer,1795.0000000000002,0.8179551122194515,73.0,3.25,18,0.35,0.35,0.3,normal,False,0,0,1.0
2019,demand_surge,cs_clear_3,clear,RuleBased,CausalOptimizer,2272.0,0.9027431421446384,39.0,4.925,10,0.0,0.0,1.0,demand_surge,True,0,10,1.75
2019,demand_surge,cs_clear_3,clear,TFIDF_LogReg,CausalOptimizer,1914.6309094785515,0.8373451221078223,65.22460603476326,3.369384849130918,16,0.2678348108474828,0.3025752897319048,0.4295898994206125,demand_surge,True,0,10,1.75
2019,demand_surge,cs_clear_3,clear,TFIDF_LogReg_Calibrated,CausalOptimizer,2257.4123937765276,0.8988334146680975,40.56780071809288,4.662569868349638,11,0.0,0.0435500199470249,0.9564499800529752,demand_surge,True,0,10,1.75
2019,demand_surge,cs_clear_3,clear,PerfectSemantic,CausalOptimizer,2272.0,0.9027431421446384,39.0,4.925,10,0.0,0.0,1.0,demand_surge,True,0,10,1.75
2019,demand_surge,cs_clear_4,clear,NoInfo,CausalOptimizer,1795.0000000000002,0.8179551122194515,73.0,3.25,18,0.35,0.35,0.3,normal,False,0,0,1.0
2019,demand_surge,cs_clear_4,clear,RuleBased,CausalOptimizer,2272.0,0.9027431421446384,39.0,4.925,10,0.0,0.0,1.0,demand_surge,True,0,10,1.75
2019,demand_surge,cs_clear_4,clear,TFIDF_LogReg,CausalOptimizer,1920.5258244770343,0.8383251578515435,64.83161170153105,3.3792097074617238,16,0.2541504656514546,0.30970972937406327,0.4361398049744822,demand_surge,True,0,10,1.75
2019,demand_surge,cs_clear_4,clear,TFIDF_LogReg_Calibrated,CausalOptimizer,2263.8988180951583,0.9005785940760129,39.86798377551882,4.780336037413529,11,0.024110660431078526,0.0,0.9758893395689214,demand_surge,True,0,10,1.75
2019,demand_surge,cs_clear_4,clear,PerfectSemantic,CausalOptimizer,2272.0,0.9027431421446384,39.0,4.925,10,0.0,0.0,1.0,demand_surge,True,0,10,1.75
2019,demand_surge,cs_moderate_1,moderate,NoInfo,CausalOptimizer,1795.0000000000002,0.8179551122194515,73.0,3.25,18,0.35,0.35,0.3,normal,False,0,0,1.0
2019,demand_surge,cs_moderate_1,moderate,RuleBased,CausalOptimizer,2272.0,0.9027431421446384,39.0,4.925,10,0.0,0.0,1.0,demand_surge,True,0,10,1.75
2019,demand_surge,cs_moderate_1,moderate,TFIDF_LogReg,CausalOptimizer,1936.5339559720103,0.8409865263461364,63.76440293519933,3.4058899266200173,16,0.2562401671770621,0.28983321507626014,0.4539266177466778,demand_surge,True,0,10,1.75
2019,demand_surge,cs_moderate_1,moderate,TFIDF_LogReg_Calibrated,CausalOptimizer,2272.0,0.9027431421446384,39.0,4.925,10,0.0,0.0,1.0,demand_surge,True,0,10,1.75
2019,demand_surge,cs_moderate_1,moderate,PerfectSemantic,CausalOptimizer,2272.0,0.9027431421446384,39.0,4.925,10,0.0,0.0,1.0,demand_surge,True,0,10,1.75
2019,demand_surge,cs_moderate_2,moderate,NoInfo,CausalOptimizer,1795.0000000000002,0.8179551122194515,73.0,3.25,18,0.35,0.35,0.3,normal,False,0,0,1.0
2019,demand_surge,cs_moderate_2,moderate,RuleBased,CausalOptimizer,2272.0,0.9027431421446384,39.0,4.925,10,0.0,0.0,1.0,demand_surge,True,0,10,1.75
2019,demand_surge,cs_moderate_2,moderate,TFIDF_LogReg,CausalOptimizer,1853.6156318811582,0.8274145208215107,69.20677715057415,3.3018983427413873,17,0.3050606623633326,0.33171895681290353,0.3632203808237639,demand_surge,True,0,10,1.75
2019,demand_surge,cs_moderate_2,moderate,TFIDF_LogReg_Calibrated,CausalOptimizer,2187.2654131097224,0.8861552762713513,45.651734215188156,4.382670986181678,11,0.030549867687620986,0.20374150666771496,0.765708625644664,demand_surge,True,0,10,1.75
2019,demand_surge,cs_moderate_2,moderate,PerfectSemantic,CausalOptimizer,2272.0,0.9027431421446384,39.0,4.925,10,0.0,0.0,1.0,demand_surge,True,0,10,1.75
2019,demand_surge,cs_moderate_3,moderate,NoInfo,CausalOptimizer,1795.0000000000002,0.8179551122194515,73.0,3.25,18,0.35,0.35,0.3,normal,False,0,0,1.0
2019,demand_surge,cs_moderate_3,moderate,RuleBased,CausalOptimizer,2272.0,0.9027431421446384,39.0,4.925,10,0.0,0.0,1.0,demand_surge,True,0,10,1.75
2019,demand_surge,cs_moderate_3,moderate,TFIDF_LogReg,CausalOptimizer,1887.3567225517625,0.8328783111299287,67.01579723689855,3.3347630414465215,17,0.27367353039753234,0.3265897568841102,0.3997367127183575,demand_surge,True,0,10,1.75
2019,demand_surge,cs_moderate_3,moderate,TFIDF_LogReg_Calibrated,CausalOptimizer,2238.3097655413117,0.8934080813359137,42.74335938429866,4.269912107747736,12,0.0,0.10398220511940719,0.8960177948805929,demand_surge,True,0,10,1.75
2019,demand_surge,cs_moderate_3,moderate,PerfectSemantic,CausalOptimizer,2272.0,0.9027431421446384,39.0,4.925,10,0.0,0.0,1.0,demand_surge,True,0,10,1.75
2019,demand_surge,cs_moderate_4,moderate,NoInfo,CausalOptimizer,1795.0000000000002,0.8179551122194515,73.0,3.25,18,0.35,0.35,0.3,normal,False,0,0,1.0
2019,demand_surge,cs_moderate_4,moderate,RuleBased,CausalOptimizer,2118.0,0.8728179551122195,51.0,3.975,13,0.0,0.33333333333333337,0.6666666666666667,demand_surge,True,0,10,1.75
2019,demand_surge,cs_moderate_4,moderate,TFIDF_LogReg,CausalOptimizer,1876.785210574308,0.831166436275271,67.70225905361634,3.324466114195755,17,0.2679551803248051,0.3437491372354677,0.3882956824397273,demand_surge,True,0,10,1.75
2019,demand_surge,cs_moderate_4,moderate,TFIDF_LogReg_Calibrated,CausalOptimizer,2117.4976241761924,0.8727265093063312,51.03666976816117,3.9728914883307325,13,0.0,0.3339444961360196,0.6660555038639805,demand_surge,True,0,10,1.75
2019,demand_surge,cs_moderate_4,moderate,PerfectSemantic,CausalOptimizer,2272.0,0.9027431421446384,39.0,4.925,10,0.0,0.0,1.0,demand_surge,True,0,10,1.75
2019,demand_surge,cs_vague_1,vague,NoInfo,CausalOptimizer,1795.0000000000002,0.8179551122194515,73.0,3.25,18,0.35,0.35,0.3,normal,False,0,0,1.0
2019,demand_surge,cs_vague_1,vague,RuleBased,CausalOptimizer,2272.0,0.9027431421446384,39.0,4.925,10,0.0,0.0,1.0,demand_surge,True,0,10,1.75
2019,demand_surge,cs_vague_1,vague,TFIDF_LogReg,CausalOptimizer,1827.0596182688553,0.8231142303767941,70.93119361890552,3.276032095716417,17,0.3840830589921588,0.28143683465626657,0.3344801063515746,normal,False,0,0,1.0
2019,demand_surge,cs_vague_1,vague,TFIDF_LogReg_Calibrated,CausalOptimizer,1743.8976273302335,0.8082758147335148,76.8813982918604,2.975,20,0.7480233048643404,0.0,0.2519766951356595,normal,False,0,0,1.0
2019,demand_surge,cs_vague_1,vague,PerfectSemantic,CausalOptimizer,2272.0,0.9027431421446384,39.0,4.925,10,0.0,0.0,1.0,demand_surge,True,0,10,1.75
2019,demand_surge,cs_vague_2,vague,NoInfo,CausalOptimizer,1795.0000000000002,0.8179551122194515,73.0,3.25,18,0.35,0.35,0.3,normal,False,0,0,1.0
2019,demand_surge,cs_vague_2,vague,RuleBased,CausalOptimizer,2272.0,0.9027431421446384,39.0,4.925,10,0.0,0.0,1.0,demand_surge,True,0,10,1.75
2019,demand_surge,cs_vague_2,vague,TFIDF_LogReg,CausalOptimizer,1861.6590864661623,0.8287170201875445,68.68447490479467,3.30973287642808,17,0.29028930827069516,0.3377852734758828,0.37192541825342207,demand_surge,True,0,10,1.75
2019,demand_surge,cs_vague_2,vague,TFIDF_LogReg_Calibrated,CausalOptimizer,2179.3561607751008,0.8843383073437951,46.380338755138126,4.288960478567218,12,0.0,0.24778405102107634,0.7522159489789236,demand_surge,True,0,10,1.75
2019,demand_surge,cs_vague_2,vague,PerfectSemantic,CausalOptimizer,2272.0,0.9027431421446384,39.0,4.925,10,0.0,0.0,1.0,demand_surge,True,0,10,1.75
2019,demand_surge,cs_vague_3,vague,NoInfo,CausalOptimizer,1795.0000000000002,0.8179551122194515,73.0,3.25,18,0.35,0.35,0.3,normal,False,0,0,1.0
2019,demand_surge,cs_vague_3,vague,RuleBased,CausalOptimizer,2272.0,0.9027431421446384,39.0,4.925,10,0.0,0.0,1.0,demand_surge,True,0,10,1.75
2019,demand_surge,cs_vague_3,vague,TFIDF_LogReg,CausalOptimizer,1817.0225355425375,0.8214982761712716,71.57919125532015,3.2677601093084983,18,0.3540121558864553,0.32230769836888046,0.32368014574466425,normal,False,0,0,1.0
2019,demand_surge,cs_vague_3,vague,TFIDF_LogReg_Calibrated,CausalOptimizer,2023.2542139526195,0.8536362066024038,58.69188115243603,3.2668921902101102,17,0.43873853985992667,0.0,0.5612614601400733,demand_surge,True,0,10,1.75
2019,demand_surge,cs_vague_3,vague,PerfectSemantic,CausalOptimizer,2272.0,0.9027431421446384,39.0,4.925,10,0.0,0.0,1.0,demand_surge,True,0,10,1.75
2019,demand_surge,cs_vague_4,vague,NoInfo,CausalOptimizer,1795.0000000000002,0.8179551122194515,73.0,3.25,18,0.35,0.35,0.3,normal,False,0,0,1.0
2019,demand_surge,cs_vague_4,vague,RuleBased,CausalOptimizer,2272.0,0.9027431421446384,39.0,4.925,10,0.0,0.0,1.0,demand_surge,True,0,10,1.75
2019,demand_surge,cs_vague_4,vague,TFIDF_LogReg,CausalOptimizer,1833.9180034190144,0.8242248280951865,70.48584393383024,3.2827123409925463,17,0.31990511097456986,0.33819228792260086,0.3419026011028292,demand_surge,True,0,10,1.75
2019,demand_surge,cs_vague_4,vague,TFIDF_LogReg_Calibrated,CausalOptimizer,1832.0478379251927,0.8239219869037135,70.60728325161085,3.2808907512258374,17,0.3333333333333333,0.32678805419351414,0.33987861247315254,demand_surge,True,0,10,1.75
2019,demand_surge,cs_vague_4,vague,PerfectSemantic,CausalOptimizer,2272.0,0.9027431421446384,39.0,4.925,10,0.0,0.0,1.0,demand_surge,True,0,10,1.75
